ISO-10303-21;
HEADER;

/* File generated by Shapr3D Version 26.50.10685.0 */

FILE_DESCRIPTION(('HOOPS Exchange Step'),'2;1');

FILE_NAME('C:\\Users\\Lande\\AppData\\Local\\Packages\\Shapr3D.Shapr3D_j403pzjkqtqbj\\TempState\\export\\temp_export',
'2026-04-21T13:27:13-04:00',
('Lande'),
('Shapr3D Limited'),
'HOOPS Exchange 2025.9',
'Shapr3D',
'Authorized');

FILE_SCHEMA( ('AP242_MANAGED_MODEL_BASED_3D_ENGINEERING_MIM_LF {1 0 10303 442 1 1 4}') );

ENDSEC;

DATA;
#3=(NAMED_UNIT(*)PLANE_ANGLE_UNIT()SI_UNIT($,.RADIAN.));
#4=PLANE_ANGLE_MEASURE_WITH_UNIT(PLANE_ANGLE_MEASURE(0.0174532925),#3);
#5=(CONVERSION_BASED_UNIT('DEGREE',#4)NAMED_UNIT(#6)PLANE_ANGLE_UNIT());
#6=DIMENSIONAL_EXPONENTS(0.,0.,0.,0.,0.,0.,0.);
#7=(NAMED_UNIT(*)SI_UNIT($,.STERADIAN.)SOLID_ANGLE_UNIT());
#8=(LENGTH_UNIT()NAMED_UNIT(*)SI_UNIT(.MILLI.,.METRE.));
#9=UNCERTAINTY_MEASURE_WITH_UNIT(LENGTH_MEASURE(1.000000E-03),#8,'DISTANCE_ACCURACY_VALUE','Maximum Tolerance applied to model');
#10=(GEOMETRIC_REPRESENTATION_CONTEXT(3)GLOBAL_UNCERTAINTY_ASSIGNED_CONTEXT((#9))GLOBAL_UNIT_ASSIGNED_CONTEXT((#8,#5,#7))REPRESENTATION_CONTEXT('','root'));
#12=CARTESIAN_POINT('',(0.,0.,0.));
#13=DIRECTION('',(0.,0.,1.));
#14=DIRECTION('',(1.,0.,0.));
#15=AXIS2_PLACEMENT_3D('',#12,#13,#14);
#26=(NAMED_UNIT(*)PLANE_ANGLE_UNIT()SI_UNIT($,.RADIAN.));
#27=PLANE_ANGLE_MEASURE_WITH_UNIT(PLANE_ANGLE_MEASURE(0.0174532925),#26);
#28=(CONVERSION_BASED_UNIT('DEGREE',#27)NAMED_UNIT(#29)PLANE_ANGLE_UNIT());
#29=DIMENSIONAL_EXPONENTS(0.,0.,0.,0.,0.,0.,0.);
#30=(NAMED_UNIT(*)SI_UNIT($,.STERADIAN.)SOLID_ANGLE_UNIT());
#31=(LENGTH_UNIT()NAMED_UNIT(*)SI_UNIT(.MILLI.,.METRE.));
#32=UNCERTAINTY_MEASURE_WITH_UNIT(LENGTH_MEASURE(1.000000E-03),#31,'DISTANCE_ACCURACY_VALUE','Maximum Tolerance applied to model');
#33=(GEOMETRIC_REPRESENTATION_CONTEXT(3)GLOBAL_UNCERTAINTY_ASSIGNED_CONTEXT((#32))GLOBAL_UNIT_ASSIGNED_CONTEXT((#31,#28,#30))REPRESENTATION_CONTEXT('','ALTERNATE PARTS'));
#45=CARTESIAN_POINT('',(0.,0.,0.));
#46=DIRECTION('',(0.,0.,1.));
#47=DIRECTION('',(1.,0.,-0.));
#48=AXIS2_PLACEMENT_3D('',#45,#46,#47);
#49=ITEM_DEFINED_TRANSFORMATION('','',#48,#15);
#50=(REPRESENTATION_RELATIONSHIP('','',#35,#16)REPRESENTATION_RELATIONSHIP_WITH_TRANSFORMATION(#49)SHAPE_REPRESENTATION_RELATIONSHIP());
#51=NEXT_ASSEMBLY_USAGE_OCCURRENCE('ALTERNATE PARTS_1','ALTERNATE PARTS','ALTERNATE PARTS',#25,#44,$);
#52=PRODUCT_DEFINITION_SHAPE('','',#51);
#53=CONTEXT_DEPENDENT_SHAPE_REPRESENTATION(#50,#52);
#54=(NAMED_UNIT(*)PLANE_ANGLE_UNIT()SI_UNIT($,.RADIAN.));
#55=PLANE_ANGLE_MEASURE_WITH_UNIT(PLANE_ANGLE_MEASURE(0.0174532925),#54);
#56=(CONVERSION_BASED_UNIT('DEGREE',#55)NAMED_UNIT(#57)PLANE_ANGLE_UNIT());
#57=DIMENSIONAL_EXPONENTS(0.,0.,0.,0.,0.,0.,0.);
#58=(NAMED_UNIT(*)SI_UNIT($,.STERADIAN.)SOLID_ANGLE_UNIT());
#59=(LENGTH_UNIT()NAMED_UNIT(*)SI_UNIT(.MILLI.,.METRE.));
#60=UNCERTAINTY_MEASURE_WITH_UNIT(LENGTH_MEASURE(1.000000E-05),#59,'DISTANCE_ACCURACY_VALUE','Maximum Tolerance applied to model');
#61=(GEOMETRIC_REPRESENTATION_CONTEXT(3)GLOBAL_UNCERTAINTY_ASSIGNED_CONTEXT((#60))GLOBAL_UNIT_ASSIGNED_CONTEXT((#59,#56,#58))REPRESENTATION_CONTEXT('','FRONT CORNER 360MM'));
#73=CARTESIAN_POINT('',(0.,0.,0.));
#74=DIRECTION('',(0.,0.,1.));
#75=DIRECTION('',(1.,0.,-0.));
#76=AXIS2_PLACEMENT_3D('',#73,#74,#75);
#77=ITEM_DEFINED_TRANSFORMATION('','',#76,#15);
#78=(REPRESENTATION_RELATIONSHIP('','',#63,#35)REPRESENTATION_RELATIONSHIP_WITH_TRANSFORMATION(#77)SHAPE_REPRESENTATION_RELATIONSHIP());
#79=NEXT_ASSEMBLY_USAGE_OCCURRENCE('FRONT CORNER 360MM_2','FRONT CORNER 360MM','FRONT CORNER 360MM',#44,#72,$);
#80=PRODUCT_DEFINITION_SHAPE('','',#79);
#81=CONTEXT_DEPENDENT_SHAPE_REPRESENTATION(#78,#80);
#83=CARTESIAN_POINT('',(145.,-190.,-10.));
#84=DIRECTION('',(-1.,0.,0.));
#85=DIRECTION('',(0.,1.,0.));
#86=AXIS2_PLACEMENT_3D('',#83,#84,#85);
#87=CYLINDRICAL_SURFACE('',#86,2.65);
#88=CARTESIAN_POINT('',(145.,-187.35,-10.));
#89=VERTEX_POINT('',#88);
#90=CARTESIAN_POINT('',(156.,-187.35,-10.));
#91=VERTEX_POINT('',#90);
#92=CARTESIAN_POINT('',(145.,-187.35,-10.));
#93=DIRECTION('',(1.,-0.,-0.));
#94=VECTOR('',#93,11.);
#95=LINE('',#92,#94);
#96=EDGE_CURVE('',#89,#91,#95,.T.);
#97=ORIENTED_EDGE('',*,*,#96,.F.);
#98=CARTESIAN_POINT('',(145.,-190.,-7.35));
#99=VERTEX_POINT('',#98);
#100=CARTESIAN_POINT('',(145.,-190.,-10.));
#101=DIRECTION('',(1.,-0.,-0.));
#102=DIRECTION('',(0.,0.,1.));
#103=AXIS2_PLACEMENT_3D('',#100,#101,#102);
#104=CIRCLE('',#103,2.65);
#105=EDGE_CURVE('',#99,#89,#104,.T.);
#106=ORIENTED_EDGE('',*,*,#105,.F.);
#107=CARTESIAN_POINT('',(145.,-190.,-10.));
#108=DIRECTION('',(1.,-0.,-0.));
#109=DIRECTION('',(0.,0.,1.));
#110=AXIS2_PLACEMENT_3D('',#107,#108,#109);
#111=CIRCLE('',#110,2.65);
#112=EDGE_CURVE('',#89,#99,#111,.T.);
#113=ORIENTED_EDGE('',*,*,#112,.F.);
#114=ORIENTED_EDGE('',*,*,#96,.T.);
#115=CARTESIAN_POINT('',(156.,-189.160006641,-7.486653395));
#116=VERTEX_POINT('',#115);
#117=CARTESIAN_POINT('',(156.,-190.,-10.));
#118=DIRECTION('',(-1.,0.,0.));
#119=DIRECTION('',(0.,0.,1.));
#120=AXIS2_PLACEMENT_3D('',#117,#118,#119);
#121=CIRCLE('',#120,2.65);
#122=EDGE_CURVE('',#116,#91,#121,.T.);
#123=ORIENTED_EDGE('',*,*,#122,.F.);
#124=CARTESIAN_POINT('',(156.,-190.839988643,-7.486651819));
#125=VERTEX_POINT('',#124);
#126=CARTESIAN_POINT('',(156.,-189.160001905,-7.486654978));
#127=CARTESIAN_POINT('',(156.000000144,-189.296315442,-7.441096923));
#128=CARTESIAN_POINT('',(155.997100161,-189.434413759,-7.407185653));
#129=CARTESIAN_POINT('',(155.994760927,-189.574256189,-7.38442316));
#130=CARTESIAN_POINT('',(155.992421692,-189.71409862,-7.361660667));
#131=CARTESIAN_POINT('',(155.990625925,-189.855685329,-7.350049188));
#132=CARTESIAN_POINT('',(155.990619161,-189.999093766,-7.350000155));
#133=CARTESIAN_POINT('',(155.990612398,-190.142502203,-7.349951122));
#134=CARTESIAN_POINT('',(155.992409439,-190.285114952,-7.361558954));
#135=CARTESIAN_POINT('',(155.994752944,-190.425266514,-7.384345514));
#136=CARTESIAN_POINT('',(155.997096449,-190.565418075,-7.407132073));
#137=CARTESIAN_POINT('',(156.,-190.703669399,-7.441092426));
#138=CARTESIAN_POINT('',(156.,-190.839988643,-7.486651819));
#139=B_SPLINE_CURVE_WITH_KNOTS('',3,(#126,#127,#128,#129,#130,#131,#132,#133,#134,#135,#136,#137,#138),.UNSPECIFIED.,.F.,.F.,(4,3,3,3,4),(0.,0.000425089,0.000850179,0.001275268,0.001700358),.UNSPECIFIED.);
#140=EDGE_CURVE('',#116,#125,#139,.T.);
#141=ORIENTED_EDGE('',*,*,#140,.T.);
#142=CARTESIAN_POINT('',(156.,-190.,-10.));
#143=DIRECTION('',(-1.,0.,0.));
#144=DIRECTION('',(0.,0.,1.));
#145=AXIS2_PLACEMENT_3D('',#142,#143,#144);
#146=CIRCLE('',#145,2.65);
#147=EDGE_CURVE('',#91,#125,#146,.T.);
#148=ORIENTED_EDGE('',*,*,#147,.F.);
#149=EDGE_LOOP('',(#97,#106,#113,#114,#123,#141,#148));
#150=FACE_BOUND('',#149,.T.);
#151=ADVANCED_FACE('',(#150),#87,.F.);
#152=CARTESIAN_POINT('',(155.,-160.,-7.486651819));
#153=DIRECTION('',(0.,-1.,0.));
#154=DIRECTION('',(0.973728991,0.,0.227710017));
#155=AXIS2_PLACEMENT_3D('',#152,#153,#154);
#156=CYLINDRICAL_SURFACE('',#155,1.);
#157=CARTESIAN_POINT('',(155.973393861,-195.290297382,-7.259075321));
#158=VERTEX_POINT('',#157);
#159=CARTESIAN_POINT('',(155.9733974,-184.709703476,-7.259073944));
#160=VERTEX_POINT('',#159);
#161=CARTESIAN_POINT('',(155.973728991,-195.290297382,-7.258941802));
#162=DIRECTION('',(-0.,1.,-0.));
#163=VECTOR('',#162,10.580593906);
#164=LINE('',#161,#163);
#165=EDGE_CURVE('',#158,#160,#164,.T.);
#166=ORIENTED_EDGE('',*,*,#165,.T.);
#167=CARTESIAN_POINT('',(155.896296297,-184.551781863,-7.043196131));
#168=VERTEX_POINT('',#167);
#169=CARTESIAN_POINT('',(155.896296296,-184.551781858,-7.043196129));
#170=CARTESIAN_POINT('',(155.930253859,-184.604464184,-7.111829902));
#171=CARTESIAN_POINT('',(155.956291928,-184.657146511,-7.184378005));
#172=CARTESIAN_POINT('',(155.973728842,-184.709828837,-7.258941166));
#173=B_SPLINE_CURVE_WITH_KNOTS('',3,(#169,#170,#171,#172),.UNSPECIFIED.,.F.,.F.,(4,4),(0.,1.),.UNSPECIFIED.);
#174=EDGE_CURVE('',#168,#160,#173,.T.);
#175=ORIENTED_EDGE('',*,*,#174,.F.);
#176=CARTESIAN_POINT('',(155.896296296,-195.448218142,-7.043196129));
#177=VERTEX_POINT('',#176);
#178=CARTESIAN_POINT('',(155.896296296,-195.448218142,-7.043196129));
#179=DIRECTION('',(-0.,1.,-0.));
#180=VECTOR('',#179,10.896436284);
#181=LINE('',#178,#180);
#182=EDGE_CURVE('',#177,#168,#181,.T.);
#183=ORIENTED_EDGE('',*,*,#182,.F.);
#184=CARTESIAN_POINT('',(155.973728843,-195.290170772,-7.258941167));
#185=CARTESIAN_POINT('',(155.956291929,-195.342853229,-7.184378006));
#186=CARTESIAN_POINT('',(155.930253859,-195.395535685,-7.111829903));
#187=CARTESIAN_POINT('',(155.896296296,-195.448218142,-7.043196129));
#188=B_SPLINE_CURVE_WITH_KNOTS('',3,(#184,#185,#186,#187),.UNSPECIFIED.,.F.,.F.,(4,4),(0.,1.),.UNSPECIFIED.);
#189=EDGE_CURVE('',#158,#177,#188,.T.);
#190=ORIENTED_EDGE('',*,*,#189,.F.);
#191=EDGE_LOOP('',(#166,#175,#183,#190));
#192=FACE_BOUND('',#191,.T.);
#193=ADVANCED_FACE('',(#192),#156,.T.);
#194=CARTESIAN_POINT('',(156.,-187.5,0.));
#195=DIRECTION('',(-1.,0.,0.));
#196=DIRECTION('',(0.,1.,0.));
#197=AXIS2_PLACEMENT_3D('',#194,#195,#196);
#198=PLANE('',#197);
#199=CARTESIAN_POINT('',(155.999598863,-195.137249032,-7.48681226));
#200=VERTEX_POINT('',#199);
#201=CARTESIAN_POINT('',(156.,-190.839988643,-7.486651819));
#202=DIRECTION('',(0.,-1.,-0.000015227));
#203=VECTOR('',#202,4.297109173);
#204=LINE('',#201,#203);
#205=EDGE_CURVE('',#125,#200,#204,.T.);
#206=ORIENTED_EDGE('',*,*,#205,.T.);
#207=CARTESIAN_POINT('',(156.000115708,-194.953014261,-9.319263097));
#208=VERTEX_POINT('',#207);
#209=CARTESIAN_POINT('',(156.,-195.137097815,-7.486717251));
#210=CARTESIAN_POINT('',(156.,-195.089833542,-7.559992749));
#211=CARTESIAN_POINT('',(156.,-195.0529762,-7.64565437));
#212=CARTESIAN_POINT('',(156.,-194.927781204,-8.038956721));
#213=CARTESIAN_POINT('',(156.,-194.903089673,-8.442533191));
#214=CARTESIAN_POINT('',(156.,-194.91548452,-8.960774099));
#215=CARTESIAN_POINT('',(156.,-194.92923194,-9.142879142));
#216=CARTESIAN_POINT('',(156.,-194.953442292,-9.319258096));
#217=B_SPLINE_CURVE_WITH_KNOTS('',3,(#209,#210,#211,#212,#213,#214,#215,#216),.UNSPECIFIED.,.F.,.F.,(4,2,2,4),(0.000000109,0.031173816,0.133562191,0.187063107),.UNSPECIFIED.);
#218=EDGE_CURVE('',#200,#208,#217,.T.);
#219=ORIENTED_EDGE('',*,*,#218,.T.);
#220=CARTESIAN_POINT('',(156.,-185.,-10.));
#221=VERTEX_POINT('',#220);
#222=CARTESIAN_POINT('',(156.,-190.,-10.));
#223=DIRECTION('',(-1.,0.,0.));
#224=DIRECTION('',(0.,0.,1.));
#225=AXIS2_PLACEMENT_3D('',#222,#223,#224);
#226=CIRCLE('',#225,5.);
#227=EDGE_CURVE('',#221,#208,#226,.T.);
#228=ORIENTED_EDGE('',*,*,#227,.F.);
#229=CARTESIAN_POINT('',(156.000299474,-185.047067878,-9.319117205));
#230=VERTEX_POINT('',#229);
#231=CARTESIAN_POINT('',(156.,-190.,-10.));
#232=DIRECTION('',(-1.,0.,0.));
#233=DIRECTION('',(0.,0.,1.));
#234=AXIS2_PLACEMENT_3D('',#231,#232,#233);
#235=CIRCLE('',#234,5.);
#236=EDGE_CURVE('',#230,#221,#235,.T.);
#237=ORIENTED_EDGE('',*,*,#236,.F.);
#238=CARTESIAN_POINT('',(155.999611967,-184.862758845,-7.486806865));
#239=VERTEX_POINT('',#238);
#240=CARTESIAN_POINT('',(156.,-185.046564814,-9.319206383));
#241=CARTESIAN_POINT('',(156.,-185.115036207,-8.820366627));
#242=CARTESIAN_POINT('',(156.,-185.105496703,-8.237698793));
#243=CARTESIAN_POINT('',(156.,-184.977000773,-7.727867308));
#244=CARTESIAN_POINT('',(156.,-184.937577288,-7.612742305));
#245=CARTESIAN_POINT('',(156.,-184.874546907,-7.505044268));
#246=CARTESIAN_POINT('',(156.,-184.868874851,-7.495783779));
#247=CARTESIAN_POINT('',(156.,-184.862905178,-7.486714769));
#248=B_SPLINE_CURVE_WITH_KNOTS('',3,(#240,#241,#242,#243,#244,#245,#246,#247),.UNSPECIFIED.,.F.,.F.,(4,2,2,4),(0.049777776,0.173868237,0.208031538,0.211284693),.UNSPECIFIED.);
#249=EDGE_CURVE('',#230,#239,#248,.T.);
#250=ORIENTED_EDGE('',*,*,#249,.T.);
#251=CARTESIAN_POINT('',(156.,-184.862905178,-7.486714769));
#252=DIRECTION('',(0.,-1.,0.000014651));
#253=VECTOR('',#252,4.297101464);
#254=LINE('',#251,#253);
#255=EDGE_CURVE('',#239,#116,#254,.T.);
#256=ORIENTED_EDGE('',*,*,#255,.T.);
#257=ORIENTED_EDGE('',*,*,#122,.T.);
#258=ORIENTED_EDGE('',*,*,#147,.T.);
#259=EDGE_LOOP('',(#206,#219,#228,#237,#250,#256,#257,#258));
#260=FACE_BOUND('',#259,.T.);
#261=ADVANCED_FACE('',(#260),#198,.F.);
#262=CARTESIAN_POINT('',(155.,-194.540181785,-7.905543182));
#263=CARTESIAN_POINT('',(155.369216716,-194.827061372,-8.527415864));
#264=CARTESIAN_POINT('',(156.31385582,-195.103930185,-9.811539279));
#265=CARTESIAN_POINT('',(158.808294807,-194.778020468,-12.008013623));
#266=CARTESIAN_POINT('',(161.812127912,-193.740292203,-13.434153542));
#267=CARTESIAN_POINT('',(165.166260874,-192.839955439,-14.125256569));
#268=CARTESIAN_POINT('',(167.908817976,-192.676399479,-14.223010651));
#269=CARTESIAN_POINT('',(170.530112739,-193.208625502,-13.868515018));
#270=CARTESIAN_POINT('',(173.199000748,-194.035634852,-13.055066794));
#271=CARTESIAN_POINT('',(175.878496203,-194.861065973,-11.63185374));
#272=CARTESIAN_POINT('',(178.358224105,-195.176502636,-9.383443952));
#273=CARTESIAN_POINT('',(179.932075221,-194.154924323,-6.712747933));
#274=CARTESIAN_POINT('',(180.383504198,-191.573145862,-4.922585535));
#275=CARTESIAN_POINT('',(180.391394322,-188.427709439,-4.928030245));
#276=CARTESIAN_POINT('',(179.965204541,-186.066314811,-6.556113131));
#277=CARTESIAN_POINT('',(178.783212191,-185.036814238,-8.704906689));
#278=CARTESIAN_POINT('',(177.149254859,-184.936369522,-10.541650615));
#279=CARTESIAN_POINT('',(175.156826497,-185.359234782,-12.031432147));
#280=CARTESIAN_POINT('',(172.932624485,-186.048571596,-13.135924697));
#281=CARTESIAN_POINT('',(170.532330179,-186.790310209,-13.86753951));
#282=CARTESIAN_POINT('',(167.90455862,-187.328967403,-14.223753503));
#283=CARTESIAN_POINT('',(165.168706238,-187.159577107,-14.124960543));
#284=CARTESIAN_POINT('',(162.647817568,-186.484202406,-13.606430881));
#285=CARTESIAN_POINT('',(160.317509027,-185.742971769,-12.721962687));
#286=CARTESIAN_POINT('',(158.182033573,-185.137959793,-11.458104066));
#287=CARTESIAN_POINT('',(156.315534033,-184.896735325,-9.811699305));
#288=CARTESIAN_POINT('',(155.369227109,-185.172930553,-8.527433368));
#289=CARTESIAN_POINT('',(155.,-185.459818215,-7.905543182));
#290=CARTESIAN_POINT('',(155.152692578,-194.511446123,-7.843252508));
#291=CARTESIAN_POINT('',(155.513472534,-194.802171743,-8.45098383));
#292=CARTESIAN_POINT('',(156.434672724,-195.098824478,-9.712515875));
#293=CARTESIAN_POINT('',(158.882390401,-194.819470136,-11.914791126));
#294=CARTESIAN_POINT('',(161.853617335,-193.794446547,-13.379682337));
#295=CARTESIAN_POINT('',(165.18058929,-192.887451554,-14.092766296));
#296=CARTESIAN_POINT('',(167.90289795,-192.72204387,-14.194126097));
#297=CARTESIAN_POINT('',(170.50418519,-193.259646497,-13.827421443));
#298=CARTESIAN_POINT('',(173.148796096,-194.086792876,-12.989851665));
#299=CARTESIAN_POINT('',(175.796823633,-194.896373811,-11.536196958));
#300=CARTESIAN_POINT('',(178.227049032,-195.158578173,-9.282337265));
#301=CARTESIAN_POINT('',(179.760316808,-194.115239379,-6.682033657));
#302=CARTESIAN_POINT('',(180.216453878,-191.566836943,-4.924599295));
#303=CARTESIAN_POINT('',(180.223817873,-188.434588042,-4.930212222));
#304=CARTESIAN_POINT('',(179.794328217,-186.101684573,-6.529882977));
#305=CARTESIAN_POINT('',(178.64035726,-185.063175391,-8.620767096));
#306=CARTESIAN_POINT('',(177.043927276,-184.925377276,-10.440956329));
#307=CARTESIAN_POINT('',(175.083369067,-185.320040136,-11.944555667));
#308=CARTESIAN_POINT('',(172.885002372,-185.997070819,-13.073264199));
#309=CARTESIAN_POINT('',(170.506262783,-186.739468832,-13.82661426));
#310=CARTESIAN_POINT('',(167.898660573,-187.283379279,-14.194971833));
#311=CARTESIAN_POINT('',(165.182978836,-187.112005753,-14.092687795));
#312=CARTESIAN_POINT('',(162.682494647,-186.431846849,-13.557212251));
#313=CARTESIAN_POINT('',(160.375236753,-185.694674478,-12.648894989));
#314=CARTESIAN_POINT('',(158.267841046,-185.108392177,-11.363107034));
#315=CARTESIAN_POINT('',(156.436348418,-184.901749226,-9.712872745));
#316=CARTESIAN_POINT('',(155.513482689,-185.197820074,-8.451000936));
#317=CARTESIAN_POINT('',(155.152692578,-185.488553877,-7.843252508));
#318=CARTESIAN_POINT('',(155.457245586,-194.532306568,-7.682947207));
#319=CARTESIAN_POINT('',(155.801216416,-194.832685673,-8.274587418));
#320=CARTESIAN_POINT('',(156.675776837,-195.162084494,-9.514881022));
#321=CARTESIAN_POINT('',(159.030349719,-194.941862086,-11.750997251));
#322=CARTESIAN_POINT('',(161.936542941,-193.916755411,-13.28615235));
#323=CARTESIAN_POINT('',(165.209215712,-192.98795056,-14.036300033));
#324=CARTESIAN_POINT('',(167.891062493,-192.817731514,-14.143576141));
#325=CARTESIAN_POINT('',(170.452343437,-193.370163874,-13.756629557));
#326=CARTESIAN_POINT('',(173.048452961,-194.209819265,-12.877073003));
#327=CARTESIAN_POINT('',(175.633642355,-195.012113343,-11.364725221));
#328=CARTESIAN_POINT('',(177.965203189,-195.204873222,-9.075838775));
#329=CARTESIAN_POINT('',(179.417691057,-194.114636407,-6.558974799));
#330=CARTESIAN_POINT('',(179.883155559,-191.57963261,-4.841109833));
#331=CARTESIAN_POINT('',(179.889481159,-188.422726756,-4.84687335));
#332=CARTESIAN_POINT('',(179.45346093,-186.098972073,-6.413120168));
#333=CARTESIAN_POINT('',(178.355277262,-185.03250844,-8.433581138));
#334=CARTESIAN_POINT('',(176.833607942,-184.840009948,-10.249198135));
#335=CARTESIAN_POINT('',(174.936600805,-185.203176847,-11.789858432));
#336=CARTESIAN_POINT('',(172.789817781,-185.874698852,-12.964966693));
#337=CARTESIAN_POINT('',(170.45414665,-186.629254963,-13.756056564));
#338=CARTESIAN_POINT('',(167.886846865,-187.187808378,-14.144597247));
#339=CARTESIAN_POINT('',(165.211492644,-187.011445532,-14.036571198));
#340=CARTESIAN_POINT('',(162.751776895,-186.315100232,-13.472568467));
#341=CARTESIAN_POINT('',(160.490557294,-185.571837972,-12.521518229));
#342=CARTESIAN_POINT('',(158.439182402,-185.000982411,-11.190270739));
#343=CARTESIAN_POINT('',(156.677456249,-184.838410731,-9.515548992));
#344=CARTESIAN_POINT('',(155.801226098,-185.167305872,-8.274604071));
#345=CARTESIAN_POINT('',(155.457245586,-185.467693432,-7.682947207));
#346=CARTESIAN_POINT('',(155.860694538,-194.831678685,-7.345229906));
#347=CARTESIAN_POINT('',(156.187185535,-195.152034505,-7.95512979));
#348=CARTESIAN_POINT('',(157.01413983,-195.503462412,-9.239460577));
#349=CARTESIAN_POINT('',(159.262371885,-195.264849513,-11.574243293));
#350=CARTESIAN_POINT('',(162.074470154,-194.167980518,-13.183908762));
#351=CARTESIAN_POINT('',(165.258254781,-193.178126255,-13.969633162));
#352=CARTESIAN_POINT('',(167.870703115,-192.996785029,-14.082083789));
#353=CARTESIAN_POINT('',(170.364523413,-193.585392746,-13.676702113));
#354=CARTESIAN_POINT('',(172.885419153,-194.481327336,-12.754958845));
#355=CARTESIAN_POINT('',(175.383250694,-195.340787582,-11.171022919));
#356=CARTESIAN_POINT('',(177.604900177,-195.549632558,-8.779858494));
#357=CARTESIAN_POINT('',(178.976730159,-194.386018245,-6.187149713));
#358=CARTESIAN_POINT('',(179.441289707,-191.684221484,-4.426369583));
#359=CARTESIAN_POINT('',(179.44673216,-188.318368245,-4.432097648));
#360=CARTESIAN_POINT('',(179.0131455,-185.841577137,-6.038663909));
#361=CARTESIAN_POINT('',(177.972154781,-184.703901605,-8.11709958));
#362=CARTESIAN_POINT('',(176.529102489,-184.499487186,-10.005222887));
#363=CARTESIAN_POINT('',(174.709501346,-184.890157073,-11.616188221));
#364=CARTESIAN_POINT('',(172.634463352,-185.608746668,-12.847192996));
#365=CARTESIAN_POINT('',(170.366099078,-186.414040385,-13.676105225));
#366=CARTESIAN_POINT('',(167.866628669,-187.009075459,-14.08317552));
#367=CARTESIAN_POINT('',(165.260400087,-186.821282422,-13.969997141));
#368=CARTESIAN_POINT('',(162.867596864,-186.079028355,-13.379057157));
#369=CARTESIAN_POINT('',(160.675205537,-185.285013816,-12.382503853));
#370=CARTESIAN_POINT('',(158.697839515,-184.673150066,-10.988633425));
#371=CARTESIAN_POINT('',(157.015741184,-184.497114252,-9.240243088));
#372=CARTESIAN_POINT('',(156.187194725,-184.847956478,-7.955146958));
#373=CARTESIAN_POINT('',(155.860694538,-185.168321315,-7.345229906));
#374=CARTESIAN_POINT('',(155.938842501,-195.216179228,-7.12918895));
#375=CARTESIAN_POINT('',(156.270844222,-195.551517462,-7.787139932));
#376=CARTESIAN_POINT('',(157.116033146,-195.891261046,-9.157682845));
#377=CARTESIAN_POINT('',(159.378522573,-195.55799018,-11.564939252));
#378=CARTESIAN_POINT('',(162.159754891,-194.368308402,-13.171396408));
#379=CARTESIAN_POINT('',(165.290916963,-193.321875092,-13.953002616));
#380=CARTESIAN_POINT('',(167.856864439,-193.131176965,-14.064149398));
#381=CARTESIAN_POINT('',(170.307216814,-193.751072711,-13.662118978));
#382=CARTESIAN_POINT('',(172.791434552,-194.707242412,-12.743777415));
#383=CARTESIAN_POINT('',(175.265894272,-195.64849106,-11.150919661));
#384=CARTESIAN_POINT('',(177.508208518,-195.962548029,-8.68625926));
#385=CARTESIAN_POINT('',(178.913806881,-194.759595386,-5.871486406));
#386=CARTESIAN_POINT('',(179.353549875,-191.811093106,-3.98078351));
#387=CARTESIAN_POINT('',(179.359887056,-188.190456483,-3.986592601));
#388=CARTESIAN_POINT('',(178.947320616,-185.49153039,-5.708491812));
#389=CARTESIAN_POINT('',(177.886174489,-184.292653754,-7.969176517));
#390=CARTESIAN_POINT('',(176.41880987,-184.140008921,-9.952916513));
#391=CARTESIAN_POINT('',(174.599098664,-184.603314709,-11.598293036));
#392=CARTESIAN_POINT('',(172.543781582,-185.389647954,-12.835340744));
#393=CARTESIAN_POINT('',(170.309044086,-186.247905597,-13.661255255));
#394=CARTESIAN_POINT('',(167.852713529,-186.87501658,-14.065117994));
#395=CARTESIAN_POINT('',(165.293075439,-186.677548708,-13.952976505));
#396=CARTESIAN_POINT('',(162.939704751,-185.89265055,-13.365954867));
#397=CARTESIAN_POINT('',(160.775813469,-185.039003278,-12.37021818));
#398=CARTESIAN_POINT('',(158.810704118,-184.355944759,-10.961724187));
#399=CARTESIAN_POINT('',(157.117632703,-184.109469433,-9.158112808));
#400=CARTESIAN_POINT('',(156.270853567,-184.448473099,-7.787158451));
#401=CARTESIAN_POINT('',(155.938842501,-184.783820772,-7.12918895));
#402=CARTESIAN_POINT('',(155.896296296,-195.448218142,-7.043196129));
#403=CARTESIAN_POINT('',(156.238163626,-195.792473647,-7.734165775));
#404=CARTESIAN_POINT('',(157.112829463,-196.124716222,-9.160969569));
#405=CARTESIAN_POINT('',(159.422495192,-195.733624561,-11.601496618));
#406=CARTESIAN_POINT('',(162.203822141,-194.488350643,-13.186096528));
#407=CARTESIAN_POINT('',(165.309500809,-193.407946527,-13.95398878));
#408=CARTESIAN_POINT('',(167.848905533,-193.211679375,-14.062604427));
#409=CARTESIAN_POINT('',(170.276030314,-193.850350602,-13.66872039));
#410=CARTESIAN_POINT('',(172.747222914,-194.842761823,-12.764889031));
#411=CARTESIAN_POINT('',(175.228237225,-195.833279168,-11.183541193));
#412=CARTESIAN_POINT('',(177.524281579,-196.211803163,-8.685308095));
#413=CARTESIAN_POINT('',(178.98155113,-194.985909188,-5.717868074));
#414=CARTESIAN_POINT('',(179.399540924,-191.887775034,-3.728798742));
#415=CARTESIAN_POINT('',(179.406846595,-188.113251327,-3.73484842));
#416=CARTESIAN_POINT('',(179.012226427,-185.279577773,-5.543829404));
#417=CARTESIAN_POINT('',(177.917789066,-184.044177086,-7.931377803));
#418=CARTESIAN_POINT('',(176.404865611,-183.923643426,-9.972204386));
#419=CARTESIAN_POINT('',(174.560024534,-184.431081739,-11.6275172));
#420=CARTESIAN_POINT('',(172.500578227,-185.258285915,-12.854731145));
#421=CARTESIAN_POINT('',(170.278083499,-186.14837225,-13.667636493));
#422=CARTESIAN_POINT('',(167.844961685,-186.794760883,-14.063429818));
#423=CARTESIAN_POINT('',(165.311765035,-186.591492529,-13.953659862));
#424=CARTESIAN_POINT('',(162.97760886,-185.781042887,-13.377515794));
#425=CARTESIAN_POINT('',(160.819915766,-184.891566123,-12.394773356));
#426=CARTESIAN_POINT('',(158.842623679,-184.165551752,-10.990486));
#427=CARTESIAN_POINT('',(157.114383364,-183.87608239,-9.161147376));
#428=CARTESIAN_POINT('',(156.238173249,-184.207516663,-7.734185224));
#429=CARTESIAN_POINT('',(155.896296296,-184.551781858,-7.043196129));
#430=B_SPLINE_SURFACE_WITH_KNOTS('',3,3,((#262,#263,#264,#265,#266,#267,#268,#269,#270,#271,#272,#273,#274,#275,#276,#277,#278,#279,#280,#281,#282,#283,#284,#285,#286,#287,
#288,#289),(#290,#291,#292,#293,#294,#295,#296,#297,#298,#299,#300,#301,#302,#303,#304,#305,#306,#307,#308,#309,#310,#311,#312,#313,#314,#315,
#316,#317),(#318,#319,#320,#321,#322,#323,#324,#325,#326,#327,#328,#329,#330,#331,#332,#333,#334,#335,#336,#337,#338,#339,#340,#341,#342,#343,
#344,#345),(#346,#347,#348,#349,#350,#351,#352,#353,#354,#355,#356,#357,#358,#359,#360,#361,#362,#363,#364,#365,#366,#367,#368,#369,#370,#371,
#372,#373),(#374,#375,#376,#377,#378,#379,#380,#381,#382,#383,#384,#385,#386,#387,#388,#389,#390,#391,#392,#393,#394,#395,#396,#397,#398,#399,
#400,#401),(#402,#403,#404,#405,#406,#407,#408,#409,#410,#411,#412,#413,#414,#415,#416,#417,#418,#419,#420,#421,#422,#423,#424,#425,#426,#427,
#428,#429)),.UNSPECIFIED.,.F.,.F.,.U.,(4,1,1,4),(4,1,1,1,1,1,1,1,1,1,1,1,1,1,1,1,1,1,1,1,1,1,1,1,1,4),(0.,0.285714286,0.571428571,1.),(5.180553439,5.450839977,5.721126514,6.261699588,6.531986125,6.802272662,7.072559199,7.342845736,7.703227786,8.063609835,8.423991885,8.784373934,9.144755984,9.505138033,9.77542457,10.045711107,10.315997644,10.586284182,10.856570719,11.126857256,11.397143793,11.66743033,11.937716867,12.208003404,12.478289941,12.748576478),.UNSPECIFIED.);
#431=ORIENTED_EDGE('',*,*,#218,.F.);
#432=CARTESIAN_POINT('',(155.999999987,-195.137249032,-7.486812324));
#433=CARTESIAN_POINT('',(156.000012531,-195.18609071,-7.408658566));
#434=CARTESIAN_POINT('',(155.991047128,-195.238178705,-7.332996836));
#435=CARTESIAN_POINT('',(155.973728694,-195.290213567,-7.258940532));
#436=B_SPLINE_CURVE_WITH_KNOTS('',3,(#432,#433,#434,#435),.UNSPECIFIED.,.F.,.F.,(4,4),(-0.05571111,-0.028154559),.UNSPECIFIED.);
#437=EDGE_CURVE('',#200,#158,#436,.T.);
#438=ORIENTED_EDGE('',*,*,#437,.T.);
#439=ORIENTED_EDGE('',*,*,#189,.T.);
#440=CARTESIAN_POINT('',(156.000034146,-195.5448111,-7.247997411));
#441=VERTEX_POINT('',#440);
#442=CARTESIAN_POINT('',(155.896296296,-195.448218142,-7.043196129));
#443=CARTESIAN_POINT('',(155.929963965,-195.482121002,-7.11124398));
#444=CARTESIAN_POINT('',(155.964493138,-195.514272938,-7.179475796));
#445=CARTESIAN_POINT('',(155.99998856,-195.544811123,-7.248021053));
#446=B_SPLINE_CURVE_WITH_KNOTS('',3,(#442,#443,#444,#445),.UNSPECIFIED.,.F.,.F.,(4,4),(5.180553439,5.207171712),.UNSPECIFIED.);
#447=EDGE_CURVE('',#177,#441,#446,.T.);
#448=ORIENTED_EDGE('',*,*,#447,.T.);
#449=CARTESIAN_POINT('',(156.000044743,-184.455201175,-7.247998994));
#450=VERTEX_POINT('',#449);
#451=CARTESIAN_POINT('',(155.999991453,-184.455201145,-7.24802664));
#452=CARTESIAN_POINT('',(156.313082879,-184.185934598,-7.852637182));
#453=CARTESIAN_POINT('',(156.696553417,-184.048497132,-8.467229552));
#454=CARTESIAN_POINT('',(157.133446241,-184.01111935,-9.044389052));
#455=CARTESIAN_POINT('',(157.570339065,-183.973741569,-9.621548553));
#456=CARTESIAN_POINT('',(158.059186636,-184.036548907,-10.161770832));
#457=CARTESIAN_POINT('',(158.583235561,-184.161290869,-10.649575044));
#458=CARTESIAN_POINT('',(159.107284485,-184.286032831,-11.137379256));
#459=CARTESIAN_POINT('',(159.665136842,-184.472580773,-11.572620618));
#460=CARTESIAN_POINT('',(160.247511448,-184.690373862,-11.954348409));
#461=CARTESIAN_POINT('',(160.829886055,-184.908166951,-12.336076199));
#462=CARTESIAN_POINT('',(161.436376971,-185.156166088,-12.664443675));
#463=CARTESIAN_POINT('',(162.064815144,-185.405588178,-12.9410189));
#464=CARTESIAN_POINT('',(162.693253316,-185.655010267,-13.217594124));
#465=CARTESIAN_POINT('',(163.343938752,-185.908934415,-13.442601339));
#466=CARTESIAN_POINT('',(164.017968307,-186.129723551,-13.614086042));
#467=CARTESIAN_POINT('',(164.354983085,-186.24011812,-13.699828394));
#468=CARTESIAN_POINT('',(164.697855289,-186.34108227,-13.772116028));
#469=CARTESIAN_POINT('',(165.046789301,-186.425098427,-13.830220023));
#470=CARTESIAN_POINT('',(165.395723314,-186.509114585,-13.888324019));
#471=CARTESIAN_POINT('',(165.751372876,-186.575612482,-13.932252308));
#472=CARTESIAN_POINT('',(166.110371008,-186.620425774,-13.960763799));
#473=CARTESIAN_POINT('',(166.46936914,-186.665239066,-13.98927529));
#474=CARTESIAN_POINT('',(166.832128381,-186.687329343,-14.002384624));
#475=CARTESIAN_POINT('',(167.194576945,-186.684269526,-13.999642203));
#476=CARTESIAN_POINT('',(167.557025509,-186.681209709,-13.996899782));
#477=CARTESIAN_POINT('',(167.919280304,-186.652653903,-13.978282799));
#478=CARTESIAN_POINT('',(168.276521309,-186.599656456,-13.944508733));
#479=CARTESIAN_POINT('',(168.991003318,-186.49366156,-13.876960602));
#480=CARTESIAN_POINT('',(169.686597167,-186.295700946,-13.749142129));
#481=CARTESIAN_POINT('',(170.356857672,-186.070117966,-13.568259117));
#482=CARTESIAN_POINT('',(171.027118177,-185.844534986,-13.387376104));
#483=CARTESIAN_POINT('',(171.672479676,-185.58966777,-13.153920258));
#484=CARTESIAN_POINT('',(172.296931923,-185.339613363,-12.868460696));
#485=CARTESIAN_POINT('',(172.921384169,-185.089558956,-12.583001133));
#486=CARTESIAN_POINT('',(173.525500517,-184.844671945,-12.244772711));
#487=CARTESIAN_POINT('',(174.103646799,-184.6333982,-11.853691685));
#488=CARTESIAN_POINT('',(174.681793081,-184.422124456,-11.46261066));
#489=CARTESIAN_POINT('',(175.235592377,-184.243340195,-11.017135234));
#490=CARTESIAN_POINT('',(175.752853418,-184.129997086,-10.520982637));
#491=CARTESIAN_POINT('',(176.270114459,-184.016653976,-10.024830039));
#492=CARTESIAN_POINT('',(176.75193101,-183.968108854,-9.475768487));
#493=CARTESIAN_POINT('',(177.179501021,-184.022303126,-8.892811318));
#494=CARTESIAN_POINT('',(177.393286026,-184.049400262,-8.601332733));
#495=CARTESIAN_POINT('',(177.593406264,-184.102365423,-8.301739485));
#496=CARTESIAN_POINT('',(177.77741131,-184.185546284,-7.999452878));
#497=CARTESIAN_POINT('',(177.961416356,-184.268727146,-7.697166271));
#498=CARTESIAN_POINT('',(178.129558909,-184.38254499,-7.391683223));
#499=CARTESIAN_POINT('',(178.279978435,-184.52860953,-7.090892791));
#500=CARTESIAN_POINT('',(178.43039796,-184.674674071,-6.79010236));
#501=CARTESIAN_POINT('',(178.563291765,-184.853188524,-6.49361887));
#502=CARTESIAN_POINT('',(178.678395098,-185.06403841,-6.210707692));
#503=CARTESIAN_POINT('',(178.793498431,-185.274888296,-5.927796513));
#504=CARTESIAN_POINT('',(178.890529312,-185.519072146,-5.659455003));
#505=CARTESIAN_POINT('',(178.971936411,-185.791426239,-5.412432218));
#506=CARTESIAN_POINT('',(179.134750609,-186.336134427,-4.918386646));
#507=CARTESIAN_POINT('',(179.234842257,-186.994376625,-4.512661017));
#508=CARTESIAN_POINT('',(179.296947799,-187.714446282,-4.235774915));
#509=CARTESIAN_POINT('',(179.359053341,-188.43451594,-3.958888814));
#510=CARTESIAN_POINT('',(179.383801456,-189.217510691,-3.814783314));
#511=CARTESIAN_POINT('',(179.38379502,-190.000304595,-3.814817467));
#512=CARTESIAN_POINT('',(179.383788584,-190.783098499,-3.81485162));
#513=CARTESIAN_POINT('',(179.359212839,-191.566220177,-3.958095723));
#514=CARTESIAN_POINT('',(179.297120537,-192.286338127,-4.235004679));
#515=CARTESIAN_POINT('',(179.235028236,-193.006456078,-4.511913635));
#516=CARTESIAN_POINT('',(179.134816054,-193.665210862,-4.91824966));
#517=CARTESIAN_POINT('',(178.971791497,-194.209668686,-5.412871918));
#518=CARTESIAN_POINT('',(178.890279219,-194.481897597,-5.660183046));
#519=CARTESIAN_POINT('',(178.793048331,-194.724921184,-5.928971956));
#520=CARTESIAN_POINT('',(178.67799219,-194.935842571,-6.211697873));
#521=CARTESIAN_POINT('',(178.562936049,-195.146763957,-6.494423789));
#522=CARTESIAN_POINT('',(178.430008295,-195.323710028,-6.790949525));
#523=CARTESIAN_POINT('',(178.279472503,-195.469018404,-7.091904376));
#524=CARTESIAN_POINT('',(177.978400919,-195.759635156,-7.693814078));
#525=CARTESIAN_POINT('',(177.60653442,-195.923239813,-8.310650441));
#526=CARTESIAN_POINT('',(177.17910957,-195.977806385,-8.893345));
#527=CARTESIAN_POINT('',(176.751684719,-196.032372956,-9.476039559));
#528=CARTESIAN_POINT('',(176.269747523,-195.983352008,-10.025252085));
#529=CARTESIAN_POINT('',(175.752216719,-195.868672445,-10.52159331));
#530=CARTESIAN_POINT('',(175.234685915,-195.753992881,-11.017934535));
#531=CARTESIAN_POINT('',(174.681789135,-195.575826885,-11.462583455));
#532=CARTESIAN_POINT('',(174.104013958,-195.365526002,-11.853443315));
#533=CARTESIAN_POINT('',(173.52623878,-195.155225118,-12.244303176));
#534=CARTESIAN_POINT('',(172.92243153,-194.911450122,-12.582475617));
#535=CARTESIAN_POINT('',(172.297634809,-194.66148107,-12.868139355));
#536=CARTESIAN_POINT('',(171.672838088,-194.411512018,-13.153803093));
#537=CARTESIAN_POINT('',(171.027888786,-194.156426009,-13.387103014));
#538=CARTESIAN_POINT('',(170.357950268,-193.931277947,-13.567964205));
#539=CARTESIAN_POINT('',(169.688011751,-193.706129886,-13.748825395));
#540=CARTESIAN_POINT('',(168.991540524,-193.509531018,-13.876907439));
#541=CARTESIAN_POINT('',(168.276562281,-193.403794034,-13.94450486));
#542=CARTESIAN_POINT('',(167.919073159,-193.350925541,-13.97830357));
#543=CARTESIAN_POINT('',(167.557463145,-193.320711814,-13.996887609));
#544=CARTESIAN_POINT('',(167.194882294,-193.316798037,-13.999639889));
#545=CARTESIAN_POINT('',(166.832301443,-193.31288426,-14.002392168));
#546=CARTESIAN_POINT('',(166.4697215,-193.334767483,-13.989307233));
#547=CARTESIAN_POINT('',(166.110234635,-193.378980447,-13.960752968));
#548=CARTESIAN_POINT('',(165.75074777,-193.42319341,-13.932198702));
#549=CARTESIAN_POINT('',(165.394849974,-193.489759092,-13.888200095));
#550=CARTESIAN_POINT('',(165.046048894,-193.574081335,-13.830096709));
#551=CARTESIAN_POINT('',(164.697247814,-193.658403579,-13.771993323));
#552=CARTESIAN_POINT('',(164.354779943,-193.759883968,-13.69978329));
#553=CARTESIAN_POINT('',(164.017746139,-193.869988964,-13.614029517));
#554=CARTESIAN_POINT('',(163.343678531,-194.090198955,-13.44252197));
#555=CARTESIAN_POINT('',(162.693323677,-194.346671801,-13.217628962));
#556=CARTESIAN_POINT('',(162.0647561,-194.596759214,-12.940992914));
#557=CARTESIAN_POINT('',(161.436188523,-194.846846628,-12.664356867));
#558=CARTESIAN_POINT('',(160.830052275,-195.094400023,-12.336174021));
#559=CARTESIAN_POINT('',(160.247651187,-195.310719499,-11.954440002));
#560=CARTESIAN_POINT('',(159.665250099,-195.527038976,-11.572705982));
#561=CARTESIAN_POINT('',(159.108234383,-195.712086308,-11.138184495));
#562=CARTESIAN_POINT('',(158.583973455,-195.837242619,-10.650261848));
#563=CARTESIAN_POINT('',(158.059712527,-195.962398931,-10.162339201));
#564=CARTESIAN_POINT('',(157.570574825,-196.026190441,-9.621839674));
#565=CARTESIAN_POINT('',(157.13357408,-195.989012059,-9.044557932));
#566=CARTESIAN_POINT('',(156.696573336,-195.951833677,-8.467276189));
#567=CARTESIAN_POINT('',(156.313045433,-195.8141299,-7.852565615));
#568=CARTESIAN_POINT('',(155.99998856,-195.544811123,-7.248021053));
#569=B_SPLINE_CURVE_WITH_KNOTS('',3,(#451,#452,#453,#454,#455,#456,#457,#458,#459,#460,#461,#462,#463,#464,#465,#466,#467,#468,#469,#470,#471,#472,#473,#474,#475,#476,
#477,#478,#479,#480,#481,#482,#483,#484,#485,#486,#487,#488,#489,#490,#491,#492,#493,#494,#495,#496,#497,#498,#499,#500,#501,
#502,#503,#504,#505,#506,#507,#508,#509,#510,#511,#512,#513,#514,#515,#516,#517,#518,#519,#520,#521,#522,#523,#524,#525,#526,
#527,#528,#529,#530,#531,#532,#533,#534,#535,#536,#537,#538,#539,#540,#541,#542,#543,#544,#545,#546,#547,#548,#549,#550,#551,
#552,#553,#554,#555,#556,#557,#558,#559,#560,#561,#562,#563,#564,#565,#566,#567,#568),.UNSPECIFIED.,.F.,.F.,(4,3,3,3,3,3,3,3,3,3,3,3,3,3,3,3,3,3,3,3,3,3,3,3,3,3,
3,3,3,3,3,3,3,3,3,3,3,3,3,4),(-12.721959271,-12.48712216,-12.252285049,-12.017447937,-11.782610826,-11.547773715,-11.430355159,-11.312936604,-11.195518048,-11.078099492,-10.843262381,-10.60842527,-10.373588159,-10.138751048,-9.903913936,-9.786495381,-9.669076825,-9.55165827,-9.434239714,-9.199402603,-8.964565492,-8.72972838,-8.494891269,-8.377472713,-8.260054158,-8.025217047,
-7.790379935,-7.555542824,-7.320705713,-7.085868602,-6.851031491,-6.733612935,-6.616194379,-6.498775824,-6.381357268,-6.146520157,-5.911683046,-5.676845934,-5.442008823,-5.207171712),.UNSPECIFIED.);
#570=EDGE_CURVE('',#450,#441,#569,.T.);
#571=ORIENTED_EDGE('',*,*,#570,.F.);
#572=CARTESIAN_POINT('',(155.999991453,-184.455201145,-7.24802664));
#573=CARTESIAN_POINT('',(155.964494735,-184.485731106,-7.179478963));
#574=CARTESIAN_POINT('',(155.929963567,-184.517879399,-7.111243175));
#575=CARTESIAN_POINT('',(155.896296296,-184.551781858,-7.043196129));
#576=B_SPLINE_CURVE_WITH_KNOTS('',3,(#572,#573,#574,#575),.UNSPECIFIED.,.F.,.F.,(4,4),(12.721959271,12.748576478),.UNSPECIFIED.);
#577=EDGE_CURVE('',#450,#168,#576,.T.);
#578=ORIENTED_EDGE('',*,*,#577,.T.);
#579=ORIENTED_EDGE('',*,*,#174,.T.);
#580=CARTESIAN_POINT('',(155.973728694,-184.709786458,-7.258940529));
#581=CARTESIAN_POINT('',(155.991051774,-184.761835293,-7.333016702));
#582=CARTESIAN_POINT('',(156.000012071,-184.814033075,-7.408903794));
#583=CARTESIAN_POINT('',(155.999999988,-184.862758845,-7.486806926));
#584=B_SPLINE_CURVE_WITH_KNOTS('',3,(#580,#581,#582,#583),.UNSPECIFIED.,.F.,.F.,(4,4),(-0.027090174,0.000520917),.UNSPECIFIED.);
#585=EDGE_CURVE('',#160,#239,#584,.T.);
#586=ORIENTED_EDGE('',*,*,#585,.T.);
#587=ORIENTED_EDGE('',*,*,#249,.F.);
#588=CARTESIAN_POINT('',(156.612323676,-185.000081313,-9.999996338));
#589=VERTEX_POINT('',#588);
#590=CARTESIAN_POINT('',(156.612319064,-185.,-10.));
#591=CARTESIAN_POINT('',(156.397856046,-185.,-9.779525147));
#592=CARTESIAN_POINT('',(156.193961416,-185.014584847,-9.551837671));
#593=CARTESIAN_POINT('',(156.000299474,-185.046586183,-9.319050986));
#594=B_SPLINE_CURVE_WITH_KNOTS('',3,(#590,#591,#592,#593),.UNSPECIFIED.,.F.,.F.,(4,4),(12.442361195,12.544604982),.UNSPECIFIED.);
#595=EDGE_CURVE('',#589,#230,#594,.T.);
#596=ORIENTED_EDGE('',*,*,#595,.F.);
#597=CARTESIAN_POINT('',(177.587677942,-185.000032375,-9.999992193));
#598=VERTEX_POINT('',#597);
#599=CARTESIAN_POINT('',(177.587686725,-185.,-10.));
#600=CARTESIAN_POINT('',(177.263003789,-185.,-10.333897994));
#601=CARTESIAN_POINT('',(176.915848433,-185.033407037,-10.651908812));
#602=CARTESIAN_POINT('',(176.551475338,-185.091031437,-10.949751362));
#603=CARTESIAN_POINT('',(176.187102242,-185.148655837,-11.247593912));
#604=CARTESIAN_POINT('',(175.805182462,-185.230465128,-11.525582648));
#605=CARTESIAN_POINT('',(175.409669305,-185.328681027,-11.782913081));
#606=CARTESIAN_POINT('',(174.618642991,-185.525112826,-12.297573946));
#607=CARTESIAN_POINT('',(173.774886465,-185.78694004,-12.728869716));
#608=CARTESIAN_POINT('',(172.893029964,-186.059921998,-13.078276359));
#609=CARTESIAN_POINT('',(172.011173463,-186.332903957,-13.427683002));
#610=CARTESIAN_POINT('',(171.090241744,-186.61855322,-13.695077436));
#611=CARTESIAN_POINT('',(170.119393544,-186.848571154,-13.8818161));
#612=CARTESIAN_POINT('',(169.633969445,-186.963580121,-13.975185431));
#613=CARTESIAN_POINT('',(169.137110317,-187.063330082,-14.047601248));
#614=CARTESIAN_POINT('',(168.632538101,-187.132385717,-14.095947793));
#615=CARTESIAN_POINT('',(168.380251992,-187.166913535,-14.120121066));
#616=CARTESIAN_POINT('',(168.126034936,-187.193768601,-14.138297364));
#617=CARTESIAN_POINT('',(167.870357894,-187.211173586,-14.149993643));
#618=CARTESIAN_POINT('',(167.614680852,-187.228578572,-14.161689922));
#619=CARTESIAN_POINT('',(167.35755983,-187.236532815,-14.166923395));
#620=CARTESIAN_POINT('',(167.100248995,-187.235524549,-14.166254371));
#621=CARTESIAN_POINT('',(166.585627326,-187.233508019,-14.164916323));
#622=CARTESIAN_POINT('',(166.070255574,-187.195529228,-14.140257147));
#623=CARTESIAN_POINT('',(165.564204415,-187.128098415,-14.092942864));
#624=CARTESIAN_POINT('',(165.058153256,-187.060667602,-14.045628581));
#625=CARTESIAN_POINT('',(164.562918605,-186.963338608,-13.974972707));
#626=CARTESIAN_POINT('',(164.07929023,-186.848911215,-13.882092151));
#627=CARTESIAN_POINT('',(163.595661854,-186.734483822,-13.789211596));
#628=CARTESIAN_POINT('',(163.123170642,-186.603230619,-13.673993476));
#629=CARTESIAN_POINT('',(162.661059587,-186.468413628,-13.539477038));
#630=CARTESIAN_POINT('',(162.198948531,-186.333596638,-13.404960599));
#631=CARTESIAN_POINT('',(161.747226601,-186.194907737,-13.2511857));
#632=CARTESIAN_POINT('',(161.306027695,-186.058780889,-13.076815224));
#633=CARTESIAN_POINT('',(160.423629882,-185.786527193,-12.728074272));
#634=CARTESIAN_POINT('',(159.580760511,-185.525040378,-12.297473248));
#635=CARTESIAN_POINT('',(158.790574955,-185.328578186,-11.78264361));
#636=CARTESIAN_POINT('',(158.395482178,-185.230347091,-11.525228791));
#637=CARTESIAN_POINT('',(158.01351516,-185.148415284,-11.246721197));
#638=CARTESIAN_POINT('',(157.64868341,-185.090810931,-10.948610925));
#639=CARTESIAN_POINT('',(157.283851661,-185.033206578,-10.650500653));
#640=CARTESIAN_POINT('',(156.93653385,-185.,-10.333316321));
#641=CARTESIAN_POINT('',(156.612323676,-185.,-10.));
#642=B_SPLINE_CURVE_WITH_KNOTS('',3,(#599,#600,#601,#602,#603,#604,#605,#606,#607,#608,#609,#610,#611,#612,#613,#614,#615,#616,#617,#618,#619,#620,#621,#622,#623,#624,
#625,#626,#627,#628,#629,#630,#631,#632,#633,#634,#635,#636,#637,#638,#639,#640,#641),.UNSPECIFIED.,.F.,.F.,(4,3,3,3,3,3,3,3,3,3,3,3,3,3,4),(9.969188608,10.123761895,10.278335181,10.587481755,10.896628328,11.051201615,11.128488258,11.205774901,11.360348188,11.514921475,11.669494761,11.824068048,12.133214621,12.287787908,12.442361195),.UNSPECIFIED.);
#643=EDGE_CURVE('',#598,#589,#642,.T.);
#644=ORIENTED_EDGE('',*,*,#643,.F.);
#645=CARTESIAN_POINT('',(177.589510192,-195.001448233,-10.00104724));
#646=VERTEX_POINT('',#645);
#647=CARTESIAN_POINT('',(177.589516235,-194.999999889,-10.001053161));
#648=CARTESIAN_POINT('',(177.852934951,-195.000056785,-9.730931406));
#649=CARTESIAN_POINT('',(178.10064735,-194.978326732,-9.450483588));
#650=CARTESIAN_POINT('',(178.329561338,-194.929253491,-9.161871116));
#651=CARTESIAN_POINT('',(178.558475326,-194.880180249,-8.873258645));
#652=CARTESIAN_POINT('',(178.768791616,-194.803501858,-8.577415044));
#653=CARTESIAN_POINT('',(178.958983522,-194.696423882,-8.284306927));
#654=CARTESIAN_POINT('',(179.339367335,-194.48226793,-7.698090694));
#655=CARTESIAN_POINT('',(179.63825456,-194.146095584,-7.125572605));
#656=CARTESIAN_POINT('',(179.846609058,-193.692578922,-6.628819064));
#657=CARTESIAN_POINT('',(179.950786307,-193.465820591,-6.380442293));
#658=CARTESIAN_POINT('',(180.033715118,-193.209969856,-6.150970056));
#659=CARTESIAN_POINT('',(180.100181749,-192.930541772,-5.948836597));
#660=CARTESIAN_POINT('',(180.166648381,-192.651113689,-5.746703138));
#661=CARTESIAN_POINT('',(180.21665283,-192.348301381,-5.57206524));
#662=CARTESIAN_POINT('',(180.254981354,-192.030252995,-5.430747022));
#663=CARTESIAN_POINT('',(180.293309878,-191.71220461,-5.289428804));
#664=CARTESIAN_POINT('',(180.320497178,-191.379119153,-5.181347677));
#665=CARTESIAN_POINT('',(180.339312716,-191.038317979,-5.10899849));
#666=CARTESIAN_POINT('',(180.358128255,-190.697516805,-5.036649302));
#667=CARTESIAN_POINT('',(180.367879253,-190.348757838,-4.999993901));
#668=CARTESIAN_POINT('',(180.368359241,-189.999912572,-5.000000001));
#669=CARTESIAN_POINT('',(180.369319218,-189.302222041,-5.0000122));
#670=CARTESIAN_POINT('',(180.33509598,-188.605640945,-5.148312691));
#671=CARTESIAN_POINT('',(180.257585779,-187.970419403,-5.430448315));
#672=CARTESIAN_POINT('',(180.180075578,-187.33519786,-5.71258394));
#673=CARTESIAN_POINT('',(180.054457827,-186.763601936,-6.129668722));
#674=CARTESIAN_POINT('',(179.845941801,-186.309177548,-6.626896143));
#675=CARTESIAN_POINT('',(179.637425775,-185.85475316,-7.124123565));
#676=CARTESIAN_POINT('',(179.341579934,-185.516054865,-7.701475764));
#677=CARTESIAN_POINT('',(178.961593056,-185.302435714,-8.287431818));
#678=CARTESIAN_POINT('',(178.771599616,-185.195626138,-8.580409845));
#679=CARTESIAN_POINT('',(178.560389376,-185.119779239,-8.87388666));
#680=CARTESIAN_POINT('',(178.330270625,-185.070934435,-9.160766627));
#681=CARTESIAN_POINT('',(178.100151875,-185.022089631,-9.447646595));
#682=CARTESIAN_POINT('',(177.851444664,-185.,-9.728756156));
#683=CARTESIAN_POINT('',(177.587686725,-185.,-10.));
#684=B_SPLINE_CURVE_WITH_KNOTS('',3,(#647,#648,#649,#650,#651,#652,#653,#654,#655,#656,#657,#658,#659,#660,#661,#662,#663,#664,#665,#666,#667,#668,#669,#670,#671,#672,
#673,#674,#675,#676,#677,#678,#679,#680,#681,#682,#683),.UNSPECIFIED.,.F.,.F.,(4,3,3,3,3,3,3,3,3,3,3,3,4),(7.960093462,8.085661909,8.211230355,8.462367248,8.587935695,8.713504142,8.839072588,8.964641035,9.215777928,9.466914821,9.718051715,9.843620161,9.969188608),.UNSPECIFIED.);
#685=EDGE_CURVE('',#646,#598,#684,.T.);
#686=ORIENTED_EDGE('',*,*,#685,.F.);
#687=CARTESIAN_POINT('',(156.611897231,-194.999810621,-10.000019148));
#688=VERTEX_POINT('',#687);
#689=CARTESIAN_POINT('',(156.611896487,-195.,-10.000019722));
#690=CARTESIAN_POINT('',(156.936450751,-194.999998685,-10.333428864));
#691=CARTESIAN_POINT('',(157.284306212,-194.966691519,-10.651278787));
#692=CARTESIAN_POINT('',(157.649252168,-194.909040172,-10.94938116));
#693=CARTESIAN_POINT('',(158.014198124,-194.851388826,-11.247483533));
#694=CARTESIAN_POINT('',(158.395633912,-194.769410739,-11.525935482));
#695=CARTESIAN_POINT('',(158.789713928,-194.671255202,-11.783080154));
#696=CARTESIAN_POINT('',(159.577873959,-194.474944129,-12.297369498));
#697=CARTESIAN_POINT('',(160.419173686,-194.214055571,-12.727252708));
#698=CARTESIAN_POINT('',(161.303692438,-193.941539841,-13.076404343));
#699=CARTESIAN_POINT('',(161.745951814,-193.805281976,-13.250980161));
#700=CARTESIAN_POINT('',(162.199015945,-193.666326965,-13.405056821));
#701=CARTESIAN_POINT('',(162.661644748,-193.531323382,-13.539739421));
#702=CARTESIAN_POINT('',(163.12427355,-193.396319799,-13.674422022));
#703=CARTESIAN_POINT('',(163.596430548,-193.265151827,-13.789522219));
#704=CARTESIAN_POINT('',(164.079729566,-193.150783873,-13.882339628));
#705=CARTESIAN_POINT('',(164.563028583,-193.036415919,-13.975157037));
#706=CARTESIAN_POINT('',(165.058009967,-192.939300922,-14.045637859));
#707=CARTESIAN_POINT('',(165.56450045,-192.872424711,-14.092575751));
#708=CARTESIAN_POINT('',(166.070990932,-192.8055485,-14.139513644));
#709=CARTESIAN_POINT('',(166.587265973,-192.768282565,-14.16372615));
#710=CARTESIAN_POINT('',(167.10246848,-192.766657306,-14.1648058));
#711=CARTESIAN_POINT('',(167.617670986,-192.765032046,-14.165885451));
#712=CARTESIAN_POINT('',(168.130845997,-192.801073282,-14.142585945));
#713=CARTESIAN_POINT('',(168.634918609,-192.869732655,-14.094463883));
#714=CARTESIAN_POINT('',(169.138991221,-192.938392029,-14.04634182));
#715=CARTESIAN_POINT('',(169.634955709,-193.037371281,-13.974435389));
#716=CARTESIAN_POINT('',(170.119755592,-193.151886298,-13.881444675));
#717=CARTESIAN_POINT('',(171.089355358,-193.380916331,-13.695463247));
#718=CARTESIAN_POINT('',(172.010932336,-193.667329328,-13.427383929));
#719=CARTESIAN_POINT('',(172.892782447,-193.94007596,-13.078278972));
#720=CARTESIAN_POINT('',(173.774632558,-194.212822591,-12.729174016));
#721=CARTESIAN_POINT('',(174.617335949,-194.473775087,-12.299820315));
#722=CARTESIAN_POINT('',(175.407862245,-194.670550333,-11.784925653));
#723=CARTESIAN_POINT('',(176.198388541,-194.867325579,-11.27003099));
#724=CARTESIAN_POINT('',(176.940797853,-194.999859774,-10.666265518));
#725=CARTESIAN_POINT('',(177.589516235,-194.999999889,-10.001053161));
#726=B_SPLINE_CURVE_WITH_KNOTS('',3,(#689,#690,#691,#692,#693,#694,#695,#696,#697,#698,#699,#700,#701,#702,#703,#704,#705,#706,#707,#708,#709,#710,#711,#712,#713,#714,
#715,#716,#717,#718,#719,#720,#721,#722,#723,#724,#725),.UNSPECIFIED.,.F.,.F.,(4,3,3,3,3,3,3,3,3,3,3,3,4),(5.486759336,5.641341894,5.795924452,6.105089568,6.259672127,6.414254685,6.568837243,6.723419801,6.878002359,7.032584917,7.341750033,7.65091515,7.960080266),.UNSPECIFIED.);
#727=EDGE_CURVE('',#688,#646,#726,.T.);
#728=ORIENTED_EDGE('',*,*,#727,.F.);
#729=CARTESIAN_POINT('',(156.000115708,-194.953435024,-9.319205268));
#730=CARTESIAN_POINT('',(156.193002329,-194.98534675,-9.551393704));
#731=CARTESIAN_POINT('',(156.397249074,-195.00000087,-9.779507822));
#732=CARTESIAN_POINT('',(156.611896487,-195.,-10.000019722));
#733=B_SPLINE_CURVE_WITH_KNOTS('',3,(#729,#730,#731,#732),.UNSPECIFIED.,.F.,.F.,(4,4),(5.384516279,5.486760989),.UNSPECIFIED.);
#734=EDGE_CURVE('',#208,#688,#733,.T.);
#735=ORIENTED_EDGE('',*,*,#734,.F.);
#736=EDGE_LOOP('',(#431,#438,#439,#448,#571,#578,#579,#586,#587,#596,#644,#686,#728,#735));
#737=FACE_BOUND('',#736,.T.);
#738=ADVANCED_FACE('',(#737),#430,.T.);
#739=CARTESIAN_POINT('',(160.,-190.,-10.));
#740=DIRECTION('',(1.,0.,0.));
#741=DIRECTION('',(-0.,1.,0.));
#742=AXIS2_PLACEMENT_3D('',#739,#740,#741);
#743=CYLINDRICAL_SURFACE('',#742,5.);
#744=CARTESIAN_POINT('',(156.612323676,-185.,-10.));
#745=DIRECTION('',(-1.,-0.,-0.));
#746=VECTOR('',#745,0.612323676);
#747=LINE('',#744,#746);
#748=EDGE_CURVE('',#589,#221,#747,.T.);
#749=ORIENTED_EDGE('',*,*,#748,.F.);
#750=ORIENTED_EDGE('',*,*,#595,.T.);
#751=ORIENTED_EDGE('',*,*,#236,.T.);
#752=EDGE_LOOP('',(#749,#750,#751));
#753=FACE_BOUND('',#752,.T.);
#754=ADVANCED_FACE('',(#753),#743,.F.);
#755=CARTESIAN_POINT('',(187.8,-190.,-10.));
#756=DIRECTION('',(1.,0.,0.));
#757=DIRECTION('',(-0.,1.,0.));
#758=AXIS2_PLACEMENT_3D('',#755,#756,#757);
#759=CONICAL_SURFACE('',#758,5.3,44.999999949);
#760=CARTESIAN_POINT('',(188.1,-184.400000001,-10.));
#761=VERTEX_POINT('',#760);
#762=CARTESIAN_POINT('',(187.5,-185.,-10.));
#763=VERTEX_POINT('',#762);
#764=CARTESIAN_POINT('',(188.1,-184.400000001,-10.));
#765=DIRECTION('',(-0.707106782,-0.707106781,-0.));
#766=VECTOR('',#765,0.848528137);
#767=LINE('',#764,#766);
#768=EDGE_CURVE('',#761,#763,#767,.T.);
#769=ORIENTED_EDGE('',*,*,#768,.F.);
#770=CARTESIAN_POINT('',(188.1,-190.,-15.599999999));
#771=VERTEX_POINT('',#770);
#772=CARTESIAN_POINT('',(188.1,-190.,-10.));
#773=DIRECTION('',(-1.,-0.,-0.));
#774=DIRECTION('',(0.,0.,-1.));
#775=AXIS2_PLACEMENT_3D('',#772,#773,#774);
#776=CIRCLE('',#775,5.599999999);
#777=EDGE_CURVE('',#771,#761,#776,.T.);
#778=ORIENTED_EDGE('',*,*,#777,.F.);
#779=CARTESIAN_POINT('',(188.1,-190.,-10.));
#780=DIRECTION('',(-1.,-0.,-0.));
#781=DIRECTION('',(0.,0.,-1.));
#782=AXIS2_PLACEMENT_3D('',#779,#780,#781);
#783=CIRCLE('',#782,5.599999999);
#784=EDGE_CURVE('',#761,#771,#783,.T.);
#785=ORIENTED_EDGE('',*,*,#784,.F.);
#786=ORIENTED_EDGE('',*,*,#768,.T.);
#787=CARTESIAN_POINT('',(187.5,-190.,-15.));
#788=VERTEX_POINT('',#787);
#789=CARTESIAN_POINT('',(187.5,-190.,-10.));
#790=DIRECTION('',(1.,0.,0.));
#791=DIRECTION('',(0.,0.,-1.));
#792=AXIS2_PLACEMENT_3D('',#789,#790,#791);
#793=CIRCLE('',#792,5.);
#794=EDGE_CURVE('',#788,#763,#793,.T.);
#795=ORIENTED_EDGE('',*,*,#794,.F.);
#796=CARTESIAN_POINT('',(187.5,-190.,-10.));
#797=DIRECTION('',(1.,0.,0.));
#798=DIRECTION('',(0.,0.,-1.));
#799=AXIS2_PLACEMENT_3D('',#796,#797,#798);
#800=CIRCLE('',#799,5.);
#801=EDGE_CURVE('',#763,#788,#800,.T.);
#802=ORIENTED_EDGE('',*,*,#801,.F.);
#803=EDGE_LOOP('',(#769,#778,#785,#786,#795,#802));
#804=FACE_BOUND('',#803,.T.);
#805=ADVANCED_FACE('',(#804),#759,.F.);
#806=CARTESIAN_POINT('',(175.514339828,-236.464339828,39.207106781));
#807=DIRECTION('',(0.5,-0.5,0.707106781));
#808=DIRECTION('',(-0.816496581,-0.,0.577350269));
#809=AXIS2_PLACEMENT_3D('',#806,#807,#808);
#810=PLANE('',#809);
#811=CARTESIAN_POINT('',(188.1,-227.828427125,36.414213562));
#812=VERTEX_POINT('',#811);
#813=CARTESIAN_POINT('',(188.1,-226.999999999,37.));
#814=VERTEX_POINT('',#813);
#815=CARTESIAN_POINT('',(188.1,-227.828427125,36.414213562));
#816=DIRECTION('',(-0.,0.816496581,0.577350269));
#817=VECTOR('',#816,1.014611873);
#818=LINE('',#815,#817);
#819=EDGE_CURVE('',#812,#814,#818,.T.);
#820=ORIENTED_EDGE('',*,*,#819,.T.);
#821=CARTESIAN_POINT('',(185.1,-225.757359313,40.));
#822=VERTEX_POINT('',#821);
#823=CARTESIAN_POINT('',(188.099999999,-227.,37.));
#824=DIRECTION('',(-0.678598344,0.281084638,0.678598345));
#825=VECTOR('',#824,4.420877274);
#826=LINE('',#823,#825);
#827=EDGE_CURVE('',#814,#822,#826,.T.);
#828=ORIENTED_EDGE('',*,*,#827,.T.);
#829=CARTESIAN_POINT('',(178.857359313,-232.,40.));
#830=VERTEX_POINT('',#829);
#831=CARTESIAN_POINT('',(178.857359313,-232.,40.));
#832=DIRECTION('',(0.707106781,0.707106781,0.));
#833=VECTOR('',#832,8.828427125);
#834=LINE('',#831,#833);
#835=EDGE_CURVE('',#830,#822,#834,.T.);
#836=ORIENTED_EDGE('',*,*,#835,.F.);
#837=CARTESIAN_POINT('',(180.099999999,-235.,37.));
#838=VERTEX_POINT('',#837);
#839=CARTESIAN_POINT('',(178.857359313,-232.,40.));
#840=DIRECTION('',(0.281084638,-0.678598344,-0.678598345));
#841=VECTOR('',#840,4.420877274);
#842=LINE('',#839,#841);
#843=EDGE_CURVE('',#830,#838,#842,.T.);
#844=ORIENTED_EDGE('',*,*,#843,.T.);
#845=CARTESIAN_POINT('',(180.928427125,-235.,36.414213562));
#846=VERTEX_POINT('',#845);
#847=CARTESIAN_POINT('',(180.099999999,-235.,37.));
#848=DIRECTION('',(0.816496581,0.,-0.577350269));
#849=VECTOR('',#848,1.014611873);
#850=LINE('',#847,#849);
#851=EDGE_CURVE('',#838,#846,#850,.T.);
#852=ORIENTED_EDGE('',*,*,#851,.T.);
#853=CARTESIAN_POINT('',(188.1,-227.828427124,36.414213562));
#854=DIRECTION('',(-0.707106781,-0.707106781,0.));
#855=VECTOR('',#854,10.142135623);
#856=LINE('',#853,#855);
#857=EDGE_CURVE('',#812,#846,#856,.T.);
#858=ORIENTED_EDGE('',*,*,#857,.F.);
#859=EDGE_LOOP('',(#820,#828,#836,#844,#852,#858));
#860=FACE_BOUND('',#859,.T.);
#861=ADVANCED_FACE('',(#860),#810,.T.);
#862=CARTESIAN_POINT('',(143.,-206.5,-40.));
#863=DIRECTION('',(0.,-1.,0.));
#864=DIRECTION('',(0.,0.,1.));
#865=AXIS2_PLACEMENT_3D('',#862,#863,#864);
#866=PLANE('',#865);
#867=CARTESIAN_POINT('',(171.181876571,-206.5,31.408669698));
#868=VERTEX_POINT('',#867);
#869=CARTESIAN_POINT('',(171.181876571,-206.5,25.968320583));
#870=VERTEX_POINT('',#869);
#871=CARTESIAN_POINT('',(171.181876571,-206.5,31.408669698));
#872=DIRECTION('',(-0.,-0.,-1.));
#873=VECTOR('',#872,5.440349115);
#874=LINE('',#871,#873);
#875=EDGE_CURVE('',#868,#870,#874,.T.);
#876=ORIENTED_EDGE('',*,*,#875,.T.);
#877=CARTESIAN_POINT('',(168.181876571,-206.5,25.968320583));
#878=VERTEX_POINT('',#877);
#879=CARTESIAN_POINT('',(171.181876571,-206.5,25.968320583));
#880=DIRECTION('',(-1.,0.,0.));
#881=VECTOR('',#880,3.);
#882=LINE('',#879,#881);
#883=EDGE_CURVE('',#870,#878,#882,.T.);
#884=ORIENTED_EDGE('',*,*,#883,.T.);
#885=CARTESIAN_POINT('',(168.181876571,-206.5,31.516065847));
#886=VERTEX_POINT('',#885);
#887=CARTESIAN_POINT('',(168.181876571,-206.5,25.968320583));
#888=DIRECTION('',(0.,0.,1.));
#889=VECTOR('',#888,5.547745264);
#890=LINE('',#887,#889);
#891=EDGE_CURVE('',#878,#886,#890,.T.);
#892=ORIENTED_EDGE('',*,*,#891,.T.);
#893=CARTESIAN_POINT('',(169.739420213,-206.5,33.069789698));
#894=DIRECTION('',(0.,1.,0.));
#895=DIRECTION('',(0.,-0.,1.));
#896=AXIS2_PLACEMENT_3D('',#893,#894,#895);
#897=CIRCLE('',#896,2.2);
#898=EDGE_CURVE('',#868,#886,#897,.T.);
#899=ORIENTED_EDGE('',*,*,#898,.F.);
#900=EDGE_LOOP('',(#876,#884,#892,#899));
#901=FACE_BOUND('',#900,.T.);
#902=ADVANCED_FACE('',(#901),#866,.F.);
#903=CARTESIAN_POINT('',(169.739420213,202.500011032,33.069789698));
#904=DIRECTION('',(0.,1.,0.));
#905=DIRECTION('',(-1.,0.,0.));
#906=AXIS2_PLACEMENT_3D('',#903,#904,#905);
#907=CYLINDRICAL_SURFACE('',#906,2.2);
#908=CARTESIAN_POINT('',(167.539420213,-186.5,33.069789698));
#909=VERTEX_POINT('',#908);
#910=CARTESIAN_POINT('',(167.539420213,-235.,33.069789698));
#911=VERTEX_POINT('',#910);
#912=CARTESIAN_POINT('',(167.539420213,-186.5,33.069789698));
#913=DIRECTION('',(0.,-1.,-0.));
#914=VECTOR('',#913,48.5);
#915=LINE('',#912,#914);
#916=EDGE_CURVE('',#909,#911,#915,.T.);
#917=ORIENTED_EDGE('',*,*,#916,.F.);
#918=CARTESIAN_POINT('',(168.181876571,-186.5,34.623513548));
#919=VERTEX_POINT('',#918);
#920=CARTESIAN_POINT('',(169.739420213,-186.5,33.069789698));
#921=DIRECTION('',(-0.,-1.,-0.));
#922=DIRECTION('',(0.,-0.,1.));
#923=AXIS2_PLACEMENT_3D('',#920,#921,#922);
#924=CIRCLE('',#923,2.2);
#925=EDGE_CURVE('',#919,#909,#924,.T.);
#926=ORIENTED_EDGE('',*,*,#925,.F.);
#927=CARTESIAN_POINT('',(168.181876571,-206.5,34.623513548));
#928=VERTEX_POINT('',#927);
#929=CARTESIAN_POINT('',(168.181876571,-186.5,34.623513548));
#930=DIRECTION('',(-0.,-1.,-0.));
#931=VECTOR('',#930,20.);
#932=LINE('',#929,#931);
#933=EDGE_CURVE('',#919,#928,#932,.T.);
#934=ORIENTED_EDGE('',*,*,#933,.T.);
#935=CARTESIAN_POINT('',(171.181876571,-206.5,34.730909698));
#936=VERTEX_POINT('',#935);
#937=CARTESIAN_POINT('',(169.739420213,-206.5,33.069789698));
#938=DIRECTION('',(0.,1.,0.));
#939=DIRECTION('',(0.,-0.,1.));
#940=AXIS2_PLACEMENT_3D('',#937,#938,#939);
#941=CIRCLE('',#940,2.2);
#942=EDGE_CURVE('',#928,#936,#941,.T.);
#943=ORIENTED_EDGE('',*,*,#942,.T.);
#944=CARTESIAN_POINT('',(171.181876571,-186.5,34.730909698));
#945=VERTEX_POINT('',#944);
#946=CARTESIAN_POINT('',(171.181876571,-186.5,34.730909698));
#947=DIRECTION('',(0.,-1.,0.));
#948=VECTOR('',#947,20.);
#949=LINE('',#946,#948);
#950=EDGE_CURVE('',#945,#936,#949,.T.);
#951=ORIENTED_EDGE('',*,*,#950,.F.);
#952=CARTESIAN_POINT('',(171.181876571,-186.5,31.408669698));
#953=VERTEX_POINT('',#952);
#954=CARTESIAN_POINT('',(169.739420213,-186.5,33.069789698));
#955=DIRECTION('',(-0.,-1.,-0.));
#956=DIRECTION('',(0.,-0.,1.));
#957=AXIS2_PLACEMENT_3D('',#954,#955,#956);
#958=CIRCLE('',#957,2.2);
#959=EDGE_CURVE('',#953,#945,#958,.T.);
#960=ORIENTED_EDGE('',*,*,#959,.F.);
#961=CARTESIAN_POINT('',(171.181876571,-186.5,31.408669697));
#962=DIRECTION('',(-0.,-1.,-0.));
#963=VECTOR('',#962,20.);
#964=LINE('',#961,#963);
#965=EDGE_CURVE('',#953,#868,#964,.T.);
#966=ORIENTED_EDGE('',*,*,#965,.T.);
#967=ORIENTED_EDGE('',*,*,#898,.T.);
#968=CARTESIAN_POINT('',(168.181876571,-186.5,31.516065847));
#969=VERTEX_POINT('',#968);
#970=CARTESIAN_POINT('',(168.181876571,-186.5,31.516065847));
#971=DIRECTION('',(0.,-1.,0.));
#972=VECTOR('',#971,20.);
#973=LINE('',#970,#972);
#974=EDGE_CURVE('',#969,#886,#973,.T.);
#975=ORIENTED_EDGE('',*,*,#974,.F.);
#976=CARTESIAN_POINT('',(169.739420213,-186.5,33.069789698));
#977=DIRECTION('',(-0.,-1.,-0.));
#978=DIRECTION('',(0.,-0.,1.));
#979=AXIS2_PLACEMENT_3D('',#976,#977,#978);
#980=CIRCLE('',#979,2.2);
#981=EDGE_CURVE('',#909,#969,#980,.T.);
#982=ORIENTED_EDGE('',*,*,#981,.F.);
#983=ORIENTED_EDGE('',*,*,#916,.T.);
#984=CARTESIAN_POINT('',(169.739420213,-235.,35.269789698));
#985=VERTEX_POINT('',#984);
#986=CARTESIAN_POINT('',(169.739420213,-235.,33.069789698));
#987=DIRECTION('',(0.,1.,0.));
#988=DIRECTION('',(0.,-0.,1.));
#989=AXIS2_PLACEMENT_3D('',#986,#987,#988);
#990=CIRCLE('',#989,2.2);
#991=EDGE_CURVE('',#985,#911,#990,.T.);
#992=ORIENTED_EDGE('',*,*,#991,.F.);
#993=CARTESIAN_POINT('',(169.739420213,-235.,33.069789698));
#994=DIRECTION('',(0.,1.,0.));
#995=DIRECTION('',(0.,-0.,1.));
#996=AXIS2_PLACEMENT_3D('',#993,#994,#995);
#997=CIRCLE('',#996,2.2);
#998=EDGE_CURVE('',#911,#985,#997,.T.);
#999=ORIENTED_EDGE('',*,*,#998,.F.);
#1000=EDGE_LOOP('',(#917,#926,#934,#943,#951,#960,#966,#967,#975,#982,#983,#992,#999));
#1001=FACE_BOUND('',#1000,.T.);
#1002=ADVANCED_FACE('',(#1001),#907,.F.);
#1003=CARTESIAN_POINT('',(168.181876571,172.500007555,25.968320583));
#1004=DIRECTION('',(0.,0.,-1.));
#1005=DIRECTION('',(1.,0.,0.));
#1006=AXIS2_PLACEMENT_3D('',#1003,#1004,#1005);
#1007=PLANE('',#1006);
#1008=CARTESIAN_POINT('',(168.181876571,-186.5,25.968320583));
#1009=VERTEX_POINT('',#1008);
#1010=CARTESIAN_POINT('',(168.181876571,-206.5,25.968320583));
#1011=DIRECTION('',(-0.,1.,-0.));
#1012=VECTOR('',#1011,20.);
#1013=LINE('',#1010,#1012);
#1014=EDGE_CURVE('',#878,#1009,#1013,.T.);
#1015=ORIENTED_EDGE('',*,*,#1014,.F.);
#1016=ORIENTED_EDGE('',*,*,#883,.F.);
#1017=CARTESIAN_POINT('',(171.181876571,-186.5,25.968320583));
#1018=VERTEX_POINT('',#1017);
#1019=CARTESIAN_POINT('',(171.181876571,-206.5,25.968320583));
#1020=DIRECTION('',(-0.,1.,-0.));
#1021=VECTOR('',#1020,20.);
#1022=LINE('',#1019,#1021);
#1023=EDGE_CURVE('',#870,#1018,#1022,.T.);
#1024=ORIENTED_EDGE('',*,*,#1023,.T.);
#1025=CARTESIAN_POINT('',(168.181876571,-186.5,25.968320583));
#1026=DIRECTION('',(1.,-0.,-0.));
#1027=VECTOR('',#1026,3.);
#1028=LINE('',#1025,#1027);
#1029=EDGE_CURVE('',#1009,#1018,#1028,.T.);
#1030=ORIENTED_EDGE('',*,*,#1029,.F.);
#1031=EDGE_LOOP('',(#1015,#1016,#1024,#1030));
#1032=FACE_BOUND('',#1031,.T.);
#1033=ADVANCED_FACE('',(#1032),#1007,.F.);
#1034=CARTESIAN_POINT('',(168.181876571,172.500007555,37.968320583));
#1035=DIRECTION('',(-1.,0.,0.));
#1036=DIRECTION('',(0.,0.,-1.));
#1037=AXIS2_PLACEMENT_3D('',#1034,#1035,#1036);
#1038=PLANE('',#1037);
#1039=ORIENTED_EDGE('',*,*,#974,.T.);
#1040=ORIENTED_EDGE('',*,*,#891,.F.);
#1041=ORIENTED_EDGE('',*,*,#1014,.T.);
#1042=CARTESIAN_POINT('',(168.181876571,-186.5,31.516065847));
#1043=DIRECTION('',(-0.,-0.,-1.));
#1044=VECTOR('',#1043,5.547745264);
#1045=LINE('',#1042,#1044);
#1046=EDGE_CURVE('',#969,#1009,#1045,.T.);
#1047=ORIENTED_EDGE('',*,*,#1046,.F.);
#1048=EDGE_LOOP('',(#1039,#1040,#1041,#1047));
#1049=FACE_BOUND('',#1048,.T.);
#1050=ADVANCED_FACE('',(#1049),#1038,.F.);
#1051=CARTESIAN_POINT('',(171.181876571,172.500007555,25.968320583));
#1052=DIRECTION('',(1.,0.,0.));
#1053=DIRECTION('',(0.,0.,1.));
#1054=AXIS2_PLACEMENT_3D('',#1051,#1052,#1053);
#1055=PLANE('',#1054);
#1056=ORIENTED_EDGE('',*,*,#1023,.F.);
#1057=ORIENTED_EDGE('',*,*,#875,.F.);
#1058=ORIENTED_EDGE('',*,*,#965,.F.);
#1059=CARTESIAN_POINT('',(171.181876571,-186.5,25.968320583));
#1060=DIRECTION('',(0.,0.,1.));
#1061=VECTOR('',#1060,5.440349115);
#1062=LINE('',#1059,#1061);
#1063=EDGE_CURVE('',#1018,#953,#1062,.T.);
#1064=ORIENTED_EDGE('',*,*,#1063,.F.);
#1065=EDGE_LOOP('',(#1056,#1057,#1058,#1064));
#1066=FACE_BOUND('',#1065,.T.);
#1067=ADVANCED_FACE('',(#1066),#1055,.F.);
#1068=CARTESIAN_POINT('',(143.,-206.5,-40.));
#1069=DIRECTION('',(0.,-1.,0.));
#1070=DIRECTION('',(0.,0.,1.));
#1071=AXIS2_PLACEMENT_3D('',#1068,#1069,#1070);
#1072=PLANE('',#1071);
#1073=CARTESIAN_POINT('',(168.181876571,-206.5,37.968320583));
#1074=VERTEX_POINT('',#1073);
#1075=CARTESIAN_POINT('',(168.181876571,-206.5,34.623513548));
#1076=DIRECTION('',(0.,0.,1.));
#1077=VECTOR('',#1076,3.344807035);
#1078=LINE('',#1075,#1077);
#1079=EDGE_CURVE('',#928,#1074,#1078,.T.);
#1080=ORIENTED_EDGE('',*,*,#1079,.T.);
#1081=CARTESIAN_POINT('',(171.181876571,-206.5,37.968320583));
#1082=VERTEX_POINT('',#1081);
#1083=CARTESIAN_POINT('',(168.181876571,-206.5,37.968320583));
#1084=DIRECTION('',(1.,-0.,-0.));
#1085=VECTOR('',#1084,3.);
#1086=LINE('',#1083,#1085);
#1087=EDGE_CURVE('',#1074,#1082,#1086,.T.);
#1088=ORIENTED_EDGE('',*,*,#1087,.T.);
#1089=CARTESIAN_POINT('',(171.181876571,-206.5,37.968320583));
#1090=DIRECTION('',(-0.,-0.,-1.));
#1091=VECTOR('',#1090,3.237410885);
#1092=LINE('',#1089,#1091);
#1093=EDGE_CURVE('',#1082,#936,#1092,.T.);
#1094=ORIENTED_EDGE('',*,*,#1093,.T.);
#1095=ORIENTED_EDGE('',*,*,#942,.F.);
#1096=EDGE_LOOP('',(#1080,#1088,#1094,#1095));
#1097=FACE_BOUND('',#1096,.T.);
#1098=ADVANCED_FACE('',(#1097),#1072,.F.);
#1099=CARTESIAN_POINT('',(171.181876571,172.500007555,37.968320583));
#1100=DIRECTION('',(0.,0.,1.));
#1101=DIRECTION('',(-1.,0.,0.));
#1102=AXIS2_PLACEMENT_3D('',#1099,#1100,#1101);
#1103=PLANE('',#1102);
#1104=CARTESIAN_POINT('',(171.181876571,-186.5,37.968320583));
#1105=VERTEX_POINT('',#1104);
#1106=CARTESIAN_POINT('',(171.181876571,-206.5,37.968320583));
#1107=DIRECTION('',(-0.,1.,-0.));
#1108=VECTOR('',#1107,20.);
#1109=LINE('',#1106,#1108);
#1110=EDGE_CURVE('',#1082,#1105,#1109,.T.);
#1111=ORIENTED_EDGE('',*,*,#1110,.F.);
#1112=ORIENTED_EDGE('',*,*,#1087,.F.);
#1113=CARTESIAN_POINT('',(168.181876571,-186.5,37.968320583));
#1114=VERTEX_POINT('',#1113);
#1115=CARTESIAN_POINT('',(168.181876571,-206.5,37.968320583));
#1116=DIRECTION('',(-0.,1.,-0.));
#1117=VECTOR('',#1116,20.);
#1118=LINE('',#1115,#1117);
#1119=EDGE_CURVE('',#1074,#1114,#1118,.T.);
#1120=ORIENTED_EDGE('',*,*,#1119,.T.);
#1121=CARTESIAN_POINT('',(171.181876571,-186.5,37.968320583));
#1122=DIRECTION('',(-1.,0.,0.));
#1123=VECTOR('',#1122,3.);
#1124=LINE('',#1121,#1123);
#1125=EDGE_CURVE('',#1105,#1114,#1124,.T.);
#1126=ORIENTED_EDGE('',*,*,#1125,.F.);
#1127=EDGE_LOOP('',(#1111,#1112,#1120,#1126));
#1128=FACE_BOUND('',#1127,.T.);
#1129=ADVANCED_FACE('',(#1128),#1103,.F.);
#1130=CARTESIAN_POINT('',(171.181876571,172.500007555,25.968320583));
#1131=DIRECTION('',(1.,0.,0.));
#1132=DIRECTION('',(0.,0.,1.));
#1133=AXIS2_PLACEMENT_3D('',#1130,#1131,#1132);
#1134=PLANE('',#1133);
#1135=ORIENTED_EDGE('',*,*,#950,.T.);
#1136=ORIENTED_EDGE('',*,*,#1093,.F.);
#1137=ORIENTED_EDGE('',*,*,#1110,.T.);
#1138=CARTESIAN_POINT('',(171.181876571,-186.5,34.730909698));
#1139=DIRECTION('',(0.,0.,1.));
#1140=VECTOR('',#1139,3.237410885);
#1141=LINE('',#1138,#1140);
#1142=EDGE_CURVE('',#945,#1105,#1141,.T.);
#1143=ORIENTED_EDGE('',*,*,#1142,.F.);
#1144=EDGE_LOOP('',(#1135,#1136,#1137,#1143));
#1145=FACE_BOUND('',#1144,.T.);
#1146=ADVANCED_FACE('',(#1145),#1134,.F.);
#1147=CARTESIAN_POINT('',(168.181876571,172.500007555,37.968320583));
#1148=DIRECTION('',(-1.,0.,0.));
#1149=DIRECTION('',(0.,0.,-1.));
#1150=AXIS2_PLACEMENT_3D('',#1147,#1148,#1149);
#1151=PLANE('',#1150);
#1152=ORIENTED_EDGE('',*,*,#1119,.F.);
#1153=ORIENTED_EDGE('',*,*,#1079,.F.);
#1154=ORIENTED_EDGE('',*,*,#933,.F.);
#1155=CARTESIAN_POINT('',(168.181876571,-186.5,37.968320583));
#1156=DIRECTION('',(-0.,-0.,-1.));
#1157=VECTOR('',#1156,3.344807035);
#1158=LINE('',#1155,#1157);
#1159=EDGE_CURVE('',#1114,#919,#1158,.T.);
#1160=ORIENTED_EDGE('',*,*,#1159,.F.);
#1161=EDGE_LOOP('',(#1152,#1153,#1154,#1160));
#1162=FACE_BOUND('',#1161,.T.);
#1163=ADVANCED_FACE('',(#1162),#1151,.F.);
#1164=CARTESIAN_POINT('',(115.,-235.,0.));
#1165=DIRECTION('',(0.,-1.,0.));
#1166=DIRECTION('',(1.,0.,0.));
#1167=AXIS2_PLACEMENT_3D('',#1164,#1165,#1166);
#1168=PLANE('',#1167);
#1169=CARTESIAN_POINT('',(180.928427125,-235.,-40.));
#1170=VERTEX_POINT('',#1169);
#1171=CARTESIAN_POINT('',(180.928427125,-235.,-40.));
#1172=DIRECTION('',(0.,0.,1.));
#1173=VECTOR('',#1172,76.414213562);
#1174=LINE('',#1171,#1173);
#1175=EDGE_CURVE('',#1170,#846,#1174,.T.);
#1176=ORIENTED_EDGE('',*,*,#1175,.T.);
#1177=ORIENTED_EDGE('',*,*,#851,.F.);
#1178=CARTESIAN_POINT('',(128.000003493,-235.,37.));
#1179=VERTEX_POINT('',#1178);
#1180=CARTESIAN_POINT('',(180.099999999,-235.,37.));
#1181=DIRECTION('',(-1.,-0.,0.));
#1182=VECTOR('',#1181,52.099996506);
#1183=LINE('',#1180,#1182);
#1184=EDGE_CURVE('',#838,#1179,#1183,.T.);
#1185=ORIENTED_EDGE('',*,*,#1184,.T.);
#1186=CARTESIAN_POINT('',(128.000003493,-235.,-3.000010599));
#1187=VERTEX_POINT('',#1186);
#1188=CARTESIAN_POINT('',(128.000003493,-235.,37.));
#1189=DIRECTION('',(-0.,-0.,-1.));
#1190=VECTOR('',#1189,40.000010599);
#1191=LINE('',#1188,#1190);
#1192=EDGE_CURVE('',#1179,#1187,#1191,.T.);
#1193=ORIENTED_EDGE('',*,*,#1192,.T.);
#1194=CARTESIAN_POINT('',(88.,-235.,-3.000010599));
#1195=VERTEX_POINT('',#1194);
#1196=CARTESIAN_POINT('',(88.,-235.,-3.000010599));
#1197=DIRECTION('',(1.,0.,-0.));
#1198=VECTOR('',#1197,40.000003493);
#1199=LINE('',#1196,#1198);
#1200=EDGE_CURVE('',#1195,#1187,#1199,.T.);
#1201=ORIENTED_EDGE('',*,*,#1200,.F.);
#1202=CARTESIAN_POINT('',(88.,-235.,-40.));
#1203=VERTEX_POINT('',#1202);
#1204=CARTESIAN_POINT('',(88.,-235.,-40.));
#1205=DIRECTION('',(0.,0.,1.));
#1206=VECTOR('',#1205,36.999989401);
#1207=LINE('',#1204,#1206);
#1208=EDGE_CURVE('',#1203,#1195,#1207,.T.);
#1209=ORIENTED_EDGE('',*,*,#1208,.F.);
#1210=CARTESIAN_POINT('',(88.,-235.,-40.));
#1211=DIRECTION('',(1.,0.,-0.));
#1212=VECTOR('',#1211,92.928427125);
#1213=LINE('',#1210,#1212);
#1214=EDGE_CURVE('',#1203,#1170,#1213,.T.);
#1215=ORIENTED_EDGE('',*,*,#1214,.T.);
#1216=EDGE_LOOP('',(#1176,#1177,#1185,#1193,#1201,#1209,#1215));
#1217=FACE_BOUND('',#1216,.T.);
#1218=ORIENTED_EDGE('',*,*,#991,.T.);
#1219=ORIENTED_EDGE('',*,*,#998,.T.);
#1220=EDGE_LOOP('',(#1218,#1219));
#1221=FACE_BOUND('',#1220,.T.);
#1222=CARTESIAN_POINT('',(157.1,-235.,-1.5));
#1223=VERTEX_POINT('',#1222);
#1224=CARTESIAN_POINT('',(167.1,-235.,-11.5));
#1225=VERTEX_POINT('',#1224);
#1226=CARTESIAN_POINT('',(167.1,-235.,-1.5));
#1227=DIRECTION('',(0.,-1.,0.));
#1228=DIRECTION('',(0.,0.,-1.));
#1229=AXIS2_PLACEMENT_3D('',#1226,#1227,#1228);
#1230=CIRCLE('',#1229,10.);
#1231=EDGE_CURVE('',#1223,#1225,#1230,.T.);
#1232=ORIENTED_EDGE('',*,*,#1231,.F.);
#1233=CARTESIAN_POINT('',(167.1,-235.,-1.5));
#1234=DIRECTION('',(0.,-1.,0.));
#1235=DIRECTION('',(0.,0.,-1.));
#1236=AXIS2_PLACEMENT_3D('',#1233,#1234,#1235);
#1237=CIRCLE('',#1236,10.);
#1238=EDGE_CURVE('',#1225,#1223,#1237,.T.);
#1239=ORIENTED_EDGE('',*,*,#1238,.F.);
#1240=EDGE_LOOP('',(#1232,#1239));
#1241=FACE_BOUND('',#1240,.T.);
#1242=CARTESIAN_POINT('',(140.599999999,-235.,10.));
#1243=VERTEX_POINT('',#1242);
#1244=CARTESIAN_POINT('',(135.,-235.,4.400000001));
#1245=VERTEX_POINT('',#1244);
#1246=CARTESIAN_POINT('',(135.,-235.,10.));
#1247=DIRECTION('',(0.,-1.,0.));
#1248=DIRECTION('',(0.,0.,-1.));
#1249=AXIS2_PLACEMENT_3D('',#1246,#1247,#1248);
#1250=CIRCLE('',#1249,5.599999999);
#1251=EDGE_CURVE('',#1243,#1245,#1250,.T.);
#1252=ORIENTED_EDGE('',*,*,#1251,.F.);
#1253=CARTESIAN_POINT('',(135.,-235.,10.));
#1254=DIRECTION('',(0.,-1.,0.));
#1255=DIRECTION('',(0.,0.,-1.));
#1256=AXIS2_PLACEMENT_3D('',#1253,#1254,#1255);
#1257=CIRCLE('',#1256,5.599999999);
#1258=EDGE_CURVE('',#1245,#1243,#1257,.T.);
#1259=ORIENTED_EDGE('',*,*,#1258,.F.);
#1260=EDGE_LOOP('',(#1252,#1259));
#1261=FACE_BOUND('',#1260,.T.);
#1262=CARTESIAN_POINT('',(110.599999999,-235.,-10.));
#1263=VERTEX_POINT('',#1262);
#1264=CARTESIAN_POINT('',(105.,-235.,-15.599999999));
#1265=VERTEX_POINT('',#1264);
#1266=CARTESIAN_POINT('',(105.,-235.,-10.));
#1267=DIRECTION('',(0.,-1.,0.));
#1268=DIRECTION('',(0.,0.,-1.));
#1269=AXIS2_PLACEMENT_3D('',#1266,#1267,#1268);
#1270=CIRCLE('',#1269,5.599999999);
#1271=EDGE_CURVE('',#1263,#1265,#1270,.T.);
#1272=ORIENTED_EDGE('',*,*,#1271,.F.);
#1273=CARTESIAN_POINT('',(105.,-235.,-10.));
#1274=DIRECTION('',(0.,-1.,0.));
#1275=DIRECTION('',(0.,0.,-1.));
#1276=AXIS2_PLACEMENT_3D('',#1273,#1274,#1275);
#1277=CIRCLE('',#1276,5.599999999);
#1278=EDGE_CURVE('',#1265,#1263,#1277,.T.);
#1279=ORIENTED_EDGE('',*,*,#1278,.F.);
#1280=EDGE_LOOP('',(#1272,#1279));
#1281=FACE_BOUND('',#1280,.T.);
#1282=CARTESIAN_POINT('',(110.599999999,-235.,-30.));
#1283=VERTEX_POINT('',#1282);
#1284=CARTESIAN_POINT('',(105.,-235.,-35.599999999));
#1285=VERTEX_POINT('',#1284);
#1286=CARTESIAN_POINT('',(105.,-235.,-30.));
#1287=DIRECTION('',(0.,-1.,0.));
#1288=DIRECTION('',(0.,0.,-1.));
#1289=AXIS2_PLACEMENT_3D('',#1286,#1287,#1288);
#1290=CIRCLE('',#1289,5.599999999);
#1291=EDGE_CURVE('',#1283,#1285,#1290,.T.);
#1292=ORIENTED_EDGE('',*,*,#1291,.F.);
#1293=CARTESIAN_POINT('',(105.,-235.,-30.));
#1294=DIRECTION('',(0.,-1.,0.));
#1295=DIRECTION('',(0.,0.,-1.));
#1296=AXIS2_PLACEMENT_3D('',#1293,#1294,#1295);
#1297=CIRCLE('',#1296,5.599999999);
#1298=EDGE_CURVE('',#1285,#1283,#1297,.T.);
#1299=ORIENTED_EDGE('',*,*,#1298,.F.);
#1300=EDGE_LOOP('',(#1292,#1299));
#1301=FACE_BOUND('',#1300,.T.);
#1302=CARTESIAN_POINT('',(140.599999999,-235.,-10.));
#1303=VERTEX_POINT('',#1302);
#1304=CARTESIAN_POINT('',(135.,-235.,-15.599999999));
#1305=VERTEX_POINT('',#1304);
#1306=CARTESIAN_POINT('',(135.,-235.,-10.));
#1307=DIRECTION('',(0.,-1.,0.));
#1308=DIRECTION('',(0.,0.,-1.));
#1309=AXIS2_PLACEMENT_3D('',#1306,#1307,#1308);
#1310=CIRCLE('',#1309,5.599999999);
#1311=EDGE_CURVE('',#1303,#1305,#1310,.T.);
#1312=ORIENTED_EDGE('',*,*,#1311,.F.);
#1313=CARTESIAN_POINT('',(135.,-235.,-10.));
#1314=DIRECTION('',(0.,-1.,0.));
#1315=DIRECTION('',(0.,0.,-1.));
#1316=AXIS2_PLACEMENT_3D('',#1313,#1314,#1315);
#1317=CIRCLE('',#1316,5.599999999);
#1318=EDGE_CURVE('',#1305,#1303,#1317,.T.);
#1319=ORIENTED_EDGE('',*,*,#1318,.F.);
#1320=EDGE_LOOP('',(#1312,#1319));
#1321=FACE_BOUND('',#1320,.T.);
#1322=CARTESIAN_POINT('',(140.599999999,-235.,30.));
#1323=VERTEX_POINT('',#1322);
#1324=CARTESIAN_POINT('',(135.,-235.,24.400000001));
#1325=VERTEX_POINT('',#1324);
#1326=CARTESIAN_POINT('',(135.,-235.,30.));
#1327=DIRECTION('',(0.,-1.,0.));
#1328=DIRECTION('',(0.,0.,-1.));
#1329=AXIS2_PLACEMENT_3D('',#1326,#1327,#1328);
#1330=CIRCLE('',#1329,5.599999999);
#1331=EDGE_CURVE('',#1323,#1325,#1330,.T.);
#1332=ORIENTED_EDGE('',*,*,#1331,.F.);
#1333=CARTESIAN_POINT('',(135.,-235.,30.));
#1334=DIRECTION('',(0.,-1.,0.));
#1335=DIRECTION('',(0.,0.,-1.));
#1336=AXIS2_PLACEMENT_3D('',#1333,#1334,#1335);
#1337=CIRCLE('',#1336,5.599999999);
#1338=EDGE_CURVE('',#1325,#1323,#1337,.T.);
#1339=ORIENTED_EDGE('',*,*,#1338,.F.);
#1340=EDGE_LOOP('',(#1332,#1339));
#1341=FACE_BOUND('',#1340,.T.);
#1342=CARTESIAN_POINT('',(140.599999999,-235.,-30.));
#1343=VERTEX_POINT('',#1342);
#1344=CARTESIAN_POINT('',(135.,-235.,-35.599999999));
#1345=VERTEX_POINT('',#1344);
#1346=CARTESIAN_POINT('',(135.,-235.,-30.));
#1347=DIRECTION('',(0.,-1.,0.));
#1348=DIRECTION('',(0.,0.,-1.));
#1349=AXIS2_PLACEMENT_3D('',#1346,#1347,#1348);
#1350=CIRCLE('',#1349,5.599999999);
#1351=EDGE_CURVE('',#1343,#1345,#1350,.T.);
#1352=ORIENTED_EDGE('',*,*,#1351,.F.);
#1353=CARTESIAN_POINT('',(135.,-235.,-30.));
#1354=DIRECTION('',(0.,-1.,0.));
#1355=DIRECTION('',(0.,0.,-1.));
#1356=AXIS2_PLACEMENT_3D('',#1353,#1354,#1355);
#1357=CIRCLE('',#1356,5.599999999);
#1358=EDGE_CURVE('',#1345,#1343,#1357,.T.);
#1359=ORIENTED_EDGE('',*,*,#1358,.F.);
#1360=EDGE_LOOP('',(#1352,#1359));
#1361=FACE_BOUND('',#1360,.T.);
#1362=ADVANCED_FACE('',(#1217,#1221,#1241,#1261,#1281,#1301,#1321,#1341,#1361),#1168,.T.);
#1363=CARTESIAN_POINT('',(150.,-180.,-40.));
#1364=DIRECTION('',(0.,-1.,0.));
#1365=DIRECTION('',(0.,0.,1.));
#1366=AXIS2_PLACEMENT_3D('',#1363,#1364,#1365);
#1367=PLANE('',#1366);
#1368=CARTESIAN_POINT('',(173.05,-180.,25.05));
#1369=VERTEX_POINT('',#1368);
#1370=CARTESIAN_POINT('',(166.35,-180.,25.05));
#1371=VERTEX_POINT('',#1370);
#1372=CARTESIAN_POINT('',(173.05,-180.,25.05));
#1373=DIRECTION('',(-1.,0.,0.));
#1374=VECTOR('',#1373,6.7);
#1375=LINE('',#1372,#1374);
#1376=EDGE_CURVE('',#1369,#1371,#1375,.T.);
#1377=ORIENTED_EDGE('',*,*,#1376,.F.);
#1378=CARTESIAN_POINT('',(173.05,-180.,38.85));
#1379=VERTEX_POINT('',#1378);
#1380=CARTESIAN_POINT('',(173.05,-180.,38.85));
#1381=DIRECTION('',(-0.,-0.,-1.));
#1382=VECTOR('',#1381,13.8);
#1383=LINE('',#1380,#1382);
#1384=EDGE_CURVE('',#1379,#1369,#1383,.T.);
#1385=ORIENTED_EDGE('',*,*,#1384,.F.);
#1386=CARTESIAN_POINT('',(166.35,-180.,38.85));
#1387=VERTEX_POINT('',#1386);
#1388=CARTESIAN_POINT('',(166.35,-180.,38.85));
#1389=DIRECTION('',(1.,0.,-0.));
#1390=VECTOR('',#1389,6.7);
#1391=LINE('',#1388,#1390);
#1392=EDGE_CURVE('',#1387,#1379,#1391,.T.);
#1393=ORIENTED_EDGE('',*,*,#1392,.F.);
#1394=CARTESIAN_POINT('',(166.35,-180.,25.05));
#1395=DIRECTION('',(0.,0.,1.));
#1396=VECTOR('',#1395,13.8);
#1397=LINE('',#1394,#1396);
#1398=EDGE_CURVE('',#1371,#1387,#1397,.T.);
#1399=ORIENTED_EDGE('',*,*,#1398,.F.);
#1400=EDGE_LOOP('',(#1377,#1385,#1393,#1399));
#1401=FACE_BOUND('',#1400,.T.);
#1402=CARTESIAN_POINT('',(153.5,-180.,24.292893219));
#1403=VERTEX_POINT('',#1402);
#1404=CARTESIAN_POINT('',(152.207106782,-180.,23.));
#1405=VERTEX_POINT('',#1404);
#1406=CARTESIAN_POINT('',(153.5,-180.,24.292893219));
#1407=DIRECTION('',(-0.707106781,0.,-0.707106781));
#1408=VECTOR('',#1407,1.828427124);
#1409=LINE('',#1406,#1408);
#1410=EDGE_CURVE('',#1403,#1405,#1409,.T.);
#1411=ORIENTED_EDGE('',*,*,#1410,.F.);
#1412=CARTESIAN_POINT('',(153.5,-180.,35.707106782));
#1413=VERTEX_POINT('',#1412);
#1414=CARTESIAN_POINT('',(153.5,-180.,35.707106782));
#1415=DIRECTION('',(0.,0.,-1.));
#1416=VECTOR('',#1415,11.414213563);
#1417=LINE('',#1414,#1416);
#1418=EDGE_CURVE('',#1413,#1403,#1417,.T.);
#1419=ORIENTED_EDGE('',*,*,#1418,.F.);
#1420=CARTESIAN_POINT('',(152.207106782,-180.,37.));
#1421=VERTEX_POINT('',#1420);
#1422=CARTESIAN_POINT('',(152.207106782,-180.,37.));
#1423=DIRECTION('',(0.707106781,0.,-0.707106781));
#1424=VECTOR('',#1423,1.828427124);
#1425=LINE('',#1422,#1424);
#1426=EDGE_CURVE('',#1421,#1413,#1425,.T.);
#1427=ORIENTED_EDGE('',*,*,#1426,.F.);
#1428=CARTESIAN_POINT('',(145.,-180.,37.));
#1429=VERTEX_POINT('',#1428);
#1430=CARTESIAN_POINT('',(145.,-180.,37.));
#1431=DIRECTION('',(1.,0.,-0.));
#1432=VECTOR('',#1431,7.207106782);
#1433=LINE('',#1430,#1432);
#1434=EDGE_CURVE('',#1429,#1421,#1433,.T.);
#1435=ORIENTED_EDGE('',*,*,#1434,.F.);
#1436=CARTESIAN_POINT('',(145.,-180.,40.));
#1437=VERTEX_POINT('',#1436);
#1438=CARTESIAN_POINT('',(145.,-180.,37.));
#1439=DIRECTION('',(0.,0.,1.));
#1440=VECTOR('',#1439,3.);
#1441=LINE('',#1438,#1440);
#1442=EDGE_CURVE('',#1429,#1437,#1441,.T.);
#1443=ORIENTED_EDGE('',*,*,#1442,.T.);
#1444=CARTESIAN_POINT('',(185.1,-180.,40.));
#1445=VERTEX_POINT('',#1444);
#1446=CARTESIAN_POINT('',(145.,-180.,40.));
#1447=DIRECTION('',(1.,-0.,-0.));
#1448=VECTOR('',#1447,40.1);
#1449=LINE('',#1446,#1448);
#1450=EDGE_CURVE('',#1437,#1445,#1449,.T.);
#1451=ORIENTED_EDGE('',*,*,#1450,.T.);
#1452=CARTESIAN_POINT('',(188.1,-180.,37.));
#1453=VERTEX_POINT('',#1452);
#1454=CARTESIAN_POINT('',(185.1,-180.,40.));
#1455=DIRECTION('',(0.707106781,0.,-0.707106781));
#1456=VECTOR('',#1455,4.242640687);
#1457=LINE('',#1454,#1456);
#1458=EDGE_CURVE('',#1445,#1453,#1457,.T.);
#1459=ORIENTED_EDGE('',*,*,#1458,.T.);
#1460=CARTESIAN_POINT('',(188.1,-180.,-37.5));
#1461=VERTEX_POINT('',#1460);
#1462=CARTESIAN_POINT('',(188.1,-180.,37.));
#1463=DIRECTION('',(-0.,-0.,-1.));
#1464=VECTOR('',#1463,74.5);
#1465=LINE('',#1462,#1464);
#1466=EDGE_CURVE('',#1453,#1461,#1465,.T.);
#1467=ORIENTED_EDGE('',*,*,#1466,.T.);
#1468=CARTESIAN_POINT('',(145.,-180.,-37.5));
#1469=VERTEX_POINT('',#1468);
#1470=CARTESIAN_POINT('',(145.,-180.,-37.5));
#1471=DIRECTION('',(1.,0.,-0.));
#1472=VECTOR('',#1471,43.1);
#1473=LINE('',#1470,#1472);
#1474=EDGE_CURVE('',#1469,#1461,#1473,.T.);
#1475=ORIENTED_EDGE('',*,*,#1474,.F.);
#1476=CARTESIAN_POINT('',(145.,-180.,23.));
#1477=VERTEX_POINT('',#1476);
#1478=CARTESIAN_POINT('',(145.,-180.,-37.5));
#1479=DIRECTION('',(0.,0.,1.));
#1480=VECTOR('',#1479,60.5);
#1481=LINE('',#1478,#1480);
#1482=EDGE_CURVE('',#1469,#1477,#1481,.T.);
#1483=ORIENTED_EDGE('',*,*,#1482,.T.);
#1484=CARTESIAN_POINT('',(152.207106782,-180.,23.));
#1485=DIRECTION('',(-1.,-0.,0.));
#1486=VECTOR('',#1485,7.207106782);
#1487=LINE('',#1484,#1486);
#1488=EDGE_CURVE('',#1405,#1477,#1487,.T.);
#1489=ORIENTED_EDGE('',*,*,#1488,.F.);
#1490=EDGE_LOOP('',(#1411,#1419,#1427,#1435,#1443,#1451,#1459,#1467,#1475,#1483,#1489));
#1491=FACE_BOUND('',#1490,.T.);
#1492=CARTESIAN_POINT('',(167.1,-180.,13.999999997));
#1493=VERTEX_POINT('',#1492);
#1494=CARTESIAN_POINT('',(182.599999997,-180.,-1.5));
#1495=VERTEX_POINT('',#1494);
#1496=CARTESIAN_POINT('',(167.1,-180.,-1.5));
#1497=DIRECTION('',(-0.,-1.,-0.));
#1498=DIRECTION('',(0.,-0.,1.));
#1499=AXIS2_PLACEMENT_3D('',#1496,#1497,#1498);
#1500=CIRCLE('',#1499,15.499999997);
#1501=EDGE_CURVE('',#1493,#1495,#1500,.T.);
#1502=ORIENTED_EDGE('',*,*,#1501,.T.);
#1503=CARTESIAN_POINT('',(167.1,-180.,-1.5));
#1504=DIRECTION('',(-0.,-1.,-0.));
#1505=DIRECTION('',(0.,-0.,1.));
#1506=AXIS2_PLACEMENT_3D('',#1503,#1504,#1505);
#1507=CIRCLE('',#1506,15.499999997);
#1508=EDGE_CURVE('',#1495,#1493,#1507,.T.);
#1509=ORIENTED_EDGE('',*,*,#1508,.T.);
#1510=EDGE_LOOP('',(#1502,#1509));
#1511=FACE_BOUND('',#1510,.T.);
#1512=ADVANCED_FACE('',(#1401,#1491,#1511),#1367,.F.);
#1513=CARTESIAN_POINT('',(160.,-210.,-10.));
#1514=DIRECTION('',(1.,0.,0.));
#1515=DIRECTION('',(-0.,1.,0.));
#1516=AXIS2_PLACEMENT_3D('',#1513,#1514,#1515);
#1517=CYLINDRICAL_SURFACE('',#1516,5.);
#1518=CARTESIAN_POINT('',(156.612323676,-205.000081313,-9.999996338));
#1519=VERTEX_POINT('',#1518);
#1520=CARTESIAN_POINT('',(156.,-205.,-10.));
#1521=VERTEX_POINT('',#1520);
#1522=CARTESIAN_POINT('',(156.612323676,-205.,-10.));
#1523=DIRECTION('',(-1.,-0.,-0.));
#1524=VECTOR('',#1523,0.612323676);
#1525=LINE('',#1522,#1524);
#1526=EDGE_CURVE('',#1519,#1521,#1525,.T.);
#1527=ORIENTED_EDGE('',*,*,#1526,.F.);
#1528=CARTESIAN_POINT('',(156.000299474,-205.047067878,-9.319117205));
#1529=VERTEX_POINT('',#1528);
#1530=CARTESIAN_POINT('',(156.612319064,-205.,-10.));
#1531=CARTESIAN_POINT('',(156.397856046,-205.,-9.779525147));
#1532=CARTESIAN_POINT('',(156.193961416,-205.014584847,-9.551837671));
#1533=CARTESIAN_POINT('',(156.000299474,-205.046586183,-9.319050986));
#1534=B_SPLINE_CURVE_WITH_KNOTS('',3,(#1530,#1531,#1532,#1533),.UNSPECIFIED.,.F.,.F.,(4,4),(12.442361195,12.544604982),.UNSPECIFIED.);
#1535=EDGE_CURVE('',#1519,#1529,#1534,.T.);
#1536=ORIENTED_EDGE('',*,*,#1535,.T.);
#1537=CARTESIAN_POINT('',(156.,-210.,-10.));
#1538=DIRECTION('',(-1.,0.,0.));
#1539=DIRECTION('',(0.,0.,1.));
#1540=AXIS2_PLACEMENT_3D('',#1537,#1538,#1539);
#1541=CIRCLE('',#1540,5.);
#1542=EDGE_CURVE('',#1529,#1521,#1541,.T.);
#1543=ORIENTED_EDGE('',*,*,#1542,.T.);
#1544=EDGE_LOOP('',(#1527,#1536,#1543));
#1545=FACE_BOUND('',#1544,.T.);
#1546=ADVANCED_FACE('',(#1545),#1517,.F.);
#1547=CARTESIAN_POINT('',(152.500000001,-180.,23.5));
#1548=DIRECTION('',(0.,0.,-1.));
#1549=DIRECTION('',(-1.,0.,0.));
#1550=AXIS2_PLACEMENT_3D('',#1547,#1548,#1549);
#1551=PLANE('',#1550);
#1552=CARTESIAN_POINT('',(145.,-200.,23.5));
#1553=VERTEX_POINT('',#1552);
#1554=CARTESIAN_POINT('',(145.,-180.5,23.5));
#1555=VERTEX_POINT('',#1554);
#1556=CARTESIAN_POINT('',(145.,-200.,23.5));
#1557=DIRECTION('',(0.,1.,0.));
#1558=VECTOR('',#1557,19.5);
#1559=LINE('',#1556,#1558);
#1560=EDGE_CURVE('',#1553,#1555,#1559,.T.);
#1561=ORIENTED_EDGE('',*,*,#1560,.F.);
#1562=CARTESIAN_POINT('',(145.,-202.,23.5));
#1563=VERTEX_POINT('',#1562);
#1564=CARTESIAN_POINT('',(145.,-202.,23.5));
#1565=DIRECTION('',(0.,1.,0.));
#1566=VECTOR('',#1565,2.);
#1567=LINE('',#1564,#1566);
#1568=EDGE_CURVE('',#1563,#1553,#1567,.T.);
#1569=ORIENTED_EDGE('',*,*,#1568,.F.);
#1570=CARTESIAN_POINT('',(152.000000001,-202.,23.5));
#1571=VERTEX_POINT('',#1570);
#1572=CARTESIAN_POINT('',(152.000000001,-202.,23.5));
#1573=DIRECTION('',(-1.,0.,0.));
#1574=VECTOR('',#1573,7.000000001);
#1575=LINE('',#1572,#1574);
#1576=EDGE_CURVE('',#1571,#1563,#1575,.T.);
#1577=ORIENTED_EDGE('',*,*,#1576,.F.);
#1578=CARTESIAN_POINT('',(152.000000001,-180.5,23.5));
#1579=VERTEX_POINT('',#1578);
#1580=CARTESIAN_POINT('',(152.000000001,-180.5,23.5));
#1581=DIRECTION('',(-0.,-1.,-0.));
#1582=VECTOR('',#1581,21.5);
#1583=LINE('',#1580,#1582);
#1584=EDGE_CURVE('',#1579,#1571,#1583,.T.);
#1585=ORIENTED_EDGE('',*,*,#1584,.F.);
#1586=CARTESIAN_POINT('',(145.,-180.5,23.5));
#1587=DIRECTION('',(1.,0.,-0.));
#1588=VECTOR('',#1587,7.000000001);
#1589=LINE('',#1586,#1588);
#1590=EDGE_CURVE('',#1555,#1579,#1589,.T.);
#1591=ORIENTED_EDGE('',*,*,#1590,.F.);
#1592=EDGE_LOOP('',(#1561,#1569,#1577,#1585,#1591));
#1593=FACE_BOUND('',#1592,.T.);
#1594=ADVANCED_FACE('',(#1593),#1551,.F.);
#1595=CARTESIAN_POINT('',(153.000000001,-180.,24.5));
#1596=DIRECTION('',(0.707106781,0.,-0.707106781));
#1597=DIRECTION('',(-0.707106781,0.,-0.707106781));
#1598=AXIS2_PLACEMENT_3D('',#1595,#1596,#1597);
#1599=PLANE('',#1598);
#1600=ORIENTED_EDGE('',*,*,#1584,.T.);
#1601=CARTESIAN_POINT('',(153.,-202.,24.5));
#1602=VERTEX_POINT('',#1601);
#1603=CARTESIAN_POINT('',(153.,-202.,24.5));
#1604=DIRECTION('',(-0.707106781,0.,-0.707106782));
#1605=VECTOR('',#1604,1.414213562);
#1606=LINE('',#1603,#1605);
#1607=EDGE_CURVE('',#1602,#1571,#1606,.T.);
#1608=ORIENTED_EDGE('',*,*,#1607,.F.);
#1609=CARTESIAN_POINT('',(153.,-180.5,24.5));
#1610=VERTEX_POINT('',#1609);
#1611=CARTESIAN_POINT('',(153.,-180.5,24.5));
#1612=DIRECTION('',(-0.,-1.,-0.));
#1613=VECTOR('',#1612,21.5);
#1614=LINE('',#1611,#1613);
#1615=EDGE_CURVE('',#1610,#1602,#1614,.T.);
#1616=ORIENTED_EDGE('',*,*,#1615,.F.);
#1617=CARTESIAN_POINT('',(152.000000001,-180.5,23.5));
#1618=DIRECTION('',(0.707106781,-0.,0.707106781));
#1619=VECTOR('',#1618,1.414213562);
#1620=LINE('',#1617,#1619);
#1621=EDGE_CURVE('',#1579,#1610,#1620,.T.);
#1622=ORIENTED_EDGE('',*,*,#1621,.F.);
#1623=EDGE_LOOP('',(#1600,#1608,#1616,#1622));
#1624=FACE_BOUND('',#1623,.T.);
#1625=ADVANCED_FACE('',(#1624),#1599,.F.);
#1626=CARTESIAN_POINT('',(153.,-180.,35.5));
#1627=DIRECTION('',(1.,0.,0.));
#1628=DIRECTION('',(0.,0.,-1.));
#1629=AXIS2_PLACEMENT_3D('',#1626,#1627,#1628);
#1630=PLANE('',#1629);
#1631=ORIENTED_EDGE('',*,*,#1615,.T.);
#1632=CARTESIAN_POINT('',(153.,-202.,35.5));
#1633=VERTEX_POINT('',#1632);
#1634=CARTESIAN_POINT('',(153.,-202.,35.5));
#1635=DIRECTION('',(0.,0.,-1.));
#1636=VECTOR('',#1635,11.);
#1637=LINE('',#1634,#1636);
#1638=EDGE_CURVE('',#1633,#1602,#1637,.T.);
#1639=ORIENTED_EDGE('',*,*,#1638,.F.);
#1640=CARTESIAN_POINT('',(153.,-180.5,35.5));
#1641=VERTEX_POINT('',#1640);
#1642=CARTESIAN_POINT('',(153.,-180.5,35.5));
#1643=DIRECTION('',(-0.,-1.,-0.));
#1644=VECTOR('',#1643,21.5);
#1645=LINE('',#1642,#1644);
#1646=EDGE_CURVE('',#1641,#1633,#1645,.T.);
#1647=ORIENTED_EDGE('',*,*,#1646,.F.);
#1648=CARTESIAN_POINT('',(153.,-180.5,24.5));
#1649=DIRECTION('',(-0.,-0.,1.));
#1650=VECTOR('',#1649,11.);
#1651=LINE('',#1648,#1650);
#1652=EDGE_CURVE('',#1610,#1641,#1651,.T.);
#1653=ORIENTED_EDGE('',*,*,#1652,.F.);
#1654=EDGE_LOOP('',(#1631,#1639,#1647,#1653));
#1655=FACE_BOUND('',#1654,.T.);
#1656=ADVANCED_FACE('',(#1655),#1630,.F.);
#1657=CARTESIAN_POINT('',(152.5,-180.,36.));
#1658=DIRECTION('',(0.707106781,0.,0.707106781));
#1659=DIRECTION('',(0.707106781,0.,-0.707106781));
#1660=AXIS2_PLACEMENT_3D('',#1657,#1658,#1659);
#1661=PLANE('',#1660);
#1662=ORIENTED_EDGE('',*,*,#1646,.T.);
#1663=CARTESIAN_POINT('',(152.,-202.,36.5));
#1664=VERTEX_POINT('',#1663);
#1665=CARTESIAN_POINT('',(152.,-202.,36.5));
#1666=DIRECTION('',(0.707106781,0.,-0.707106781));
#1667=VECTOR('',#1666,1.414213562);
#1668=LINE('',#1665,#1667);
#1669=EDGE_CURVE('',#1664,#1633,#1668,.T.);
#1670=ORIENTED_EDGE('',*,*,#1669,.F.);
#1671=CARTESIAN_POINT('',(152.,-180.5,36.5));
#1672=VERTEX_POINT('',#1671);
#1673=CARTESIAN_POINT('',(152.,-180.5,36.5));
#1674=DIRECTION('',(-0.,-1.,-0.));
#1675=VECTOR('',#1674,21.5);
#1676=LINE('',#1673,#1675);
#1677=EDGE_CURVE('',#1672,#1664,#1676,.T.);
#1678=ORIENTED_EDGE('',*,*,#1677,.F.);
#1679=CARTESIAN_POINT('',(153.,-180.5,35.5));
#1680=DIRECTION('',(-0.707106781,-0.,0.707106781));
#1681=VECTOR('',#1680,1.414213562);
#1682=LINE('',#1679,#1681);
#1683=EDGE_CURVE('',#1641,#1672,#1682,.T.);
#1684=ORIENTED_EDGE('',*,*,#1683,.F.);
#1685=EDGE_LOOP('',(#1662,#1670,#1678,#1684));
#1686=FACE_BOUND('',#1685,.T.);
#1687=ADVANCED_FACE('',(#1686),#1661,.F.);
#1688=CARTESIAN_POINT('',(151.825401994,-180.,36.5));
#1689=DIRECTION('',(0.,0.,1.));
#1690=DIRECTION('',(1.,0.,0.));
#1691=AXIS2_PLACEMENT_3D('',#1688,#1689,#1690);
#1692=PLANE('',#1691);
#1693=ORIENTED_EDGE('',*,*,#1677,.T.);
#1694=CARTESIAN_POINT('',(145.,-202.,36.5));
#1695=VERTEX_POINT('',#1694);
#1696=CARTESIAN_POINT('',(145.,-202.,36.5));
#1697=DIRECTION('',(1.,-0.,-0.));
#1698=VECTOR('',#1697,7.);
#1699=LINE('',#1696,#1698);
#1700=EDGE_CURVE('',#1695,#1664,#1699,.T.);
#1701=ORIENTED_EDGE('',*,*,#1700,.F.);
#1702=CARTESIAN_POINT('',(145.,-200.,36.5));
#1703=VERTEX_POINT('',#1702);
#1704=CARTESIAN_POINT('',(145.,-202.,36.5));
#1705=DIRECTION('',(0.,1.,0.));
#1706=VECTOR('',#1705,2.);
#1707=LINE('',#1704,#1706);
#1708=EDGE_CURVE('',#1695,#1703,#1707,.T.);
#1709=ORIENTED_EDGE('',*,*,#1708,.T.);
#1710=CARTESIAN_POINT('',(145.,-180.5,36.5));
#1711=VERTEX_POINT('',#1710);
#1712=CARTESIAN_POINT('',(145.,-200.,36.5));
#1713=DIRECTION('',(0.,1.,0.));
#1714=VECTOR('',#1713,19.5);
#1715=LINE('',#1712,#1714);
#1716=EDGE_CURVE('',#1703,#1711,#1715,.T.);
#1717=ORIENTED_EDGE('',*,*,#1716,.T.);
#1718=CARTESIAN_POINT('',(152.,-180.5,36.5));
#1719=DIRECTION('',(-1.,-0.,0.));
#1720=VECTOR('',#1719,7.);
#1721=LINE('',#1718,#1720);
#1722=EDGE_CURVE('',#1672,#1711,#1721,.T.);
#1723=ORIENTED_EDGE('',*,*,#1722,.F.);
#1724=EDGE_LOOP('',(#1693,#1701,#1709,#1717,#1723));
#1725=FACE_BOUND('',#1724,.T.);
#1726=ADVANCED_FACE('',(#1725),#1692,.F.);
#1727=CARTESIAN_POINT('',(145.,-210.,0.));
#1728=DIRECTION('',(1.,0.,0.));
#1729=DIRECTION('',(0.,1.,0.));
#1730=AXIS2_PLACEMENT_3D('',#1727,#1728,#1729);
#1731=PLANE('',#1730);
#1732=ORIENTED_EDGE('',*,*,#1716,.F.);
#1733=CARTESIAN_POINT('',(145.,-200.,40.));
#1734=VERTEX_POINT('',#1733);
#1735=CARTESIAN_POINT('',(145.,-200.,36.5));
#1736=DIRECTION('',(0.,0.,1.));
#1737=VECTOR('',#1736,3.5);
#1738=LINE('',#1735,#1737);
#1739=EDGE_CURVE('',#1703,#1734,#1738,.T.);
#1740=ORIENTED_EDGE('',*,*,#1739,.T.);
#1741=CARTESIAN_POINT('',(145.,-180.,40.));
#1742=DIRECTION('',(-0.,-1.,-0.));
#1743=VECTOR('',#1742,20.);
#1744=LINE('',#1741,#1743);
#1745=EDGE_CURVE('',#1437,#1734,#1744,.T.);
#1746=ORIENTED_EDGE('',*,*,#1745,.F.);
#1747=ORIENTED_EDGE('',*,*,#1442,.F.);
#1748=CARTESIAN_POINT('',(145.,-180.5,36.5));
#1749=DIRECTION('',(0.,0.707106781,0.707106781));
#1750=VECTOR('',#1749,0.707106781);
#1751=LINE('',#1748,#1750);
#1752=EDGE_CURVE('',#1711,#1429,#1751,.T.);
#1753=ORIENTED_EDGE('',*,*,#1752,.F.);
#1754=EDGE_LOOP('',(#1732,#1740,#1746,#1747,#1753));
#1755=FACE_BOUND('',#1754,.T.);
#1756=ADVANCED_FACE('',(#1755),#1731,.F.);
#1757=CARTESIAN_POINT('',(149.,-202.,30.));
#1758=DIRECTION('',(0.,-1.,0.));
#1759=DIRECTION('',(-1.,0.,0.));
#1760=AXIS2_PLACEMENT_3D('',#1757,#1758,#1759);
#1761=PLANE('',#1760);
#1762=ORIENTED_EDGE('',*,*,#1700,.T.);
#1763=ORIENTED_EDGE('',*,*,#1669,.T.);
#1764=ORIENTED_EDGE('',*,*,#1638,.T.);
#1765=ORIENTED_EDGE('',*,*,#1607,.T.);
#1766=ORIENTED_EDGE('',*,*,#1576,.T.);
#1767=CARTESIAN_POINT('',(145.,-202.,23.5));
#1768=DIRECTION('',(-0.,-0.,1.));
#1769=VECTOR('',#1768,13.);
#1770=LINE('',#1767,#1769);
#1771=EDGE_CURVE('',#1563,#1695,#1770,.T.);
#1772=ORIENTED_EDGE('',*,*,#1771,.T.);
#1773=EDGE_LOOP('',(#1762,#1763,#1764,#1765,#1766,#1772));
#1774=FACE_BOUND('',#1773,.T.);
#1775=ADVANCED_FACE('',(#1774),#1761,.F.);
#1776=CARTESIAN_POINT('',(145.,-180.,24.5));
#1777=DIRECTION('',(-1.,0.,0.));
#1778=DIRECTION('',(0.,0.,1.));
#1779=AXIS2_PLACEMENT_3D('',#1776,#1777,#1778);
#1780=PLANE('',#1779);
#1781=CARTESIAN_POINT('',(145.,-200.,23.5));
#1782=DIRECTION('',(0.,0.,1.));
#1783=VECTOR('',#1782,13.);
#1784=LINE('',#1781,#1783);
#1785=EDGE_CURVE('',#1553,#1703,#1784,.T.);
#1786=ORIENTED_EDGE('',*,*,#1785,.T.);
#1787=ORIENTED_EDGE('',*,*,#1708,.F.);
#1788=ORIENTED_EDGE('',*,*,#1771,.F.);
#1789=ORIENTED_EDGE('',*,*,#1568,.T.);
#1790=EDGE_LOOP('',(#1786,#1787,#1788,#1789));
#1791=FACE_BOUND('',#1790,.T.);
#1792=ADVANCED_FACE('',(#1791),#1780,.F.);
#1793=CARTESIAN_POINT('',(145.,-210.,0.));
#1794=DIRECTION('',(1.,0.,0.));
#1795=DIRECTION('',(0.,1.,0.));
#1796=AXIS2_PLACEMENT_3D('',#1793,#1794,#1795);
#1797=PLANE('',#1796);
#1798=ORIENTED_EDGE('',*,*,#105,.T.);
#1799=ORIENTED_EDGE('',*,*,#112,.T.);
#1800=EDGE_LOOP('',(#1798,#1799));
#1801=FACE_BOUND('',#1800,.T.);
#1802=ORIENTED_EDGE('',*,*,#1482,.F.);
#1803=CARTESIAN_POINT('',(145.,-182.5,-40.));
#1804=VERTEX_POINT('',#1803);
#1805=CARTESIAN_POINT('',(145.,-182.5,-37.5));
#1806=DIRECTION('',(1.,0.,0.));
#1807=DIRECTION('',(0.,0.,-1.));
#1808=AXIS2_PLACEMENT_3D('',#1805,#1806,#1807);
#1809=CIRCLE('',#1808,2.5);
#1810=EDGE_CURVE('',#1804,#1469,#1809,.T.);
#1811=ORIENTED_EDGE('',*,*,#1810,.F.);
#1812=CARTESIAN_POINT('',(145.,-220.,-40.));
#1813=VERTEX_POINT('',#1812);
#1814=CARTESIAN_POINT('',(145.,-182.5,-40.));
#1815=DIRECTION('',(-0.,-1.,-0.));
#1816=VECTOR('',#1815,37.5);
#1817=LINE('',#1814,#1816);
#1818=EDGE_CURVE('',#1804,#1813,#1817,.T.);
#1819=ORIENTED_EDGE('',*,*,#1818,.T.);
#1820=CARTESIAN_POINT('',(145.,-220.,0.));
#1821=VERTEX_POINT('',#1820);
#1822=CARTESIAN_POINT('',(145.,-220.,-40.));
#1823=DIRECTION('',(0.,0.,1.));
#1824=VECTOR('',#1823,40.);
#1825=LINE('',#1822,#1824);
#1826=EDGE_CURVE('',#1813,#1821,#1825,.T.);
#1827=ORIENTED_EDGE('',*,*,#1826,.T.);
#1828=CARTESIAN_POINT('',(145.,-200.,0.));
#1829=VERTEX_POINT('',#1828);
#1830=CARTESIAN_POINT('',(145.,-220.,0.));
#1831=DIRECTION('',(0.,1.,0.));
#1832=VECTOR('',#1831,20.);
#1833=LINE('',#1830,#1832);
#1834=EDGE_CURVE('',#1821,#1829,#1833,.T.);
#1835=ORIENTED_EDGE('',*,*,#1834,.T.);
#1836=CARTESIAN_POINT('',(145.,-200.,0.));
#1837=DIRECTION('',(0.,0.,1.));
#1838=VECTOR('',#1837,23.5);
#1839=LINE('',#1836,#1838);
#1840=EDGE_CURVE('',#1829,#1553,#1839,.T.);
#1841=ORIENTED_EDGE('',*,*,#1840,.T.);
#1842=ORIENTED_EDGE('',*,*,#1560,.T.);
#1843=CARTESIAN_POINT('',(145.,-180.,23.));
#1844=DIRECTION('',(0.,-0.707106781,0.707106781));
#1845=VECTOR('',#1844,0.707106781);
#1846=LINE('',#1843,#1845);
#1847=EDGE_CURVE('',#1477,#1555,#1846,.T.);
#1848=ORIENTED_EDGE('',*,*,#1847,.F.);
#1849=EDGE_LOOP('',(#1802,#1811,#1819,#1827,#1835,#1841,#1842,#1848));
#1850=FACE_BOUND('',#1849,.T.);
#1851=CARTESIAN_POINT('',(145.,-190.,-27.35));
#1852=VERTEX_POINT('',#1851);
#1853=CARTESIAN_POINT('',(145.,-187.35,-30.));
#1854=VERTEX_POINT('',#1853);
#1855=CARTESIAN_POINT('',(145.,-190.,-30.));
#1856=DIRECTION('',(1.,-0.,-0.));
#1857=DIRECTION('',(0.,0.,1.));
#1858=AXIS2_PLACEMENT_3D('',#1855,#1856,#1857);
#1859=CIRCLE('',#1858,2.65);
#1860=EDGE_CURVE('',#1852,#1854,#1859,.T.);
#1861=ORIENTED_EDGE('',*,*,#1860,.T.);
#1862=CARTESIAN_POINT('',(145.,-190.,-30.));
#1863=DIRECTION('',(1.,-0.,-0.));
#1864=DIRECTION('',(0.,0.,1.));
#1865=AXIS2_PLACEMENT_3D('',#1862,#1863,#1864);
#1866=CIRCLE('',#1865,2.65);
#1867=EDGE_CURVE('',#1854,#1852,#1866,.T.);
#1868=ORIENTED_EDGE('',*,*,#1867,.T.);
#1869=EDGE_LOOP('',(#1861,#1868));
#1870=FACE_BOUND('',#1869,.T.);
#1871=CARTESIAN_POINT('',(145.,-210.,-27.35));
#1872=VERTEX_POINT('',#1871);
#1873=CARTESIAN_POINT('',(145.,-207.35,-30.));
#1874=VERTEX_POINT('',#1873);
#1875=CARTESIAN_POINT('',(145.,-210.,-30.));
#1876=DIRECTION('',(1.,-0.,-0.));
#1877=DIRECTION('',(0.,0.,1.));
#1878=AXIS2_PLACEMENT_3D('',#1875,#1876,#1877);
#1879=CIRCLE('',#1878,2.65);
#1880=EDGE_CURVE('',#1872,#1874,#1879,.T.);
#1881=ORIENTED_EDGE('',*,*,#1880,.T.);
#1882=CARTESIAN_POINT('',(145.,-210.,-30.));
#1883=DIRECTION('',(1.,-0.,-0.));
#1884=DIRECTION('',(0.,0.,1.));
#1885=AXIS2_PLACEMENT_3D('',#1882,#1883,#1884);
#1886=CIRCLE('',#1885,2.65);
#1887=EDGE_CURVE('',#1874,#1872,#1886,.T.);
#1888=ORIENTED_EDGE('',*,*,#1887,.T.);
#1889=EDGE_LOOP('',(#1881,#1888));
#1890=FACE_BOUND('',#1889,.T.);
#1891=CARTESIAN_POINT('',(145.,-210.,-7.35));
#1892=VERTEX_POINT('',#1891);
#1893=CARTESIAN_POINT('',(145.,-207.35,-10.));
#1894=VERTEX_POINT('',#1893);
#1895=CARTESIAN_POINT('',(145.,-210.,-10.));
#1896=DIRECTION('',(1.,-0.,-0.));
#1897=DIRECTION('',(0.,0.,1.));
#1898=AXIS2_PLACEMENT_3D('',#1895,#1896,#1897);
#1899=CIRCLE('',#1898,2.65);
#1900=EDGE_CURVE('',#1892,#1894,#1899,.T.);
#1901=ORIENTED_EDGE('',*,*,#1900,.T.);
#1902=CARTESIAN_POINT('',(145.,-210.,-10.));
#1903=DIRECTION('',(1.,-0.,-0.));
#1904=DIRECTION('',(0.,0.,1.));
#1905=AXIS2_PLACEMENT_3D('',#1902,#1903,#1904);
#1906=CIRCLE('',#1905,2.65);
#1907=EDGE_CURVE('',#1894,#1892,#1906,.T.);
#1908=ORIENTED_EDGE('',*,*,#1907,.T.);
#1909=EDGE_LOOP('',(#1901,#1908));
#1910=FACE_BOUND('',#1909,.T.);
#1911=ADVANCED_FACE('',(#1801,#1850,#1870,#1890,#1910),#1797,.F.);
#1912=CARTESIAN_POINT('',(155.,-180.,-7.486651819));
#1913=DIRECTION('',(0.,-1.,0.));
#1914=DIRECTION('',(0.973728991,0.,0.227710017));
#1915=AXIS2_PLACEMENT_3D('',#1912,#1913,#1914);
#1916=CYLINDRICAL_SURFACE('',#1915,1.);
#1917=CARTESIAN_POINT('',(155.973393861,-215.290297382,-7.259075321));
#1918=VERTEX_POINT('',#1917);
#1919=CARTESIAN_POINT('',(155.9733974,-204.709703476,-7.259073944));
#1920=VERTEX_POINT('',#1919);
#1921=CARTESIAN_POINT('',(155.973728991,-215.290297382,-7.258941802));
#1922=DIRECTION('',(-0.,1.,-0.));
#1923=VECTOR('',#1922,10.580593906);
#1924=LINE('',#1921,#1923);
#1925=EDGE_CURVE('',#1918,#1920,#1924,.T.);
#1926=ORIENTED_EDGE('',*,*,#1925,.T.);
#1927=CARTESIAN_POINT('',(155.896296297,-204.551781863,-7.043196131));
#1928=VERTEX_POINT('',#1927);
#1929=CARTESIAN_POINT('',(155.896296296,-204.551781858,-7.043196129));
#1930=CARTESIAN_POINT('',(155.930253859,-204.604464184,-7.111829902));
#1931=CARTESIAN_POINT('',(155.956291928,-204.657146511,-7.184378005));
#1932=CARTESIAN_POINT('',(155.973728842,-204.709828837,-7.258941166));
#1933=B_SPLINE_CURVE_WITH_KNOTS('',3,(#1929,#1930,#1931,#1932),.UNSPECIFIED.,.F.,.F.,(4,4),(0.,1.),.UNSPECIFIED.);
#1934=EDGE_CURVE('',#1928,#1920,#1933,.T.);
#1935=ORIENTED_EDGE('',*,*,#1934,.F.);
#1936=CARTESIAN_POINT('',(155.896296296,-215.448218142,-7.043196129));
#1937=VERTEX_POINT('',#1936);
#1938=CARTESIAN_POINT('',(155.896296296,-215.448218142,-7.043196129));
#1939=DIRECTION('',(-0.,1.,-0.));
#1940=VECTOR('',#1939,10.896436284);
#1941=LINE('',#1938,#1940);
#1942=EDGE_CURVE('',#1937,#1928,#1941,.T.);
#1943=ORIENTED_EDGE('',*,*,#1942,.F.);
#1944=CARTESIAN_POINT('',(155.973728843,-215.290170772,-7.258941167));
#1945=CARTESIAN_POINT('',(155.956291929,-215.342853229,-7.184378006));
#1946=CARTESIAN_POINT('',(155.930253859,-215.395535685,-7.111829903));
#1947=CARTESIAN_POINT('',(155.896296296,-215.448218142,-7.043196129));
#1948=B_SPLINE_CURVE_WITH_KNOTS('',3,(#1944,#1945,#1946,#1947),.UNSPECIFIED.,.F.,.F.,(4,4),(0.,1.),.UNSPECIFIED.);
#1949=EDGE_CURVE('',#1918,#1937,#1948,.T.);
#1950=ORIENTED_EDGE('',*,*,#1949,.F.);
#1951=EDGE_LOOP('',(#1926,#1935,#1943,#1950));
#1952=FACE_BOUND('',#1951,.T.);
#1953=ADVANCED_FACE('',(#1952),#1916,.T.);
#1954=CARTESIAN_POINT('',(156.,-207.5,0.));
#1955=DIRECTION('',(-1.,0.,0.));
#1956=DIRECTION('',(0.,1.,0.));
#1957=AXIS2_PLACEMENT_3D('',#1954,#1955,#1956);
#1958=PLANE('',#1957);
#1959=CARTESIAN_POINT('',(156.,-210.839988643,-7.486651819));
#1960=VERTEX_POINT('',#1959);
#1961=CARTESIAN_POINT('',(155.999598863,-215.137249032,-7.48681226));
#1962=VERTEX_POINT('',#1961);
#1963=CARTESIAN_POINT('',(156.,-210.839988643,-7.486651819));
#1964=DIRECTION('',(0.,-1.,-0.000015227));
#1965=VECTOR('',#1964,4.297109173);
#1966=LINE('',#1963,#1965);
#1967=EDGE_CURVE('',#1960,#1962,#1966,.T.);
#1968=ORIENTED_EDGE('',*,*,#1967,.T.);
#1969=CARTESIAN_POINT('',(156.000115708,-214.953014261,-9.319263097));
#1970=VERTEX_POINT('',#1969);
#1971=CARTESIAN_POINT('',(156.,-215.137097815,-7.486717251));
#1972=CARTESIAN_POINT('',(156.,-215.089833542,-7.559992749));
#1973=CARTESIAN_POINT('',(156.,-215.0529762,-7.64565437));
#1974=CARTESIAN_POINT('',(156.,-214.927781204,-8.038956721));
#1975=CARTESIAN_POINT('',(156.,-214.903089673,-8.442533191));
#1976=CARTESIAN_POINT('',(156.,-214.91548452,-8.960774099));
#1977=CARTESIAN_POINT('',(156.,-214.92923194,-9.142879142));
#1978=CARTESIAN_POINT('',(156.,-214.953442292,-9.319258096));
#1979=B_SPLINE_CURVE_WITH_KNOTS('',3,(#1971,#1972,#1973,#1974,#1975,#1976,#1977,#1978),.UNSPECIFIED.,.F.,.F.,(4,2,2,4),(0.000000109,0.031173816,0.133562191,0.187063107),.UNSPECIFIED.);
#1980=EDGE_CURVE('',#1962,#1970,#1979,.T.);
#1981=ORIENTED_EDGE('',*,*,#1980,.T.);
#1982=CARTESIAN_POINT('',(156.,-210.,-10.));
#1983=DIRECTION('',(-1.,0.,0.));
#1984=DIRECTION('',(0.,0.,1.));
#1985=AXIS2_PLACEMENT_3D('',#1982,#1983,#1984);
#1986=CIRCLE('',#1985,5.);
#1987=EDGE_CURVE('',#1521,#1970,#1986,.T.);
#1988=ORIENTED_EDGE('',*,*,#1987,.F.);
#1989=ORIENTED_EDGE('',*,*,#1542,.F.);
#1990=CARTESIAN_POINT('',(155.999611967,-204.862758845,-7.486806865));
#1991=VERTEX_POINT('',#1990);
#1992=CARTESIAN_POINT('',(156.,-205.046564814,-9.319206383));
#1993=CARTESIAN_POINT('',(156.,-205.115036207,-8.820366627));
#1994=CARTESIAN_POINT('',(156.,-205.105496703,-8.237698793));
#1995=CARTESIAN_POINT('',(156.,-204.977000773,-7.727867308));
#1996=CARTESIAN_POINT('',(156.,-204.937577288,-7.612742305));
#1997=CARTESIAN_POINT('',(156.,-204.874546907,-7.505044268));
#1998=CARTESIAN_POINT('',(156.,-204.868874851,-7.495783779));
#1999=CARTESIAN_POINT('',(156.,-204.862905178,-7.486714769));
#2000=B_SPLINE_CURVE_WITH_KNOTS('',3,(#1992,#1993,#1994,#1995,#1996,#1997,#1998,#1999),.UNSPECIFIED.,.F.,.F.,(4,2,2,4),(0.049777776,0.173868237,0.208031538,0.211284693),.UNSPECIFIED.);
#2001=EDGE_CURVE('',#1529,#1991,#2000,.T.);
#2002=ORIENTED_EDGE('',*,*,#2001,.T.);
#2003=CARTESIAN_POINT('',(156.,-209.160006641,-7.486653395));
#2004=VERTEX_POINT('',#2003);
#2005=CARTESIAN_POINT('',(156.,-204.862905178,-7.486714769));
#2006=DIRECTION('',(0.,-1.,0.000014651));
#2007=VECTOR('',#2006,4.297101464);
#2008=LINE('',#2005,#2007);
#2009=EDGE_CURVE('',#1991,#2004,#2008,.T.);
#2010=ORIENTED_EDGE('',*,*,#2009,.T.);
#2011=CARTESIAN_POINT('',(156.,-207.35,-10.));
#2012=VERTEX_POINT('',#2011);
#2013=CARTESIAN_POINT('',(156.,-210.,-10.));
#2014=DIRECTION('',(-1.,0.,0.));
#2015=DIRECTION('',(0.,0.,1.));
#2016=AXIS2_PLACEMENT_3D('',#2013,#2014,#2015);
#2017=CIRCLE('',#2016,2.65);
#2018=EDGE_CURVE('',#2004,#2012,#2017,.T.);
#2019=ORIENTED_EDGE('',*,*,#2018,.T.);
#2020=CARTESIAN_POINT('',(156.,-210.,-10.));
#2021=DIRECTION('',(-1.,0.,0.));
#2022=DIRECTION('',(0.,0.,1.));
#2023=AXIS2_PLACEMENT_3D('',#2020,#2021,#2022);
#2024=CIRCLE('',#2023,2.65);
#2025=EDGE_CURVE('',#2012,#1960,#2024,.T.);
#2026=ORIENTED_EDGE('',*,*,#2025,.T.);
#2027=EDGE_LOOP('',(#1968,#1981,#1988,#1989,#2002,#2010,#2019,#2026));
#2028=FACE_BOUND('',#2027,.T.);
#2029=ADVANCED_FACE('',(#2028),#1958,.F.);
#2030=CARTESIAN_POINT('',(145.,-210.,-10.));
#2031=DIRECTION('',(-1.,0.,0.));
#2032=DIRECTION('',(0.,1.,0.));
#2033=AXIS2_PLACEMENT_3D('',#2030,#2031,#2032);
#2034=CYLINDRICAL_SURFACE('',#2033,2.65);
#2035=CARTESIAN_POINT('',(145.,-207.35,-10.));
#2036=DIRECTION('',(1.,-0.,-0.));
#2037=VECTOR('',#2036,11.);
#2038=LINE('',#2035,#2037);
#2039=EDGE_CURVE('',#1894,#2012,#2038,.T.);
#2040=ORIENTED_EDGE('',*,*,#2039,.F.);
#2041=ORIENTED_EDGE('',*,*,#1900,.F.);
#2042=ORIENTED_EDGE('',*,*,#1907,.F.);
#2043=ORIENTED_EDGE('',*,*,#2039,.T.);
#2044=ORIENTED_EDGE('',*,*,#2018,.F.);
#2045=CARTESIAN_POINT('',(156.,-209.160001905,-7.486654978));
#2046=CARTESIAN_POINT('',(156.000000144,-209.296315442,-7.441096923));
#2047=CARTESIAN_POINT('',(155.997100161,-209.434413759,-7.407185653));
#2048=CARTESIAN_POINT('',(155.994760927,-209.574256189,-7.38442316));
#2049=CARTESIAN_POINT('',(155.992421692,-209.71409862,-7.361660667));
#2050=CARTESIAN_POINT('',(155.990625925,-209.855685329,-7.350049188));
#2051=CARTESIAN_POINT('',(155.990619161,-209.999093766,-7.350000155));
#2052=CARTESIAN_POINT('',(155.990612398,-210.142502203,-7.349951122));
#2053=CARTESIAN_POINT('',(155.992409439,-210.285114952,-7.361558954));
#2054=CARTESIAN_POINT('',(155.994752944,-210.425266514,-7.384345514));
#2055=CARTESIAN_POINT('',(155.997096449,-210.565418075,-7.407132073));
#2056=CARTESIAN_POINT('',(156.,-210.703669399,-7.441092426));
#2057=CARTESIAN_POINT('',(156.,-210.839988643,-7.486651819));
#2058=B_SPLINE_CURVE_WITH_KNOTS('',3,(#2045,#2046,#2047,#2048,#2049,#2050,#2051,#2052,#2053,#2054,#2055,#2056,#2057),.UNSPECIFIED.,.F.,.F.,(4,3,3,3,4),(0.,0.000425089,0.000850179,0.001275268,0.001700358),.UNSPECIFIED.);
#2059=EDGE_CURVE('',#2004,#1960,#2058,.T.);
#2060=ORIENTED_EDGE('',*,*,#2059,.T.);
#2061=ORIENTED_EDGE('',*,*,#2025,.F.);
#2062=EDGE_LOOP('',(#2040,#2041,#2042,#2043,#2044,#2060,#2061));
#2063=FACE_BOUND('',#2062,.T.);
#2064=ADVANCED_FACE('',(#2063),#2034,.F.);
#2065=CARTESIAN_POINT('',(155.,-214.540181785,-7.905543182));
#2066=CARTESIAN_POINT('',(155.369216716,-214.827061372,-8.527415864));
#2067=CARTESIAN_POINT('',(156.31385582,-215.103930185,-9.811539279));
#2068=CARTESIAN_POINT('',(158.808294807,-214.778020468,-12.008013623));
#2069=CARTESIAN_POINT('',(161.812127912,-213.740292203,-13.434153542));
#2070=CARTESIAN_POINT('',(165.166260874,-212.839955439,-14.125256569));
#2071=CARTESIAN_POINT('',(167.908817976,-212.676399479,-14.223010651));
#2072=CARTESIAN_POINT('',(170.530112739,-213.208625502,-13.868515018));
#2073=CARTESIAN_POINT('',(173.199000748,-214.035634852,-13.055066794));
#2074=CARTESIAN_POINT('',(175.878496203,-214.861065973,-11.63185374));
#2075=CARTESIAN_POINT('',(178.358224105,-215.176502636,-9.383443952));
#2076=CARTESIAN_POINT('',(179.932075221,-214.154924323,-6.712747933));
#2077=CARTESIAN_POINT('',(180.383504198,-211.573145862,-4.922585535));
#2078=CARTESIAN_POINT('',(180.391394322,-208.427709439,-4.928030245));
#2079=CARTESIAN_POINT('',(179.965204541,-206.066314811,-6.556113131));
#2080=CARTESIAN_POINT('',(178.783212191,-205.036814238,-8.704906689));
#2081=CARTESIAN_POINT('',(177.149254859,-204.936369522,-10.541650615));
#2082=CARTESIAN_POINT('',(175.156826497,-205.359234782,-12.031432147));
#2083=CARTESIAN_POINT('',(172.932624485,-206.048571596,-13.135924697));
#2084=CARTESIAN_POINT('',(170.532330179,-206.790310209,-13.86753951));
#2085=CARTESIAN_POINT('',(167.90455862,-207.328967403,-14.223753503));
#2086=CARTESIAN_POINT('',(165.168706238,-207.159577107,-14.124960543));
#2087=CARTESIAN_POINT('',(162.647817568,-206.484202406,-13.606430881));
#2088=CARTESIAN_POINT('',(160.317509027,-205.742971769,-12.721962687));
#2089=CARTESIAN_POINT('',(158.182033573,-205.137959793,-11.458104066));
#2090=CARTESIAN_POINT('',(156.315534033,-204.896735325,-9.811699305));
#2091=CARTESIAN_POINT('',(155.369227109,-205.172930553,-8.527433368));
#2092=CARTESIAN_POINT('',(155.,-205.459818215,-7.905543182));
#2093=CARTESIAN_POINT('',(155.152692578,-214.511446123,-7.843252508));
#2094=CARTESIAN_POINT('',(155.513472534,-214.802171743,-8.45098383));
#2095=CARTESIAN_POINT('',(156.434672724,-215.098824478,-9.712515875));
#2096=CARTESIAN_POINT('',(158.882390401,-214.819470136,-11.914791126));
#2097=CARTESIAN_POINT('',(161.853617335,-213.794446547,-13.379682337));
#2098=CARTESIAN_POINT('',(165.18058929,-212.887451554,-14.092766296));
#2099=CARTESIAN_POINT('',(167.90289795,-212.72204387,-14.194126097));
#2100=CARTESIAN_POINT('',(170.50418519,-213.259646497,-13.827421443));
#2101=CARTESIAN_POINT('',(173.148796096,-214.086792876,-12.989851665));
#2102=CARTESIAN_POINT('',(175.796823633,-214.896373811,-11.536196958));
#2103=CARTESIAN_POINT('',(178.227049032,-215.158578173,-9.282337265));
#2104=CARTESIAN_POINT('',(179.760316808,-214.115239379,-6.682033657));
#2105=CARTESIAN_POINT('',(180.216453878,-211.566836943,-4.924599295));
#2106=CARTESIAN_POINT('',(180.223817873,-208.434588042,-4.930212222));
#2107=CARTESIAN_POINT('',(179.794328217,-206.101684573,-6.529882977));
#2108=CARTESIAN_POINT('',(178.64035726,-205.063175391,-8.620767096));
#2109=CARTESIAN_POINT('',(177.043927276,-204.925377276,-10.440956329));
#2110=CARTESIAN_POINT('',(175.083369067,-205.320040136,-11.944555667));
#2111=CARTESIAN_POINT('',(172.885002372,-205.997070819,-13.073264199));
#2112=CARTESIAN_POINT('',(170.506262783,-206.739468832,-13.82661426));
#2113=CARTESIAN_POINT('',(167.898660573,-207.283379279,-14.194971833));
#2114=CARTESIAN_POINT('',(165.182978836,-207.112005753,-14.092687795));
#2115=CARTESIAN_POINT('',(162.682494647,-206.431846849,-13.557212251));
#2116=CARTESIAN_POINT('',(160.375236753,-205.694674478,-12.648894989));
#2117=CARTESIAN_POINT('',(158.267841046,-205.108392177,-11.363107034));
#2118=CARTESIAN_POINT('',(156.436348418,-204.901749226,-9.712872745));
#2119=CARTESIAN_POINT('',(155.513482689,-205.197820074,-8.451000936));
#2120=CARTESIAN_POINT('',(155.152692578,-205.488553877,-7.843252508));
#2121=CARTESIAN_POINT('',(155.457245586,-214.532306568,-7.682947207));
#2122=CARTESIAN_POINT('',(155.801216416,-214.832685673,-8.274587418));
#2123=CARTESIAN_POINT('',(156.675776837,-215.162084494,-9.514881022));
#2124=CARTESIAN_POINT('',(159.030349719,-214.941862086,-11.750997251));
#2125=CARTESIAN_POINT('',(161.936542941,-213.916755411,-13.28615235));
#2126=CARTESIAN_POINT('',(165.209215712,-212.98795056,-14.036300033));
#2127=CARTESIAN_POINT('',(167.891062493,-212.817731514,-14.143576141));
#2128=CARTESIAN_POINT('',(170.452343437,-213.370163874,-13.756629557));
#2129=CARTESIAN_POINT('',(173.048452961,-214.209819265,-12.877073003));
#2130=CARTESIAN_POINT('',(175.633642355,-215.012113343,-11.364725221));
#2131=CARTESIAN_POINT('',(177.965203189,-215.204873222,-9.075838775));
#2132=CARTESIAN_POINT('',(179.417691057,-214.114636407,-6.558974799));
#2133=CARTESIAN_POINT('',(179.883155559,-211.57963261,-4.841109833));
#2134=CARTESIAN_POINT('',(179.889481159,-208.422726756,-4.84687335));
#2135=CARTESIAN_POINT('',(179.45346093,-206.098972073,-6.413120168));
#2136=CARTESIAN_POINT('',(178.355277262,-205.03250844,-8.433581138));
#2137=CARTESIAN_POINT('',(176.833607942,-204.840009948,-10.249198135));
#2138=CARTESIAN_POINT('',(174.936600805,-205.203176847,-11.789858432));
#2139=CARTESIAN_POINT('',(172.789817781,-205.874698852,-12.964966693));
#2140=CARTESIAN_POINT('',(170.45414665,-206.629254963,-13.756056564));
#2141=CARTESIAN_POINT('',(167.886846865,-207.187808378,-14.144597247));
#2142=CARTESIAN_POINT('',(165.211492644,-207.011445532,-14.036571198));
#2143=CARTESIAN_POINT('',(162.751776895,-206.315100232,-13.472568467));
#2144=CARTESIAN_POINT('',(160.490557294,-205.571837972,-12.521518229));
#2145=CARTESIAN_POINT('',(158.439182402,-205.000982411,-11.190270739));
#2146=CARTESIAN_POINT('',(156.677456249,-204.838410731,-9.515548992));
#2147=CARTESIAN_POINT('',(155.801226098,-205.167305872,-8.274604071));
#2148=CARTESIAN_POINT('',(155.457245586,-205.467693432,-7.682947207));
#2149=CARTESIAN_POINT('',(155.860694538,-214.831678685,-7.345229906));
#2150=CARTESIAN_POINT('',(156.187185535,-215.152034505,-7.95512979));
#2151=CARTESIAN_POINT('',(157.01413983,-215.503462412,-9.239460577));
#2152=CARTESIAN_POINT('',(159.262371885,-215.264849513,-11.574243293));
#2153=CARTESIAN_POINT('',(162.074470154,-214.167980518,-13.183908762));
#2154=CARTESIAN_POINT('',(165.258254781,-213.178126255,-13.969633162));
#2155=CARTESIAN_POINT('',(167.870703115,-212.996785029,-14.082083789));
#2156=CARTESIAN_POINT('',(170.364523413,-213.585392746,-13.676702113));
#2157=CARTESIAN_POINT('',(172.885419153,-214.481327336,-12.754958845));
#2158=CARTESIAN_POINT('',(175.383250694,-215.340787582,-11.171022919));
#2159=CARTESIAN_POINT('',(177.604900177,-215.549632558,-8.779858494));
#2160=CARTESIAN_POINT('',(178.976730159,-214.386018245,-6.187149713));
#2161=CARTESIAN_POINT('',(179.441289707,-211.684221484,-4.426369583));
#2162=CARTESIAN_POINT('',(179.44673216,-208.318368245,-4.432097648));
#2163=CARTESIAN_POINT('',(179.0131455,-205.841577137,-6.038663909));
#2164=CARTESIAN_POINT('',(177.972154781,-204.703901605,-8.11709958));
#2165=CARTESIAN_POINT('',(176.529102489,-204.499487186,-10.005222887));
#2166=CARTESIAN_POINT('',(174.709501346,-204.890157073,-11.616188221));
#2167=CARTESIAN_POINT('',(172.634463352,-205.608746668,-12.847192996));
#2168=CARTESIAN_POINT('',(170.366099078,-206.414040385,-13.676105225));
#2169=CARTESIAN_POINT('',(167.866628669,-207.009075459,-14.08317552));
#2170=CARTESIAN_POINT('',(165.260400087,-206.821282422,-13.969997141));
#2171=CARTESIAN_POINT('',(162.867596864,-206.079028355,-13.379057157));
#2172=CARTESIAN_POINT('',(160.675205537,-205.285013816,-12.382503853));
#2173=CARTESIAN_POINT('',(158.697839515,-204.673150066,-10.988633425));
#2174=CARTESIAN_POINT('',(157.015741184,-204.497114252,-9.240243088));
#2175=CARTESIAN_POINT('',(156.187194725,-204.847956478,-7.955146958));
#2176=CARTESIAN_POINT('',(155.860694538,-205.168321315,-7.345229906));
#2177=CARTESIAN_POINT('',(155.938842501,-215.216179228,-7.12918895));
#2178=CARTESIAN_POINT('',(156.270844222,-215.551517462,-7.787139932));
#2179=CARTESIAN_POINT('',(157.116033146,-215.891261046,-9.157682845));
#2180=CARTESIAN_POINT('',(159.378522573,-215.55799018,-11.564939252));
#2181=CARTESIAN_POINT('',(162.159754891,-214.368308402,-13.171396408));
#2182=CARTESIAN_POINT('',(165.290916963,-213.321875092,-13.953002616));
#2183=CARTESIAN_POINT('',(167.856864439,-213.131176965,-14.064149398));
#2184=CARTESIAN_POINT('',(170.307216814,-213.751072711,-13.662118978));
#2185=CARTESIAN_POINT('',(172.791434552,-214.707242412,-12.743777415));
#2186=CARTESIAN_POINT('',(175.265894272,-215.64849106,-11.150919661));
#2187=CARTESIAN_POINT('',(177.508208518,-215.962548029,-8.68625926));
#2188=CARTESIAN_POINT('',(178.913806881,-214.759595386,-5.871486406));
#2189=CARTESIAN_POINT('',(179.353549875,-211.811093106,-3.98078351));
#2190=CARTESIAN_POINT('',(179.359887056,-208.190456483,-3.986592601));
#2191=CARTESIAN_POINT('',(178.947320616,-205.49153039,-5.708491812));
#2192=CARTESIAN_POINT('',(177.886174489,-204.292653754,-7.969176517));
#2193=CARTESIAN_POINT('',(176.41880987,-204.140008921,-9.952916513));
#2194=CARTESIAN_POINT('',(174.599098664,-204.603314709,-11.598293036));
#2195=CARTESIAN_POINT('',(172.543781582,-205.389647954,-12.835340744));
#2196=CARTESIAN_POINT('',(170.309044086,-206.247905597,-13.661255255));
#2197=CARTESIAN_POINT('',(167.852713529,-206.87501658,-14.065117994));
#2198=CARTESIAN_POINT('',(165.293075439,-206.677548708,-13.952976505));
#2199=CARTESIAN_POINT('',(162.939704751,-205.89265055,-13.365954867));
#2200=CARTESIAN_POINT('',(160.775813469,-205.039003278,-12.37021818));
#2201=CARTESIAN_POINT('',(158.810704118,-204.355944759,-10.961724187));
#2202=CARTESIAN_POINT('',(157.117632703,-204.109469433,-9.158112808));
#2203=CARTESIAN_POINT('',(156.270853567,-204.448473099,-7.787158451));
#2204=CARTESIAN_POINT('',(155.938842501,-204.783820772,-7.12918895));
#2205=CARTESIAN_POINT('',(155.896296296,-215.448218142,-7.043196129));
#2206=CARTESIAN_POINT('',(156.238163626,-215.792473647,-7.734165775));
#2207=CARTESIAN_POINT('',(157.112829463,-216.124716222,-9.160969569));
#2208=CARTESIAN_POINT('',(159.422495192,-215.733624561,-11.601496618));
#2209=CARTESIAN_POINT('',(162.203822141,-214.488350643,-13.186096528));
#2210=CARTESIAN_POINT('',(165.309500809,-213.407946527,-13.95398878));
#2211=CARTESIAN_POINT('',(167.848905533,-213.211679375,-14.062604427));
#2212=CARTESIAN_POINT('',(170.276030314,-213.850350602,-13.66872039));
#2213=CARTESIAN_POINT('',(172.747222914,-214.842761823,-12.764889031));
#2214=CARTESIAN_POINT('',(175.228237225,-215.833279168,-11.183541193));
#2215=CARTESIAN_POINT('',(177.524281579,-216.211803163,-8.685308095));
#2216=CARTESIAN_POINT('',(178.98155113,-214.985909188,-5.717868074));
#2217=CARTESIAN_POINT('',(179.399540924,-211.887775034,-3.728798742));
#2218=CARTESIAN_POINT('',(179.406846595,-208.113251327,-3.73484842));
#2219=CARTESIAN_POINT('',(179.012226427,-205.279577773,-5.543829404));
#2220=CARTESIAN_POINT('',(177.917789066,-204.044177086,-7.931377803));
#2221=CARTESIAN_POINT('',(176.404865611,-203.923643426,-9.972204386));
#2222=CARTESIAN_POINT('',(174.560024534,-204.431081739,-11.6275172));
#2223=CARTESIAN_POINT('',(172.500578227,-205.258285915,-12.854731145));
#2224=CARTESIAN_POINT('',(170.278083499,-206.14837225,-13.667636493));
#2225=CARTESIAN_POINT('',(167.844961685,-206.794760883,-14.063429818));
#2226=CARTESIAN_POINT('',(165.311765035,-206.591492529,-13.953659862));
#2227=CARTESIAN_POINT('',(162.97760886,-205.781042887,-13.377515794));
#2228=CARTESIAN_POINT('',(160.819915766,-204.891566123,-12.394773356));
#2229=CARTESIAN_POINT('',(158.842623679,-204.165551752,-10.990486));
#2230=CARTESIAN_POINT('',(157.114383364,-203.87608239,-9.161147376));
#2231=CARTESIAN_POINT('',(156.238173249,-204.207516663,-7.734185224));
#2232=CARTESIAN_POINT('',(155.896296296,-204.551781858,-7.043196129));
#2233=B_SPLINE_SURFACE_WITH_KNOTS('',3,3,((#2065,#2066,#2067,#2068,#2069,#2070,#2071,#2072,#2073,#2074,#2075,#2076,#2077,#2078,#2079,#2080,#2081,#2082,#2083,#2084,#2085,#2086,#2087,#2088,#2089,#2090,
#2091,#2092),(#2093,#2094,#2095,#2096,#2097,#2098,#2099,#2100,#2101,#2102,#2103,#2104,#2105,#2106,#2107,#2108,#2109,#2110,#2111,#2112,#2113,#2114,#2115,#2116,#2117,#2118,
#2119,#2120),(#2121,#2122,#2123,#2124,#2125,#2126,#2127,#2128,#2129,#2130,#2131,#2132,#2133,#2134,#2135,#2136,#2137,#2138,#2139,#2140,#2141,#2142,#2143,#2144,#2145,#2146,
#2147,#2148),(#2149,#2150,#2151,#2152,#2153,#2154,#2155,#2156,#2157,#2158,#2159,#2160,#2161,#2162,#2163,#2164,#2165,#2166,#2167,#2168,#2169,#2170,#2171,#2172,#2173,#2174,
#2175,#2176),(#2177,#2178,#2179,#2180,#2181,#2182,#2183,#2184,#2185,#2186,#2187,#2188,#2189,#2190,#2191,#2192,#2193,#2194,#2195,#2196,#2197,#2198,#2199,#2200,#2201,#2202,
#2203,#2204),(#2205,#2206,#2207,#2208,#2209,#2210,#2211,#2212,#2213,#2214,#2215,#2216,#2217,#2218,#2219,#2220,#2221,#2222,#2223,#2224,#2225,#2226,#2227,#2228,#2229,#2230,
#2231,#2232)),.UNSPECIFIED.,.F.,.F.,.U.,(4,1,1,4),(4,1,1,1,1,1,1,1,1,1,1,1,1,1,1,1,1,1,1,1,1,1,1,1,1,4),(0.,0.285714286,0.571428571,1.),(5.180553439,5.450839977,5.721126514,6.261699588,6.531986125,6.802272662,7.072559199,7.342845736,7.703227786,8.063609835,8.423991885,8.784373934,9.144755984,9.505138033,9.77542457,10.045711107,10.315997644,10.586284182,10.856570719,11.126857256,11.397143793,11.66743033,11.937716867,12.208003404,12.478289941,12.748576478),.UNSPECIFIED.);
#2234=ORIENTED_EDGE('',*,*,#1980,.F.);
#2235=CARTESIAN_POINT('',(155.999999987,-215.137249032,-7.486812324));
#2236=CARTESIAN_POINT('',(156.000012531,-215.18609071,-7.408658566));
#2237=CARTESIAN_POINT('',(155.991047128,-215.238178705,-7.332996836));
#2238=CARTESIAN_POINT('',(155.973728694,-215.290213567,-7.258940532));
#2239=B_SPLINE_CURVE_WITH_KNOTS('',3,(#2235,#2236,#2237,#2238),.UNSPECIFIED.,.F.,.F.,(4,4),(-0.05571111,-0.028154559),.UNSPECIFIED.);
#2240=EDGE_CURVE('',#1962,#1918,#2239,.T.);
#2241=ORIENTED_EDGE('',*,*,#2240,.T.);
#2242=ORIENTED_EDGE('',*,*,#1949,.T.);
#2243=CARTESIAN_POINT('',(156.000034146,-215.5448111,-7.247997411));
#2244=VERTEX_POINT('',#2243);
#2245=CARTESIAN_POINT('',(155.896296296,-215.448218142,-7.043196129));
#2246=CARTESIAN_POINT('',(155.929963965,-215.482121002,-7.11124398));
#2247=CARTESIAN_POINT('',(155.964493138,-215.514272938,-7.179475796));
#2248=CARTESIAN_POINT('',(155.99998856,-215.544811123,-7.248021053));
#2249=B_SPLINE_CURVE_WITH_KNOTS('',3,(#2245,#2246,#2247,#2248),.UNSPECIFIED.,.F.,.F.,(4,4),(5.180553439,5.207171712),.UNSPECIFIED.);
#2250=EDGE_CURVE('',#1937,#2244,#2249,.T.);
#2251=ORIENTED_EDGE('',*,*,#2250,.T.);
#2252=CARTESIAN_POINT('',(156.000044743,-204.455201175,-7.247998994));
#2253=VERTEX_POINT('',#2252);
#2254=CARTESIAN_POINT('',(155.999991453,-204.455201145,-7.24802664));
#2255=CARTESIAN_POINT('',(156.313082879,-204.185934598,-7.852637182));
#2256=CARTESIAN_POINT('',(156.696553417,-204.048497132,-8.467229552));
#2257=CARTESIAN_POINT('',(157.133446241,-204.01111935,-9.044389052));
#2258=CARTESIAN_POINT('',(157.570339065,-203.973741569,-9.621548553));
#2259=CARTESIAN_POINT('',(158.059186636,-204.036548907,-10.161770832));
#2260=CARTESIAN_POINT('',(158.583235561,-204.161290869,-10.649575044));
#2261=CARTESIAN_POINT('',(159.107284485,-204.286032831,-11.137379256));
#2262=CARTESIAN_POINT('',(159.665136842,-204.472580773,-11.572620618));
#2263=CARTESIAN_POINT('',(160.247511448,-204.690373862,-11.954348409));
#2264=CARTESIAN_POINT('',(160.829886055,-204.908166951,-12.336076199));
#2265=CARTESIAN_POINT('',(161.436376971,-205.156166088,-12.664443675));
#2266=CARTESIAN_POINT('',(162.064815144,-205.405588178,-12.9410189));
#2267=CARTESIAN_POINT('',(162.693253316,-205.655010267,-13.217594124));
#2268=CARTESIAN_POINT('',(163.343938752,-205.908934415,-13.442601339));
#2269=CARTESIAN_POINT('',(164.017968307,-206.129723551,-13.614086042));
#2270=CARTESIAN_POINT('',(164.354983085,-206.24011812,-13.699828394));
#2271=CARTESIAN_POINT('',(164.697855289,-206.34108227,-13.772116028));
#2272=CARTESIAN_POINT('',(165.046789301,-206.425098427,-13.830220023));
#2273=CARTESIAN_POINT('',(165.395723314,-206.509114585,-13.888324019));
#2274=CARTESIAN_POINT('',(165.751372876,-206.575612482,-13.932252308));
#2275=CARTESIAN_POINT('',(166.110371008,-206.620425774,-13.960763799));
#2276=CARTESIAN_POINT('',(166.46936914,-206.665239066,-13.98927529));
#2277=CARTESIAN_POINT('',(166.832128381,-206.687329343,-14.002384624));
#2278=CARTESIAN_POINT('',(167.194576945,-206.684269526,-13.999642203));
#2279=CARTESIAN_POINT('',(167.557025509,-206.681209709,-13.996899782));
#2280=CARTESIAN_POINT('',(167.919280304,-206.652653903,-13.978282799));
#2281=CARTESIAN_POINT('',(168.276521309,-206.599656456,-13.944508733));
#2282=CARTESIAN_POINT('',(168.991003318,-206.49366156,-13.876960602));
#2283=CARTESIAN_POINT('',(169.686597167,-206.295700946,-13.749142129));
#2284=CARTESIAN_POINT('',(170.356857672,-206.070117966,-13.568259117));
#2285=CARTESIAN_POINT('',(171.027118177,-205.844534986,-13.387376104));
#2286=CARTESIAN_POINT('',(171.672479676,-205.58966777,-13.153920258));
#2287=CARTESIAN_POINT('',(172.296931923,-205.339613363,-12.868460696));
#2288=CARTESIAN_POINT('',(172.921384169,-205.089558956,-12.583001133));
#2289=CARTESIAN_POINT('',(173.525500517,-204.844671945,-12.244772711));
#2290=CARTESIAN_POINT('',(174.103646799,-204.6333982,-11.853691685));
#2291=CARTESIAN_POINT('',(174.681793081,-204.422124456,-11.46261066));
#2292=CARTESIAN_POINT('',(175.235592377,-204.243340195,-11.017135234));
#2293=CARTESIAN_POINT('',(175.752853418,-204.129997086,-10.520982637));
#2294=CARTESIAN_POINT('',(176.270114459,-204.016653976,-10.024830039));
#2295=CARTESIAN_POINT('',(176.75193101,-203.968108854,-9.475768487));
#2296=CARTESIAN_POINT('',(177.179501021,-204.022303126,-8.892811318));
#2297=CARTESIAN_POINT('',(177.393286026,-204.049400262,-8.601332733));
#2298=CARTESIAN_POINT('',(177.593406264,-204.102365423,-8.301739485));
#2299=CARTESIAN_POINT('',(177.77741131,-204.185546284,-7.999452878));
#2300=CARTESIAN_POINT('',(177.961416356,-204.268727146,-7.697166271));
#2301=CARTESIAN_POINT('',(178.129558909,-204.38254499,-7.391683223));
#2302=CARTESIAN_POINT('',(178.279978435,-204.52860953,-7.090892791));
#2303=CARTESIAN_POINT('',(178.43039796,-204.674674071,-6.79010236));
#2304=CARTESIAN_POINT('',(178.563291765,-204.853188524,-6.49361887));
#2305=CARTESIAN_POINT('',(178.678395098,-205.06403841,-6.210707692));
#2306=CARTESIAN_POINT('',(178.793498431,-205.274888296,-5.927796513));
#2307=CARTESIAN_POINT('',(178.890529312,-205.519072146,-5.659455003));
#2308=CARTESIAN_POINT('',(178.971936411,-205.791426239,-5.412432218));
#2309=CARTESIAN_POINT('',(179.134750609,-206.336134427,-4.918386646));
#2310=CARTESIAN_POINT('',(179.234842257,-206.994376625,-4.512661017));
#2311=CARTESIAN_POINT('',(179.296947799,-207.714446282,-4.235774915));
#2312=CARTESIAN_POINT('',(179.359053341,-208.43451594,-3.958888814));
#2313=CARTESIAN_POINT('',(179.383801456,-209.217510691,-3.814783314));
#2314=CARTESIAN_POINT('',(179.38379502,-210.000304595,-3.814817467));
#2315=CARTESIAN_POINT('',(179.383788584,-210.783098499,-3.81485162));
#2316=CARTESIAN_POINT('',(179.359212839,-211.566220177,-3.958095723));
#2317=CARTESIAN_POINT('',(179.297120537,-212.286338127,-4.235004679));
#2318=CARTESIAN_POINT('',(179.235028236,-213.006456078,-4.511913635));
#2319=CARTESIAN_POINT('',(179.134816054,-213.665210862,-4.91824966));
#2320=CARTESIAN_POINT('',(178.971791497,-214.209668686,-5.412871918));
#2321=CARTESIAN_POINT('',(178.890279219,-214.481897597,-5.660183046));
#2322=CARTESIAN_POINT('',(178.793048331,-214.724921184,-5.928971956));
#2323=CARTESIAN_POINT('',(178.67799219,-214.935842571,-6.211697873));
#2324=CARTESIAN_POINT('',(178.562936049,-215.146763957,-6.494423789));
#2325=CARTESIAN_POINT('',(178.430008295,-215.323710028,-6.790949525));
#2326=CARTESIAN_POINT('',(178.279472503,-215.469018404,-7.091904376));
#2327=CARTESIAN_POINT('',(177.978400919,-215.759635156,-7.693814078));
#2328=CARTESIAN_POINT('',(177.60653442,-215.923239813,-8.310650441));
#2329=CARTESIAN_POINT('',(177.17910957,-215.977806385,-8.893345));
#2330=CARTESIAN_POINT('',(176.751684719,-216.032372956,-9.476039559));
#2331=CARTESIAN_POINT('',(176.269747523,-215.983352008,-10.025252085));
#2332=CARTESIAN_POINT('',(175.752216719,-215.868672445,-10.52159331));
#2333=CARTESIAN_POINT('',(175.234685915,-215.753992881,-11.017934535));
#2334=CARTESIAN_POINT('',(174.681789135,-215.575826885,-11.462583455));
#2335=CARTESIAN_POINT('',(174.104013958,-215.365526002,-11.853443315));
#2336=CARTESIAN_POINT('',(173.52623878,-215.155225118,-12.244303176));
#2337=CARTESIAN_POINT('',(172.92243153,-214.911450122,-12.582475617));
#2338=CARTESIAN_POINT('',(172.297634809,-214.66148107,-12.868139355));
#2339=CARTESIAN_POINT('',(171.672838088,-214.411512018,-13.153803093));
#2340=CARTESIAN_POINT('',(171.027888786,-214.156426009,-13.387103014));
#2341=CARTESIAN_POINT('',(170.357950268,-213.931277947,-13.567964205));
#2342=CARTESIAN_POINT('',(169.688011751,-213.706129886,-13.748825395));
#2343=CARTESIAN_POINT('',(168.991540524,-213.509531018,-13.876907439));
#2344=CARTESIAN_POINT('',(168.276562281,-213.403794034,-13.94450486));
#2345=CARTESIAN_POINT('',(167.919073159,-213.350925541,-13.97830357));
#2346=CARTESIAN_POINT('',(167.557463145,-213.320711814,-13.996887609));
#2347=CARTESIAN_POINT('',(167.194882294,-213.316798037,-13.999639889));
#2348=CARTESIAN_POINT('',(166.832301443,-213.31288426,-14.002392168));
#2349=CARTESIAN_POINT('',(166.4697215,-213.334767483,-13.989307233));
#2350=CARTESIAN_POINT('',(166.110234635,-213.378980447,-13.960752968));
#2351=CARTESIAN_POINT('',(165.75074777,-213.42319341,-13.932198702));
#2352=CARTESIAN_POINT('',(165.394849974,-213.489759092,-13.888200095));
#2353=CARTESIAN_POINT('',(165.046048894,-213.574081335,-13.830096709));
#2354=CARTESIAN_POINT('',(164.697247814,-213.658403579,-13.771993323));
#2355=CARTESIAN_POINT('',(164.354779943,-213.759883968,-13.69978329));
#2356=CARTESIAN_POINT('',(164.017746139,-213.869988964,-13.614029517));
#2357=CARTESIAN_POINT('',(163.343678531,-214.090198955,-13.44252197));
#2358=CARTESIAN_POINT('',(162.693323677,-214.346671801,-13.217628962));
#2359=CARTESIAN_POINT('',(162.0647561,-214.596759214,-12.940992914));
#2360=CARTESIAN_POINT('',(161.436188523,-214.846846628,-12.664356867));
#2361=CARTESIAN_POINT('',(160.830052275,-215.094400023,-12.336174021));
#2362=CARTESIAN_POINT('',(160.247651187,-215.310719499,-11.954440002));
#2363=CARTESIAN_POINT('',(159.665250099,-215.527038976,-11.572705982));
#2364=CARTESIAN_POINT('',(159.108234383,-215.712086308,-11.138184495));
#2365=CARTESIAN_POINT('',(158.583973455,-215.837242619,-10.650261848));
#2366=CARTESIAN_POINT('',(158.059712527,-215.962398931,-10.162339201));
#2367=CARTESIAN_POINT('',(157.570574825,-216.026190441,-9.621839674));
#2368=CARTESIAN_POINT('',(157.13357408,-215.989012059,-9.044557932));
#2369=CARTESIAN_POINT('',(156.696573336,-215.951833677,-8.467276189));
#2370=CARTESIAN_POINT('',(156.313045433,-215.8141299,-7.852565615));
#2371=CARTESIAN_POINT('',(155.99998856,-215.544811123,-7.248021053));
#2372=B_SPLINE_CURVE_WITH_KNOTS('',3,(#2254,#2255,#2256,#2257,#2258,#2259,#2260,#2261,#2262,#2263,#2264,#2265,#2266,#2267,#2268,#2269,#2270,#2271,#2272,#2273,#2274,#2275,#2276,#2277,#2278,#2279,
#2280,#2281,#2282,#2283,#2284,#2285,#2286,#2287,#2288,#2289,#2290,#2291,#2292,#2293,#2294,#2295,#2296,#2297,#2298,#2299,#2300,#2301,#2302,#2303,#2304,
#2305,#2306,#2307,#2308,#2309,#2310,#2311,#2312,#2313,#2314,#2315,#2316,#2317,#2318,#2319,#2320,#2321,#2322,#2323,#2324,#2325,#2326,#2327,#2328,#2329,
#2330,#2331,#2332,#2333,#2334,#2335,#2336,#2337,#2338,#2339,#2340,#2341,#2342,#2343,#2344,#2345,#2346,#2347,#2348,#2349,#2350,#2351,#2352,#2353,#2354,
#2355,#2356,#2357,#2358,#2359,#2360,#2361,#2362,#2363,#2364,#2365,#2366,#2367,#2368,#2369,#2370,#2371),.UNSPECIFIED.,.F.,.F.,(4,3,3,3,3,3,3,3,3,3,3,3,3,3,3,3,3,3,3,3,3,3,3,3,3,3,
3,3,3,3,3,3,3,3,3,3,3,3,3,4),(-12.721959271,-12.48712216,-12.252285049,-12.017447937,-11.782610826,-11.547773715,-11.430355159,-11.312936604,-11.195518048,-11.078099492,-10.843262381,-10.60842527,-10.373588159,-10.138751048,-9.903913936,-9.786495381,-9.669076825,-9.55165827,-9.434239714,-9.199402603,-8.964565492,-8.72972838,-8.494891269,-8.377472713,-8.260054158,-8.025217047,
-7.790379935,-7.555542824,-7.320705713,-7.085868602,-6.851031491,-6.733612935,-6.616194379,-6.498775824,-6.381357268,-6.146520157,-5.911683046,-5.676845934,-5.442008823,-5.207171712),.UNSPECIFIED.);
#2373=EDGE_CURVE('',#2253,#2244,#2372,.T.);
#2374=ORIENTED_EDGE('',*,*,#2373,.F.);
#2375=CARTESIAN_POINT('',(155.999991453,-204.455201145,-7.24802664));
#2376=CARTESIAN_POINT('',(155.964494735,-204.485731106,-7.179478963));
#2377=CARTESIAN_POINT('',(155.929963567,-204.517879399,-7.111243175));
#2378=CARTESIAN_POINT('',(155.896296296,-204.551781858,-7.043196129));
#2379=B_SPLINE_CURVE_WITH_KNOTS('',3,(#2375,#2376,#2377,#2378),.UNSPECIFIED.,.F.,.F.,(4,4),(12.721959271,12.748576478),.UNSPECIFIED.);
#2380=EDGE_CURVE('',#2253,#1928,#2379,.T.);
#2381=ORIENTED_EDGE('',*,*,#2380,.T.);
#2382=ORIENTED_EDGE('',*,*,#1934,.T.);
#2383=CARTESIAN_POINT('',(155.973728694,-204.709786458,-7.258940529));
#2384=CARTESIAN_POINT('',(155.991051774,-204.761835293,-7.333016702));
#2385=CARTESIAN_POINT('',(156.000012071,-204.814033075,-7.408903794));
#2386=CARTESIAN_POINT('',(155.999999988,-204.862758845,-7.486806926));
#2387=B_SPLINE_CURVE_WITH_KNOTS('',3,(#2383,#2384,#2385,#2386),.UNSPECIFIED.,.F.,.F.,(4,4),(-0.027090174,0.000520917),.UNSPECIFIED.);
#2388=EDGE_CURVE('',#1920,#1991,#2387,.T.);
#2389=ORIENTED_EDGE('',*,*,#2388,.T.);
#2390=ORIENTED_EDGE('',*,*,#2001,.F.);
#2391=ORIENTED_EDGE('',*,*,#1535,.F.);
#2392=CARTESIAN_POINT('',(177.587677942,-205.000032375,-9.999992193));
#2393=VERTEX_POINT('',#2392);
#2394=CARTESIAN_POINT('',(177.587686725,-205.,-10.));
#2395=CARTESIAN_POINT('',(177.263003789,-205.,-10.333897994));
#2396=CARTESIAN_POINT('',(176.915848433,-205.033407037,-10.651908812));
#2397=CARTESIAN_POINT('',(176.551475338,-205.091031437,-10.949751362));
#2398=CARTESIAN_POINT('',(176.187102242,-205.148655837,-11.247593912));
#2399=CARTESIAN_POINT('',(175.805182462,-205.230465128,-11.525582648));
#2400=CARTESIAN_POINT('',(175.409669305,-205.328681027,-11.782913081));
#2401=CARTESIAN_POINT('',(174.618642991,-205.525112826,-12.297573946));
#2402=CARTESIAN_POINT('',(173.774886465,-205.78694004,-12.728869716));
#2403=CARTESIAN_POINT('',(172.893029964,-206.059921998,-13.078276359));
#2404=CARTESIAN_POINT('',(172.011173463,-206.332903957,-13.427683002));
#2405=CARTESIAN_POINT('',(171.090241744,-206.61855322,-13.695077436));
#2406=CARTESIAN_POINT('',(170.119393544,-206.848571154,-13.8818161));
#2407=CARTESIAN_POINT('',(169.633969445,-206.963580121,-13.975185431));
#2408=CARTESIAN_POINT('',(169.137110317,-207.063330082,-14.047601248));
#2409=CARTESIAN_POINT('',(168.632538101,-207.132385717,-14.095947793));
#2410=CARTESIAN_POINT('',(168.380251992,-207.166913535,-14.120121066));
#2411=CARTESIAN_POINT('',(168.126034936,-207.193768601,-14.138297364));
#2412=CARTESIAN_POINT('',(167.870357894,-207.211173586,-14.149993643));
#2413=CARTESIAN_POINT('',(167.614680852,-207.228578572,-14.161689922));
#2414=CARTESIAN_POINT('',(167.35755983,-207.236532815,-14.166923395));
#2415=CARTESIAN_POINT('',(167.100248995,-207.235524549,-14.166254371));
#2416=CARTESIAN_POINT('',(166.585627326,-207.233508019,-14.164916323));
#2417=CARTESIAN_POINT('',(166.070255574,-207.195529228,-14.140257147));
#2418=CARTESIAN_POINT('',(165.564204415,-207.128098415,-14.092942864));
#2419=CARTESIAN_POINT('',(165.058153256,-207.060667602,-14.045628581));
#2420=CARTESIAN_POINT('',(164.562918605,-206.963338608,-13.974972707));
#2421=CARTESIAN_POINT('',(164.07929023,-206.848911215,-13.882092151));
#2422=CARTESIAN_POINT('',(163.595661854,-206.734483822,-13.789211596));
#2423=CARTESIAN_POINT('',(163.123170642,-206.603230619,-13.673993476));
#2424=CARTESIAN_POINT('',(162.661059587,-206.468413628,-13.539477038));
#2425=CARTESIAN_POINT('',(162.198948531,-206.333596638,-13.404960599));
#2426=CARTESIAN_POINT('',(161.747226601,-206.194907737,-13.2511857));
#2427=CARTESIAN_POINT('',(161.306027695,-206.058780889,-13.076815224));
#2428=CARTESIAN_POINT('',(160.423629882,-205.786527193,-12.728074272));
#2429=CARTESIAN_POINT('',(159.580760511,-205.525040378,-12.297473248));
#2430=CARTESIAN_POINT('',(158.790574955,-205.328578186,-11.78264361));
#2431=CARTESIAN_POINT('',(158.395482178,-205.230347091,-11.525228791));
#2432=CARTESIAN_POINT('',(158.01351516,-205.148415284,-11.246721197));
#2433=CARTESIAN_POINT('',(157.64868341,-205.090810931,-10.948610925));
#2434=CARTESIAN_POINT('',(157.283851661,-205.033206578,-10.650500653));
#2435=CARTESIAN_POINT('',(156.93653385,-205.,-10.333316321));
#2436=CARTESIAN_POINT('',(156.612323676,-205.,-10.));
#2437=B_SPLINE_CURVE_WITH_KNOTS('',3,(#2394,#2395,#2396,#2397,#2398,#2399,#2400,#2401,#2402,#2403,#2404,#2405,#2406,#2407,#2408,#2409,#2410,#2411,#2412,#2413,#2414,#2415,#2416,#2417,#2418,#2419,
#2420,#2421,#2422,#2423,#2424,#2425,#2426,#2427,#2428,#2429,#2430,#2431,#2432,#2433,#2434,#2435,#2436),.UNSPECIFIED.,.F.,.F.,(4,3,3,3,3,3,3,3,3,3,3,3,3,3,4),(9.969188608,10.123761895,10.278335181,10.587481755,10.896628328,11.051201615,11.128488258,11.205774901,11.360348188,11.514921475,11.669494761,11.824068048,12.133214621,12.287787908,12.442361195),.UNSPECIFIED.);
#2438=EDGE_CURVE('',#2393,#1519,#2437,.T.);
#2439=ORIENTED_EDGE('',*,*,#2438,.F.);
#2440=CARTESIAN_POINT('',(177.589510192,-215.001448233,-10.00104724));
#2441=VERTEX_POINT('',#2440);
#2442=CARTESIAN_POINT('',(177.589516235,-214.999999889,-10.001053161));
#2443=CARTESIAN_POINT('',(177.852934951,-215.000056785,-9.730931406));
#2444=CARTESIAN_POINT('',(178.10064735,-214.978326732,-9.450483588));
#2445=CARTESIAN_POINT('',(178.329561338,-214.929253491,-9.161871116));
#2446=CARTESIAN_POINT('',(178.558475326,-214.880180249,-8.873258645));
#2447=CARTESIAN_POINT('',(178.768791616,-214.803501858,-8.577415044));
#2448=CARTESIAN_POINT('',(178.958983522,-214.696423882,-8.284306927));
#2449=CARTESIAN_POINT('',(179.339367335,-214.48226793,-7.698090694));
#2450=CARTESIAN_POINT('',(179.63825456,-214.146095584,-7.125572605));
#2451=CARTESIAN_POINT('',(179.846609058,-213.692578922,-6.628819064));
#2452=CARTESIAN_POINT('',(179.950786307,-213.465820591,-6.380442293));
#2453=CARTESIAN_POINT('',(180.033715118,-213.209969856,-6.150970056));
#2454=CARTESIAN_POINT('',(180.100181749,-212.930541772,-5.948836597));
#2455=CARTESIAN_POINT('',(180.166648381,-212.651113689,-5.746703138));
#2456=CARTESIAN_POINT('',(180.21665283,-212.348301381,-5.57206524));
#2457=CARTESIAN_POINT('',(180.254981354,-212.030252995,-5.430747022));
#2458=CARTESIAN_POINT('',(180.293309878,-211.71220461,-5.289428804));
#2459=CARTESIAN_POINT('',(180.320497178,-211.379119153,-5.181347677));
#2460=CARTESIAN_POINT('',(180.339312716,-211.038317979,-5.10899849));
#2461=CARTESIAN_POINT('',(180.358128255,-210.697516805,-5.036649302));
#2462=CARTESIAN_POINT('',(180.367879253,-210.348757838,-4.999993901));
#2463=CARTESIAN_POINT('',(180.368359241,-209.999912572,-5.000000001));
#2464=CARTESIAN_POINT('',(180.369319218,-209.302222041,-5.0000122));
#2465=CARTESIAN_POINT('',(180.33509598,-208.605640945,-5.148312691));
#2466=CARTESIAN_POINT('',(180.257585779,-207.970419403,-5.430448315));
#2467=CARTESIAN_POINT('',(180.180075578,-207.33519786,-5.71258394));
#2468=CARTESIAN_POINT('',(180.054457827,-206.763601936,-6.129668722));
#2469=CARTESIAN_POINT('',(179.845941801,-206.309177548,-6.626896143));
#2470=CARTESIAN_POINT('',(179.637425775,-205.85475316,-7.124123565));
#2471=CARTESIAN_POINT('',(179.341579934,-205.516054865,-7.701475764));
#2472=CARTESIAN_POINT('',(178.961593056,-205.302435714,-8.287431818));
#2473=CARTESIAN_POINT('',(178.771599616,-205.195626138,-8.580409845));
#2474=CARTESIAN_POINT('',(178.560389376,-205.119779239,-8.87388666));
#2475=CARTESIAN_POINT('',(178.330270625,-205.070934435,-9.160766627));
#2476=CARTESIAN_POINT('',(178.100151875,-205.022089631,-9.447646595));
#2477=CARTESIAN_POINT('',(177.851444664,-205.,-9.728756156));
#2478=CARTESIAN_POINT('',(177.587686725,-205.,-10.));
#2479=B_SPLINE_CURVE_WITH_KNOTS('',3,(#2442,#2443,#2444,#2445,#2446,#2447,#2448,#2449,#2450,#2451,#2452,#2453,#2454,#2455,#2456,#2457,#2458,#2459,#2460,#2461,#2462,#2463,#2464,#2465,#2466,#2467,
#2468,#2469,#2470,#2471,#2472,#2473,#2474,#2475,#2476,#2477,#2478),.UNSPECIFIED.,.F.,.F.,(4,3,3,3,3,3,3,3,3,3,3,3,4),(7.960093462,8.085661909,8.211230355,8.462367248,8.587935695,8.713504142,8.839072588,8.964641035,9.215777928,9.466914821,9.718051715,9.843620161,9.969188608),.UNSPECIFIED.);
#2480=EDGE_CURVE('',#2441,#2393,#2479,.T.);
#2481=ORIENTED_EDGE('',*,*,#2480,.F.);
#2482=CARTESIAN_POINT('',(156.611897231,-214.999810621,-10.000019148));
#2483=VERTEX_POINT('',#2482);
#2484=CARTESIAN_POINT('',(156.611896487,-215.,-10.000019722));
#2485=CARTESIAN_POINT('',(156.936450751,-214.999998685,-10.333428864));
#2486=CARTESIAN_POINT('',(157.284306212,-214.966691519,-10.651278787));
#2487=CARTESIAN_POINT('',(157.649252168,-214.909040172,-10.94938116));
#2488=CARTESIAN_POINT('',(158.014198124,-214.851388826,-11.247483533));
#2489=CARTESIAN_POINT('',(158.395633912,-214.769410739,-11.525935482));
#2490=CARTESIAN_POINT('',(158.789713928,-214.671255202,-11.783080154));
#2491=CARTESIAN_POINT('',(159.577873959,-214.474944129,-12.297369498));
#2492=CARTESIAN_POINT('',(160.419173686,-214.214055571,-12.727252708));
#2493=CARTESIAN_POINT('',(161.303692438,-213.941539841,-13.076404343));
#2494=CARTESIAN_POINT('',(161.745951814,-213.805281976,-13.250980161));
#2495=CARTESIAN_POINT('',(162.199015945,-213.666326965,-13.405056821));
#2496=CARTESIAN_POINT('',(162.661644748,-213.531323382,-13.539739421));
#2497=CARTESIAN_POINT('',(163.12427355,-213.396319799,-13.674422022));
#2498=CARTESIAN_POINT('',(163.596430548,-213.265151827,-13.789522219));
#2499=CARTESIAN_POINT('',(164.079729566,-213.150783873,-13.882339628));
#2500=CARTESIAN_POINT('',(164.563028583,-213.036415919,-13.975157037));
#2501=CARTESIAN_POINT('',(165.058009967,-212.939300922,-14.045637859));
#2502=CARTESIAN_POINT('',(165.56450045,-212.872424711,-14.092575751));
#2503=CARTESIAN_POINT('',(166.070990932,-212.8055485,-14.139513644));
#2504=CARTESIAN_POINT('',(166.587265973,-212.768282565,-14.16372615));
#2505=CARTESIAN_POINT('',(167.10246848,-212.766657306,-14.1648058));
#2506=CARTESIAN_POINT('',(167.617670986,-212.765032046,-14.165885451));
#2507=CARTESIAN_POINT('',(168.130845997,-212.801073282,-14.142585945));
#2508=CARTESIAN_POINT('',(168.634918609,-212.869732655,-14.094463883));
#2509=CARTESIAN_POINT('',(169.138991221,-212.938392029,-14.04634182));
#2510=CARTESIAN_POINT('',(169.634955709,-213.037371281,-13.974435389));
#2511=CARTESIAN_POINT('',(170.119755592,-213.151886298,-13.881444675));
#2512=CARTESIAN_POINT('',(171.089355358,-213.380916331,-13.695463247));
#2513=CARTESIAN_POINT('',(172.010932336,-213.667329328,-13.427383929));
#2514=CARTESIAN_POINT('',(172.892782447,-213.94007596,-13.078278972));
#2515=CARTESIAN_POINT('',(173.774632558,-214.212822591,-12.729174016));
#2516=CARTESIAN_POINT('',(174.617335949,-214.473775087,-12.299820315));
#2517=CARTESIAN_POINT('',(175.407862245,-214.670550333,-11.784925653));
#2518=CARTESIAN_POINT('',(176.198388541,-214.867325579,-11.27003099));
#2519=CARTESIAN_POINT('',(176.940797853,-214.999859774,-10.666265518));
#2520=CARTESIAN_POINT('',(177.589516235,-214.999999889,-10.001053161));
#2521=B_SPLINE_CURVE_WITH_KNOTS('',3,(#2484,#2485,#2486,#2487,#2488,#2489,#2490,#2491,#2492,#2493,#2494,#2495,#2496,#2497,#2498,#2499,#2500,#2501,#2502,#2503,#2504,#2505,#2506,#2507,#2508,#2509,
#2510,#2511,#2512,#2513,#2514,#2515,#2516,#2517,#2518,#2519,#2520),.UNSPECIFIED.,.F.,.F.,(4,3,3,3,3,3,3,3,3,3,3,3,4),(5.486759336,5.641341894,5.795924452,6.105089568,6.259672127,6.414254685,6.568837243,6.723419801,6.878002359,7.032584917,7.341750033,7.65091515,7.960080266),.UNSPECIFIED.);
#2522=EDGE_CURVE('',#2483,#2441,#2521,.T.);
#2523=ORIENTED_EDGE('',*,*,#2522,.F.);
#2524=CARTESIAN_POINT('',(156.000115708,-214.953435024,-9.319205268));
#2525=CARTESIAN_POINT('',(156.193002329,-214.98534675,-9.551393704));
#2526=CARTESIAN_POINT('',(156.397249074,-215.00000087,-9.779507822));
#2527=CARTESIAN_POINT('',(156.611896487,-215.,-10.000019722));
#2528=B_SPLINE_CURVE_WITH_KNOTS('',3,(#2524,#2525,#2526,#2527),.UNSPECIFIED.,.F.,.F.,(4,4),(5.384516279,5.486760989),.UNSPECIFIED.);
#2529=EDGE_CURVE('',#1970,#2483,#2528,.T.);
#2530=ORIENTED_EDGE('',*,*,#2529,.F.);
#2531=EDGE_LOOP('',(#2234,#2241,#2242,#2251,#2374,#2381,#2382,#2389,#2390,#2391,#2439,#2481,#2523,#2530));
#2532=FACE_BOUND('',#2531,.T.);
#2533=ADVANCED_FACE('',(#2532),#2233,.T.);
#2534=CARTESIAN_POINT('',(137.6,-230.,27.4));
#2535=DIRECTION('',(0.,0.,-1.));
#2536=DIRECTION('',(-1.,0.,0.));
#2537=AXIS2_PLACEMENT_3D('',#2534,#2535,#2536);
#2538=PLANE('',#2537);
#2539=CARTESIAN_POINT('',(135.,-210.,27.4));
#2540=VERTEX_POINT('',#2539);
#2541=CARTESIAN_POINT('',(137.6,-210.,27.4));
#2542=VERTEX_POINT('',#2541);
#2543=CARTESIAN_POINT('',(135.,-210.,27.4));
#2544=DIRECTION('',(1.,0.,-0.));
#2545=VECTOR('',#2544,2.6);
#2546=LINE('',#2543,#2545);
#2547=EDGE_CURVE('',#2540,#2542,#2546,.T.);
#2548=ORIENTED_EDGE('',*,*,#2547,.F.);
#2549=CARTESIAN_POINT('',(132.4,-210.,27.4));
#2550=VERTEX_POINT('',#2549);
#2551=CARTESIAN_POINT('',(132.4,-210.,27.4));
#2552=DIRECTION('',(1.,0.,-0.));
#2553=VECTOR('',#2552,2.6);
#2554=LINE('',#2551,#2553);
#2555=EDGE_CURVE('',#2550,#2540,#2554,.T.);
#2556=ORIENTED_EDGE('',*,*,#2555,.F.);
#2557=CARTESIAN_POINT('',(132.4,-210.2,27.4));
#2558=VERTEX_POINT('',#2557);
#2559=CARTESIAN_POINT('',(132.4,-210.2,27.4));
#2560=DIRECTION('',(0.,1.,0.));
#2561=VECTOR('',#2560,0.2);
#2562=LINE('',#2559,#2561);
#2563=EDGE_CURVE('',#2558,#2550,#2562,.T.);
#2564=ORIENTED_EDGE('',*,*,#2563,.F.);
#2565=CARTESIAN_POINT('',(137.6,-210.2,27.4));
#2566=VERTEX_POINT('',#2565);
#2567=CARTESIAN_POINT('',(137.6,-210.2,27.4));
#2568=DIRECTION('',(-1.,-0.,0.));
#2569=VECTOR('',#2568,5.2);
#2570=LINE('',#2567,#2569);
#2571=EDGE_CURVE('',#2566,#2558,#2570,.T.);
#2572=ORIENTED_EDGE('',*,*,#2571,.F.);
#2573=CARTESIAN_POINT('',(137.6,-210.,27.4));
#2574=DIRECTION('',(-0.,-1.,-0.));
#2575=VECTOR('',#2574,0.2);
#2576=LINE('',#2573,#2575);
#2577=EDGE_CURVE('',#2542,#2566,#2576,.T.);
#2578=ORIENTED_EDGE('',*,*,#2577,.F.);
#2579=EDGE_LOOP('',(#2548,#2556,#2564,#2572,#2578));
#2580=FACE_BOUND('',#2579,.T.);
#2581=ADVANCED_FACE('',(#2580),#2538,.F.);
#2582=CARTESIAN_POINT('',(132.4,-230.,32.6));
#2583=DIRECTION('',(0.,0.,1.));
#2584=DIRECTION('',(1.,0.,0.));
#2585=AXIS2_PLACEMENT_3D('',#2582,#2583,#2584);
#2586=PLANE('',#2585);
#2587=CARTESIAN_POINT('',(135.,-210.,32.6));
#2588=VERTEX_POINT('',#2587);
#2589=CARTESIAN_POINT('',(132.4,-210.,32.6));
#2590=VERTEX_POINT('',#2589);
#2591=CARTESIAN_POINT('',(135.,-210.,32.6));
#2592=DIRECTION('',(-1.,-0.,0.));
#2593=VECTOR('',#2592,2.6);
#2594=LINE('',#2591,#2593);
#2595=EDGE_CURVE('',#2588,#2590,#2594,.T.);
#2596=ORIENTED_EDGE('',*,*,#2595,.F.);
#2597=CARTESIAN_POINT('',(137.6,-210.,32.6));
#2598=VERTEX_POINT('',#2597);
#2599=CARTESIAN_POINT('',(137.6,-210.,32.6));
#2600=DIRECTION('',(-1.,-0.,0.));
#2601=VECTOR('',#2600,2.6);
#2602=LINE('',#2599,#2601);
#2603=EDGE_CURVE('',#2598,#2588,#2602,.T.);
#2604=ORIENTED_EDGE('',*,*,#2603,.F.);
#2605=CARTESIAN_POINT('',(137.6,-210.2,32.6));
#2606=VERTEX_POINT('',#2605);
#2607=CARTESIAN_POINT('',(137.6,-210.2,32.6));
#2608=DIRECTION('',(0.,1.,0.));
#2609=VECTOR('',#2608,0.2);
#2610=LINE('',#2607,#2609);
#2611=EDGE_CURVE('',#2606,#2598,#2610,.T.);
#2612=ORIENTED_EDGE('',*,*,#2611,.F.);
#2613=CARTESIAN_POINT('',(132.4,-210.2,32.6));
#2614=VERTEX_POINT('',#2613);
#2615=CARTESIAN_POINT('',(132.4,-210.2,32.6));
#2616=DIRECTION('',(1.,0.,-0.));
#2617=VECTOR('',#2616,5.2);
#2618=LINE('',#2615,#2617);
#2619=EDGE_CURVE('',#2614,#2606,#2618,.T.);
#2620=ORIENTED_EDGE('',*,*,#2619,.F.);
#2621=CARTESIAN_POINT('',(132.4,-210.,32.6));
#2622=DIRECTION('',(-0.,-1.,-0.));
#2623=VECTOR('',#2622,0.2);
#2624=LINE('',#2621,#2623);
#2625=EDGE_CURVE('',#2590,#2614,#2624,.T.);
#2626=ORIENTED_EDGE('',*,*,#2625,.F.);
#2627=EDGE_LOOP('',(#2596,#2604,#2612,#2620,#2626));
#2628=FACE_BOUND('',#2627,.T.);
#2629=ADVANCED_FACE('',(#2628),#2586,.F.);
#2630=CARTESIAN_POINT('',(137.6,-230.,7.4));
#2631=DIRECTION('',(0.,0.,-1.));
#2632=DIRECTION('',(-1.,0.,0.));
#2633=AXIS2_PLACEMENT_3D('',#2630,#2631,#2632);
#2634=PLANE('',#2633);
#2635=CARTESIAN_POINT('',(135.,-210.,7.4));
#2636=VERTEX_POINT('',#2635);
#2637=CARTESIAN_POINT('',(137.6,-210.,7.4));
#2638=VERTEX_POINT('',#2637);
#2639=CARTESIAN_POINT('',(135.,-210.,7.4));
#2640=DIRECTION('',(1.,0.,-0.));
#2641=VECTOR('',#2640,2.6);
#2642=LINE('',#2639,#2641);
#2643=EDGE_CURVE('',#2636,#2638,#2642,.T.);
#2644=ORIENTED_EDGE('',*,*,#2643,.F.);
#2645=CARTESIAN_POINT('',(132.4,-210.,7.4));
#2646=VERTEX_POINT('',#2645);
#2647=CARTESIAN_POINT('',(132.4,-210.,7.4));
#2648=DIRECTION('',(1.,0.,-0.));
#2649=VECTOR('',#2648,2.6);
#2650=LINE('',#2647,#2649);
#2651=EDGE_CURVE('',#2646,#2636,#2650,.T.);
#2652=ORIENTED_EDGE('',*,*,#2651,.F.);
#2653=CARTESIAN_POINT('',(132.4,-210.2,7.4));
#2654=VERTEX_POINT('',#2653);
#2655=CARTESIAN_POINT('',(132.4,-210.2,7.4));
#2656=DIRECTION('',(0.,1.,0.));
#2657=VECTOR('',#2656,0.2);
#2658=LINE('',#2655,#2657);
#2659=EDGE_CURVE('',#2654,#2646,#2658,.T.);
#2660=ORIENTED_EDGE('',*,*,#2659,.F.);
#2661=CARTESIAN_POINT('',(137.6,-210.2,7.4));
#2662=VERTEX_POINT('',#2661);
#2663=CARTESIAN_POINT('',(137.6,-210.2,7.4));
#2664=DIRECTION('',(-1.,-0.,0.));
#2665=VECTOR('',#2664,5.2);
#2666=LINE('',#2663,#2665);
#2667=EDGE_CURVE('',#2662,#2654,#2666,.T.);
#2668=ORIENTED_EDGE('',*,*,#2667,.F.);
#2669=CARTESIAN_POINT('',(137.6,-210.,7.4));
#2670=DIRECTION('',(-0.,-1.,-0.));
#2671=VECTOR('',#2670,0.2);
#2672=LINE('',#2669,#2671);
#2673=EDGE_CURVE('',#2638,#2662,#2672,.T.);
#2674=ORIENTED_EDGE('',*,*,#2673,.F.);
#2675=EDGE_LOOP('',(#2644,#2652,#2660,#2668,#2674));
#2676=FACE_BOUND('',#2675,.T.);
#2677=ADVANCED_FACE('',(#2676),#2634,.F.);
#2678=CARTESIAN_POINT('',(132.4,-230.,12.6));
#2679=DIRECTION('',(0.,0.,1.));
#2680=DIRECTION('',(1.,0.,0.));
#2681=AXIS2_PLACEMENT_3D('',#2678,#2679,#2680);
#2682=PLANE('',#2681);
#2683=CARTESIAN_POINT('',(135.,-210.,12.6));
#2684=VERTEX_POINT('',#2683);
#2685=CARTESIAN_POINT('',(132.4,-210.,12.6));
#2686=VERTEX_POINT('',#2685);
#2687=CARTESIAN_POINT('',(135.,-210.,12.6));
#2688=DIRECTION('',(-1.,-0.,0.));
#2689=VECTOR('',#2688,2.6);
#2690=LINE('',#2687,#2689);
#2691=EDGE_CURVE('',#2684,#2686,#2690,.T.);
#2692=ORIENTED_EDGE('',*,*,#2691,.F.);
#2693=CARTESIAN_POINT('',(137.6,-210.,12.6));
#2694=VERTEX_POINT('',#2693);
#2695=CARTESIAN_POINT('',(137.6,-210.,12.6));
#2696=DIRECTION('',(-1.,-0.,0.));
#2697=VECTOR('',#2696,2.6);
#2698=LINE('',#2695,#2697);
#2699=EDGE_CURVE('',#2694,#2684,#2698,.T.);
#2700=ORIENTED_EDGE('',*,*,#2699,.F.);
#2701=CARTESIAN_POINT('',(137.6,-210.2,12.6));
#2702=VERTEX_POINT('',#2701);
#2703=CARTESIAN_POINT('',(137.6,-210.2,12.6));
#2704=DIRECTION('',(0.,1.,0.));
#2705=VECTOR('',#2704,0.2);
#2706=LINE('',#2703,#2705);
#2707=EDGE_CURVE('',#2702,#2694,#2706,.T.);
#2708=ORIENTED_EDGE('',*,*,#2707,.F.);
#2709=CARTESIAN_POINT('',(132.4,-210.2,12.6));
#2710=VERTEX_POINT('',#2709);
#2711=CARTESIAN_POINT('',(132.4,-210.2,12.6));
#2712=DIRECTION('',(1.,0.,-0.));
#2713=VECTOR('',#2712,5.2);
#2714=LINE('',#2711,#2713);
#2715=EDGE_CURVE('',#2710,#2702,#2714,.T.);
#2716=ORIENTED_EDGE('',*,*,#2715,.F.);
#2717=CARTESIAN_POINT('',(132.4,-210.,12.6));
#2718=DIRECTION('',(-0.,-1.,-0.));
#2719=VECTOR('',#2718,0.2);
#2720=LINE('',#2717,#2719);
#2721=EDGE_CURVE('',#2686,#2710,#2720,.T.);
#2722=ORIENTED_EDGE('',*,*,#2721,.F.);
#2723=EDGE_LOOP('',(#2692,#2700,#2708,#2716,#2722));
#2724=FACE_BOUND('',#2723,.T.);
#2725=ADVANCED_FACE('',(#2724),#2682,.F.);
#2726=CARTESIAN_POINT('',(137.6,-230.,-12.6));
#2727=DIRECTION('',(0.,0.,-1.));
#2728=DIRECTION('',(-1.,0.,0.));
#2729=AXIS2_PLACEMENT_3D('',#2726,#2727,#2728);
#2730=PLANE('',#2729);
#2731=CARTESIAN_POINT('',(135.,-230.,-12.6));
#2732=VERTEX_POINT('',#2731);
#2733=CARTESIAN_POINT('',(137.6,-230.,-12.6));
#2734=VERTEX_POINT('',#2733);
#2735=CARTESIAN_POINT('',(135.,-230.,-12.6));
#2736=DIRECTION('',(1.,0.,-0.));
#2737=VECTOR('',#2736,2.6);
#2738=LINE('',#2735,#2737);
#2739=EDGE_CURVE('',#2732,#2734,#2738,.T.);
#2740=ORIENTED_EDGE('',*,*,#2739,.F.);
#2741=CARTESIAN_POINT('',(132.4,-230.,-12.6));
#2742=VERTEX_POINT('',#2741);
#2743=CARTESIAN_POINT('',(132.4,-230.,-12.6));
#2744=DIRECTION('',(1.,0.,-0.));
#2745=VECTOR('',#2744,2.6);
#2746=LINE('',#2743,#2745);
#2747=EDGE_CURVE('',#2742,#2732,#2746,.T.);
#2748=ORIENTED_EDGE('',*,*,#2747,.F.);
#2749=CARTESIAN_POINT('',(132.4,-230.2,-12.6));
#2750=VERTEX_POINT('',#2749);
#2751=CARTESIAN_POINT('',(132.4,-230.2,-12.6));
#2752=DIRECTION('',(0.,1.,0.));
#2753=VECTOR('',#2752,0.2);
#2754=LINE('',#2751,#2753);
#2755=EDGE_CURVE('',#2750,#2742,#2754,.T.);
#2756=ORIENTED_EDGE('',*,*,#2755,.F.);
#2757=CARTESIAN_POINT('',(137.6,-230.2,-12.6));
#2758=VERTEX_POINT('',#2757);
#2759=CARTESIAN_POINT('',(137.6,-230.2,-12.6));
#2760=DIRECTION('',(-1.,-0.,0.));
#2761=VECTOR('',#2760,5.2);
#2762=LINE('',#2759,#2761);
#2763=EDGE_CURVE('',#2758,#2750,#2762,.T.);
#2764=ORIENTED_EDGE('',*,*,#2763,.F.);
#2765=CARTESIAN_POINT('',(137.6,-230.,-12.6));
#2766=DIRECTION('',(-0.,-1.,-0.));
#2767=VECTOR('',#2766,0.2);
#2768=LINE('',#2765,#2767);
#2769=EDGE_CURVE('',#2734,#2758,#2768,.T.);
#2770=ORIENTED_EDGE('',*,*,#2769,.F.);
#2771=EDGE_LOOP('',(#2740,#2748,#2756,#2764,#2770));
#2772=FACE_BOUND('',#2771,.T.);
#2773=ADVANCED_FACE('',(#2772),#2730,.F.);
#2774=CARTESIAN_POINT('',(132.4,-230.,-7.4));
#2775=DIRECTION('',(0.,0.,1.));
#2776=DIRECTION('',(1.,0.,0.));
#2777=AXIS2_PLACEMENT_3D('',#2774,#2775,#2776);
#2778=PLANE('',#2777);
#2779=CARTESIAN_POINT('',(135.,-230.,-7.4));
#2780=VERTEX_POINT('',#2779);
#2781=CARTESIAN_POINT('',(132.4,-230.,-7.4));
#2782=VERTEX_POINT('',#2781);
#2783=CARTESIAN_POINT('',(135.,-230.,-7.4));
#2784=DIRECTION('',(-1.,-0.,0.));
#2785=VECTOR('',#2784,2.6);
#2786=LINE('',#2783,#2785);
#2787=EDGE_CURVE('',#2780,#2782,#2786,.T.);
#2788=ORIENTED_EDGE('',*,*,#2787,.F.);
#2789=CARTESIAN_POINT('',(137.6,-230.,-7.4));
#2790=VERTEX_POINT('',#2789);
#2791=CARTESIAN_POINT('',(137.6,-230.,-7.4));
#2792=DIRECTION('',(-1.,-0.,0.));
#2793=VECTOR('',#2792,2.6);
#2794=LINE('',#2791,#2793);
#2795=EDGE_CURVE('',#2790,#2780,#2794,.T.);
#2796=ORIENTED_EDGE('',*,*,#2795,.F.);
#2797=CARTESIAN_POINT('',(137.6,-230.2,-7.4));
#2798=VERTEX_POINT('',#2797);
#2799=CARTESIAN_POINT('',(137.6,-230.2,-7.4));
#2800=DIRECTION('',(0.,1.,0.));
#2801=VECTOR('',#2800,0.2);
#2802=LINE('',#2799,#2801);
#2803=EDGE_CURVE('',#2798,#2790,#2802,.T.);
#2804=ORIENTED_EDGE('',*,*,#2803,.F.);
#2805=CARTESIAN_POINT('',(132.4,-230.2,-7.4));
#2806=VERTEX_POINT('',#2805);
#2807=CARTESIAN_POINT('',(132.4,-230.2,-7.4));
#2808=DIRECTION('',(1.,0.,-0.));
#2809=VECTOR('',#2808,5.2);
#2810=LINE('',#2807,#2809);
#2811=EDGE_CURVE('',#2806,#2798,#2810,.T.);
#2812=ORIENTED_EDGE('',*,*,#2811,.F.);
#2813=CARTESIAN_POINT('',(132.4,-230.,-7.4));
#2814=DIRECTION('',(-0.,-1.,-0.));
#2815=VECTOR('',#2814,0.2);
#2816=LINE('',#2813,#2815);
#2817=EDGE_CURVE('',#2782,#2806,#2816,.T.);
#2818=ORIENTED_EDGE('',*,*,#2817,.F.);
#2819=EDGE_LOOP('',(#2788,#2796,#2804,#2812,#2818));
#2820=FACE_BOUND('',#2819,.T.);
#2821=ADVANCED_FACE('',(#2820),#2778,.F.);
#2822=CARTESIAN_POINT('',(107.6,-230.,-32.6));
#2823=DIRECTION('',(0.,0.,-1.));
#2824=DIRECTION('',(-1.,0.,0.));
#2825=AXIS2_PLACEMENT_3D('',#2822,#2823,#2824);
#2826=PLANE('',#2825);
#2827=CARTESIAN_POINT('',(105.,-230.,-32.6));
#2828=VERTEX_POINT('',#2827);
#2829=CARTESIAN_POINT('',(107.6,-230.,-32.6));
#2830=VERTEX_POINT('',#2829);
#2831=CARTESIAN_POINT('',(105.,-230.,-32.6));
#2832=DIRECTION('',(1.,0.,-0.));
#2833=VECTOR('',#2832,2.6);
#2834=LINE('',#2831,#2833);
#2835=EDGE_CURVE('',#2828,#2830,#2834,.T.);
#2836=ORIENTED_EDGE('',*,*,#2835,.F.);
#2837=CARTESIAN_POINT('',(102.4,-230.,-32.6));
#2838=VERTEX_POINT('',#2837);
#2839=CARTESIAN_POINT('',(102.4,-230.,-32.6));
#2840=DIRECTION('',(1.,0.,-0.));
#2841=VECTOR('',#2840,2.6);
#2842=LINE('',#2839,#2841);
#2843=EDGE_CURVE('',#2838,#2828,#2842,.T.);
#2844=ORIENTED_EDGE('',*,*,#2843,.F.);
#2845=CARTESIAN_POINT('',(102.4,-230.2,-32.6));
#2846=VERTEX_POINT('',#2845);
#2847=CARTESIAN_POINT('',(102.4,-230.2,-32.6));
#2848=DIRECTION('',(0.,1.,0.));
#2849=VECTOR('',#2848,0.2);
#2850=LINE('',#2847,#2849);
#2851=EDGE_CURVE('',#2846,#2838,#2850,.T.);
#2852=ORIENTED_EDGE('',*,*,#2851,.F.);
#2853=CARTESIAN_POINT('',(107.6,-230.2,-32.6));
#2854=VERTEX_POINT('',#2853);
#2855=CARTESIAN_POINT('',(107.6,-230.2,-32.6));
#2856=DIRECTION('',(-1.,-0.,0.));
#2857=VECTOR('',#2856,5.2);
#2858=LINE('',#2855,#2857);
#2859=EDGE_CURVE('',#2854,#2846,#2858,.T.);
#2860=ORIENTED_EDGE('',*,*,#2859,.F.);
#2861=CARTESIAN_POINT('',(107.6,-230.,-32.6));
#2862=DIRECTION('',(-0.,-1.,-0.));
#2863=VECTOR('',#2862,0.2);
#2864=LINE('',#2861,#2863);
#2865=EDGE_CURVE('',#2830,#2854,#2864,.T.);
#2866=ORIENTED_EDGE('',*,*,#2865,.F.);
#2867=EDGE_LOOP('',(#2836,#2844,#2852,#2860,#2866));
#2868=FACE_BOUND('',#2867,.T.);
#2869=ADVANCED_FACE('',(#2868),#2826,.F.);
#2870=CARTESIAN_POINT('',(102.4,-230.,-27.4));
#2871=DIRECTION('',(0.,0.,1.));
#2872=DIRECTION('',(1.,0.,0.));
#2873=AXIS2_PLACEMENT_3D('',#2870,#2871,#2872);
#2874=PLANE('',#2873);
#2875=CARTESIAN_POINT('',(105.,-230.,-27.4));
#2876=VERTEX_POINT('',#2875);
#2877=CARTESIAN_POINT('',(102.4,-230.,-27.4));
#2878=VERTEX_POINT('',#2877);
#2879=CARTESIAN_POINT('',(105.,-230.,-27.4));
#2880=DIRECTION('',(-1.,-0.,0.));
#2881=VECTOR('',#2880,2.6);
#2882=LINE('',#2879,#2881);
#2883=EDGE_CURVE('',#2876,#2878,#2882,.T.);
#2884=ORIENTED_EDGE('',*,*,#2883,.F.);
#2885=CARTESIAN_POINT('',(107.6,-230.,-27.4));
#2886=VERTEX_POINT('',#2885);
#2887=CARTESIAN_POINT('',(107.6,-230.,-27.4));
#2888=DIRECTION('',(-1.,-0.,0.));
#2889=VECTOR('',#2888,2.6);
#2890=LINE('',#2887,#2889);
#2891=EDGE_CURVE('',#2886,#2876,#2890,.T.);
#2892=ORIENTED_EDGE('',*,*,#2891,.F.);
#2893=CARTESIAN_POINT('',(107.6,-230.2,-27.4));
#2894=VERTEX_POINT('',#2893);
#2895=CARTESIAN_POINT('',(107.6,-230.2,-27.4));
#2896=DIRECTION('',(0.,1.,0.));
#2897=VECTOR('',#2896,0.2);
#2898=LINE('',#2895,#2897);
#2899=EDGE_CURVE('',#2894,#2886,#2898,.T.);
#2900=ORIENTED_EDGE('',*,*,#2899,.F.);
#2901=CARTESIAN_POINT('',(102.4,-230.2,-27.4));
#2902=VERTEX_POINT('',#2901);
#2903=CARTESIAN_POINT('',(102.4,-230.2,-27.4));
#2904=DIRECTION('',(1.,0.,-0.));
#2905=VECTOR('',#2904,5.2);
#2906=LINE('',#2903,#2905);
#2907=EDGE_CURVE('',#2902,#2894,#2906,.T.);
#2908=ORIENTED_EDGE('',*,*,#2907,.F.);
#2909=CARTESIAN_POINT('',(102.4,-230.,-27.4));
#2910=DIRECTION('',(-0.,-1.,-0.));
#2911=VECTOR('',#2910,0.2);
#2912=LINE('',#2909,#2911);
#2913=EDGE_CURVE('',#2878,#2902,#2912,.T.);
#2914=ORIENTED_EDGE('',*,*,#2913,.F.);
#2915=EDGE_LOOP('',(#2884,#2892,#2900,#2908,#2914));
#2916=FACE_BOUND('',#2915,.T.);
#2917=ADVANCED_FACE('',(#2916),#2874,.F.);
#2918=CARTESIAN_POINT('',(137.6,-230.,-32.6));
#2919=DIRECTION('',(0.,0.,-1.));
#2920=DIRECTION('',(-1.,0.,0.));
#2921=AXIS2_PLACEMENT_3D('',#2918,#2919,#2920);
#2922=PLANE('',#2921);
#2923=CARTESIAN_POINT('',(135.,-230.,-32.6));
#2924=VERTEX_POINT('',#2923);
#2925=CARTESIAN_POINT('',(137.6,-230.,-32.6));
#2926=VERTEX_POINT('',#2925);
#2927=CARTESIAN_POINT('',(135.,-230.,-32.6));
#2928=DIRECTION('',(1.,0.,-0.));
#2929=VECTOR('',#2928,2.6);
#2930=LINE('',#2927,#2929);
#2931=EDGE_CURVE('',#2924,#2926,#2930,.T.);
#2932=ORIENTED_EDGE('',*,*,#2931,.F.);
#2933=CARTESIAN_POINT('',(132.4,-230.,-32.6));
#2934=VERTEX_POINT('',#2933);
#2935=CARTESIAN_POINT('',(132.4,-230.,-32.6));
#2936=DIRECTION('',(1.,0.,-0.));
#2937=VECTOR('',#2936,2.6);
#2938=LINE('',#2935,#2937);
#2939=EDGE_CURVE('',#2934,#2924,#2938,.T.);
#2940=ORIENTED_EDGE('',*,*,#2939,.F.);
#2941=CARTESIAN_POINT('',(132.4,-230.2,-32.6));
#2942=VERTEX_POINT('',#2941);
#2943=CARTESIAN_POINT('',(132.4,-230.2,-32.6));
#2944=DIRECTION('',(0.,1.,0.));
#2945=VECTOR('',#2944,0.2);
#2946=LINE('',#2943,#2945);
#2947=EDGE_CURVE('',#2942,#2934,#2946,.T.);
#2948=ORIENTED_EDGE('',*,*,#2947,.F.);
#2949=CARTESIAN_POINT('',(137.6,-230.2,-32.6));
#2950=VERTEX_POINT('',#2949);
#2951=CARTESIAN_POINT('',(137.6,-230.2,-32.6));
#2952=DIRECTION('',(-1.,-0.,0.));
#2953=VECTOR('',#2952,5.2);
#2954=LINE('',#2951,#2953);
#2955=EDGE_CURVE('',#2950,#2942,#2954,.T.);
#2956=ORIENTED_EDGE('',*,*,#2955,.F.);
#2957=CARTESIAN_POINT('',(137.6,-230.,-32.6));
#2958=DIRECTION('',(-0.,-1.,-0.));
#2959=VECTOR('',#2958,0.2);
#2960=LINE('',#2957,#2959);
#2961=EDGE_CURVE('',#2926,#2950,#2960,.T.);
#2962=ORIENTED_EDGE('',*,*,#2961,.F.);
#2963=EDGE_LOOP('',(#2932,#2940,#2948,#2956,#2962));
#2964=FACE_BOUND('',#2963,.T.);
#2965=ADVANCED_FACE('',(#2964),#2922,.F.);
#2966=CARTESIAN_POINT('',(132.4,-230.,-27.4));
#2967=DIRECTION('',(0.,0.,1.));
#2968=DIRECTION('',(1.,0.,0.));
#2969=AXIS2_PLACEMENT_3D('',#2966,#2967,#2968);
#2970=PLANE('',#2969);
#2971=CARTESIAN_POINT('',(135.,-230.,-27.4));
#2972=VERTEX_POINT('',#2971);
#2973=CARTESIAN_POINT('',(132.4,-230.,-27.4));
#2974=VERTEX_POINT('',#2973);
#2975=CARTESIAN_POINT('',(135.,-230.,-27.4));
#2976=DIRECTION('',(-1.,-0.,0.));
#2977=VECTOR('',#2976,2.6);
#2978=LINE('',#2975,#2977);
#2979=EDGE_CURVE('',#2972,#2974,#2978,.T.);
#2980=ORIENTED_EDGE('',*,*,#2979,.F.);
#2981=CARTESIAN_POINT('',(137.6,-230.,-27.4));
#2982=VERTEX_POINT('',#2981);
#2983=CARTESIAN_POINT('',(137.6,-230.,-27.4));
#2984=DIRECTION('',(-1.,-0.,0.));
#2985=VECTOR('',#2984,2.6);
#2986=LINE('',#2983,#2985);
#2987=EDGE_CURVE('',#2982,#2972,#2986,.T.);
#2988=ORIENTED_EDGE('',*,*,#2987,.F.);
#2989=CARTESIAN_POINT('',(137.6,-230.2,-27.4));
#2990=VERTEX_POINT('',#2989);
#2991=CARTESIAN_POINT('',(137.6,-230.2,-27.4));
#2992=DIRECTION('',(0.,1.,0.));
#2993=VECTOR('',#2992,0.2);
#2994=LINE('',#2991,#2993);
#2995=EDGE_CURVE('',#2990,#2982,#2994,.T.);
#2996=ORIENTED_EDGE('',*,*,#2995,.F.);
#2997=CARTESIAN_POINT('',(132.4,-230.2,-27.4));
#2998=VERTEX_POINT('',#2997);
#2999=CARTESIAN_POINT('',(132.4,-230.2,-27.4));
#3000=DIRECTION('',(1.,0.,-0.));
#3001=VECTOR('',#3000,5.2);
#3002=LINE('',#2999,#3001);
#3003=EDGE_CURVE('',#2998,#2990,#3002,.T.);
#3004=ORIENTED_EDGE('',*,*,#3003,.F.);
#3005=CARTESIAN_POINT('',(132.4,-230.,-27.4));
#3006=DIRECTION('',(-0.,-1.,-0.));
#3007=VECTOR('',#3006,0.2);
#3008=LINE('',#3005,#3007);
#3009=EDGE_CURVE('',#2974,#2998,#3008,.T.);
#3010=ORIENTED_EDGE('',*,*,#3009,.F.);
#3011=EDGE_LOOP('',(#2980,#2988,#2996,#3004,#3010));
#3012=FACE_BOUND('',#3011,.T.);
#3013=ADVANCED_FACE('',(#3012),#2970,.F.);
#3014=CARTESIAN_POINT('',(107.6,-230.,-12.6));
#3015=DIRECTION('',(0.,0.,-1.));
#3016=DIRECTION('',(-1.,0.,0.));
#3017=AXIS2_PLACEMENT_3D('',#3014,#3015,#3016);
#3018=PLANE('',#3017);
#3019=CARTESIAN_POINT('',(105.,-230.,-12.6));
#3020=VERTEX_POINT('',#3019);
#3021=CARTESIAN_POINT('',(107.6,-230.,-12.6));
#3022=VERTEX_POINT('',#3021);
#3023=CARTESIAN_POINT('',(105.,-230.,-12.6));
#3024=DIRECTION('',(1.,0.,-0.));
#3025=VECTOR('',#3024,2.6);
#3026=LINE('',#3023,#3025);
#3027=EDGE_CURVE('',#3020,#3022,#3026,.T.);
#3028=ORIENTED_EDGE('',*,*,#3027,.F.);
#3029=CARTESIAN_POINT('',(102.4,-230.,-12.6));
#3030=VERTEX_POINT('',#3029);
#3031=CARTESIAN_POINT('',(102.4,-230.,-12.6));
#3032=DIRECTION('',(1.,0.,-0.));
#3033=VECTOR('',#3032,2.6);
#3034=LINE('',#3031,#3033);
#3035=EDGE_CURVE('',#3030,#3020,#3034,.T.);
#3036=ORIENTED_EDGE('',*,*,#3035,.F.);
#3037=CARTESIAN_POINT('',(102.4,-230.2,-12.6));
#3038=VERTEX_POINT('',#3037);
#3039=CARTESIAN_POINT('',(102.4,-230.2,-12.6));
#3040=DIRECTION('',(0.,1.,0.));
#3041=VECTOR('',#3040,0.2);
#3042=LINE('',#3039,#3041);
#3043=EDGE_CURVE('',#3038,#3030,#3042,.T.);
#3044=ORIENTED_EDGE('',*,*,#3043,.F.);
#3045=CARTESIAN_POINT('',(107.6,-230.2,-12.6));
#3046=VERTEX_POINT('',#3045);
#3047=CARTESIAN_POINT('',(107.6,-230.2,-12.6));
#3048=DIRECTION('',(-1.,-0.,0.));
#3049=VECTOR('',#3048,5.2);
#3050=LINE('',#3047,#3049);
#3051=EDGE_CURVE('',#3046,#3038,#3050,.T.);
#3052=ORIENTED_EDGE('',*,*,#3051,.F.);
#3053=CARTESIAN_POINT('',(107.6,-230.,-12.6));
#3054=DIRECTION('',(-0.,-1.,-0.));
#3055=VECTOR('',#3054,0.2);
#3056=LINE('',#3053,#3055);
#3057=EDGE_CURVE('',#3022,#3046,#3056,.T.);
#3058=ORIENTED_EDGE('',*,*,#3057,.F.);
#3059=EDGE_LOOP('',(#3028,#3036,#3044,#3052,#3058));
#3060=FACE_BOUND('',#3059,.T.);
#3061=ADVANCED_FACE('',(#3060),#3018,.F.);
#3062=CARTESIAN_POINT('',(102.4,-230.,-7.4));
#3063=DIRECTION('',(0.,0.,1.));
#3064=DIRECTION('',(1.,0.,0.));
#3065=AXIS2_PLACEMENT_3D('',#3062,#3063,#3064);
#3066=PLANE('',#3065);
#3067=CARTESIAN_POINT('',(105.,-230.,-7.4));
#3068=VERTEX_POINT('',#3067);
#3069=CARTESIAN_POINT('',(102.4,-230.,-7.4));
#3070=VERTEX_POINT('',#3069);
#3071=CARTESIAN_POINT('',(105.,-230.,-7.4));
#3072=DIRECTION('',(-1.,-0.,0.));
#3073=VECTOR('',#3072,2.6);
#3074=LINE('',#3071,#3073);
#3075=EDGE_CURVE('',#3068,#3070,#3074,.T.);
#3076=ORIENTED_EDGE('',*,*,#3075,.F.);
#3077=CARTESIAN_POINT('',(107.6,-230.,-7.4));
#3078=VERTEX_POINT('',#3077);
#3079=CARTESIAN_POINT('',(107.6,-230.,-7.4));
#3080=DIRECTION('',(-1.,-0.,0.));
#3081=VECTOR('',#3080,2.6);
#3082=LINE('',#3079,#3081);
#3083=EDGE_CURVE('',#3078,#3068,#3082,.T.);
#3084=ORIENTED_EDGE('',*,*,#3083,.F.);
#3085=CARTESIAN_POINT('',(107.6,-230.2,-7.4));
#3086=VERTEX_POINT('',#3085);
#3087=CARTESIAN_POINT('',(107.6,-230.2,-7.4));
#3088=DIRECTION('',(0.,1.,0.));
#3089=VECTOR('',#3088,0.2);
#3090=LINE('',#3087,#3089);
#3091=EDGE_CURVE('',#3086,#3078,#3090,.T.);
#3092=ORIENTED_EDGE('',*,*,#3091,.F.);
#3093=CARTESIAN_POINT('',(102.4,-230.2,-7.4));
#3094=VERTEX_POINT('',#3093);
#3095=CARTESIAN_POINT('',(102.4,-230.2,-7.4));
#3096=DIRECTION('',(1.,0.,-0.));
#3097=VECTOR('',#3096,5.2);
#3098=LINE('',#3095,#3097);
#3099=EDGE_CURVE('',#3094,#3086,#3098,.T.);
#3100=ORIENTED_EDGE('',*,*,#3099,.F.);
#3101=CARTESIAN_POINT('',(102.4,-230.,-7.4));
#3102=DIRECTION('',(-0.,-1.,-0.));
#3103=VECTOR('',#3102,0.2);
#3104=LINE('',#3101,#3103);
#3105=EDGE_CURVE('',#3070,#3094,#3104,.T.);
#3106=ORIENTED_EDGE('',*,*,#3105,.F.);
#3107=EDGE_LOOP('',(#3076,#3084,#3092,#3100,#3106));
#3108=FACE_BOUND('',#3107,.T.);
#3109=ADVANCED_FACE('',(#3108),#3066,.F.);
#3110=CARTESIAN_POINT('',(135.,-230.4,-30.));
#3111=DIRECTION('',(0.,1.,0.));
#3112=DIRECTION('',(1.,0.,0.));
#3113=AXIS2_PLACEMENT_3D('',#3110,#3111,#3112);
#3114=PLANE('',#3113);
#3115=CARTESIAN_POINT('',(137.6,-230.4,-25.729168699));
#3116=VERTEX_POINT('',#3115);
#3117=CARTESIAN_POINT('',(137.6,-230.4,-34.270831301));
#3118=VERTEX_POINT('',#3117);
#3119=CARTESIAN_POINT('',(137.6,-230.4,-25.729168699));
#3120=DIRECTION('',(0.,0.,-1.));
#3121=VECTOR('',#3120,8.541662602);
#3122=LINE('',#3119,#3121);
#3123=EDGE_CURVE('',#3116,#3118,#3122,.T.);
#3124=ORIENTED_EDGE('',*,*,#3123,.T.);
#3125=CARTESIAN_POINT('',(140.,-230.4,-30.));
#3126=VERTEX_POINT('',#3125);
#3127=CARTESIAN_POINT('',(135.,-230.4,-30.));
#3128=DIRECTION('',(-0.,1.,-0.));
#3129=DIRECTION('',(0.,0.,-1.));
#3130=AXIS2_PLACEMENT_3D('',#3127,#3128,#3129);
#3131=CIRCLE('',#3130,5.);
#3132=EDGE_CURVE('',#3126,#3118,#3131,.T.);
#3133=ORIENTED_EDGE('',*,*,#3132,.F.);
#3134=CARTESIAN_POINT('',(135.,-230.4,-30.));
#3135=DIRECTION('',(-0.,1.,-0.));
#3136=DIRECTION('',(0.,0.,-1.));
#3137=AXIS2_PLACEMENT_3D('',#3134,#3135,#3136);
#3138=CIRCLE('',#3137,5.);
#3139=EDGE_CURVE('',#3116,#3126,#3138,.T.);
#3140=ORIENTED_EDGE('',*,*,#3139,.F.);
#3141=EDGE_LOOP('',(#3124,#3133,#3140));
#3142=FACE_BOUND('',#3141,.T.);
#3143=ADVANCED_FACE('',(#3142),#3114,.F.);
#3144=CARTESIAN_POINT('',(137.6,-230.,-25.729168699));
#3145=DIRECTION('',(1.,0.,0.));
#3146=DIRECTION('',(0.,0.,-1.));
#3147=AXIS2_PLACEMENT_3D('',#3144,#3145,#3146);
#3148=PLANE('',#3147);
#3149=ORIENTED_EDGE('',*,*,#2995,.T.);
#3150=CARTESIAN_POINT('',(137.6,-230.,-30.));
#3151=VERTEX_POINT('',#3150);
#3152=CARTESIAN_POINT('',(137.6,-230.,-30.));
#3153=DIRECTION('',(-0.,-0.,1.));
#3154=VECTOR('',#3153,2.6);
#3155=LINE('',#3152,#3154);
#3156=EDGE_CURVE('',#3151,#2982,#3155,.T.);
#3157=ORIENTED_EDGE('',*,*,#3156,.F.);
#3158=CARTESIAN_POINT('',(137.6,-230.,-32.6));
#3159=DIRECTION('',(-0.,-0.,1.));
#3160=VECTOR('',#3159,2.6);
#3161=LINE('',#3158,#3160);
#3162=EDGE_CURVE('',#2926,#3151,#3161,.T.);
#3163=ORIENTED_EDGE('',*,*,#3162,.F.);
#3164=ORIENTED_EDGE('',*,*,#2961,.T.);
#3165=CARTESIAN_POINT('',(137.6,-230.2,-34.270831301));
#3166=VERTEX_POINT('',#3165);
#3167=CARTESIAN_POINT('',(137.6,-230.2,-32.6));
#3168=DIRECTION('',(0.,0.,-1.));
#3169=VECTOR('',#3168,1.670831301);
#3170=LINE('',#3167,#3169);
#3171=EDGE_CURVE('',#2950,#3166,#3170,.T.);
#3172=ORIENTED_EDGE('',*,*,#3171,.T.);
#3173=CARTESIAN_POINT('',(137.6,-230.4,-34.270831301));
#3174=DIRECTION('',(-0.,1.,-0.));
#3175=VECTOR('',#3174,0.2);
#3176=LINE('',#3173,#3175);
#3177=EDGE_CURVE('',#3118,#3166,#3176,.T.);
#3178=ORIENTED_EDGE('',*,*,#3177,.F.);
#3179=ORIENTED_EDGE('',*,*,#3123,.F.);
#3180=CARTESIAN_POINT('',(137.6,-230.2,-25.729168699));
#3181=VERTEX_POINT('',#3180);
#3182=CARTESIAN_POINT('',(137.6,-230.2,-25.729168699));
#3183=DIRECTION('',(0.,-1.,0.));
#3184=VECTOR('',#3183,0.2);
#3185=LINE('',#3182,#3184);
#3186=EDGE_CURVE('',#3181,#3116,#3185,.T.);
#3187=ORIENTED_EDGE('',*,*,#3186,.F.);
#3188=CARTESIAN_POINT('',(137.6,-230.2,-25.729168699));
#3189=DIRECTION('',(0.,0.,-1.));
#3190=VECTOR('',#3189,1.670831301);
#3191=LINE('',#3188,#3190);
#3192=EDGE_CURVE('',#3181,#2990,#3191,.T.);
#3193=ORIENTED_EDGE('',*,*,#3192,.T.);
#3194=EDGE_LOOP('',(#3149,#3157,#3163,#3164,#3172,#3178,#3179,#3187,#3193));
#3195=FACE_BOUND('',#3194,.T.);
#3196=ADVANCED_FACE('',(#3195),#3148,.F.);
#3197=CARTESIAN_POINT('',(135.,-230.2,-30.));
#3198=DIRECTION('',(0.,1.,0.));
#3199=DIRECTION('',(1.,0.,0.));
#3200=AXIS2_PLACEMENT_3D('',#3197,#3198,#3199);
#3201=PLANE('',#3200);
#3202=ORIENTED_EDGE('',*,*,#2955,.T.);
#3203=CARTESIAN_POINT('',(132.4,-230.2,-34.270831301));
#3204=VERTEX_POINT('',#3203);
#3205=CARTESIAN_POINT('',(132.4,-230.2,-34.270831301));
#3206=DIRECTION('',(0.,0.,1.));
#3207=VECTOR('',#3206,1.670831301);
#3208=LINE('',#3205,#3207);
#3209=EDGE_CURVE('',#3204,#2942,#3208,.T.);
#3210=ORIENTED_EDGE('',*,*,#3209,.F.);
#3211=CARTESIAN_POINT('',(135.,-230.2,-30.));
#3212=DIRECTION('',(-0.,1.,-0.));
#3213=DIRECTION('',(0.,0.,-1.));
#3214=AXIS2_PLACEMENT_3D('',#3211,#3212,#3213);
#3215=CIRCLE('',#3214,5.);
#3216=EDGE_CURVE('',#3166,#3204,#3215,.T.);
#3217=ORIENTED_EDGE('',*,*,#3216,.F.);
#3218=ORIENTED_EDGE('',*,*,#3171,.F.);
#3219=EDGE_LOOP('',(#3202,#3210,#3217,#3218));
#3220=FACE_BOUND('',#3219,.T.);
#3221=ADVANCED_FACE('',(#3220),#3201,.F.);
#3222=CARTESIAN_POINT('',(135.,-230.4,-30.));
#3223=DIRECTION('',(0.,1.,0.));
#3224=DIRECTION('',(1.,0.,0.));
#3225=AXIS2_PLACEMENT_3D('',#3222,#3223,#3224);
#3226=PLANE('',#3225);
#3227=CARTESIAN_POINT('',(132.4,-230.4,-34.270831301));
#3228=VERTEX_POINT('',#3227);
#3229=CARTESIAN_POINT('',(132.4,-230.4,-25.729168699));
#3230=VERTEX_POINT('',#3229);
#3231=CARTESIAN_POINT('',(132.4,-230.4,-34.270831301));
#3232=DIRECTION('',(-0.,-0.,1.));
#3233=VECTOR('',#3232,8.541662602);
#3234=LINE('',#3231,#3233);
#3235=EDGE_CURVE('',#3228,#3230,#3234,.T.);
#3236=ORIENTED_EDGE('',*,*,#3235,.T.);
#3237=CARTESIAN_POINT('',(135.,-230.4,-30.));
#3238=DIRECTION('',(-0.,1.,-0.));
#3239=DIRECTION('',(0.,0.,-1.));
#3240=AXIS2_PLACEMENT_3D('',#3237,#3238,#3239);
#3241=CIRCLE('',#3240,5.);
#3242=EDGE_CURVE('',#3228,#3230,#3241,.T.);
#3243=ORIENTED_EDGE('',*,*,#3242,.F.);
#3244=EDGE_LOOP('',(#3236,#3243));
#3245=FACE_BOUND('',#3244,.T.);
#3246=ADVANCED_FACE('',(#3245),#3226,.F.);
#3247=CARTESIAN_POINT('',(132.4,-230.,-34.270831301));
#3248=DIRECTION('',(-1.,0.,0.));
#3249=DIRECTION('',(0.,0.,1.));
#3250=AXIS2_PLACEMENT_3D('',#3247,#3248,#3249);
#3251=PLANE('',#3250);
#3252=ORIENTED_EDGE('',*,*,#2947,.T.);
#3253=CARTESIAN_POINT('',(132.4,-230.,-30.));
#3254=VERTEX_POINT('',#3253);
#3255=CARTESIAN_POINT('',(132.4,-230.,-30.));
#3256=DIRECTION('',(0.,0.,-1.));
#3257=VECTOR('',#3256,2.6);
#3258=LINE('',#3255,#3257);
#3259=EDGE_CURVE('',#3254,#2934,#3258,.T.);
#3260=ORIENTED_EDGE('',*,*,#3259,.F.);
#3261=CARTESIAN_POINT('',(132.4,-230.,-27.4));
#3262=DIRECTION('',(0.,0.,-1.));
#3263=VECTOR('',#3262,2.6);
#3264=LINE('',#3261,#3263);
#3265=EDGE_CURVE('',#2974,#3254,#3264,.T.);
#3266=ORIENTED_EDGE('',*,*,#3265,.F.);
#3267=ORIENTED_EDGE('',*,*,#3009,.T.);
#3268=CARTESIAN_POINT('',(132.4,-230.2,-25.729168699));
#3269=VERTEX_POINT('',#3268);
#3270=CARTESIAN_POINT('',(132.4,-230.2,-27.4));
#3271=DIRECTION('',(0.,0.,1.));
#3272=VECTOR('',#3271,1.670831301);
#3273=LINE('',#3270,#3272);
#3274=EDGE_CURVE('',#2998,#3269,#3273,.T.);
#3275=ORIENTED_EDGE('',*,*,#3274,.T.);
#3276=CARTESIAN_POINT('',(132.4,-230.4,-25.729168699));
#3277=DIRECTION('',(-0.,1.,-0.));
#3278=VECTOR('',#3277,0.2);
#3279=LINE('',#3276,#3278);
#3280=EDGE_CURVE('',#3230,#3269,#3279,.T.);
#3281=ORIENTED_EDGE('',*,*,#3280,.F.);
#3282=ORIENTED_EDGE('',*,*,#3235,.F.);
#3283=CARTESIAN_POINT('',(132.4,-230.2,-34.270831301));
#3284=DIRECTION('',(0.,-1.,0.));
#3285=VECTOR('',#3284,0.2);
#3286=LINE('',#3283,#3285);
#3287=EDGE_CURVE('',#3204,#3228,#3286,.T.);
#3288=ORIENTED_EDGE('',*,*,#3287,.F.);
#3289=ORIENTED_EDGE('',*,*,#3209,.T.);
#3290=EDGE_LOOP('',(#3252,#3260,#3266,#3267,#3275,#3281,#3282,#3288,#3289));
#3291=FACE_BOUND('',#3290,.T.);
#3292=ADVANCED_FACE('',(#3291),#3251,.F.);
#3293=CARTESIAN_POINT('',(135.,-230.2,-30.));
#3294=DIRECTION('',(0.,1.,0.));
#3295=DIRECTION('',(1.,0.,0.));
#3296=AXIS2_PLACEMENT_3D('',#3293,#3294,#3295);
#3297=PLANE('',#3296);
#3298=ORIENTED_EDGE('',*,*,#3003,.T.);
#3299=ORIENTED_EDGE('',*,*,#3192,.F.);
#3300=CARTESIAN_POINT('',(135.,-230.2,-30.));
#3301=DIRECTION('',(-0.,1.,-0.));
#3302=DIRECTION('',(0.,0.,-1.));
#3303=AXIS2_PLACEMENT_3D('',#3300,#3301,#3302);
#3304=CIRCLE('',#3303,5.);
#3305=EDGE_CURVE('',#3269,#3181,#3304,.T.);
#3306=ORIENTED_EDGE('',*,*,#3305,.F.);
#3307=ORIENTED_EDGE('',*,*,#3274,.F.);
#3308=EDGE_LOOP('',(#3298,#3299,#3306,#3307));
#3309=FACE_BOUND('',#3308,.T.);
#3310=ADVANCED_FACE('',(#3309),#3297,.F.);
#3311=CARTESIAN_POINT('',(135.,-210.4,30.));
#3312=DIRECTION('',(0.,1.,0.));
#3313=DIRECTION('',(1.,0.,0.));
#3314=AXIS2_PLACEMENT_3D('',#3311,#3312,#3313);
#3315=PLANE('',#3314);
#3316=CARTESIAN_POINT('',(132.4,-210.4,25.729168699));
#3317=VERTEX_POINT('',#3316);
#3318=CARTESIAN_POINT('',(132.4,-210.4,34.270831301));
#3319=VERTEX_POINT('',#3318);
#3320=CARTESIAN_POINT('',(132.4,-210.4,25.729168699));
#3321=DIRECTION('',(-0.,-0.,1.));
#3322=VECTOR('',#3321,8.541662602);
#3323=LINE('',#3320,#3322);
#3324=EDGE_CURVE('',#3317,#3319,#3323,.T.);
#3325=ORIENTED_EDGE('',*,*,#3324,.T.);
#3326=CARTESIAN_POINT('',(135.,-210.4,30.));
#3327=DIRECTION('',(-0.,1.,-0.));
#3328=DIRECTION('',(0.,0.,-1.));
#3329=AXIS2_PLACEMENT_3D('',#3326,#3327,#3328);
#3330=CIRCLE('',#3329,5.);
#3331=EDGE_CURVE('',#3317,#3319,#3330,.T.);
#3332=ORIENTED_EDGE('',*,*,#3331,.F.);
#3333=EDGE_LOOP('',(#3325,#3332));
#3334=FACE_BOUND('',#3333,.T.);
#3335=ADVANCED_FACE('',(#3334),#3315,.F.);
#3336=CARTESIAN_POINT('',(132.4,-230.,25.729168699));
#3337=DIRECTION('',(-1.,0.,0.));
#3338=DIRECTION('',(0.,0.,1.));
#3339=AXIS2_PLACEMENT_3D('',#3336,#3337,#3338);
#3340=PLANE('',#3339);
#3341=ORIENTED_EDGE('',*,*,#2563,.T.);
#3342=CARTESIAN_POINT('',(132.4,-210.,30.));
#3343=VERTEX_POINT('',#3342);
#3344=CARTESIAN_POINT('',(132.4,-210.,30.));
#3345=DIRECTION('',(0.,0.,-1.));
#3346=VECTOR('',#3345,2.6);
#3347=LINE('',#3344,#3346);
#3348=EDGE_CURVE('',#3343,#2550,#3347,.T.);
#3349=ORIENTED_EDGE('',*,*,#3348,.F.);
#3350=CARTESIAN_POINT('',(132.4,-210.,32.6));
#3351=DIRECTION('',(0.,0.,-1.));
#3352=VECTOR('',#3351,2.6);
#3353=LINE('',#3350,#3352);
#3354=EDGE_CURVE('',#2590,#3343,#3353,.T.);
#3355=ORIENTED_EDGE('',*,*,#3354,.F.);
#3356=ORIENTED_EDGE('',*,*,#2625,.T.);
#3357=CARTESIAN_POINT('',(132.4,-210.2,34.270831301));
#3358=VERTEX_POINT('',#3357);
#3359=CARTESIAN_POINT('',(132.4,-210.2,32.6));
#3360=DIRECTION('',(0.,0.,1.));
#3361=VECTOR('',#3360,1.670831301);
#3362=LINE('',#3359,#3361);
#3363=EDGE_CURVE('',#2614,#3358,#3362,.T.);
#3364=ORIENTED_EDGE('',*,*,#3363,.T.);
#3365=CARTESIAN_POINT('',(132.4,-210.4,34.270831301));
#3366=DIRECTION('',(-0.,1.,-0.));
#3367=VECTOR('',#3366,0.2);
#3368=LINE('',#3365,#3367);
#3369=EDGE_CURVE('',#3319,#3358,#3368,.T.);
#3370=ORIENTED_EDGE('',*,*,#3369,.F.);
#3371=ORIENTED_EDGE('',*,*,#3324,.F.);
#3372=CARTESIAN_POINT('',(132.4,-210.2,25.729168699));
#3373=VERTEX_POINT('',#3372);
#3374=CARTESIAN_POINT('',(132.4,-210.2,25.729168699));
#3375=DIRECTION('',(0.,-1.,0.));
#3376=VECTOR('',#3375,0.2);
#3377=LINE('',#3374,#3376);
#3378=EDGE_CURVE('',#3373,#3317,#3377,.T.);
#3379=ORIENTED_EDGE('',*,*,#3378,.F.);
#3380=CARTESIAN_POINT('',(132.4,-210.2,25.729168699));
#3381=DIRECTION('',(0.,0.,1.));
#3382=VECTOR('',#3381,1.670831301);
#3383=LINE('',#3380,#3382);
#3384=EDGE_CURVE('',#3373,#2558,#3383,.T.);
#3385=ORIENTED_EDGE('',*,*,#3384,.T.);
#3386=EDGE_LOOP('',(#3341,#3349,#3355,#3356,#3364,#3370,#3371,#3379,#3385));
#3387=FACE_BOUND('',#3386,.T.);
#3388=ADVANCED_FACE('',(#3387),#3340,.F.);
#3389=CARTESIAN_POINT('',(135.,-210.2,30.));
#3390=DIRECTION('',(0.,1.,0.));
#3391=DIRECTION('',(1.,0.,0.));
#3392=AXIS2_PLACEMENT_3D('',#3389,#3390,#3391);
#3393=PLANE('',#3392);
#3394=ORIENTED_EDGE('',*,*,#2619,.T.);
#3395=CARTESIAN_POINT('',(137.6,-210.2,34.270831301));
#3396=VERTEX_POINT('',#3395);
#3397=CARTESIAN_POINT('',(137.6,-210.2,34.270831301));
#3398=DIRECTION('',(0.,0.,-1.));
#3399=VECTOR('',#3398,1.670831301);
#3400=LINE('',#3397,#3399);
#3401=EDGE_CURVE('',#3396,#2606,#3400,.T.);
#3402=ORIENTED_EDGE('',*,*,#3401,.F.);
#3403=CARTESIAN_POINT('',(135.,-210.2,30.));
#3404=DIRECTION('',(-0.,1.,-0.));
#3405=DIRECTION('',(0.,0.,-1.));
#3406=AXIS2_PLACEMENT_3D('',#3403,#3404,#3405);
#3407=CIRCLE('',#3406,5.);
#3408=EDGE_CURVE('',#3358,#3396,#3407,.T.);
#3409=ORIENTED_EDGE('',*,*,#3408,.F.);
#3410=ORIENTED_EDGE('',*,*,#3363,.F.);
#3411=EDGE_LOOP('',(#3394,#3402,#3409,#3410));
#3412=FACE_BOUND('',#3411,.T.);
#3413=ADVANCED_FACE('',(#3412),#3393,.F.);
#3414=CARTESIAN_POINT('',(135.,-210.4,30.));
#3415=DIRECTION('',(0.,1.,0.));
#3416=DIRECTION('',(1.,0.,0.));
#3417=AXIS2_PLACEMENT_3D('',#3414,#3415,#3416);
#3418=PLANE('',#3417);
#3419=CARTESIAN_POINT('',(137.6,-210.4,34.270831301));
#3420=VERTEX_POINT('',#3419);
#3421=CARTESIAN_POINT('',(137.6,-210.4,25.729168699));
#3422=VERTEX_POINT('',#3421);
#3423=CARTESIAN_POINT('',(137.6,-210.4,34.270831301));
#3424=DIRECTION('',(0.,0.,-1.));
#3425=VECTOR('',#3424,8.541662602);
#3426=LINE('',#3423,#3425);
#3427=EDGE_CURVE('',#3420,#3422,#3426,.T.);
#3428=ORIENTED_EDGE('',*,*,#3427,.T.);
#3429=CARTESIAN_POINT('',(140.,-210.4,30.));
#3430=VERTEX_POINT('',#3429);
#3431=CARTESIAN_POINT('',(135.,-210.4,30.));
#3432=DIRECTION('',(-0.,1.,-0.));
#3433=DIRECTION('',(0.,0.,-1.));
#3434=AXIS2_PLACEMENT_3D('',#3431,#3432,#3433);
#3435=CIRCLE('',#3434,5.);
#3436=EDGE_CURVE('',#3430,#3422,#3435,.T.);
#3437=ORIENTED_EDGE('',*,*,#3436,.F.);
#3438=CARTESIAN_POINT('',(135.,-210.4,30.));
#3439=DIRECTION('',(-0.,1.,-0.));
#3440=DIRECTION('',(0.,0.,-1.));
#3441=AXIS2_PLACEMENT_3D('',#3438,#3439,#3440);
#3442=CIRCLE('',#3441,5.);
#3443=EDGE_CURVE('',#3420,#3430,#3442,.T.);
#3444=ORIENTED_EDGE('',*,*,#3443,.F.);
#3445=EDGE_LOOP('',(#3428,#3437,#3444));
#3446=FACE_BOUND('',#3445,.T.);
#3447=ADVANCED_FACE('',(#3446),#3418,.F.);
#3448=CARTESIAN_POINT('',(137.6,-230.,34.270831301));
#3449=DIRECTION('',(1.,0.,0.));
#3450=DIRECTION('',(0.,0.,-1.));
#3451=AXIS2_PLACEMENT_3D('',#3448,#3449,#3450);
#3452=PLANE('',#3451);
#3453=ORIENTED_EDGE('',*,*,#2611,.T.);
#3454=CARTESIAN_POINT('',(137.6,-210.,30.));
#3455=VERTEX_POINT('',#3454);
#3456=CARTESIAN_POINT('',(137.6,-210.,30.));
#3457=DIRECTION('',(-0.,-0.,1.));
#3458=VECTOR('',#3457,2.6);
#3459=LINE('',#3456,#3458);
#3460=EDGE_CURVE('',#3455,#2598,#3459,.T.);
#3461=ORIENTED_EDGE('',*,*,#3460,.F.);
#3462=CARTESIAN_POINT('',(137.6,-210.,27.4));
#3463=DIRECTION('',(-0.,-0.,1.));
#3464=VECTOR('',#3463,2.6);
#3465=LINE('',#3462,#3464);
#3466=EDGE_CURVE('',#2542,#3455,#3465,.T.);
#3467=ORIENTED_EDGE('',*,*,#3466,.F.);
#3468=ORIENTED_EDGE('',*,*,#2577,.T.);
#3469=CARTESIAN_POINT('',(137.6,-210.2,25.729168699));
#3470=VERTEX_POINT('',#3469);
#3471=CARTESIAN_POINT('',(137.6,-210.2,27.4));
#3472=DIRECTION('',(0.,0.,-1.));
#3473=VECTOR('',#3472,1.670831301);
#3474=LINE('',#3471,#3473);
#3475=EDGE_CURVE('',#2566,#3470,#3474,.T.);
#3476=ORIENTED_EDGE('',*,*,#3475,.T.);
#3477=CARTESIAN_POINT('',(137.6,-210.4,25.729168699));
#3478=DIRECTION('',(-0.,1.,-0.));
#3479=VECTOR('',#3478,0.2);
#3480=LINE('',#3477,#3479);
#3481=EDGE_CURVE('',#3422,#3470,#3480,.T.);
#3482=ORIENTED_EDGE('',*,*,#3481,.F.);
#3483=ORIENTED_EDGE('',*,*,#3427,.F.);
#3484=CARTESIAN_POINT('',(137.6,-210.2,34.270831301));
#3485=DIRECTION('',(0.,-1.,0.));
#3486=VECTOR('',#3485,0.2);
#3487=LINE('',#3484,#3486);
#3488=EDGE_CURVE('',#3396,#3420,#3487,.T.);
#3489=ORIENTED_EDGE('',*,*,#3488,.F.);
#3490=ORIENTED_EDGE('',*,*,#3401,.T.);
#3491=EDGE_LOOP('',(#3453,#3461,#3467,#3468,#3476,#3482,#3483,#3489,#3490));
#3492=FACE_BOUND('',#3491,.T.);
#3493=ADVANCED_FACE('',(#3492),#3452,.F.);
#3494=CARTESIAN_POINT('',(135.,-210.2,30.));
#3495=DIRECTION('',(0.,1.,0.));
#3496=DIRECTION('',(1.,0.,0.));
#3497=AXIS2_PLACEMENT_3D('',#3494,#3495,#3496);
#3498=PLANE('',#3497);
#3499=ORIENTED_EDGE('',*,*,#2571,.T.);
#3500=ORIENTED_EDGE('',*,*,#3384,.F.);
#3501=CARTESIAN_POINT('',(135.,-210.2,30.));
#3502=DIRECTION('',(-0.,1.,-0.));
#3503=DIRECTION('',(0.,0.,-1.));
#3504=AXIS2_PLACEMENT_3D('',#3501,#3502,#3503);
#3505=CIRCLE('',#3504,5.);
#3506=EDGE_CURVE('',#3470,#3373,#3505,.T.);
#3507=ORIENTED_EDGE('',*,*,#3506,.F.);
#3508=ORIENTED_EDGE('',*,*,#3475,.F.);
#3509=EDGE_LOOP('',(#3499,#3500,#3507,#3508));
#3510=FACE_BOUND('',#3509,.T.);
#3511=ADVANCED_FACE('',(#3510),#3498,.F.);
#3512=CARTESIAN_POINT('',(135.,-230.4,-10.));
#3513=DIRECTION('',(0.,1.,0.));
#3514=DIRECTION('',(1.,0.,0.));
#3515=AXIS2_PLACEMENT_3D('',#3512,#3513,#3514);
#3516=PLANE('',#3515);
#3517=CARTESIAN_POINT('',(132.4,-230.4,-14.270831301));
#3518=VERTEX_POINT('',#3517);
#3519=CARTESIAN_POINT('',(132.4,-230.4,-5.729168699));
#3520=VERTEX_POINT('',#3519);
#3521=CARTESIAN_POINT('',(132.4,-230.4,-14.270831301));
#3522=DIRECTION('',(-0.,-0.,1.));
#3523=VECTOR('',#3522,8.541662602);
#3524=LINE('',#3521,#3523);
#3525=EDGE_CURVE('',#3518,#3520,#3524,.T.);
#3526=ORIENTED_EDGE('',*,*,#3525,.T.);
#3527=CARTESIAN_POINT('',(135.,-230.4,-10.));
#3528=DIRECTION('',(-0.,1.,-0.));
#3529=DIRECTION('',(0.,0.,-1.));
#3530=AXIS2_PLACEMENT_3D('',#3527,#3528,#3529);
#3531=CIRCLE('',#3530,5.);
#3532=EDGE_CURVE('',#3518,#3520,#3531,.T.);
#3533=ORIENTED_EDGE('',*,*,#3532,.F.);
#3534=EDGE_LOOP('',(#3526,#3533));
#3535=FACE_BOUND('',#3534,.T.);
#3536=ADVANCED_FACE('',(#3535),#3516,.F.);
#3537=CARTESIAN_POINT('',(132.4,-230.,-14.270831301));
#3538=DIRECTION('',(-1.,0.,0.));
#3539=DIRECTION('',(0.,0.,1.));
#3540=AXIS2_PLACEMENT_3D('',#3537,#3538,#3539);
#3541=PLANE('',#3540);
#3542=ORIENTED_EDGE('',*,*,#2755,.T.);
#3543=CARTESIAN_POINT('',(132.4,-230.,-10.));
#3544=VERTEX_POINT('',#3543);
#3545=CARTESIAN_POINT('',(132.4,-230.,-10.));
#3546=DIRECTION('',(0.,0.,-1.));
#3547=VECTOR('',#3546,2.6);
#3548=LINE('',#3545,#3547);
#3549=EDGE_CURVE('',#3544,#2742,#3548,.T.);
#3550=ORIENTED_EDGE('',*,*,#3549,.F.);
#3551=CARTESIAN_POINT('',(132.4,-230.,-7.4));
#3552=DIRECTION('',(0.,0.,-1.));
#3553=VECTOR('',#3552,2.6);
#3554=LINE('',#3551,#3553);
#3555=EDGE_CURVE('',#2782,#3544,#3554,.T.);
#3556=ORIENTED_EDGE('',*,*,#3555,.F.);
#3557=ORIENTED_EDGE('',*,*,#2817,.T.);
#3558=CARTESIAN_POINT('',(132.4,-230.2,-5.729168699));
#3559=VERTEX_POINT('',#3558);
#3560=CARTESIAN_POINT('',(132.4,-230.2,-7.4));
#3561=DIRECTION('',(0.,0.,1.));
#3562=VECTOR('',#3561,1.670831301);
#3563=LINE('',#3560,#3562);
#3564=EDGE_CURVE('',#2806,#3559,#3563,.T.);
#3565=ORIENTED_EDGE('',*,*,#3564,.T.);
#3566=CARTESIAN_POINT('',(132.4,-230.4,-5.729168699));
#3567=DIRECTION('',(-0.,1.,-0.));
#3568=VECTOR('',#3567,0.2);
#3569=LINE('',#3566,#3568);
#3570=EDGE_CURVE('',#3520,#3559,#3569,.T.);
#3571=ORIENTED_EDGE('',*,*,#3570,.F.);
#3572=ORIENTED_EDGE('',*,*,#3525,.F.);
#3573=CARTESIAN_POINT('',(132.4,-230.2,-14.270831301));
#3574=VERTEX_POINT('',#3573);
#3575=CARTESIAN_POINT('',(132.4,-230.2,-14.270831301));
#3576=DIRECTION('',(0.,-1.,0.));
#3577=VECTOR('',#3576,0.2);
#3578=LINE('',#3575,#3577);
#3579=EDGE_CURVE('',#3574,#3518,#3578,.T.);
#3580=ORIENTED_EDGE('',*,*,#3579,.F.);
#3581=CARTESIAN_POINT('',(132.4,-230.2,-14.270831301));
#3582=DIRECTION('',(0.,0.,1.));
#3583=VECTOR('',#3582,1.670831301);
#3584=LINE('',#3581,#3583);
#3585=EDGE_CURVE('',#3574,#2750,#3584,.T.);
#3586=ORIENTED_EDGE('',*,*,#3585,.T.);
#3587=EDGE_LOOP('',(#3542,#3550,#3556,#3557,#3565,#3571,#3572,#3580,#3586));
#3588=FACE_BOUND('',#3587,.T.);
#3589=ADVANCED_FACE('',(#3588),#3541,.F.);
#3590=CARTESIAN_POINT('',(135.,-230.2,-10.));
#3591=DIRECTION('',(0.,1.,0.));
#3592=DIRECTION('',(1.,0.,0.));
#3593=AXIS2_PLACEMENT_3D('',#3590,#3591,#3592);
#3594=PLANE('',#3593);
#3595=ORIENTED_EDGE('',*,*,#2811,.T.);
#3596=CARTESIAN_POINT('',(137.6,-230.2,-5.729168699));
#3597=VERTEX_POINT('',#3596);
#3598=CARTESIAN_POINT('',(137.6,-230.2,-5.729168699));
#3599=DIRECTION('',(0.,0.,-1.));
#3600=VECTOR('',#3599,1.670831301);
#3601=LINE('',#3598,#3600);
#3602=EDGE_CURVE('',#3597,#2798,#3601,.T.);
#3603=ORIENTED_EDGE('',*,*,#3602,.F.);
#3604=CARTESIAN_POINT('',(135.,-230.2,-10.));
#3605=DIRECTION('',(-0.,1.,-0.));
#3606=DIRECTION('',(0.,0.,-1.));
#3607=AXIS2_PLACEMENT_3D('',#3604,#3605,#3606);
#3608=CIRCLE('',#3607,5.);
#3609=EDGE_CURVE('',#3559,#3597,#3608,.T.);
#3610=ORIENTED_EDGE('',*,*,#3609,.F.);
#3611=ORIENTED_EDGE('',*,*,#3564,.F.);
#3612=EDGE_LOOP('',(#3595,#3603,#3610,#3611));
#3613=FACE_BOUND('',#3612,.T.);
#3614=ADVANCED_FACE('',(#3613),#3594,.F.);
#3615=CARTESIAN_POINT('',(135.,-230.4,-10.));
#3616=DIRECTION('',(0.,1.,0.));
#3617=DIRECTION('',(1.,0.,0.));
#3618=AXIS2_PLACEMENT_3D('',#3615,#3616,#3617);
#3619=PLANE('',#3618);
#3620=CARTESIAN_POINT('',(137.6,-230.4,-5.729168699));
#3621=VERTEX_POINT('',#3620);
#3622=CARTESIAN_POINT('',(137.6,-230.4,-14.270831301));
#3623=VERTEX_POINT('',#3622);
#3624=CARTESIAN_POINT('',(137.6,-230.4,-5.729168699));
#3625=DIRECTION('',(0.,0.,-1.));
#3626=VECTOR('',#3625,8.541662602);
#3627=LINE('',#3624,#3626);
#3628=EDGE_CURVE('',#3621,#3623,#3627,.T.);
#3629=ORIENTED_EDGE('',*,*,#3628,.T.);
#3630=CARTESIAN_POINT('',(140.,-230.4,-10.));
#3631=VERTEX_POINT('',#3630);
#3632=CARTESIAN_POINT('',(135.,-230.4,-10.));
#3633=DIRECTION('',(-0.,1.,-0.));
#3634=DIRECTION('',(0.,0.,-1.));
#3635=AXIS2_PLACEMENT_3D('',#3632,#3633,#3634);
#3636=CIRCLE('',#3635,5.);
#3637=EDGE_CURVE('',#3631,#3623,#3636,.T.);
#3638=ORIENTED_EDGE('',*,*,#3637,.F.);
#3639=CARTESIAN_POINT('',(135.,-230.4,-10.));
#3640=DIRECTION('',(-0.,1.,-0.));
#3641=DIRECTION('',(0.,0.,-1.));
#3642=AXIS2_PLACEMENT_3D('',#3639,#3640,#3641);
#3643=CIRCLE('',#3642,5.);
#3644=EDGE_CURVE('',#3621,#3631,#3643,.T.);
#3645=ORIENTED_EDGE('',*,*,#3644,.F.);
#3646=EDGE_LOOP('',(#3629,#3638,#3645));
#3647=FACE_BOUND('',#3646,.T.);
#3648=ADVANCED_FACE('',(#3647),#3619,.F.);
#3649=CARTESIAN_POINT('',(137.6,-230.,-5.729168699));
#3650=DIRECTION('',(1.,0.,0.));
#3651=DIRECTION('',(0.,0.,-1.));
#3652=AXIS2_PLACEMENT_3D('',#3649,#3650,#3651);
#3653=PLANE('',#3652);
#3654=ORIENTED_EDGE('',*,*,#2803,.T.);
#3655=CARTESIAN_POINT('',(137.6,-230.,-10.));
#3656=VERTEX_POINT('',#3655);
#3657=CARTESIAN_POINT('',(137.6,-230.,-10.));
#3658=DIRECTION('',(-0.,-0.,1.));
#3659=VECTOR('',#3658,2.6);
#3660=LINE('',#3657,#3659);
#3661=EDGE_CURVE('',#3656,#2790,#3660,.T.);
#3662=ORIENTED_EDGE('',*,*,#3661,.F.);
#3663=CARTESIAN_POINT('',(137.6,-230.,-12.6));
#3664=DIRECTION('',(-0.,-0.,1.));
#3665=VECTOR('',#3664,2.6);
#3666=LINE('',#3663,#3665);
#3667=EDGE_CURVE('',#2734,#3656,#3666,.T.);
#3668=ORIENTED_EDGE('',*,*,#3667,.F.);
#3669=ORIENTED_EDGE('',*,*,#2769,.T.);
#3670=CARTESIAN_POINT('',(137.6,-230.2,-14.270831301));
#3671=VERTEX_POINT('',#3670);
#3672=CARTESIAN_POINT('',(137.6,-230.2,-12.6));
#3673=DIRECTION('',(0.,0.,-1.));
#3674=VECTOR('',#3673,1.670831301);
#3675=LINE('',#3672,#3674);
#3676=EDGE_CURVE('',#2758,#3671,#3675,.T.);
#3677=ORIENTED_EDGE('',*,*,#3676,.T.);
#3678=CARTESIAN_POINT('',(137.6,-230.4,-14.270831301));
#3679=DIRECTION('',(-0.,1.,-0.));
#3680=VECTOR('',#3679,0.2);
#3681=LINE('',#3678,#3680);
#3682=EDGE_CURVE('',#3623,#3671,#3681,.T.);
#3683=ORIENTED_EDGE('',*,*,#3682,.F.);
#3684=ORIENTED_EDGE('',*,*,#3628,.F.);
#3685=CARTESIAN_POINT('',(137.6,-230.2,-5.729168699));
#3686=DIRECTION('',(0.,-1.,0.));
#3687=VECTOR('',#3686,0.2);
#3688=LINE('',#3685,#3687);
#3689=EDGE_CURVE('',#3597,#3621,#3688,.T.);
#3690=ORIENTED_EDGE('',*,*,#3689,.F.);
#3691=ORIENTED_EDGE('',*,*,#3602,.T.);
#3692=EDGE_LOOP('',(#3654,#3662,#3668,#3669,#3677,#3683,#3684,#3690,#3691));
#3693=FACE_BOUND('',#3692,.T.);
#3694=ADVANCED_FACE('',(#3693),#3653,.F.);
#3695=CARTESIAN_POINT('',(135.,-230.2,-10.));
#3696=DIRECTION('',(0.,1.,0.));
#3697=DIRECTION('',(1.,0.,0.));
#3698=AXIS2_PLACEMENT_3D('',#3695,#3696,#3697);
#3699=PLANE('',#3698);
#3700=ORIENTED_EDGE('',*,*,#2763,.T.);
#3701=ORIENTED_EDGE('',*,*,#3585,.F.);
#3702=CARTESIAN_POINT('',(135.,-230.2,-10.));
#3703=DIRECTION('',(-0.,1.,-0.));
#3704=DIRECTION('',(0.,0.,-1.));
#3705=AXIS2_PLACEMENT_3D('',#3702,#3703,#3704);
#3706=CIRCLE('',#3705,5.);
#3707=EDGE_CURVE('',#3671,#3574,#3706,.T.);
#3708=ORIENTED_EDGE('',*,*,#3707,.F.);
#3709=ORIENTED_EDGE('',*,*,#3676,.F.);
#3710=EDGE_LOOP('',(#3700,#3701,#3708,#3709));
#3711=FACE_BOUND('',#3710,.T.);
#3712=ADVANCED_FACE('',(#3711),#3699,.F.);
#3713=CARTESIAN_POINT('',(105.,-230.4,-30.));
#3714=DIRECTION('',(0.,1.,0.));
#3715=DIRECTION('',(1.,0.,0.));
#3716=AXIS2_PLACEMENT_3D('',#3713,#3714,#3715);
#3717=PLANE('',#3716);
#3718=CARTESIAN_POINT('',(102.4,-230.4,-34.270831301));
#3719=VERTEX_POINT('',#3718);
#3720=CARTESIAN_POINT('',(102.4,-230.4,-25.729168699));
#3721=VERTEX_POINT('',#3720);
#3722=CARTESIAN_POINT('',(102.4,-230.4,-34.270831301));
#3723=DIRECTION('',(-0.,-0.,1.));
#3724=VECTOR('',#3723,8.541662602);
#3725=LINE('',#3722,#3724);
#3726=EDGE_CURVE('',#3719,#3721,#3725,.T.);
#3727=ORIENTED_EDGE('',*,*,#3726,.T.);
#3728=CARTESIAN_POINT('',(105.,-230.4,-30.));
#3729=DIRECTION('',(-0.,1.,-0.));
#3730=DIRECTION('',(0.,0.,-1.));
#3731=AXIS2_PLACEMENT_3D('',#3728,#3729,#3730);
#3732=CIRCLE('',#3731,5.);
#3733=EDGE_CURVE('',#3719,#3721,#3732,.T.);
#3734=ORIENTED_EDGE('',*,*,#3733,.F.);
#3735=EDGE_LOOP('',(#3727,#3734));
#3736=FACE_BOUND('',#3735,.T.);
#3737=ADVANCED_FACE('',(#3736),#3717,.F.);
#3738=CARTESIAN_POINT('',(102.4,-230.,-34.270831301));
#3739=DIRECTION('',(-1.,0.,0.));
#3740=DIRECTION('',(0.,0.,1.));
#3741=AXIS2_PLACEMENT_3D('',#3738,#3739,#3740);
#3742=PLANE('',#3741);
#3743=ORIENTED_EDGE('',*,*,#2851,.T.);
#3744=CARTESIAN_POINT('',(102.4,-230.,-30.));
#3745=VERTEX_POINT('',#3744);
#3746=CARTESIAN_POINT('',(102.4,-230.,-30.));
#3747=DIRECTION('',(0.,0.,-1.));
#3748=VECTOR('',#3747,2.6);
#3749=LINE('',#3746,#3748);
#3750=EDGE_CURVE('',#3745,#2838,#3749,.T.);
#3751=ORIENTED_EDGE('',*,*,#3750,.F.);
#3752=CARTESIAN_POINT('',(102.4,-230.,-27.4));
#3753=DIRECTION('',(0.,0.,-1.));
#3754=VECTOR('',#3753,2.6);
#3755=LINE('',#3752,#3754);
#3756=EDGE_CURVE('',#2878,#3745,#3755,.T.);
#3757=ORIENTED_EDGE('',*,*,#3756,.F.);
#3758=ORIENTED_EDGE('',*,*,#2913,.T.);
#3759=CARTESIAN_POINT('',(102.4,-230.2,-25.729168699));
#3760=VERTEX_POINT('',#3759);
#3761=CARTESIAN_POINT('',(102.4,-230.2,-27.4));
#3762=DIRECTION('',(0.,0.,1.));
#3763=VECTOR('',#3762,1.670831301);
#3764=LINE('',#3761,#3763);
#3765=EDGE_CURVE('',#2902,#3760,#3764,.T.);
#3766=ORIENTED_EDGE('',*,*,#3765,.T.);
#3767=CARTESIAN_POINT('',(102.4,-230.4,-25.729168699));
#3768=DIRECTION('',(-0.,1.,-0.));
#3769=VECTOR('',#3768,0.2);
#3770=LINE('',#3767,#3769);
#3771=EDGE_CURVE('',#3721,#3760,#3770,.T.);
#3772=ORIENTED_EDGE('',*,*,#3771,.F.);
#3773=ORIENTED_EDGE('',*,*,#3726,.F.);
#3774=CARTESIAN_POINT('',(102.4,-230.2,-34.270831301));
#3775=VERTEX_POINT('',#3774);
#3776=CARTESIAN_POINT('',(102.4,-230.2,-34.270831301));
#3777=DIRECTION('',(0.,-1.,0.));
#3778=VECTOR('',#3777,0.2);
#3779=LINE('',#3776,#3778);
#3780=EDGE_CURVE('',#3775,#3719,#3779,.T.);
#3781=ORIENTED_EDGE('',*,*,#3780,.F.);
#3782=CARTESIAN_POINT('',(102.4,-230.2,-34.270831301));
#3783=DIRECTION('',(0.,0.,1.));
#3784=VECTOR('',#3783,1.670831301);
#3785=LINE('',#3782,#3784);
#3786=EDGE_CURVE('',#3775,#2846,#3785,.T.);
#3787=ORIENTED_EDGE('',*,*,#3786,.T.);
#3788=EDGE_LOOP('',(#3743,#3751,#3757,#3758,#3766,#3772,#3773,#3781,#3787));
#3789=FACE_BOUND('',#3788,.T.);
#3790=ADVANCED_FACE('',(#3789),#3742,.F.);
#3791=CARTESIAN_POINT('',(105.,-230.2,-30.));
#3792=DIRECTION('',(0.,1.,0.));
#3793=DIRECTION('',(1.,0.,0.));
#3794=AXIS2_PLACEMENT_3D('',#3791,#3792,#3793);
#3795=PLANE('',#3794);
#3796=ORIENTED_EDGE('',*,*,#2907,.T.);
#3797=CARTESIAN_POINT('',(107.6,-230.2,-25.729168699));
#3798=VERTEX_POINT('',#3797);
#3799=CARTESIAN_POINT('',(107.6,-230.2,-25.729168699));
#3800=DIRECTION('',(0.,0.,-1.));
#3801=VECTOR('',#3800,1.670831301);
#3802=LINE('',#3799,#3801);
#3803=EDGE_CURVE('',#3798,#2894,#3802,.T.);
#3804=ORIENTED_EDGE('',*,*,#3803,.F.);
#3805=CARTESIAN_POINT('',(105.,-230.2,-30.));
#3806=DIRECTION('',(-0.,1.,-0.));
#3807=DIRECTION('',(0.,0.,-1.));
#3808=AXIS2_PLACEMENT_3D('',#3805,#3806,#3807);
#3809=CIRCLE('',#3808,5.);
#3810=EDGE_CURVE('',#3760,#3798,#3809,.T.);
#3811=ORIENTED_EDGE('',*,*,#3810,.F.);
#3812=ORIENTED_EDGE('',*,*,#3765,.F.);
#3813=EDGE_LOOP('',(#3796,#3804,#3811,#3812));
#3814=FACE_BOUND('',#3813,.T.);
#3815=ADVANCED_FACE('',(#3814),#3795,.F.);
#3816=CARTESIAN_POINT('',(105.,-230.4,-30.));
#3817=DIRECTION('',(0.,1.,0.));
#3818=DIRECTION('',(1.,0.,0.));
#3819=AXIS2_PLACEMENT_3D('',#3816,#3817,#3818);
#3820=PLANE('',#3819);
#3821=CARTESIAN_POINT('',(107.6,-230.4,-25.729168699));
#3822=VERTEX_POINT('',#3821);
#3823=CARTESIAN_POINT('',(107.6,-230.4,-34.270831301));
#3824=VERTEX_POINT('',#3823);
#3825=CARTESIAN_POINT('',(107.6,-230.4,-25.729168699));
#3826=DIRECTION('',(0.,0.,-1.));
#3827=VECTOR('',#3826,8.541662602);
#3828=LINE('',#3825,#3827);
#3829=EDGE_CURVE('',#3822,#3824,#3828,.T.);
#3830=ORIENTED_EDGE('',*,*,#3829,.T.);
#3831=CARTESIAN_POINT('',(110.,-230.4,-30.));
#3832=VERTEX_POINT('',#3831);
#3833=CARTESIAN_POINT('',(105.,-230.4,-30.));
#3834=DIRECTION('',(-0.,1.,-0.));
#3835=DIRECTION('',(0.,0.,-1.));
#3836=AXIS2_PLACEMENT_3D('',#3833,#3834,#3835);
#3837=CIRCLE('',#3836,5.);
#3838=EDGE_CURVE('',#3832,#3824,#3837,.T.);
#3839=ORIENTED_EDGE('',*,*,#3838,.F.);
#3840=CARTESIAN_POINT('',(105.,-230.4,-30.));
#3841=DIRECTION('',(-0.,1.,-0.));
#3842=DIRECTION('',(0.,0.,-1.));
#3843=AXIS2_PLACEMENT_3D('',#3840,#3841,#3842);
#3844=CIRCLE('',#3843,5.);
#3845=EDGE_CURVE('',#3822,#3832,#3844,.T.);
#3846=ORIENTED_EDGE('',*,*,#3845,.F.);
#3847=EDGE_LOOP('',(#3830,#3839,#3846));
#3848=FACE_BOUND('',#3847,.T.);
#3849=ADVANCED_FACE('',(#3848),#3820,.F.);
#3850=CARTESIAN_POINT('',(107.6,-230.,-25.729168699));
#3851=DIRECTION('',(1.,0.,0.));
#3852=DIRECTION('',(0.,0.,-1.));
#3853=AXIS2_PLACEMENT_3D('',#3850,#3851,#3852);
#3854=PLANE('',#3853);
#3855=ORIENTED_EDGE('',*,*,#2899,.T.);
#3856=CARTESIAN_POINT('',(107.6,-230.,-30.));
#3857=VERTEX_POINT('',#3856);
#3858=CARTESIAN_POINT('',(107.6,-230.,-30.));
#3859=DIRECTION('',(-0.,-0.,1.));
#3860=VECTOR('',#3859,2.6);
#3861=LINE('',#3858,#3860);
#3862=EDGE_CURVE('',#3857,#2886,#3861,.T.);
#3863=ORIENTED_EDGE('',*,*,#3862,.F.);
#3864=CARTESIAN_POINT('',(107.6,-230.,-32.6));
#3865=DIRECTION('',(-0.,-0.,1.));
#3866=VECTOR('',#3865,2.6);
#3867=LINE('',#3864,#3866);
#3868=EDGE_CURVE('',#2830,#3857,#3867,.T.);
#3869=ORIENTED_EDGE('',*,*,#3868,.F.);
#3870=ORIENTED_EDGE('',*,*,#2865,.T.);
#3871=CARTESIAN_POINT('',(107.6,-230.2,-34.270831301));
#3872=VERTEX_POINT('',#3871);
#3873=CARTESIAN_POINT('',(107.6,-230.2,-32.6));
#3874=DIRECTION('',(0.,0.,-1.));
#3875=VECTOR('',#3874,1.670831301);
#3876=LINE('',#3873,#3875);
#3877=EDGE_CURVE('',#2854,#3872,#3876,.T.);
#3878=ORIENTED_EDGE('',*,*,#3877,.T.);
#3879=CARTESIAN_POINT('',(107.6,-230.4,-34.270831301));
#3880=DIRECTION('',(-0.,1.,-0.));
#3881=VECTOR('',#3880,0.2);
#3882=LINE('',#3879,#3881);
#3883=EDGE_CURVE('',#3824,#3872,#3882,.T.);
#3884=ORIENTED_EDGE('',*,*,#3883,.F.);
#3885=ORIENTED_EDGE('',*,*,#3829,.F.);
#3886=CARTESIAN_POINT('',(107.6,-230.2,-25.729168699));
#3887=DIRECTION('',(0.,-1.,0.));
#3888=VECTOR('',#3887,0.2);
#3889=LINE('',#3886,#3888);
#3890=EDGE_CURVE('',#3798,#3822,#3889,.T.);
#3891=ORIENTED_EDGE('',*,*,#3890,.F.);
#3892=ORIENTED_EDGE('',*,*,#3803,.T.);
#3893=EDGE_LOOP('',(#3855,#3863,#3869,#3870,#3878,#3884,#3885,#3891,#3892));
#3894=FACE_BOUND('',#3893,.T.);
#3895=ADVANCED_FACE('',(#3894),#3854,.F.);
#3896=CARTESIAN_POINT('',(105.,-230.2,-30.));
#3897=DIRECTION('',(0.,1.,0.));
#3898=DIRECTION('',(1.,0.,0.));
#3899=AXIS2_PLACEMENT_3D('',#3896,#3897,#3898);
#3900=PLANE('',#3899);
#3901=ORIENTED_EDGE('',*,*,#2859,.T.);
#3902=ORIENTED_EDGE('',*,*,#3786,.F.);
#3903=CARTESIAN_POINT('',(105.,-230.2,-30.));
#3904=DIRECTION('',(-0.,1.,-0.));
#3905=DIRECTION('',(0.,0.,-1.));
#3906=AXIS2_PLACEMENT_3D('',#3903,#3904,#3905);
#3907=CIRCLE('',#3906,5.);
#3908=EDGE_CURVE('',#3872,#3775,#3907,.T.);
#3909=ORIENTED_EDGE('',*,*,#3908,.F.);
#3910=ORIENTED_EDGE('',*,*,#3877,.F.);
#3911=EDGE_LOOP('',(#3901,#3902,#3909,#3910));
#3912=FACE_BOUND('',#3911,.T.);
#3913=ADVANCED_FACE('',(#3912),#3900,.F.);
#3914=CARTESIAN_POINT('',(105.,-230.4,-10.));
#3915=DIRECTION('',(0.,1.,0.));
#3916=DIRECTION('',(1.,0.,0.));
#3917=AXIS2_PLACEMENT_3D('',#3914,#3915,#3916);
#3918=PLANE('',#3917);
#3919=CARTESIAN_POINT('',(107.6,-230.4,-5.729168699));
#3920=VERTEX_POINT('',#3919);
#3921=CARTESIAN_POINT('',(107.6,-230.4,-14.270831301));
#3922=VERTEX_POINT('',#3921);
#3923=CARTESIAN_POINT('',(107.6,-230.4,-5.729168699));
#3924=DIRECTION('',(0.,0.,-1.));
#3925=VECTOR('',#3924,8.541662602);
#3926=LINE('',#3923,#3925);
#3927=EDGE_CURVE('',#3920,#3922,#3926,.T.);
#3928=ORIENTED_EDGE('',*,*,#3927,.T.);
#3929=CARTESIAN_POINT('',(110.,-230.4,-10.));
#3930=VERTEX_POINT('',#3929);
#3931=CARTESIAN_POINT('',(105.,-230.4,-10.));
#3932=DIRECTION('',(-0.,1.,-0.));
#3933=DIRECTION('',(0.,0.,-1.));
#3934=AXIS2_PLACEMENT_3D('',#3931,#3932,#3933);
#3935=CIRCLE('',#3934,5.);
#3936=EDGE_CURVE('',#3930,#3922,#3935,.T.);
#3937=ORIENTED_EDGE('',*,*,#3936,.F.);
#3938=CARTESIAN_POINT('',(105.,-230.4,-10.));
#3939=DIRECTION('',(-0.,1.,-0.));
#3940=DIRECTION('',(0.,0.,-1.));
#3941=AXIS2_PLACEMENT_3D('',#3938,#3939,#3940);
#3942=CIRCLE('',#3941,5.);
#3943=EDGE_CURVE('',#3920,#3930,#3942,.T.);
#3944=ORIENTED_EDGE('',*,*,#3943,.F.);
#3945=EDGE_LOOP('',(#3928,#3937,#3944));
#3946=FACE_BOUND('',#3945,.T.);
#3947=ADVANCED_FACE('',(#3946),#3918,.F.);
#3948=CARTESIAN_POINT('',(107.6,-230.,-5.729168699));
#3949=DIRECTION('',(1.,0.,0.));
#3950=DIRECTION('',(0.,0.,-1.));
#3951=AXIS2_PLACEMENT_3D('',#3948,#3949,#3950);
#3952=PLANE('',#3951);
#3953=ORIENTED_EDGE('',*,*,#3091,.T.);
#3954=CARTESIAN_POINT('',(107.6,-230.,-10.));
#3955=VERTEX_POINT('',#3954);
#3956=CARTESIAN_POINT('',(107.6,-230.,-10.));
#3957=DIRECTION('',(-0.,-0.,1.));
#3958=VECTOR('',#3957,2.6);
#3959=LINE('',#3956,#3958);
#3960=EDGE_CURVE('',#3955,#3078,#3959,.T.);
#3961=ORIENTED_EDGE('',*,*,#3960,.F.);
#3962=CARTESIAN_POINT('',(107.6,-230.,-12.6));
#3963=DIRECTION('',(-0.,-0.,1.));
#3964=VECTOR('',#3963,2.6);
#3965=LINE('',#3962,#3964);
#3966=EDGE_CURVE('',#3022,#3955,#3965,.T.);
#3967=ORIENTED_EDGE('',*,*,#3966,.F.);
#3968=ORIENTED_EDGE('',*,*,#3057,.T.);
#3969=CARTESIAN_POINT('',(107.6,-230.2,-14.270831301));
#3970=VERTEX_POINT('',#3969);
#3971=CARTESIAN_POINT('',(107.6,-230.2,-12.6));
#3972=DIRECTION('',(0.,0.,-1.));
#3973=VECTOR('',#3972,1.670831301);
#3974=LINE('',#3971,#3973);
#3975=EDGE_CURVE('',#3046,#3970,#3974,.T.);
#3976=ORIENTED_EDGE('',*,*,#3975,.T.);
#3977=CARTESIAN_POINT('',(107.6,-230.4,-14.270831301));
#3978=DIRECTION('',(-0.,1.,-0.));
#3979=VECTOR('',#3978,0.2);
#3980=LINE('',#3977,#3979);
#3981=EDGE_CURVE('',#3922,#3970,#3980,.T.);
#3982=ORIENTED_EDGE('',*,*,#3981,.F.);
#3983=ORIENTED_EDGE('',*,*,#3927,.F.);
#3984=CARTESIAN_POINT('',(107.6,-230.2,-5.729168699));
#3985=VERTEX_POINT('',#3984);
#3986=CARTESIAN_POINT('',(107.6,-230.2,-5.729168699));
#3987=DIRECTION('',(0.,-1.,0.));
#3988=VECTOR('',#3987,0.2);
#3989=LINE('',#3986,#3988);
#3990=EDGE_CURVE('',#3985,#3920,#3989,.T.);
#3991=ORIENTED_EDGE('',*,*,#3990,.F.);
#3992=CARTESIAN_POINT('',(107.6,-230.2,-5.729168699));
#3993=DIRECTION('',(0.,0.,-1.));
#3994=VECTOR('',#3993,1.670831301);
#3995=LINE('',#3992,#3994);
#3996=EDGE_CURVE('',#3985,#3086,#3995,.T.);
#3997=ORIENTED_EDGE('',*,*,#3996,.T.);
#3998=EDGE_LOOP('',(#3953,#3961,#3967,#3968,#3976,#3982,#3983,#3991,#3997));
#3999=FACE_BOUND('',#3998,.T.);
#4000=ADVANCED_FACE('',(#3999),#3952,.F.);
#4001=CARTESIAN_POINT('',(105.,-230.2,-10.));
#4002=DIRECTION('',(0.,1.,0.));
#4003=DIRECTION('',(1.,0.,0.));
#4004=AXIS2_PLACEMENT_3D('',#4001,#4002,#4003);
#4005=PLANE('',#4004);
#4006=ORIENTED_EDGE('',*,*,#3051,.T.);
#4007=CARTESIAN_POINT('',(102.4,-230.2,-14.270831301));
#4008=VERTEX_POINT('',#4007);
#4009=CARTESIAN_POINT('',(102.4,-230.2,-14.270831301));
#4010=DIRECTION('',(0.,0.,1.));
#4011=VECTOR('',#4010,1.670831301);
#4012=LINE('',#4009,#4011);
#4013=EDGE_CURVE('',#4008,#3038,#4012,.T.);
#4014=ORIENTED_EDGE('',*,*,#4013,.F.);
#4015=CARTESIAN_POINT('',(105.,-230.2,-10.));
#4016=DIRECTION('',(-0.,1.,-0.));
#4017=DIRECTION('',(0.,0.,-1.));
#4018=AXIS2_PLACEMENT_3D('',#4015,#4016,#4017);
#4019=CIRCLE('',#4018,5.);
#4020=EDGE_CURVE('',#3970,#4008,#4019,.T.);
#4021=ORIENTED_EDGE('',*,*,#4020,.F.);
#4022=ORIENTED_EDGE('',*,*,#3975,.F.);
#4023=EDGE_LOOP('',(#4006,#4014,#4021,#4022));
#4024=FACE_BOUND('',#4023,.T.);
#4025=ADVANCED_FACE('',(#4024),#4005,.F.);
#4026=CARTESIAN_POINT('',(105.,-230.4,-10.));
#4027=DIRECTION('',(0.,1.,0.));
#4028=DIRECTION('',(1.,0.,0.));
#4029=AXIS2_PLACEMENT_3D('',#4026,#4027,#4028);
#4030=PLANE('',#4029);
#4031=CARTESIAN_POINT('',(102.4,-230.4,-14.270831301));
#4032=VERTEX_POINT('',#4031);
#4033=CARTESIAN_POINT('',(102.4,-230.4,-5.729168699));
#4034=VERTEX_POINT('',#4033);
#4035=CARTESIAN_POINT('',(102.4,-230.4,-14.270831301));
#4036=DIRECTION('',(-0.,-0.,1.));
#4037=VECTOR('',#4036,8.541662602);
#4038=LINE('',#4035,#4037);
#4039=EDGE_CURVE('',#4032,#4034,#4038,.T.);
#4040=ORIENTED_EDGE('',*,*,#4039,.T.);
#4041=CARTESIAN_POINT('',(105.,-230.4,-10.));
#4042=DIRECTION('',(-0.,1.,-0.));
#4043=DIRECTION('',(0.,0.,-1.));
#4044=AXIS2_PLACEMENT_3D('',#4041,#4042,#4043);
#4045=CIRCLE('',#4044,5.);
#4046=EDGE_CURVE('',#4032,#4034,#4045,.T.);
#4047=ORIENTED_EDGE('',*,*,#4046,.F.);
#4048=EDGE_LOOP('',(#4040,#4047));
#4049=FACE_BOUND('',#4048,.T.);
#4050=ADVANCED_FACE('',(#4049),#4030,.F.);
#4051=CARTESIAN_POINT('',(102.4,-230.,-14.270831301));
#4052=DIRECTION('',(-1.,0.,0.));
#4053=DIRECTION('',(0.,0.,1.));
#4054=AXIS2_PLACEMENT_3D('',#4051,#4052,#4053);
#4055=PLANE('',#4054);
#4056=ORIENTED_EDGE('',*,*,#3043,.T.);
#4057=CARTESIAN_POINT('',(102.4,-230.,-10.));
#4058=VERTEX_POINT('',#4057);
#4059=CARTESIAN_POINT('',(102.4,-230.,-10.));
#4060=DIRECTION('',(0.,0.,-1.));
#4061=VECTOR('',#4060,2.6);
#4062=LINE('',#4059,#4061);
#4063=EDGE_CURVE('',#4058,#3030,#4062,.T.);
#4064=ORIENTED_EDGE('',*,*,#4063,.F.);
#4065=CARTESIAN_POINT('',(102.4,-230.,-7.4));
#4066=DIRECTION('',(0.,0.,-1.));
#4067=VECTOR('',#4066,2.6);
#4068=LINE('',#4065,#4067);
#4069=EDGE_CURVE('',#3070,#4058,#4068,.T.);
#4070=ORIENTED_EDGE('',*,*,#4069,.F.);
#4071=ORIENTED_EDGE('',*,*,#3105,.T.);
#4072=CARTESIAN_POINT('',(102.4,-230.2,-5.729168699));
#4073=VERTEX_POINT('',#4072);
#4074=CARTESIAN_POINT('',(102.4,-230.2,-7.4));
#4075=DIRECTION('',(0.,0.,1.));
#4076=VECTOR('',#4075,1.670831301);
#4077=LINE('',#4074,#4076);
#4078=EDGE_CURVE('',#3094,#4073,#4077,.T.);
#4079=ORIENTED_EDGE('',*,*,#4078,.T.);
#4080=CARTESIAN_POINT('',(102.4,-230.4,-5.729168699));
#4081=DIRECTION('',(-0.,1.,-0.));
#4082=VECTOR('',#4081,0.2);
#4083=LINE('',#4080,#4082);
#4084=EDGE_CURVE('',#4034,#4073,#4083,.T.);
#4085=ORIENTED_EDGE('',*,*,#4084,.F.);
#4086=ORIENTED_EDGE('',*,*,#4039,.F.);
#4087=CARTESIAN_POINT('',(102.4,-230.2,-14.270831301));
#4088=DIRECTION('',(0.,-1.,0.));
#4089=VECTOR('',#4088,0.2);
#4090=LINE('',#4087,#4089);
#4091=EDGE_CURVE('',#4008,#4032,#4090,.T.);
#4092=ORIENTED_EDGE('',*,*,#4091,.F.);
#4093=ORIENTED_EDGE('',*,*,#4013,.T.);
#4094=EDGE_LOOP('',(#4056,#4064,#4070,#4071,#4079,#4085,#4086,#4092,#4093));
#4095=FACE_BOUND('',#4094,.T.);
#4096=ADVANCED_FACE('',(#4095),#4055,.F.);
#4097=CARTESIAN_POINT('',(105.,-230.2,-10.));
#4098=DIRECTION('',(0.,1.,0.));
#4099=DIRECTION('',(1.,0.,0.));
#4100=AXIS2_PLACEMENT_3D('',#4097,#4098,#4099);
#4101=PLANE('',#4100);
#4102=ORIENTED_EDGE('',*,*,#3099,.T.);
#4103=ORIENTED_EDGE('',*,*,#3996,.F.);
#4104=CARTESIAN_POINT('',(105.,-230.2,-10.));
#4105=DIRECTION('',(-0.,1.,-0.));
#4106=DIRECTION('',(0.,0.,-1.));
#4107=AXIS2_PLACEMENT_3D('',#4104,#4105,#4106);
#4108=CIRCLE('',#4107,5.);
#4109=EDGE_CURVE('',#4073,#3985,#4108,.T.);
#4110=ORIENTED_EDGE('',*,*,#4109,.F.);
#4111=ORIENTED_EDGE('',*,*,#4078,.F.);
#4112=EDGE_LOOP('',(#4102,#4103,#4110,#4111));
#4113=FACE_BOUND('',#4112,.T.);
#4114=ADVANCED_FACE('',(#4113),#4101,.F.);
#4115=CARTESIAN_POINT('',(135.,-210.4,10.));
#4116=DIRECTION('',(0.,1.,0.));
#4117=DIRECTION('',(1.,0.,0.));
#4118=AXIS2_PLACEMENT_3D('',#4115,#4116,#4117);
#4119=PLANE('',#4118);
#4120=CARTESIAN_POINT('',(137.6,-210.4,14.270831301));
#4121=VERTEX_POINT('',#4120);
#4122=CARTESIAN_POINT('',(137.6,-210.4,5.729168699));
#4123=VERTEX_POINT('',#4122);
#4124=CARTESIAN_POINT('',(137.6,-210.4,14.270831301));
#4125=DIRECTION('',(0.,0.,-1.));
#4126=VECTOR('',#4125,8.541662602);
#4127=LINE('',#4124,#4126);
#4128=EDGE_CURVE('',#4121,#4123,#4127,.T.);
#4129=ORIENTED_EDGE('',*,*,#4128,.T.);
#4130=CARTESIAN_POINT('',(140.,-210.4,10.));
#4131=VERTEX_POINT('',#4130);
#4132=CARTESIAN_POINT('',(135.,-210.4,10.));
#4133=DIRECTION('',(-0.,1.,-0.));
#4134=DIRECTION('',(0.,0.,-1.));
#4135=AXIS2_PLACEMENT_3D('',#4132,#4133,#4134);
#4136=CIRCLE('',#4135,5.);
#4137=EDGE_CURVE('',#4131,#4123,#4136,.T.);
#4138=ORIENTED_EDGE('',*,*,#4137,.F.);
#4139=CARTESIAN_POINT('',(135.,-210.4,10.));
#4140=DIRECTION('',(-0.,1.,-0.));
#4141=DIRECTION('',(0.,0.,-1.));
#4142=AXIS2_PLACEMENT_3D('',#4139,#4140,#4141);
#4143=CIRCLE('',#4142,5.);
#4144=EDGE_CURVE('',#4121,#4131,#4143,.T.);
#4145=ORIENTED_EDGE('',*,*,#4144,.F.);
#4146=EDGE_LOOP('',(#4129,#4138,#4145));
#4147=FACE_BOUND('',#4146,.T.);
#4148=ADVANCED_FACE('',(#4147),#4119,.F.);
#4149=CARTESIAN_POINT('',(137.6,-230.,14.270831301));
#4150=DIRECTION('',(1.,0.,0.));
#4151=DIRECTION('',(0.,0.,-1.));
#4152=AXIS2_PLACEMENT_3D('',#4149,#4150,#4151);
#4153=PLANE('',#4152);
#4154=ORIENTED_EDGE('',*,*,#2707,.T.);
#4155=CARTESIAN_POINT('',(137.6,-210.,10.));
#4156=VERTEX_POINT('',#4155);
#4157=CARTESIAN_POINT('',(137.6,-210.,10.));
#4158=DIRECTION('',(-0.,-0.,1.));
#4159=VECTOR('',#4158,2.6);
#4160=LINE('',#4157,#4159);
#4161=EDGE_CURVE('',#4156,#2694,#4160,.T.);
#4162=ORIENTED_EDGE('',*,*,#4161,.F.);
#4163=CARTESIAN_POINT('',(137.6,-210.,7.4));
#4164=DIRECTION('',(-0.,-0.,1.));
#4165=VECTOR('',#4164,2.6);
#4166=LINE('',#4163,#4165);
#4167=EDGE_CURVE('',#2638,#4156,#4166,.T.);
#4168=ORIENTED_EDGE('',*,*,#4167,.F.);
#4169=ORIENTED_EDGE('',*,*,#2673,.T.);
#4170=CARTESIAN_POINT('',(137.6,-210.2,5.729168699));
#4171=VERTEX_POINT('',#4170);
#4172=CARTESIAN_POINT('',(137.6,-210.2,7.4));
#4173=DIRECTION('',(0.,0.,-1.));
#4174=VECTOR('',#4173,1.670831301);
#4175=LINE('',#4172,#4174);
#4176=EDGE_CURVE('',#2662,#4171,#4175,.T.);
#4177=ORIENTED_EDGE('',*,*,#4176,.T.);
#4178=CARTESIAN_POINT('',(137.6,-210.4,5.729168699));
#4179=DIRECTION('',(-0.,1.,-0.));
#4180=VECTOR('',#4179,0.2);
#4181=LINE('',#4178,#4180);
#4182=EDGE_CURVE('',#4123,#4171,#4181,.T.);
#4183=ORIENTED_EDGE('',*,*,#4182,.F.);
#4184=ORIENTED_EDGE('',*,*,#4128,.F.);
#4185=CARTESIAN_POINT('',(137.6,-210.2,14.270831301));
#4186=VERTEX_POINT('',#4185);
#4187=CARTESIAN_POINT('',(137.6,-210.2,14.270831301));
#4188=DIRECTION('',(0.,-1.,0.));
#4189=VECTOR('',#4188,0.2);
#4190=LINE('',#4187,#4189);
#4191=EDGE_CURVE('',#4186,#4121,#4190,.T.);
#4192=ORIENTED_EDGE('',*,*,#4191,.F.);
#4193=CARTESIAN_POINT('',(137.6,-210.2,14.270831301));
#4194=DIRECTION('',(0.,0.,-1.));
#4195=VECTOR('',#4194,1.670831301);
#4196=LINE('',#4193,#4195);
#4197=EDGE_CURVE('',#4186,#2702,#4196,.T.);
#4198=ORIENTED_EDGE('',*,*,#4197,.T.);
#4199=EDGE_LOOP('',(#4154,#4162,#4168,#4169,#4177,#4183,#4184,#4192,#4198));
#4200=FACE_BOUND('',#4199,.T.);
#4201=ADVANCED_FACE('',(#4200),#4153,.F.);
#4202=CARTESIAN_POINT('',(135.,-210.2,10.));
#4203=DIRECTION('',(0.,1.,0.));
#4204=DIRECTION('',(1.,0.,0.));
#4205=AXIS2_PLACEMENT_3D('',#4202,#4203,#4204);
#4206=PLANE('',#4205);
#4207=ORIENTED_EDGE('',*,*,#2667,.T.);
#4208=CARTESIAN_POINT('',(132.4,-210.2,5.729168699));
#4209=VERTEX_POINT('',#4208);
#4210=CARTESIAN_POINT('',(132.4,-210.2,5.729168699));
#4211=DIRECTION('',(0.,0.,1.));
#4212=VECTOR('',#4211,1.670831301);
#4213=LINE('',#4210,#4212);
#4214=EDGE_CURVE('',#4209,#2654,#4213,.T.);
#4215=ORIENTED_EDGE('',*,*,#4214,.F.);
#4216=CARTESIAN_POINT('',(135.,-210.2,10.));
#4217=DIRECTION('',(-0.,1.,-0.));
#4218=DIRECTION('',(0.,0.,-1.));
#4219=AXIS2_PLACEMENT_3D('',#4216,#4217,#4218);
#4220=CIRCLE('',#4219,5.);
#4221=EDGE_CURVE('',#4171,#4209,#4220,.T.);
#4222=ORIENTED_EDGE('',*,*,#4221,.F.);
#4223=ORIENTED_EDGE('',*,*,#4176,.F.);
#4224=EDGE_LOOP('',(#4207,#4215,#4222,#4223));
#4225=FACE_BOUND('',#4224,.T.);
#4226=ADVANCED_FACE('',(#4225),#4206,.F.);
#4227=CARTESIAN_POINT('',(135.,-210.4,10.));
#4228=DIRECTION('',(0.,1.,0.));
#4229=DIRECTION('',(1.,0.,0.));
#4230=AXIS2_PLACEMENT_3D('',#4227,#4228,#4229);
#4231=PLANE('',#4230);
#4232=CARTESIAN_POINT('',(132.4,-210.4,5.729168699));
#4233=VERTEX_POINT('',#4232);
#4234=CARTESIAN_POINT('',(132.4,-210.4,14.270831301));
#4235=VERTEX_POINT('',#4234);
#4236=CARTESIAN_POINT('',(132.4,-210.4,5.729168699));
#4237=DIRECTION('',(-0.,-0.,1.));
#4238=VECTOR('',#4237,8.541662602);
#4239=LINE('',#4236,#4238);
#4240=EDGE_CURVE('',#4233,#4235,#4239,.T.);
#4241=ORIENTED_EDGE('',*,*,#4240,.T.);
#4242=CARTESIAN_POINT('',(135.,-210.4,10.));
#4243=DIRECTION('',(-0.,1.,-0.));
#4244=DIRECTION('',(0.,0.,-1.));
#4245=AXIS2_PLACEMENT_3D('',#4242,#4243,#4244);
#4246=CIRCLE('',#4245,5.);
#4247=EDGE_CURVE('',#4233,#4235,#4246,.T.);
#4248=ORIENTED_EDGE('',*,*,#4247,.F.);
#4249=EDGE_LOOP('',(#4241,#4248));
#4250=FACE_BOUND('',#4249,.T.);
#4251=ADVANCED_FACE('',(#4250),#4231,.F.);
#4252=CARTESIAN_POINT('',(132.4,-230.,5.729168699));
#4253=DIRECTION('',(-1.,0.,0.));
#4254=DIRECTION('',(0.,0.,1.));
#4255=AXIS2_PLACEMENT_3D('',#4252,#4253,#4254);
#4256=PLANE('',#4255);
#4257=ORIENTED_EDGE('',*,*,#2659,.T.);
#4258=CARTESIAN_POINT('',(132.4,-210.,10.));
#4259=VERTEX_POINT('',#4258);
#4260=CARTESIAN_POINT('',(132.4,-210.,10.));
#4261=DIRECTION('',(0.,0.,-1.));
#4262=VECTOR('',#4261,2.6);
#4263=LINE('',#4260,#4262);
#4264=EDGE_CURVE('',#4259,#2646,#4263,.T.);
#4265=ORIENTED_EDGE('',*,*,#4264,.F.);
#4266=CARTESIAN_POINT('',(132.4,-210.,12.6));
#4267=DIRECTION('',(0.,0.,-1.));
#4268=VECTOR('',#4267,2.6);
#4269=LINE('',#4266,#4268);
#4270=EDGE_CURVE('',#2686,#4259,#4269,.T.);
#4271=ORIENTED_EDGE('',*,*,#4270,.F.);
#4272=ORIENTED_EDGE('',*,*,#2721,.T.);
#4273=CARTESIAN_POINT('',(132.4,-210.2,14.270831301));
#4274=VERTEX_POINT('',#4273);
#4275=CARTESIAN_POINT('',(132.4,-210.2,12.6));
#4276=DIRECTION('',(0.,0.,1.));
#4277=VECTOR('',#4276,1.670831301);
#4278=LINE('',#4275,#4277);
#4279=EDGE_CURVE('',#2710,#4274,#4278,.T.);
#4280=ORIENTED_EDGE('',*,*,#4279,.T.);
#4281=CARTESIAN_POINT('',(132.4,-210.4,14.270831301));
#4282=DIRECTION('',(-0.,1.,-0.));
#4283=VECTOR('',#4282,0.2);
#4284=LINE('',#4281,#4283);
#4285=EDGE_CURVE('',#4235,#4274,#4284,.T.);
#4286=ORIENTED_EDGE('',*,*,#4285,.F.);
#4287=ORIENTED_EDGE('',*,*,#4240,.F.);
#4288=CARTESIAN_POINT('',(132.4,-210.2,5.729168699));
#4289=DIRECTION('',(0.,-1.,0.));
#4290=VECTOR('',#4289,0.2);
#4291=LINE('',#4288,#4290);
#4292=EDGE_CURVE('',#4209,#4233,#4291,.T.);
#4293=ORIENTED_EDGE('',*,*,#4292,.F.);
#4294=ORIENTED_EDGE('',*,*,#4214,.T.);
#4295=EDGE_LOOP('',(#4257,#4265,#4271,#4272,#4280,#4286,#4287,#4293,#4294));
#4296=FACE_BOUND('',#4295,.T.);
#4297=ADVANCED_FACE('',(#4296),#4256,.F.);
#4298=CARTESIAN_POINT('',(135.,-210.2,10.));
#4299=DIRECTION('',(0.,1.,0.));
#4300=DIRECTION('',(1.,0.,0.));
#4301=AXIS2_PLACEMENT_3D('',#4298,#4299,#4300);
#4302=PLANE('',#4301);
#4303=ORIENTED_EDGE('',*,*,#2715,.T.);
#4304=ORIENTED_EDGE('',*,*,#4197,.F.);
#4305=CARTESIAN_POINT('',(135.,-210.2,10.));
#4306=DIRECTION('',(-0.,1.,-0.));
#4307=DIRECTION('',(0.,0.,-1.));
#4308=AXIS2_PLACEMENT_3D('',#4305,#4306,#4307);
#4309=CIRCLE('',#4308,5.);
#4310=EDGE_CURVE('',#4274,#4186,#4309,.T.);
#4311=ORIENTED_EDGE('',*,*,#4310,.F.);
#4312=ORIENTED_EDGE('',*,*,#4279,.F.);
#4313=EDGE_LOOP('',(#4303,#4304,#4311,#4312));
#4314=FACE_BOUND('',#4313,.T.);
#4315=ADVANCED_FACE('',(#4314),#4302,.F.);
#4316=CARTESIAN_POINT('',(122.5,-210.,0.));
#4317=DIRECTION('',(0.,1.,0.));
#4318=DIRECTION('',(1.,0.,0.));
#4319=AXIS2_PLACEMENT_3D('',#4316,#4317,#4318);
#4320=PLANE('',#4319);
#4321=ORIENTED_EDGE('',*,*,#2595,.T.);
#4322=ORIENTED_EDGE('',*,*,#3354,.T.);
#4323=CARTESIAN_POINT('',(135.,-210.,30.));
#4324=DIRECTION('',(-0.,-1.,-0.));
#4325=DIRECTION('',(0.,-0.,1.));
#4326=AXIS2_PLACEMENT_3D('',#4323,#4324,#4325);
#4327=CIRCLE('',#4326,2.6);
#4328=EDGE_CURVE('',#2588,#3343,#4327,.T.);
#4329=ORIENTED_EDGE('',*,*,#4328,.F.);
#4330=EDGE_LOOP('',(#4321,#4322,#4329));
#4331=FACE_BOUND('',#4330,.T.);
#4332=ADVANCED_FACE('',(#4331),#4320,.F.);
#4333=CARTESIAN_POINT('',(122.5,-210.,0.));
#4334=DIRECTION('',(0.,1.,0.));
#4335=DIRECTION('',(1.,0.,0.));
#4336=AXIS2_PLACEMENT_3D('',#4333,#4334,#4335);
#4337=PLANE('',#4336);
#4338=ORIENTED_EDGE('',*,*,#2555,.T.);
#4339=CARTESIAN_POINT('',(135.,-210.,30.));
#4340=DIRECTION('',(-0.,-1.,-0.));
#4341=DIRECTION('',(0.,-0.,1.));
#4342=AXIS2_PLACEMENT_3D('',#4339,#4340,#4341);
#4343=CIRCLE('',#4342,2.6);
#4344=EDGE_CURVE('',#3343,#2540,#4343,.T.);
#4345=ORIENTED_EDGE('',*,*,#4344,.F.);
#4346=ORIENTED_EDGE('',*,*,#3348,.T.);
#4347=EDGE_LOOP('',(#4338,#4345,#4346));
#4348=FACE_BOUND('',#4347,.T.);
#4349=ADVANCED_FACE('',(#4348),#4337,.F.);
#4350=CARTESIAN_POINT('',(122.5,-210.,0.));
#4351=DIRECTION('',(0.,1.,0.));
#4352=DIRECTION('',(1.,0.,0.));
#4353=AXIS2_PLACEMENT_3D('',#4350,#4351,#4352);
#4354=PLANE('',#4353);
#4355=ORIENTED_EDGE('',*,*,#2547,.T.);
#4356=ORIENTED_EDGE('',*,*,#3466,.T.);
#4357=CARTESIAN_POINT('',(135.,-210.,30.));
#4358=DIRECTION('',(-0.,-1.,-0.));
#4359=DIRECTION('',(0.,-0.,1.));
#4360=AXIS2_PLACEMENT_3D('',#4357,#4358,#4359);
#4361=CIRCLE('',#4360,2.6);
#4362=EDGE_CURVE('',#2540,#3455,#4361,.T.);
#4363=ORIENTED_EDGE('',*,*,#4362,.F.);
#4364=EDGE_LOOP('',(#4355,#4356,#4363));
#4365=FACE_BOUND('',#4364,.T.);
#4366=ADVANCED_FACE('',(#4365),#4354,.F.);
#4367=CARTESIAN_POINT('',(122.5,-210.,0.));
#4368=DIRECTION('',(0.,1.,0.));
#4369=DIRECTION('',(1.,0.,0.));
#4370=AXIS2_PLACEMENT_3D('',#4367,#4368,#4369);
#4371=PLANE('',#4370);
#4372=ORIENTED_EDGE('',*,*,#2603,.T.);
#4373=CARTESIAN_POINT('',(135.,-210.,30.));
#4374=DIRECTION('',(-0.,-1.,-0.));
#4375=DIRECTION('',(0.,-0.,1.));
#4376=AXIS2_PLACEMENT_3D('',#4373,#4374,#4375);
#4377=CIRCLE('',#4376,2.6);
#4378=EDGE_CURVE('',#3455,#2588,#4377,.T.);
#4379=ORIENTED_EDGE('',*,*,#4378,.F.);
#4380=ORIENTED_EDGE('',*,*,#3460,.T.);
#4381=EDGE_LOOP('',(#4372,#4379,#4380));
#4382=FACE_BOUND('',#4381,.T.);
#4383=ADVANCED_FACE('',(#4382),#4371,.F.);
#4384=CARTESIAN_POINT('',(122.5,-210.,0.));
#4385=DIRECTION('',(0.,1.,0.));
#4386=DIRECTION('',(1.,0.,0.));
#4387=AXIS2_PLACEMENT_3D('',#4384,#4385,#4386);
#4388=PLANE('',#4387);
#4389=ORIENTED_EDGE('',*,*,#2691,.T.);
#4390=ORIENTED_EDGE('',*,*,#4270,.T.);
#4391=CARTESIAN_POINT('',(135.,-210.,10.));
#4392=DIRECTION('',(-0.,-1.,-0.));
#4393=DIRECTION('',(0.,-0.,1.));
#4394=AXIS2_PLACEMENT_3D('',#4391,#4392,#4393);
#4395=CIRCLE('',#4394,2.6);
#4396=EDGE_CURVE('',#2684,#4259,#4395,.T.);
#4397=ORIENTED_EDGE('',*,*,#4396,.F.);
#4398=EDGE_LOOP('',(#4389,#4390,#4397));
#4399=FACE_BOUND('',#4398,.T.);
#4400=ADVANCED_FACE('',(#4399),#4388,.F.);
#4401=CARTESIAN_POINT('',(122.5,-210.,0.));
#4402=DIRECTION('',(0.,1.,0.));
#4403=DIRECTION('',(1.,0.,0.));
#4404=AXIS2_PLACEMENT_3D('',#4401,#4402,#4403);
#4405=PLANE('',#4404);
#4406=ORIENTED_EDGE('',*,*,#2651,.T.);
#4407=CARTESIAN_POINT('',(135.,-210.,10.));
#4408=DIRECTION('',(-0.,-1.,-0.));
#4409=DIRECTION('',(0.,-0.,1.));
#4410=AXIS2_PLACEMENT_3D('',#4407,#4408,#4409);
#4411=CIRCLE('',#4410,2.6);
#4412=EDGE_CURVE('',#4259,#2636,#4411,.T.);
#4413=ORIENTED_EDGE('',*,*,#4412,.F.);
#4414=ORIENTED_EDGE('',*,*,#4264,.T.);
#4415=EDGE_LOOP('',(#4406,#4413,#4414));
#4416=FACE_BOUND('',#4415,.T.);
#4417=ADVANCED_FACE('',(#4416),#4405,.F.);
#4418=CARTESIAN_POINT('',(122.5,-210.,0.));
#4419=DIRECTION('',(0.,1.,0.));
#4420=DIRECTION('',(1.,0.,0.));
#4421=AXIS2_PLACEMENT_3D('',#4418,#4419,#4420);
#4422=PLANE('',#4421);
#4423=ORIENTED_EDGE('',*,*,#2643,.T.);
#4424=ORIENTED_EDGE('',*,*,#4167,.T.);
#4425=CARTESIAN_POINT('',(135.,-210.,10.));
#4426=DIRECTION('',(-0.,-1.,-0.));
#4427=DIRECTION('',(0.,-0.,1.));
#4428=AXIS2_PLACEMENT_3D('',#4425,#4426,#4427);
#4429=CIRCLE('',#4428,2.6);
#4430=EDGE_CURVE('',#2636,#4156,#4429,.T.);
#4431=ORIENTED_EDGE('',*,*,#4430,.F.);
#4432=EDGE_LOOP('',(#4423,#4424,#4431));
#4433=FACE_BOUND('',#4432,.T.);
#4434=ADVANCED_FACE('',(#4433),#4422,.F.);
#4435=CARTESIAN_POINT('',(122.5,-210.,0.));
#4436=DIRECTION('',(0.,1.,0.));
#4437=DIRECTION('',(1.,0.,0.));
#4438=AXIS2_PLACEMENT_3D('',#4435,#4436,#4437);
#4439=PLANE('',#4438);
#4440=ORIENTED_EDGE('',*,*,#2699,.T.);
#4441=CARTESIAN_POINT('',(135.,-210.,10.));
#4442=DIRECTION('',(-0.,-1.,-0.));
#4443=DIRECTION('',(0.,-0.,1.));
#4444=AXIS2_PLACEMENT_3D('',#4441,#4442,#4443);
#4445=CIRCLE('',#4444,2.6);
#4446=EDGE_CURVE('',#4156,#2684,#4445,.T.);
#4447=ORIENTED_EDGE('',*,*,#4446,.F.);
#4448=ORIENTED_EDGE('',*,*,#4161,.T.);
#4449=EDGE_LOOP('',(#4440,#4447,#4448));
#4450=FACE_BOUND('',#4449,.T.);
#4451=ADVANCED_FACE('',(#4450),#4439,.F.);
#4452=CARTESIAN_POINT('',(132.5,-230.,0.));
#4453=DIRECTION('',(0.,1.,0.));
#4454=DIRECTION('',(1.,0.,0.));
#4455=AXIS2_PLACEMENT_3D('',#4452,#4453,#4454);
#4456=PLANE('',#4455);
#4457=ORIENTED_EDGE('',*,*,#2787,.T.);
#4458=ORIENTED_EDGE('',*,*,#3555,.T.);
#4459=CARTESIAN_POINT('',(135.,-230.,-10.));
#4460=DIRECTION('',(-0.,-1.,-0.));
#4461=DIRECTION('',(0.,-0.,1.));
#4462=AXIS2_PLACEMENT_3D('',#4459,#4460,#4461);
#4463=CIRCLE('',#4462,2.6);
#4464=EDGE_CURVE('',#2780,#3544,#4463,.T.);
#4465=ORIENTED_EDGE('',*,*,#4464,.F.);
#4466=EDGE_LOOP('',(#4457,#4458,#4465));
#4467=FACE_BOUND('',#4466,.T.);
#4468=ADVANCED_FACE('',(#4467),#4456,.F.);
#4469=CARTESIAN_POINT('',(132.5,-230.,0.));
#4470=DIRECTION('',(0.,1.,0.));
#4471=DIRECTION('',(1.,0.,0.));
#4472=AXIS2_PLACEMENT_3D('',#4469,#4470,#4471);
#4473=PLANE('',#4472);
#4474=ORIENTED_EDGE('',*,*,#2747,.T.);
#4475=CARTESIAN_POINT('',(135.,-230.,-10.));
#4476=DIRECTION('',(-0.,-1.,-0.));
#4477=DIRECTION('',(0.,-0.,1.));
#4478=AXIS2_PLACEMENT_3D('',#4475,#4476,#4477);
#4479=CIRCLE('',#4478,2.6);
#4480=EDGE_CURVE('',#3544,#2732,#4479,.T.);
#4481=ORIENTED_EDGE('',*,*,#4480,.F.);
#4482=ORIENTED_EDGE('',*,*,#3549,.T.);
#4483=EDGE_LOOP('',(#4474,#4481,#4482));
#4484=FACE_BOUND('',#4483,.T.);
#4485=ADVANCED_FACE('',(#4484),#4473,.F.);
#4486=CARTESIAN_POINT('',(132.5,-230.,0.));
#4487=DIRECTION('',(0.,1.,0.));
#4488=DIRECTION('',(1.,0.,0.));
#4489=AXIS2_PLACEMENT_3D('',#4486,#4487,#4488);
#4490=PLANE('',#4489);
#4491=ORIENTED_EDGE('',*,*,#2739,.T.);
#4492=ORIENTED_EDGE('',*,*,#3667,.T.);
#4493=CARTESIAN_POINT('',(135.,-230.,-10.));
#4494=DIRECTION('',(-0.,-1.,-0.));
#4495=DIRECTION('',(0.,-0.,1.));
#4496=AXIS2_PLACEMENT_3D('',#4493,#4494,#4495);
#4497=CIRCLE('',#4496,2.6);
#4498=EDGE_CURVE('',#2732,#3656,#4497,.T.);
#4499=ORIENTED_EDGE('',*,*,#4498,.F.);
#4500=EDGE_LOOP('',(#4491,#4492,#4499));
#4501=FACE_BOUND('',#4500,.T.);
#4502=ADVANCED_FACE('',(#4501),#4490,.F.);
#4503=CARTESIAN_POINT('',(132.5,-230.,0.));
#4504=DIRECTION('',(0.,1.,0.));
#4505=DIRECTION('',(1.,0.,0.));
#4506=AXIS2_PLACEMENT_3D('',#4503,#4504,#4505);
#4507=PLANE('',#4506);
#4508=ORIENTED_EDGE('',*,*,#2795,.T.);
#4509=CARTESIAN_POINT('',(135.,-230.,-10.));
#4510=DIRECTION('',(-0.,-1.,-0.));
#4511=DIRECTION('',(0.,-0.,1.));
#4512=AXIS2_PLACEMENT_3D('',#4509,#4510,#4511);
#4513=CIRCLE('',#4512,2.6);
#4514=EDGE_CURVE('',#3656,#2780,#4513,.T.);
#4515=ORIENTED_EDGE('',*,*,#4514,.F.);
#4516=ORIENTED_EDGE('',*,*,#3661,.T.);
#4517=EDGE_LOOP('',(#4508,#4515,#4516));
#4518=FACE_BOUND('',#4517,.T.);
#4519=ADVANCED_FACE('',(#4518),#4507,.F.);
#4520=CARTESIAN_POINT('',(122.5,-230.,0.));
#4521=DIRECTION('',(0.,1.,0.));
#4522=DIRECTION('',(1.,0.,0.));
#4523=AXIS2_PLACEMENT_3D('',#4520,#4521,#4522);
#4524=PLANE('',#4523);
#4525=ORIENTED_EDGE('',*,*,#2883,.T.);
#4526=ORIENTED_EDGE('',*,*,#3756,.T.);
#4527=CARTESIAN_POINT('',(105.,-230.,-30.));
#4528=DIRECTION('',(-0.,-1.,-0.));
#4529=DIRECTION('',(0.,-0.,1.));
#4530=AXIS2_PLACEMENT_3D('',#4527,#4528,#4529);
#4531=CIRCLE('',#4530,2.6);
#4532=EDGE_CURVE('',#2876,#3745,#4531,.T.);
#4533=ORIENTED_EDGE('',*,*,#4532,.F.);
#4534=EDGE_LOOP('',(#4525,#4526,#4533));
#4535=FACE_BOUND('',#4534,.T.);
#4536=ADVANCED_FACE('',(#4535),#4524,.F.);
#4537=CARTESIAN_POINT('',(122.5,-230.,0.));
#4538=DIRECTION('',(0.,1.,0.));
#4539=DIRECTION('',(1.,0.,0.));
#4540=AXIS2_PLACEMENT_3D('',#4537,#4538,#4539);
#4541=PLANE('',#4540);
#4542=ORIENTED_EDGE('',*,*,#2843,.T.);
#4543=CARTESIAN_POINT('',(105.,-230.,-30.));
#4544=DIRECTION('',(-0.,-1.,-0.));
#4545=DIRECTION('',(0.,-0.,1.));
#4546=AXIS2_PLACEMENT_3D('',#4543,#4544,#4545);
#4547=CIRCLE('',#4546,2.6);
#4548=EDGE_CURVE('',#3745,#2828,#4547,.T.);
#4549=ORIENTED_EDGE('',*,*,#4548,.F.);
#4550=ORIENTED_EDGE('',*,*,#3750,.T.);
#4551=EDGE_LOOP('',(#4542,#4549,#4550));
#4552=FACE_BOUND('',#4551,.T.);
#4553=ADVANCED_FACE('',(#4552),#4541,.F.);
#4554=CARTESIAN_POINT('',(122.5,-230.,0.));
#4555=DIRECTION('',(0.,1.,0.));
#4556=DIRECTION('',(1.,0.,0.));
#4557=AXIS2_PLACEMENT_3D('',#4554,#4555,#4556);
#4558=PLANE('',#4557);
#4559=ORIENTED_EDGE('',*,*,#2835,.T.);
#4560=ORIENTED_EDGE('',*,*,#3868,.T.);
#4561=CARTESIAN_POINT('',(105.,-230.,-30.));
#4562=DIRECTION('',(-0.,-1.,-0.));
#4563=DIRECTION('',(0.,-0.,1.));
#4564=AXIS2_PLACEMENT_3D('',#4561,#4562,#4563);
#4565=CIRCLE('',#4564,2.6);
#4566=EDGE_CURVE('',#2828,#3857,#4565,.T.);
#4567=ORIENTED_EDGE('',*,*,#4566,.F.);
#4568=EDGE_LOOP('',(#4559,#4560,#4567));
#4569=FACE_BOUND('',#4568,.T.);
#4570=ADVANCED_FACE('',(#4569),#4558,.F.);
#4571=CARTESIAN_POINT('',(122.5,-230.,0.));
#4572=DIRECTION('',(0.,1.,0.));
#4573=DIRECTION('',(1.,0.,0.));
#4574=AXIS2_PLACEMENT_3D('',#4571,#4572,#4573);
#4575=PLANE('',#4574);
#4576=ORIENTED_EDGE('',*,*,#2891,.T.);
#4577=CARTESIAN_POINT('',(105.,-230.,-30.));
#4578=DIRECTION('',(-0.,-1.,-0.));
#4579=DIRECTION('',(0.,-0.,1.));
#4580=AXIS2_PLACEMENT_3D('',#4577,#4578,#4579);
#4581=CIRCLE('',#4580,2.6);
#4582=EDGE_CURVE('',#3857,#2876,#4581,.T.);
#4583=ORIENTED_EDGE('',*,*,#4582,.F.);
#4584=ORIENTED_EDGE('',*,*,#3862,.T.);
#4585=EDGE_LOOP('',(#4576,#4583,#4584));
#4586=FACE_BOUND('',#4585,.T.);
#4587=ADVANCED_FACE('',(#4586),#4575,.F.);
#4588=CARTESIAN_POINT('',(132.5,-230.,0.));
#4589=DIRECTION('',(0.,1.,0.));
#4590=DIRECTION('',(1.,0.,0.));
#4591=AXIS2_PLACEMENT_3D('',#4588,#4589,#4590);
#4592=PLANE('',#4591);
#4593=ORIENTED_EDGE('',*,*,#2979,.T.);
#4594=ORIENTED_EDGE('',*,*,#3265,.T.);
#4595=CARTESIAN_POINT('',(135.,-230.,-30.));
#4596=DIRECTION('',(-0.,-1.,-0.));
#4597=DIRECTION('',(0.,-0.,1.));
#4598=AXIS2_PLACEMENT_3D('',#4595,#4596,#4597);
#4599=CIRCLE('',#4598,2.6);
#4600=EDGE_CURVE('',#2972,#3254,#4599,.T.);
#4601=ORIENTED_EDGE('',*,*,#4600,.F.);
#4602=EDGE_LOOP('',(#4593,#4594,#4601));
#4603=FACE_BOUND('',#4602,.T.);
#4604=ADVANCED_FACE('',(#4603),#4592,.F.);
#4605=CARTESIAN_POINT('',(132.5,-230.,0.));
#4606=DIRECTION('',(0.,1.,0.));
#4607=DIRECTION('',(1.,0.,0.));
#4608=AXIS2_PLACEMENT_3D('',#4605,#4606,#4607);
#4609=PLANE('',#4608);
#4610=ORIENTED_EDGE('',*,*,#2939,.T.);
#4611=CARTESIAN_POINT('',(135.,-230.,-30.));
#4612=DIRECTION('',(-0.,-1.,-0.));
#4613=DIRECTION('',(0.,-0.,1.));
#4614=AXIS2_PLACEMENT_3D('',#4611,#4612,#4613);
#4615=CIRCLE('',#4614,2.6);
#4616=EDGE_CURVE('',#3254,#2924,#4615,.T.);
#4617=ORIENTED_EDGE('',*,*,#4616,.F.);
#4618=ORIENTED_EDGE('',*,*,#3259,.T.);
#4619=EDGE_LOOP('',(#4610,#4617,#4618));
#4620=FACE_BOUND('',#4619,.T.);
#4621=ADVANCED_FACE('',(#4620),#4609,.F.);
#4622=CARTESIAN_POINT('',(132.5,-230.,0.));
#4623=DIRECTION('',(0.,1.,0.));
#4624=DIRECTION('',(1.,0.,0.));
#4625=AXIS2_PLACEMENT_3D('',#4622,#4623,#4624);
#4626=PLANE('',#4625);
#4627=ORIENTED_EDGE('',*,*,#2931,.T.);
#4628=ORIENTED_EDGE('',*,*,#3162,.T.);
#4629=CARTESIAN_POINT('',(135.,-230.,-30.));
#4630=DIRECTION('',(-0.,-1.,-0.));
#4631=DIRECTION('',(0.,-0.,1.));
#4632=AXIS2_PLACEMENT_3D('',#4629,#4630,#4631);
#4633=CIRCLE('',#4632,2.6);
#4634=EDGE_CURVE('',#2924,#3151,#4633,.T.);
#4635=ORIENTED_EDGE('',*,*,#4634,.F.);
#4636=EDGE_LOOP('',(#4627,#4628,#4635));
#4637=FACE_BOUND('',#4636,.T.);
#4638=ADVANCED_FACE('',(#4637),#4626,.F.);
#4639=CARTESIAN_POINT('',(132.5,-230.,0.));
#4640=DIRECTION('',(0.,1.,0.));
#4641=DIRECTION('',(1.,0.,0.));
#4642=AXIS2_PLACEMENT_3D('',#4639,#4640,#4641);
#4643=PLANE('',#4642);
#4644=ORIENTED_EDGE('',*,*,#2987,.T.);
#4645=CARTESIAN_POINT('',(135.,-230.,-30.));
#4646=DIRECTION('',(-0.,-1.,-0.));
#4647=DIRECTION('',(0.,-0.,1.));
#4648=AXIS2_PLACEMENT_3D('',#4645,#4646,#4647);
#4649=CIRCLE('',#4648,2.6);
#4650=EDGE_CURVE('',#3151,#2972,#4649,.T.);
#4651=ORIENTED_EDGE('',*,*,#4650,.F.);
#4652=ORIENTED_EDGE('',*,*,#3156,.T.);
#4653=EDGE_LOOP('',(#4644,#4651,#4652));
#4654=FACE_BOUND('',#4653,.T.);
#4655=ADVANCED_FACE('',(#4654),#4643,.F.);
#4656=CARTESIAN_POINT('',(122.5,-230.,0.));
#4657=DIRECTION('',(0.,1.,0.));
#4658=DIRECTION('',(1.,0.,0.));
#4659=AXIS2_PLACEMENT_3D('',#4656,#4657,#4658);
#4660=PLANE('',#4659);
#4661=ORIENTED_EDGE('',*,*,#3075,.T.);
#4662=ORIENTED_EDGE('',*,*,#4069,.T.);
#4663=CARTESIAN_POINT('',(105.,-230.,-10.));
#4664=DIRECTION('',(-0.,-1.,-0.));
#4665=DIRECTION('',(0.,-0.,1.));
#4666=AXIS2_PLACEMENT_3D('',#4663,#4664,#4665);
#4667=CIRCLE('',#4666,2.6);
#4668=EDGE_CURVE('',#3068,#4058,#4667,.T.);
#4669=ORIENTED_EDGE('',*,*,#4668,.F.);
#4670=EDGE_LOOP('',(#4661,#4662,#4669));
#4671=FACE_BOUND('',#4670,.T.);
#4672=ADVANCED_FACE('',(#4671),#4660,.F.);
#4673=CARTESIAN_POINT('',(122.5,-230.,0.));
#4674=DIRECTION('',(0.,1.,0.));
#4675=DIRECTION('',(1.,0.,0.));
#4676=AXIS2_PLACEMENT_3D('',#4673,#4674,#4675);
#4677=PLANE('',#4676);
#4678=ORIENTED_EDGE('',*,*,#3035,.T.);
#4679=CARTESIAN_POINT('',(105.,-230.,-10.));
#4680=DIRECTION('',(-0.,-1.,-0.));
#4681=DIRECTION('',(0.,-0.,1.));
#4682=AXIS2_PLACEMENT_3D('',#4679,#4680,#4681);
#4683=CIRCLE('',#4682,2.6);
#4684=EDGE_CURVE('',#4058,#3020,#4683,.T.);
#4685=ORIENTED_EDGE('',*,*,#4684,.F.);
#4686=ORIENTED_EDGE('',*,*,#4063,.T.);
#4687=EDGE_LOOP('',(#4678,#4685,#4686));
#4688=FACE_BOUND('',#4687,.T.);
#4689=ADVANCED_FACE('',(#4688),#4677,.F.);
#4690=CARTESIAN_POINT('',(122.5,-230.,0.));
#4691=DIRECTION('',(0.,1.,0.));
#4692=DIRECTION('',(1.,0.,0.));
#4693=AXIS2_PLACEMENT_3D('',#4690,#4691,#4692);
#4694=PLANE('',#4693);
#4695=ORIENTED_EDGE('',*,*,#3027,.T.);
#4696=ORIENTED_EDGE('',*,*,#3966,.T.);
#4697=CARTESIAN_POINT('',(105.,-230.,-10.));
#4698=DIRECTION('',(-0.,-1.,-0.));
#4699=DIRECTION('',(0.,-0.,1.));
#4700=AXIS2_PLACEMENT_3D('',#4697,#4698,#4699);
#4701=CIRCLE('',#4700,2.6);
#4702=EDGE_CURVE('',#3020,#3955,#4701,.T.);
#4703=ORIENTED_EDGE('',*,*,#4702,.F.);
#4704=EDGE_LOOP('',(#4695,#4696,#4703));
#4705=FACE_BOUND('',#4704,.T.);
#4706=ADVANCED_FACE('',(#4705),#4694,.F.);
#4707=CARTESIAN_POINT('',(122.5,-230.,0.));
#4708=DIRECTION('',(0.,1.,0.));
#4709=DIRECTION('',(1.,0.,0.));
#4710=AXIS2_PLACEMENT_3D('',#4707,#4708,#4709);
#4711=PLANE('',#4710);
#4712=ORIENTED_EDGE('',*,*,#3083,.T.);
#4713=CARTESIAN_POINT('',(105.,-230.,-10.));
#4714=DIRECTION('',(-0.,-1.,-0.));
#4715=DIRECTION('',(0.,-0.,1.));
#4716=AXIS2_PLACEMENT_3D('',#4713,#4714,#4715);
#4717=CIRCLE('',#4716,2.6);
#4718=EDGE_CURVE('',#3955,#3068,#4717,.T.);
#4719=ORIENTED_EDGE('',*,*,#4718,.F.);
#4720=ORIENTED_EDGE('',*,*,#3960,.T.);
#4721=EDGE_LOOP('',(#4712,#4719,#4720));
#4722=FACE_BOUND('',#4721,.T.);
#4723=ADVANCED_FACE('',(#4722),#4711,.F.);
#4724=CARTESIAN_POINT('',(135.,-235.,-30.));
#4725=DIRECTION('',(0.,-1.,0.));
#4726=DIRECTION('',(1.,0.,0.));
#4727=AXIS2_PLACEMENT_3D('',#4724,#4725,#4726);
#4728=CYLINDRICAL_SURFACE('',#4727,5.);
#4729=CARTESIAN_POINT('',(140.,-234.4,-30.));
#4730=VERTEX_POINT('',#4729);
#4731=CARTESIAN_POINT('',(140.,-234.4,-30.));
#4732=DIRECTION('',(-0.,1.,-0.));
#4733=VECTOR('',#4732,4.);
#4734=LINE('',#4731,#4733);
#4735=EDGE_CURVE('',#4730,#3126,#4734,.T.);
#4736=ORIENTED_EDGE('',*,*,#4735,.F.);
#4737=CARTESIAN_POINT('',(135.,-234.4,-35.));
#4738=VERTEX_POINT('',#4737);
#4739=CARTESIAN_POINT('',(135.,-234.4,-30.));
#4740=DIRECTION('',(-0.,1.,-0.));
#4741=DIRECTION('',(0.,0.,-1.));
#4742=AXIS2_PLACEMENT_3D('',#4739,#4740,#4741);
#4743=CIRCLE('',#4742,5.);
#4744=EDGE_CURVE('',#4738,#4730,#4743,.T.);
#4745=ORIENTED_EDGE('',*,*,#4744,.F.);
#4746=CARTESIAN_POINT('',(135.,-234.4,-30.));
#4747=DIRECTION('',(-0.,1.,-0.));
#4748=DIRECTION('',(0.,0.,-1.));
#4749=AXIS2_PLACEMENT_3D('',#4746,#4747,#4748);
#4750=CIRCLE('',#4749,5.);
#4751=EDGE_CURVE('',#4730,#4738,#4750,.T.);
#4752=ORIENTED_EDGE('',*,*,#4751,.F.);
#4753=ORIENTED_EDGE('',*,*,#4735,.T.);
#4754=ORIENTED_EDGE('',*,*,#3132,.T.);
#4755=ORIENTED_EDGE('',*,*,#3177,.T.);
#4756=ORIENTED_EDGE('',*,*,#3216,.T.);
#4757=ORIENTED_EDGE('',*,*,#3287,.T.);
#4758=ORIENTED_EDGE('',*,*,#3242,.T.);
#4759=ORIENTED_EDGE('',*,*,#3280,.T.);
#4760=ORIENTED_EDGE('',*,*,#3305,.T.);
#4761=ORIENTED_EDGE('',*,*,#3186,.T.);
#4762=ORIENTED_EDGE('',*,*,#3139,.T.);
#4763=EDGE_LOOP('',(#4736,#4745,#4752,#4753,#4754,#4755,#4756,#4757,#4758,#4759,#4760,#4761,#4762));
#4764=FACE_BOUND('',#4763,.T.);
#4765=ADVANCED_FACE('',(#4764),#4728,.F.);
#4766=CARTESIAN_POINT('',(135.,-235.,30.));
#4767=DIRECTION('',(0.,-1.,0.));
#4768=DIRECTION('',(1.,0.,0.));
#4769=AXIS2_PLACEMENT_3D('',#4766,#4767,#4768);
#4770=CYLINDRICAL_SURFACE('',#4769,5.);
#4771=CARTESIAN_POINT('',(140.,-234.4,30.));
#4772=VERTEX_POINT('',#4771);
#4773=CARTESIAN_POINT('',(140.,-234.4,30.));
#4774=DIRECTION('',(-0.,1.,-0.));
#4775=VECTOR('',#4774,24.);
#4776=LINE('',#4773,#4775);
#4777=EDGE_CURVE('',#4772,#3430,#4776,.T.);
#4778=ORIENTED_EDGE('',*,*,#4777,.F.);
#4779=CARTESIAN_POINT('',(135.,-234.4,25.));
#4780=VERTEX_POINT('',#4779);
#4781=CARTESIAN_POINT('',(135.,-234.4,30.));
#4782=DIRECTION('',(-0.,1.,-0.));
#4783=DIRECTION('',(0.,0.,-1.));
#4784=AXIS2_PLACEMENT_3D('',#4781,#4782,#4783);
#4785=CIRCLE('',#4784,5.);
#4786=EDGE_CURVE('',#4780,#4772,#4785,.T.);
#4787=ORIENTED_EDGE('',*,*,#4786,.F.);
#4788=CARTESIAN_POINT('',(135.,-234.4,30.));
#4789=DIRECTION('',(-0.,1.,-0.));
#4790=DIRECTION('',(0.,0.,-1.));
#4791=AXIS2_PLACEMENT_3D('',#4788,#4789,#4790);
#4792=CIRCLE('',#4791,5.);
#4793=EDGE_CURVE('',#4772,#4780,#4792,.T.);
#4794=ORIENTED_EDGE('',*,*,#4793,.F.);
#4795=ORIENTED_EDGE('',*,*,#4777,.T.);
#4796=ORIENTED_EDGE('',*,*,#3436,.T.);
#4797=ORIENTED_EDGE('',*,*,#3481,.T.);
#4798=ORIENTED_EDGE('',*,*,#3506,.T.);
#4799=ORIENTED_EDGE('',*,*,#3378,.T.);
#4800=ORIENTED_EDGE('',*,*,#3331,.T.);
#4801=ORIENTED_EDGE('',*,*,#3369,.T.);
#4802=ORIENTED_EDGE('',*,*,#3408,.T.);
#4803=ORIENTED_EDGE('',*,*,#3488,.T.);
#4804=ORIENTED_EDGE('',*,*,#3443,.T.);
#4805=EDGE_LOOP('',(#4778,#4787,#4794,#4795,#4796,#4797,#4798,#4799,#4800,#4801,#4802,#4803,#4804));
#4806=FACE_BOUND('',#4805,.T.);
#4807=ADVANCED_FACE('',(#4806),#4770,.F.);
#4808=CARTESIAN_POINT('',(135.,-235.,-10.));
#4809=DIRECTION('',(0.,-1.,0.));
#4810=DIRECTION('',(1.,0.,0.));
#4811=AXIS2_PLACEMENT_3D('',#4808,#4809,#4810);
#4812=CYLINDRICAL_SURFACE('',#4811,5.);
#4813=CARTESIAN_POINT('',(140.,-234.4,-10.));
#4814=VERTEX_POINT('',#4813);
#4815=CARTESIAN_POINT('',(140.,-234.4,-10.));
#4816=DIRECTION('',(-0.,1.,-0.));
#4817=VECTOR('',#4816,4.);
#4818=LINE('',#4815,#4817);
#4819=EDGE_CURVE('',#4814,#3631,#4818,.T.);
#4820=ORIENTED_EDGE('',*,*,#4819,.F.);
#4821=CARTESIAN_POINT('',(135.,-234.4,-15.));
#4822=VERTEX_POINT('',#4821);
#4823=CARTESIAN_POINT('',(135.,-234.4,-10.));
#4824=DIRECTION('',(-0.,1.,-0.));
#4825=DIRECTION('',(0.,0.,-1.));
#4826=AXIS2_PLACEMENT_3D('',#4823,#4824,#4825);
#4827=CIRCLE('',#4826,5.);
#4828=EDGE_CURVE('',#4822,#4814,#4827,.T.);
#4829=ORIENTED_EDGE('',*,*,#4828,.F.);
#4830=CARTESIAN_POINT('',(135.,-234.4,-10.));
#4831=DIRECTION('',(-0.,1.,-0.));
#4832=DIRECTION('',(0.,0.,-1.));
#4833=AXIS2_PLACEMENT_3D('',#4830,#4831,#4832);
#4834=CIRCLE('',#4833,5.);
#4835=EDGE_CURVE('',#4814,#4822,#4834,.T.);
#4836=ORIENTED_EDGE('',*,*,#4835,.F.);
#4837=ORIENTED_EDGE('',*,*,#4819,.T.);
#4838=ORIENTED_EDGE('',*,*,#3637,.T.);
#4839=ORIENTED_EDGE('',*,*,#3682,.T.);
#4840=ORIENTED_EDGE('',*,*,#3707,.T.);
#4841=ORIENTED_EDGE('',*,*,#3579,.T.);
#4842=ORIENTED_EDGE('',*,*,#3532,.T.);
#4843=ORIENTED_EDGE('',*,*,#3570,.T.);
#4844=ORIENTED_EDGE('',*,*,#3609,.T.);
#4845=ORIENTED_EDGE('',*,*,#3689,.T.);
#4846=ORIENTED_EDGE('',*,*,#3644,.T.);
#4847=EDGE_LOOP('',(#4820,#4829,#4836,#4837,#4838,#4839,#4840,#4841,#4842,#4843,#4844,#4845,#4846));
#4848=FACE_BOUND('',#4847,.T.);
#4849=ADVANCED_FACE('',(#4848),#4812,.F.);
#4850=CARTESIAN_POINT('',(105.,-235.,-30.));
#4851=DIRECTION('',(0.,-1.,0.));
#4852=DIRECTION('',(1.,0.,0.));
#4853=AXIS2_PLACEMENT_3D('',#4850,#4851,#4852);
#4854=CYLINDRICAL_SURFACE('',#4853,5.);
#4855=CARTESIAN_POINT('',(110.,-234.4,-30.));
#4856=VERTEX_POINT('',#4855);
#4857=CARTESIAN_POINT('',(110.,-234.4,-30.));
#4858=DIRECTION('',(-0.,1.,-0.));
#4859=VECTOR('',#4858,4.);
#4860=LINE('',#4857,#4859);
#4861=EDGE_CURVE('',#4856,#3832,#4860,.T.);
#4862=ORIENTED_EDGE('',*,*,#4861,.F.);
#4863=CARTESIAN_POINT('',(105.,-234.4,-35.));
#4864=VERTEX_POINT('',#4863);
#4865=CARTESIAN_POINT('',(105.,-234.4,-30.));
#4866=DIRECTION('',(-0.,1.,-0.));
#4867=DIRECTION('',(0.,0.,-1.));
#4868=AXIS2_PLACEMENT_3D('',#4865,#4866,#4867);
#4869=CIRCLE('',#4868,5.);
#4870=EDGE_CURVE('',#4864,#4856,#4869,.T.);
#4871=ORIENTED_EDGE('',*,*,#4870,.F.);
#4872=CARTESIAN_POINT('',(105.,-234.4,-30.));
#4873=DIRECTION('',(-0.,1.,-0.));
#4874=DIRECTION('',(0.,0.,-1.));
#4875=AXIS2_PLACEMENT_3D('',#4872,#4873,#4874);
#4876=CIRCLE('',#4875,5.);
#4877=EDGE_CURVE('',#4856,#4864,#4876,.T.);
#4878=ORIENTED_EDGE('',*,*,#4877,.F.);
#4879=ORIENTED_EDGE('',*,*,#4861,.T.);
#4880=ORIENTED_EDGE('',*,*,#3838,.T.);
#4881=ORIENTED_EDGE('',*,*,#3883,.T.);
#4882=ORIENTED_EDGE('',*,*,#3908,.T.);
#4883=ORIENTED_EDGE('',*,*,#3780,.T.);
#4884=ORIENTED_EDGE('',*,*,#3733,.T.);
#4885=ORIENTED_EDGE('',*,*,#3771,.T.);
#4886=ORIENTED_EDGE('',*,*,#3810,.T.);
#4887=ORIENTED_EDGE('',*,*,#3890,.T.);
#4888=ORIENTED_EDGE('',*,*,#3845,.T.);
#4889=EDGE_LOOP('',(#4862,#4871,#4878,#4879,#4880,#4881,#4882,#4883,#4884,#4885,#4886,#4887,#4888));
#4890=FACE_BOUND('',#4889,.T.);
#4891=ADVANCED_FACE('',(#4890),#4854,.F.);
#4892=CARTESIAN_POINT('',(105.,-235.,-10.));
#4893=DIRECTION('',(0.,-1.,0.));
#4894=DIRECTION('',(1.,0.,0.));
#4895=AXIS2_PLACEMENT_3D('',#4892,#4893,#4894);
#4896=CYLINDRICAL_SURFACE('',#4895,5.);
#4897=CARTESIAN_POINT('',(110.,-234.4,-10.));
#4898=VERTEX_POINT('',#4897);
#4899=CARTESIAN_POINT('',(110.,-234.4,-10.));
#4900=DIRECTION('',(-0.,1.,-0.));
#4901=VECTOR('',#4900,4.);
#4902=LINE('',#4899,#4901);
#4903=EDGE_CURVE('',#4898,#3930,#4902,.T.);
#4904=ORIENTED_EDGE('',*,*,#4903,.F.);
#4905=CARTESIAN_POINT('',(105.,-234.4,-15.));
#4906=VERTEX_POINT('',#4905);
#4907=CARTESIAN_POINT('',(105.,-234.4,-10.));
#4908=DIRECTION('',(-0.,1.,-0.));
#4909=DIRECTION('',(0.,0.,-1.));
#4910=AXIS2_PLACEMENT_3D('',#4907,#4908,#4909);
#4911=CIRCLE('',#4910,5.);
#4912=EDGE_CURVE('',#4906,#4898,#4911,.T.);
#4913=ORIENTED_EDGE('',*,*,#4912,.F.);
#4914=CARTESIAN_POINT('',(105.,-234.4,-10.));
#4915=DIRECTION('',(-0.,1.,-0.));
#4916=DIRECTION('',(0.,0.,-1.));
#4917=AXIS2_PLACEMENT_3D('',#4914,#4915,#4916);
#4918=CIRCLE('',#4917,5.);
#4919=EDGE_CURVE('',#4898,#4906,#4918,.T.);
#4920=ORIENTED_EDGE('',*,*,#4919,.F.);
#4921=ORIENTED_EDGE('',*,*,#4903,.T.);
#4922=ORIENTED_EDGE('',*,*,#3936,.T.);
#4923=ORIENTED_EDGE('',*,*,#3981,.T.);
#4924=ORIENTED_EDGE('',*,*,#4020,.T.);
#4925=ORIENTED_EDGE('',*,*,#4091,.T.);
#4926=ORIENTED_EDGE('',*,*,#4046,.T.);
#4927=ORIENTED_EDGE('',*,*,#4084,.T.);
#4928=ORIENTED_EDGE('',*,*,#4109,.T.);
#4929=ORIENTED_EDGE('',*,*,#3990,.T.);
#4930=ORIENTED_EDGE('',*,*,#3943,.T.);
#4931=EDGE_LOOP('',(#4904,#4913,#4920,#4921,#4922,#4923,#4924,#4925,#4926,#4927,#4928,#4929,#4930));
#4932=FACE_BOUND('',#4931,.T.);
#4933=ADVANCED_FACE('',(#4932),#4896,.F.);
#4934=CARTESIAN_POINT('',(135.,-235.,10.));
#4935=DIRECTION('',(0.,-1.,0.));
#4936=DIRECTION('',(1.,0.,0.));
#4937=AXIS2_PLACEMENT_3D('',#4934,#4935,#4936);
#4938=CYLINDRICAL_SURFACE('',#4937,5.);
#4939=CARTESIAN_POINT('',(140.,-234.4,10.));
#4940=VERTEX_POINT('',#4939);
#4941=CARTESIAN_POINT('',(140.,-234.4,10.));
#4942=DIRECTION('',(-0.,1.,-0.));
#4943=VECTOR('',#4942,24.);
#4944=LINE('',#4941,#4943);
#4945=EDGE_CURVE('',#4940,#4131,#4944,.T.);
#4946=ORIENTED_EDGE('',*,*,#4945,.F.);
#4947=CARTESIAN_POINT('',(135.,-234.4,5.));
#4948=VERTEX_POINT('',#4947);
#4949=CARTESIAN_POINT('',(135.,-234.4,10.));
#4950=DIRECTION('',(-0.,1.,-0.));
#4951=DIRECTION('',(0.,0.,-1.));
#4952=AXIS2_PLACEMENT_3D('',#4949,#4950,#4951);
#4953=CIRCLE('',#4952,5.);
#4954=EDGE_CURVE('',#4948,#4940,#4953,.T.);
#4955=ORIENTED_EDGE('',*,*,#4954,.F.);
#4956=CARTESIAN_POINT('',(135.,-234.4,10.));
#4957=DIRECTION('',(-0.,1.,-0.));
#4958=DIRECTION('',(0.,0.,-1.));
#4959=AXIS2_PLACEMENT_3D('',#4956,#4957,#4958);
#4960=CIRCLE('',#4959,5.);
#4961=EDGE_CURVE('',#4940,#4948,#4960,.T.);
#4962=ORIENTED_EDGE('',*,*,#4961,.F.);
#4963=ORIENTED_EDGE('',*,*,#4945,.T.);
#4964=ORIENTED_EDGE('',*,*,#4137,.T.);
#4965=ORIENTED_EDGE('',*,*,#4182,.T.);
#4966=ORIENTED_EDGE('',*,*,#4221,.T.);
#4967=ORIENTED_EDGE('',*,*,#4292,.T.);
#4968=ORIENTED_EDGE('',*,*,#4247,.T.);
#4969=ORIENTED_EDGE('',*,*,#4285,.T.);
#4970=ORIENTED_EDGE('',*,*,#4310,.T.);
#4971=ORIENTED_EDGE('',*,*,#4191,.T.);
#4972=ORIENTED_EDGE('',*,*,#4144,.T.);
#4973=EDGE_LOOP('',(#4946,#4955,#4962,#4963,#4964,#4965,#4966,#4967,#4968,#4969,#4970,#4971,#4972));
#4974=FACE_BOUND('',#4973,.T.);
#4975=ADVANCED_FACE('',(#4974),#4938,.F.);
#4976=CARTESIAN_POINT('',(135.,-220.,30.));
#4977=DIRECTION('',(-0.,1.,0.));
#4978=DIRECTION('',(1.,0.,0.));
#4979=AXIS2_PLACEMENT_3D('',#4976,#4977,#4978);
#4980=CYLINDRICAL_SURFACE('',#4979,2.6);
#4981=CARTESIAN_POINT('',(137.6,-200.,30.));
#4982=VERTEX_POINT('',#4981);
#4983=CARTESIAN_POINT('',(137.6,-200.,30.));
#4984=DIRECTION('',(-0.,-1.,-0.));
#4985=VECTOR('',#4984,10.);
#4986=LINE('',#4983,#4985);
#4987=EDGE_CURVE('',#4982,#3455,#4986,.T.);
#4988=ORIENTED_EDGE('',*,*,#4987,.F.);
#4989=CARTESIAN_POINT('',(135.,-200.,32.6));
#4990=VERTEX_POINT('',#4989);
#4991=CARTESIAN_POINT('',(135.,-200.,30.));
#4992=DIRECTION('',(-0.,-1.,-0.));
#4993=DIRECTION('',(0.,-0.,1.));
#4994=AXIS2_PLACEMENT_3D('',#4991,#4992,#4993);
#4995=CIRCLE('',#4994,2.6);
#4996=EDGE_CURVE('',#4990,#4982,#4995,.T.);
#4997=ORIENTED_EDGE('',*,*,#4996,.F.);
#4998=CARTESIAN_POINT('',(135.,-200.,30.));
#4999=DIRECTION('',(-0.,-1.,-0.));
#5000=DIRECTION('',(0.,-0.,1.));
#5001=AXIS2_PLACEMENT_3D('',#4998,#4999,#5000);
#5002=CIRCLE('',#5001,2.6);
#5003=EDGE_CURVE('',#4982,#4990,#5002,.T.);
#5004=ORIENTED_EDGE('',*,*,#5003,.F.);
#5005=ORIENTED_EDGE('',*,*,#4987,.T.);
#5006=ORIENTED_EDGE('',*,*,#4378,.T.);
#5007=ORIENTED_EDGE('',*,*,#4328,.T.);
#5008=ORIENTED_EDGE('',*,*,#4344,.T.);
#5009=ORIENTED_EDGE('',*,*,#4362,.T.);
#5010=EDGE_LOOP('',(#4988,#4997,#5004,#5005,#5006,#5007,#5008,#5009));
#5011=FACE_BOUND('',#5010,.T.);
#5012=ADVANCED_FACE('',(#5011),#4980,.F.);
#5013=CARTESIAN_POINT('',(135.,-220.,10.));
#5014=DIRECTION('',(-0.,1.,0.));
#5015=DIRECTION('',(1.,0.,0.));
#5016=AXIS2_PLACEMENT_3D('',#5013,#5014,#5015);
#5017=CYLINDRICAL_SURFACE('',#5016,2.6);
#5018=CARTESIAN_POINT('',(137.6,-200.,10.));
#5019=VERTEX_POINT('',#5018);
#5020=CARTESIAN_POINT('',(137.6,-200.,10.));
#5021=DIRECTION('',(-0.,-1.,-0.));
#5022=VECTOR('',#5021,10.);
#5023=LINE('',#5020,#5022);
#5024=EDGE_CURVE('',#5019,#4156,#5023,.T.);
#5025=ORIENTED_EDGE('',*,*,#5024,.F.);
#5026=CARTESIAN_POINT('',(135.,-200.,12.6));
#5027=VERTEX_POINT('',#5026);
#5028=CARTESIAN_POINT('',(135.,-200.,10.));
#5029=DIRECTION('',(-0.,-1.,-0.));
#5030=DIRECTION('',(0.,-0.,1.));
#5031=AXIS2_PLACEMENT_3D('',#5028,#5029,#5030);
#5032=CIRCLE('',#5031,2.6);
#5033=EDGE_CURVE('',#5027,#5019,#5032,.T.);
#5034=ORIENTED_EDGE('',*,*,#5033,.F.);
#5035=CARTESIAN_POINT('',(135.,-200.,10.));
#5036=DIRECTION('',(-0.,-1.,-0.));
#5037=DIRECTION('',(0.,-0.,1.));
#5038=AXIS2_PLACEMENT_3D('',#5035,#5036,#5037);
#5039=CIRCLE('',#5038,2.6);
#5040=EDGE_CURVE('',#5019,#5027,#5039,.T.);
#5041=ORIENTED_EDGE('',*,*,#5040,.F.);
#5042=ORIENTED_EDGE('',*,*,#5024,.T.);
#5043=ORIENTED_EDGE('',*,*,#4446,.T.);
#5044=ORIENTED_EDGE('',*,*,#4396,.T.);
#5045=ORIENTED_EDGE('',*,*,#4412,.T.);
#5046=ORIENTED_EDGE('',*,*,#4430,.T.);
#5047=EDGE_LOOP('',(#5025,#5034,#5041,#5042,#5043,#5044,#5045,#5046));
#5048=FACE_BOUND('',#5047,.T.);
#5049=ADVANCED_FACE('',(#5048),#5017,.F.);
#5050=CARTESIAN_POINT('',(164.55,-233.,-10.5));
#5051=DIRECTION('',(0.,1.,0.));
#5052=DIRECTION('',(1.,0.,0.));
#5053=AXIS2_PLACEMENT_3D('',#5050,#5051,#5052);
#5054=PLANE('',#5053);
#5055=CARTESIAN_POINT('',(167.1,-233.,-12.55));
#5056=VERTEX_POINT('',#5055);
#5057=CARTESIAN_POINT('',(156.05,-233.,-1.5));
#5058=VERTEX_POINT('',#5057);
#5059=CARTESIAN_POINT('',(167.1,-233.,-1.5));
#5060=DIRECTION('',(-0.,1.,-0.));
#5061=DIRECTION('',(0.,0.,-1.));
#5062=AXIS2_PLACEMENT_3D('',#5059,#5060,#5061);
#5063=CIRCLE('',#5062,11.05);
#5064=EDGE_CURVE('',#5056,#5058,#5063,.T.);
#5065=ORIENTED_EDGE('',*,*,#5064,.T.);
#5066=CARTESIAN_POINT('',(167.1,-233.,-1.5));
#5067=DIRECTION('',(-0.,1.,-0.));
#5068=DIRECTION('',(0.,0.,-1.));
#5069=AXIS2_PLACEMENT_3D('',#5066,#5067,#5068);
#5070=CIRCLE('',#5069,11.05);
#5071=EDGE_CURVE('',#5058,#5056,#5070,.T.);
#5072=ORIENTED_EDGE('',*,*,#5071,.T.);
#5073=EDGE_LOOP('',(#5065,#5072));
#5074=FACE_BOUND('',#5073,.T.);
#5075=CARTESIAN_POINT('',(167.1,-233.,-11.5));
#5076=VERTEX_POINT('',#5075);
#5077=CARTESIAN_POINT('',(157.1,-233.,-1.5));
#5078=VERTEX_POINT('',#5077);
#5079=CARTESIAN_POINT('',(167.1,-233.,-1.5));
#5080=DIRECTION('',(0.,-1.,0.));
#5081=DIRECTION('',(0.,0.,-1.));
#5082=AXIS2_PLACEMENT_3D('',#5079,#5080,#5081);
#5083=CIRCLE('',#5082,10.);
#5084=EDGE_CURVE('',#5076,#5078,#5083,.T.);
#5085=ORIENTED_EDGE('',*,*,#5084,.T.);
#5086=CARTESIAN_POINT('',(167.1,-233.,-1.5));
#5087=DIRECTION('',(0.,-1.,0.));
#5088=DIRECTION('',(0.,0.,-1.));
#5089=AXIS2_PLACEMENT_3D('',#5086,#5087,#5088);
#5090=CIRCLE('',#5089,10.);
#5091=EDGE_CURVE('',#5078,#5076,#5090,.T.);
#5092=ORIENTED_EDGE('',*,*,#5091,.T.);
#5093=EDGE_LOOP('',(#5085,#5092));
#5094=FACE_BOUND('',#5093,.T.);
#5095=ADVANCED_FACE('',(#5074,#5094),#5054,.T.);
#5096=CARTESIAN_POINT('',(135.,-220.,-10.));
#5097=DIRECTION('',(-0.,1.,0.));
#5098=DIRECTION('',(1.,0.,0.));
#5099=AXIS2_PLACEMENT_3D('',#5096,#5097,#5098);
#5100=CYLINDRICAL_SURFACE('',#5099,2.6);
#5101=CARTESIAN_POINT('',(137.6,-220.,-10.));
#5102=VERTEX_POINT('',#5101);
#5103=CARTESIAN_POINT('',(137.6,-220.,-10.));
#5104=DIRECTION('',(-0.,-1.,-0.));
#5105=VECTOR('',#5104,10.);
#5106=LINE('',#5103,#5105);
#5107=EDGE_CURVE('',#5102,#3656,#5106,.T.);
#5108=ORIENTED_EDGE('',*,*,#5107,.F.);
#5109=CARTESIAN_POINT('',(135.,-220.,-7.4));
#5110=VERTEX_POINT('',#5109);
#5111=CARTESIAN_POINT('',(135.,-220.,-10.));
#5112=DIRECTION('',(-0.,-1.,-0.));
#5113=DIRECTION('',(0.,-0.,1.));
#5114=AXIS2_PLACEMENT_3D('',#5111,#5112,#5113);
#5115=CIRCLE('',#5114,2.6);
#5116=EDGE_CURVE('',#5110,#5102,#5115,.T.);
#5117=ORIENTED_EDGE('',*,*,#5116,.F.);
#5118=CARTESIAN_POINT('',(135.,-220.,-10.));
#5119=DIRECTION('',(-0.,-1.,-0.));
#5120=DIRECTION('',(0.,-0.,1.));
#5121=AXIS2_PLACEMENT_3D('',#5118,#5119,#5120);
#5122=CIRCLE('',#5121,2.6);
#5123=EDGE_CURVE('',#5102,#5110,#5122,.T.);
#5124=ORIENTED_EDGE('',*,*,#5123,.F.);
#5125=ORIENTED_EDGE('',*,*,#5107,.T.);
#5126=ORIENTED_EDGE('',*,*,#4514,.T.);
#5127=ORIENTED_EDGE('',*,*,#4464,.T.);
#5128=ORIENTED_EDGE('',*,*,#4480,.T.);
#5129=ORIENTED_EDGE('',*,*,#4498,.T.);
#5130=EDGE_LOOP('',(#5108,#5117,#5124,#5125,#5126,#5127,#5128,#5129));
#5131=FACE_BOUND('',#5130,.T.);
#5132=ADVANCED_FACE('',(#5131),#5100,.F.);
#5133=CARTESIAN_POINT('',(105.,-220.,-30.));
#5134=DIRECTION('',(-0.,1.,0.));
#5135=DIRECTION('',(1.,0.,0.));
#5136=AXIS2_PLACEMENT_3D('',#5133,#5134,#5135);
#5137=CYLINDRICAL_SURFACE('',#5136,2.6);
#5138=CARTESIAN_POINT('',(107.6,-220.,-30.));
#5139=VERTEX_POINT('',#5138);
#5140=CARTESIAN_POINT('',(107.6,-220.,-30.));
#5141=DIRECTION('',(-0.,-1.,-0.));
#5142=VECTOR('',#5141,10.);
#5143=LINE('',#5140,#5142);
#5144=EDGE_CURVE('',#5139,#3857,#5143,.T.);
#5145=ORIENTED_EDGE('',*,*,#5144,.F.);
#5146=CARTESIAN_POINT('',(105.,-220.,-27.4));
#5147=VERTEX_POINT('',#5146);
#5148=CARTESIAN_POINT('',(105.,-220.,-30.));
#5149=DIRECTION('',(-0.,-1.,-0.));
#5150=DIRECTION('',(0.,-0.,1.));
#5151=AXIS2_PLACEMENT_3D('',#5148,#5149,#5150);
#5152=CIRCLE('',#5151,2.6);
#5153=EDGE_CURVE('',#5147,#5139,#5152,.T.);
#5154=ORIENTED_EDGE('',*,*,#5153,.F.);
#5155=CARTESIAN_POINT('',(105.,-220.,-30.));
#5156=DIRECTION('',(-0.,-1.,-0.));
#5157=DIRECTION('',(0.,-0.,1.));
#5158=AXIS2_PLACEMENT_3D('',#5155,#5156,#5157);
#5159=CIRCLE('',#5158,2.6);
#5160=EDGE_CURVE('',#5139,#5147,#5159,.T.);
#5161=ORIENTED_EDGE('',*,*,#5160,.F.);
#5162=ORIENTED_EDGE('',*,*,#5144,.T.);
#5163=ORIENTED_EDGE('',*,*,#4582,.T.);
#5164=ORIENTED_EDGE('',*,*,#4532,.T.);
#5165=ORIENTED_EDGE('',*,*,#4548,.T.);
#5166=ORIENTED_EDGE('',*,*,#4566,.T.);
#5167=EDGE_LOOP('',(#5145,#5154,#5161,#5162,#5163,#5164,#5165,#5166));
#5168=FACE_BOUND('',#5167,.T.);
#5169=ADVANCED_FACE('',(#5168),#5137,.F.);
#5170=CARTESIAN_POINT('',(135.,-220.,-30.));
#5171=DIRECTION('',(-0.,1.,0.));
#5172=DIRECTION('',(1.,0.,0.));
#5173=AXIS2_PLACEMENT_3D('',#5170,#5171,#5172);
#5174=CYLINDRICAL_SURFACE('',#5173,2.6);
#5175=CARTESIAN_POINT('',(137.6,-220.,-30.));
#5176=VERTEX_POINT('',#5175);
#5177=CARTESIAN_POINT('',(137.6,-220.,-30.));
#5178=DIRECTION('',(-0.,-1.,-0.));
#5179=VECTOR('',#5178,10.);
#5180=LINE('',#5177,#5179);
#5181=EDGE_CURVE('',#5176,#3151,#5180,.T.);
#5182=ORIENTED_EDGE('',*,*,#5181,.F.);
#5183=CARTESIAN_POINT('',(135.,-220.,-27.4));
#5184=VERTEX_POINT('',#5183);
#5185=CARTESIAN_POINT('',(135.,-220.,-30.));
#5186=DIRECTION('',(-0.,-1.,-0.));
#5187=DIRECTION('',(0.,-0.,1.));
#5188=AXIS2_PLACEMENT_3D('',#5185,#5186,#5187);
#5189=CIRCLE('',#5188,2.6);
#5190=EDGE_CURVE('',#5184,#5176,#5189,.T.);
#5191=ORIENTED_EDGE('',*,*,#5190,.F.);
#5192=CARTESIAN_POINT('',(135.,-220.,-30.));
#5193=DIRECTION('',(-0.,-1.,-0.));
#5194=DIRECTION('',(0.,-0.,1.));
#5195=AXIS2_PLACEMENT_3D('',#5192,#5193,#5194);
#5196=CIRCLE('',#5195,2.6);
#5197=EDGE_CURVE('',#5176,#5184,#5196,.T.);
#5198=ORIENTED_EDGE('',*,*,#5197,.F.);
#5199=ORIENTED_EDGE('',*,*,#5181,.T.);
#5200=ORIENTED_EDGE('',*,*,#4650,.T.);
#5201=ORIENTED_EDGE('',*,*,#4600,.T.);
#5202=ORIENTED_EDGE('',*,*,#4616,.T.);
#5203=ORIENTED_EDGE('',*,*,#4634,.T.);
#5204=EDGE_LOOP('',(#5182,#5191,#5198,#5199,#5200,#5201,#5202,#5203));
#5205=FACE_BOUND('',#5204,.T.);
#5206=ADVANCED_FACE('',(#5205),#5174,.F.);
#5207=CARTESIAN_POINT('',(105.,-220.,-10.));
#5208=DIRECTION('',(-0.,1.,0.));
#5209=DIRECTION('',(1.,0.,0.));
#5210=AXIS2_PLACEMENT_3D('',#5207,#5208,#5209);
#5211=CYLINDRICAL_SURFACE('',#5210,2.6);
#5212=CARTESIAN_POINT('',(107.6,-220.,-10.));
#5213=VERTEX_POINT('',#5212);
#5214=CARTESIAN_POINT('',(107.6,-220.,-10.));
#5215=DIRECTION('',(-0.,-1.,-0.));
#5216=VECTOR('',#5215,10.);
#5217=LINE('',#5214,#5216);
#5218=EDGE_CURVE('',#5213,#3955,#5217,.T.);
#5219=ORIENTED_EDGE('',*,*,#5218,.F.);
#5220=CARTESIAN_POINT('',(105.,-220.,-7.4));
#5221=VERTEX_POINT('',#5220);
#5222=CARTESIAN_POINT('',(105.,-220.,-10.));
#5223=DIRECTION('',(-0.,-1.,-0.));
#5224=DIRECTION('',(0.,-0.,1.));
#5225=AXIS2_PLACEMENT_3D('',#5222,#5223,#5224);
#5226=CIRCLE('',#5225,2.6);
#5227=EDGE_CURVE('',#5221,#5213,#5226,.T.);
#5228=ORIENTED_EDGE('',*,*,#5227,.F.);
#5229=CARTESIAN_POINT('',(105.,-220.,-10.));
#5230=DIRECTION('',(-0.,-1.,-0.));
#5231=DIRECTION('',(0.,-0.,1.));
#5232=AXIS2_PLACEMENT_3D('',#5229,#5230,#5231);
#5233=CIRCLE('',#5232,2.6);
#5234=EDGE_CURVE('',#5213,#5221,#5233,.T.);
#5235=ORIENTED_EDGE('',*,*,#5234,.F.);
#5236=ORIENTED_EDGE('',*,*,#5218,.T.);
#5237=ORIENTED_EDGE('',*,*,#4718,.T.);
#5238=ORIENTED_EDGE('',*,*,#4668,.T.);
#5239=ORIENTED_EDGE('',*,*,#4684,.T.);
#5240=ORIENTED_EDGE('',*,*,#4702,.T.);
#5241=EDGE_LOOP('',(#5219,#5228,#5235,#5236,#5237,#5238,#5239,#5240));
#5242=FACE_BOUND('',#5241,.T.);
#5243=ADVANCED_FACE('',(#5242),#5211,.F.);
#5244=CARTESIAN_POINT('',(135.,-234.7,-30.));
#5245=DIRECTION('',(0.,-1.,0.));
#5246=DIRECTION('',(1.,0.,0.));
#5247=AXIS2_PLACEMENT_3D('',#5244,#5245,#5246);
#5248=CONICAL_SURFACE('',#5247,5.3,44.999999949);
#5249=CARTESIAN_POINT('',(140.599999999,-235.,-30.));
#5250=DIRECTION('',(-0.707106781,0.707106782,-0.));
#5251=VECTOR('',#5250,0.848528137);
#5252=LINE('',#5249,#5251);
#5253=EDGE_CURVE('',#1343,#4730,#5252,.T.);
#5254=ORIENTED_EDGE('',*,*,#5253,.F.);
#5255=ORIENTED_EDGE('',*,*,#1351,.T.);
#5256=ORIENTED_EDGE('',*,*,#1358,.T.);
#5257=ORIENTED_EDGE('',*,*,#5253,.T.);
#5258=ORIENTED_EDGE('',*,*,#4751,.T.);
#5259=ORIENTED_EDGE('',*,*,#4744,.T.);
#5260=EDGE_LOOP('',(#5254,#5255,#5256,#5257,#5258,#5259));
#5261=FACE_BOUND('',#5260,.T.);
#5262=ADVANCED_FACE('',(#5261),#5248,.F.);
#5263=CARTESIAN_POINT('',(135.,-234.7,30.));
#5264=DIRECTION('',(0.,-1.,0.));
#5265=DIRECTION('',(1.,0.,0.));
#5266=AXIS2_PLACEMENT_3D('',#5263,#5264,#5265);
#5267=CONICAL_SURFACE('',#5266,5.3,44.999999949);
#5268=CARTESIAN_POINT('',(140.599999999,-235.,30.));
#5269=DIRECTION('',(-0.707106781,0.707106782,-0.));
#5270=VECTOR('',#5269,0.848528137);
#5271=LINE('',#5268,#5270);
#5272=EDGE_CURVE('',#1323,#4772,#5271,.T.);
#5273=ORIENTED_EDGE('',*,*,#5272,.F.);
#5274=ORIENTED_EDGE('',*,*,#1331,.T.);
#5275=ORIENTED_EDGE('',*,*,#1338,.T.);
#5276=ORIENTED_EDGE('',*,*,#5272,.T.);
#5277=ORIENTED_EDGE('',*,*,#4793,.T.);
#5278=ORIENTED_EDGE('',*,*,#4786,.T.);
#5279=EDGE_LOOP('',(#5273,#5274,#5275,#5276,#5277,#5278));
#5280=FACE_BOUND('',#5279,.T.);
#5281=ADVANCED_FACE('',(#5280),#5267,.F.);
#5282=CARTESIAN_POINT('',(135.,-234.7,-10.));
#5283=DIRECTION('',(0.,-1.,0.));
#5284=DIRECTION('',(1.,0.,0.));
#5285=AXIS2_PLACEMENT_3D('',#5282,#5283,#5284);
#5286=CONICAL_SURFACE('',#5285,5.3,44.999999949);
#5287=CARTESIAN_POINT('',(140.599999999,-235.,-10.));
#5288=DIRECTION('',(-0.707106781,0.707106782,-0.));
#5289=VECTOR('',#5288,0.848528137);
#5290=LINE('',#5287,#5289);
#5291=EDGE_CURVE('',#1303,#4814,#5290,.T.);
#5292=ORIENTED_EDGE('',*,*,#5291,.F.);
#5293=ORIENTED_EDGE('',*,*,#1311,.T.);
#5294=ORIENTED_EDGE('',*,*,#1318,.T.);
#5295=ORIENTED_EDGE('',*,*,#5291,.T.);
#5296=ORIENTED_EDGE('',*,*,#4835,.T.);
#5297=ORIENTED_EDGE('',*,*,#4828,.T.);
#5298=EDGE_LOOP('',(#5292,#5293,#5294,#5295,#5296,#5297));
#5299=FACE_BOUND('',#5298,.T.);
#5300=ADVANCED_FACE('',(#5299),#5286,.F.);
#5301=CARTESIAN_POINT('',(105.,-234.7,-30.));
#5302=DIRECTION('',(0.,-1.,0.));
#5303=DIRECTION('',(1.,0.,0.));
#5304=AXIS2_PLACEMENT_3D('',#5301,#5302,#5303);
#5305=CONICAL_SURFACE('',#5304,5.3,44.999999949);
#5306=CARTESIAN_POINT('',(110.599999999,-235.,-30.));
#5307=DIRECTION('',(-0.707106781,0.707106782,-0.));
#5308=VECTOR('',#5307,0.848528137);
#5309=LINE('',#5306,#5308);
#5310=EDGE_CURVE('',#1283,#4856,#5309,.T.);
#5311=ORIENTED_EDGE('',*,*,#5310,.F.);
#5312=ORIENTED_EDGE('',*,*,#1291,.T.);
#5313=ORIENTED_EDGE('',*,*,#1298,.T.);
#5314=ORIENTED_EDGE('',*,*,#5310,.T.);
#5315=ORIENTED_EDGE('',*,*,#4877,.T.);
#5316=ORIENTED_EDGE('',*,*,#4870,.T.);
#5317=EDGE_LOOP('',(#5311,#5312,#5313,#5314,#5315,#5316));
#5318=FACE_BOUND('',#5317,.T.);
#5319=ADVANCED_FACE('',(#5318),#5305,.F.);
#5320=CARTESIAN_POINT('',(105.,-234.7,-10.));
#5321=DIRECTION('',(0.,-1.,0.));
#5322=DIRECTION('',(1.,0.,0.));
#5323=AXIS2_PLACEMENT_3D('',#5320,#5321,#5322);
#5324=CONICAL_SURFACE('',#5323,5.3,44.999999949);
#5325=CARTESIAN_POINT('',(110.599999999,-235.,-10.));
#5326=DIRECTION('',(-0.707106781,0.707106782,-0.));
#5327=VECTOR('',#5326,0.848528137);
#5328=LINE('',#5325,#5327);
#5329=EDGE_CURVE('',#1263,#4898,#5328,.T.);
#5330=ORIENTED_EDGE('',*,*,#5329,.F.);
#5331=ORIENTED_EDGE('',*,*,#1271,.T.);
#5332=ORIENTED_EDGE('',*,*,#1278,.T.);
#5333=ORIENTED_EDGE('',*,*,#5329,.T.);
#5334=ORIENTED_EDGE('',*,*,#4919,.T.);
#5335=ORIENTED_EDGE('',*,*,#4912,.T.);
#5336=EDGE_LOOP('',(#5330,#5331,#5332,#5333,#5334,#5335));
#5337=FACE_BOUND('',#5336,.T.);
#5338=ADVANCED_FACE('',(#5337),#5324,.F.);
#5339=CARTESIAN_POINT('',(135.,-234.7,10.));
#5340=DIRECTION('',(0.,-1.,0.));
#5341=DIRECTION('',(1.,0.,0.));
#5342=AXIS2_PLACEMENT_3D('',#5339,#5340,#5341);
#5343=CONICAL_SURFACE('',#5342,5.3,44.999999949);
#5344=CARTESIAN_POINT('',(140.599999999,-235.,10.));
#5345=DIRECTION('',(-0.707106781,0.707106782,-0.));
#5346=VECTOR('',#5345,0.848528137);
#5347=LINE('',#5344,#5346);
#5348=EDGE_CURVE('',#1243,#4940,#5347,.T.);
#5349=ORIENTED_EDGE('',*,*,#5348,.F.);
#5350=ORIENTED_EDGE('',*,*,#1251,.T.);
#5351=ORIENTED_EDGE('',*,*,#1258,.T.);
#5352=ORIENTED_EDGE('',*,*,#5348,.T.);
#5353=ORIENTED_EDGE('',*,*,#4961,.T.);
#5354=ORIENTED_EDGE('',*,*,#4954,.T.);
#5355=EDGE_LOOP('',(#5349,#5350,#5351,#5352,#5353,#5354));
#5356=FACE_BOUND('',#5355,.T.);
#5357=ADVANCED_FACE('',(#5356),#5343,.F.);
#5358=CARTESIAN_POINT('',(126.500003493,-233.5,4.999996163));
#5359=DIRECTION('',(-0.707106781,-0.707106781,0.));
#5360=DIRECTION('',(0.,0.,-1.));
#5361=AXIS2_PLACEMENT_3D('',#5358,#5359,#5360);
#5362=PLANE('',#5361);
#5363=CARTESIAN_POINT('',(125.000003493,-232.,-0.000010015));
#5364=VERTEX_POINT('',#5363);
#5365=CARTESIAN_POINT('',(125.000003493,-232.,40.));
#5366=VERTEX_POINT('',#5365);
#5367=CARTESIAN_POINT('',(125.000003493,-232.,-0.000010015));
#5368=DIRECTION('',(0.,0.,1.));
#5369=VECTOR('',#5368,40.000010015);
#5370=LINE('',#5367,#5369);
#5371=EDGE_CURVE('',#5364,#5366,#5370,.T.);
#5372=ORIENTED_EDGE('',*,*,#5371,.F.);
#5373=CARTESIAN_POINT('',(128.000003493,-235.,-3.000010599));
#5374=DIRECTION('',(-0.577350232,0.577350232,0.577350344));
#5375=VECTOR('',#5374,5.19615276);
#5376=LINE('',#5373,#5375);
#5377=EDGE_CURVE('',#1187,#5364,#5376,.T.);
#5378=ORIENTED_EDGE('',*,*,#5377,.F.);
#5379=ORIENTED_EDGE('',*,*,#1192,.F.);
#5380=CARTESIAN_POINT('',(128.000003493,-235.,37.));
#5381=DIRECTION('',(-0.577350269,0.577350269,0.577350269));
#5382=VECTOR('',#5381,5.196152423);
#5383=LINE('',#5380,#5382);
#5384=EDGE_CURVE('',#1179,#5366,#5383,.T.);
#5385=ORIENTED_EDGE('',*,*,#5384,.T.);
#5386=EDGE_LOOP('',(#5372,#5378,#5379,#5385));
#5387=FACE_BOUND('',#5386,.T.);
#5388=ADVANCED_FACE('',(#5387),#5362,.T.);
#5389=CARTESIAN_POINT('',(167.1,-207.300028141,-1.5));
#5390=DIRECTION('',(0.,-1.,0.));
#5391=DIRECTION('',(-1.,0.,0.));
#5392=AXIS2_PLACEMENT_3D('',#5389,#5390,#5391);
#5393=CYLINDRICAL_SURFACE('',#5392,10.);
#5394=CARTESIAN_POINT('',(157.1,-235.,-1.5));
#5395=DIRECTION('',(-0.,1.,-0.));
#5396=VECTOR('',#5395,2.);
#5397=LINE('',#5394,#5396);
#5398=EDGE_CURVE('',#1223,#5078,#5397,.T.);
#5399=ORIENTED_EDGE('',*,*,#5398,.F.);
#5400=ORIENTED_EDGE('',*,*,#1231,.T.);
#5401=ORIENTED_EDGE('',*,*,#1238,.T.);
#5402=ORIENTED_EDGE('',*,*,#5398,.T.);
#5403=ORIENTED_EDGE('',*,*,#5084,.F.);
#5404=ORIENTED_EDGE('',*,*,#5091,.F.);
#5405=EDGE_LOOP('',(#5399,#5400,#5401,#5402,#5403,#5404));
#5406=FACE_BOUND('',#5405,.T.);
#5407=ADVANCED_FACE('',(#5406),#5393,.F.);
#5408=CARTESIAN_POINT('',(100.000001746,-233.5,-1.500010307));
#5409=DIRECTION('',(0.,0.70710685,-0.707106712));
#5410=DIRECTION('',(1.,0.,0.));
#5411=AXIS2_PLACEMENT_3D('',#5408,#5409,#5410);
#5412=PLANE('',#5411);
#5413=ORIENTED_EDGE('',*,*,#1200,.T.);
#5414=ORIENTED_EDGE('',*,*,#5377,.T.);
#5415=CARTESIAN_POINT('',(85.,-232.,-0.000010014));
#5416=VERTEX_POINT('',#5415);
#5417=CARTESIAN_POINT('',(125.000003493,-232.,-0.000010014));
#5418=DIRECTION('',(-1.,-0.,0.));
#5419=VECTOR('',#5418,40.000003493);
#5420=LINE('',#5417,#5419);
#5421=EDGE_CURVE('',#5364,#5416,#5420,.T.);
#5422=ORIENTED_EDGE('',*,*,#5421,.T.);
#5423=CARTESIAN_POINT('',(85.,-232.,-0.000010014));
#5424=DIRECTION('',(0.577350232,-0.577350232,-0.577350344));
#5425=VECTOR('',#5424,5.196152761);
#5426=LINE('',#5423,#5425);
#5427=EDGE_CURVE('',#5416,#1195,#5426,.T.);
#5428=ORIENTED_EDGE('',*,*,#5427,.T.);
#5429=EDGE_LOOP('',(#5413,#5414,#5422,#5428));
#5430=FACE_BOUND('',#5429,.T.);
#5431=ADVANCED_FACE('',(#5430),#5412,.F.);
#5432=CARTESIAN_POINT('',(85.000003493,-220.000013646,-0.000007675));
#5433=DIRECTION('',(0.,-0.000000195,1.));
#5434=DIRECTION('',(1.,0.,0.));
#5435=AXIS2_PLACEMENT_3D('',#5432,#5433,#5434);
#5436=PLANE('',#5435);
#5437=CARTESIAN_POINT('',(85.,-220.,-0.000008844));
#5438=VERTEX_POINT('',#5437);
#5439=CARTESIAN_POINT('',(85.,-232.,-0.000010014));
#5440=DIRECTION('',(0.,1.,0.));
#5441=VECTOR('',#5440,12.);
#5442=LINE('',#5439,#5441);
#5443=EDGE_CURVE('',#5416,#5438,#5442,.T.);
#5444=ORIENTED_EDGE('',*,*,#5443,.F.);
#5445=ORIENTED_EDGE('',*,*,#5421,.F.);
#5446=CARTESIAN_POINT('',(125.00000291,-220.,-0.000003837));
#5447=VERTEX_POINT('',#5446);
#5448=CARTESIAN_POINT('',(125.000003493,-220.,-0.000007675));
#5449=DIRECTION('',(0.,-1.,-0.000000195));
#5450=VECTOR('',#5449,12.);
#5451=LINE('',#5448,#5450);
#5452=EDGE_CURVE('',#5447,#5364,#5451,.T.);
#5453=ORIENTED_EDGE('',*,*,#5452,.F.);
#5454=CARTESIAN_POINT('',(85.,-220.,-0.000007675));
#5455=DIRECTION('',(1.,0.,-0.));
#5456=VECTOR('',#5455,40.00000291);
#5457=LINE('',#5454,#5456);
#5458=EDGE_CURVE('',#5438,#5447,#5457,.T.);
#5459=ORIENTED_EDGE('',*,*,#5458,.F.);
#5460=EDGE_LOOP('',(#5444,#5445,#5453,#5459));
#5461=FACE_BOUND('',#5460,.T.);
#5462=ADVANCED_FACE('',(#5461),#5436,.T.);
#5463=CARTESIAN_POINT('',(125.000003493,-220.000015596,9.999992325));
#5464=DIRECTION('',(-1.,0.,0.));
#5465=DIRECTION('',(0.,0.,1.));
#5466=AXIS2_PLACEMENT_3D('',#5463,#5464,#5465);
#5467=PLANE('',#5466);
#5468=ORIENTED_EDGE('',*,*,#5371,.T.);
#5469=CARTESIAN_POINT('',(125.000003493,-200.,40.));
#5470=VERTEX_POINT('',#5469);
#5471=CARTESIAN_POINT('',(125.000003493,-200.,40.));
#5472=DIRECTION('',(-0.,-1.,-0.));
#5473=VECTOR('',#5472,32.);
#5474=LINE('',#5471,#5473);
#5475=EDGE_CURVE('',#5470,#5366,#5474,.T.);
#5476=ORIENTED_EDGE('',*,*,#5475,.F.);
#5477=CARTESIAN_POINT('',(125.000003493,-200.,0.));
#5478=VERTEX_POINT('',#5477);
#5479=CARTESIAN_POINT('',(125.000003493,-200.,0.));
#5480=DIRECTION('',(-0.,-0.,1.));
#5481=VECTOR('',#5480,40.);
#5482=LINE('',#5479,#5481);
#5483=EDGE_CURVE('',#5478,#5470,#5482,.T.);
#5484=ORIENTED_EDGE('',*,*,#5483,.F.);
#5485=CARTESIAN_POINT('',(125.000003493,-220.,0.));
#5486=DIRECTION('',(0.,1.,0.));
#5487=VECTOR('',#5486,20.);
#5488=LINE('',#5485,#5487);
#5489=EDGE_CURVE('',#5447,#5478,#5488,.T.);
#5490=ORIENTED_EDGE('',*,*,#5489,.F.);
#5491=ORIENTED_EDGE('',*,*,#5452,.T.);
#5492=EDGE_LOOP('',(#5468,#5476,#5484,#5490,#5491));
#5493=FACE_BOUND('',#5492,.T.);
#5494=ADVANCED_FACE('',(#5493),#5467,.T.);
#5495=CARTESIAN_POINT('',(156.,-207.5,0.));
#5496=DIRECTION('',(-1.,0.,0.));
#5497=DIRECTION('',(0.,1.,0.));
#5498=AXIS2_PLACEMENT_3D('',#5495,#5496,#5497);
#5499=PLANE('',#5498);
#5500=CARTESIAN_POINT('',(156.,-205.,-30.));
#5501=VERTEX_POINT('',#5500);
#5502=CARTESIAN_POINT('',(156.,-210.,-35.));
#5503=VERTEX_POINT('',#5502);
#5504=CARTESIAN_POINT('',(156.,-210.,-30.));
#5505=DIRECTION('',(-1.,-0.,-0.));
#5506=DIRECTION('',(0.,0.,-1.));
#5507=AXIS2_PLACEMENT_3D('',#5504,#5505,#5506);
#5508=CIRCLE('',#5507,5.);
#5509=EDGE_CURVE('',#5501,#5503,#5508,.T.);
#5510=ORIENTED_EDGE('',*,*,#5509,.F.);
#5511=CARTESIAN_POINT('',(156.,-210.,-30.));
#5512=DIRECTION('',(-1.,-0.,-0.));
#5513=DIRECTION('',(0.,0.,-1.));
#5514=AXIS2_PLACEMENT_3D('',#5511,#5512,#5513);
#5515=CIRCLE('',#5514,5.);
#5516=EDGE_CURVE('',#5503,#5501,#5515,.T.);
#5517=ORIENTED_EDGE('',*,*,#5516,.F.);
#5518=EDGE_LOOP('',(#5510,#5517));
#5519=FACE_BOUND('',#5518,.T.);
#5520=CARTESIAN_POINT('',(156.,-210.,-27.35));
#5521=VERTEX_POINT('',#5520);
#5522=CARTESIAN_POINT('',(156.,-207.35,-30.));
#5523=VERTEX_POINT('',#5522);
#5524=CARTESIAN_POINT('',(156.,-210.,-30.));
#5525=DIRECTION('',(-1.,0.,0.));
#5526=DIRECTION('',(0.,0.,1.));
#5527=AXIS2_PLACEMENT_3D('',#5524,#5525,#5526);
#5528=CIRCLE('',#5527,2.65);
#5529=EDGE_CURVE('',#5521,#5523,#5528,.T.);
#5530=ORIENTED_EDGE('',*,*,#5529,.T.);
#5531=CARTESIAN_POINT('',(156.,-210.,-30.));
#5532=DIRECTION('',(-1.,0.,0.));
#5533=DIRECTION('',(0.,0.,1.));
#5534=AXIS2_PLACEMENT_3D('',#5531,#5532,#5533);
#5535=CIRCLE('',#5534,2.65);
#5536=EDGE_CURVE('',#5523,#5521,#5535,.T.);
#5537=ORIENTED_EDGE('',*,*,#5536,.T.);
#5538=EDGE_LOOP('',(#5530,#5537));
#5539=FACE_BOUND('',#5538,.T.);
#5540=ADVANCED_FACE('',(#5519,#5539),#5499,.F.);
#5541=CARTESIAN_POINT('',(156.,-207.5,0.));
#5542=DIRECTION('',(-1.,0.,0.));
#5543=DIRECTION('',(0.,1.,0.));
#5544=AXIS2_PLACEMENT_3D('',#5541,#5542,#5543);
#5545=PLANE('',#5544);
#5546=CARTESIAN_POINT('',(156.,-185.,-30.));
#5547=VERTEX_POINT('',#5546);
#5548=CARTESIAN_POINT('',(156.,-190.,-35.));
#5549=VERTEX_POINT('',#5548);
#5550=CARTESIAN_POINT('',(156.,-190.,-30.));
#5551=DIRECTION('',(-1.,-0.,-0.));
#5552=DIRECTION('',(0.,0.,-1.));
#5553=AXIS2_PLACEMENT_3D('',#5550,#5551,#5552);
#5554=CIRCLE('',#5553,5.);
#5555=EDGE_CURVE('',#5547,#5549,#5554,.T.);
#5556=ORIENTED_EDGE('',*,*,#5555,.F.);
#5557=CARTESIAN_POINT('',(156.,-190.,-30.));
#5558=DIRECTION('',(-1.,-0.,-0.));
#5559=DIRECTION('',(0.,0.,-1.));
#5560=AXIS2_PLACEMENT_3D('',#5557,#5558,#5559);
#5561=CIRCLE('',#5560,5.);
#5562=EDGE_CURVE('',#5549,#5547,#5561,.T.);
#5563=ORIENTED_EDGE('',*,*,#5562,.F.);
#5564=EDGE_LOOP('',(#5556,#5563));
#5565=FACE_BOUND('',#5564,.T.);
#5566=CARTESIAN_POINT('',(156.,-190.,-27.35));
#5567=VERTEX_POINT('',#5566);
#5568=CARTESIAN_POINT('',(156.,-187.35,-30.));
#5569=VERTEX_POINT('',#5568);
#5570=CARTESIAN_POINT('',(156.,-190.,-30.));
#5571=DIRECTION('',(-1.,0.,0.));
#5572=DIRECTION('',(0.,0.,1.));
#5573=AXIS2_PLACEMENT_3D('',#5570,#5571,#5572);
#5574=CIRCLE('',#5573,2.65);
#5575=EDGE_CURVE('',#5567,#5569,#5574,.T.);
#5576=ORIENTED_EDGE('',*,*,#5575,.T.);
#5577=CARTESIAN_POINT('',(156.,-190.,-30.));
#5578=DIRECTION('',(-1.,0.,0.));
#5579=DIRECTION('',(0.,0.,1.));
#5580=AXIS2_PLACEMENT_3D('',#5577,#5578,#5579);
#5581=CIRCLE('',#5580,2.65);
#5582=EDGE_CURVE('',#5569,#5567,#5581,.T.);
#5583=ORIENTED_EDGE('',*,*,#5582,.T.);
#5584=EDGE_LOOP('',(#5576,#5583));
#5585=FACE_BOUND('',#5584,.T.);
#5586=ADVANCED_FACE('',(#5565,#5585),#5545,.F.);
#5587=CARTESIAN_POINT('',(145.,-210.,-30.));
#5588=DIRECTION('',(-1.,0.,0.));
#5589=DIRECTION('',(0.,1.,0.));
#5590=AXIS2_PLACEMENT_3D('',#5587,#5588,#5589);
#5591=CYLINDRICAL_SURFACE('',#5590,2.65);
#5592=CARTESIAN_POINT('',(145.,-207.35,-30.));
#5593=DIRECTION('',(1.,-0.,-0.));
#5594=VECTOR('',#5593,11.);
#5595=LINE('',#5592,#5594);
#5596=EDGE_CURVE('',#1874,#5523,#5595,.T.);
#5597=ORIENTED_EDGE('',*,*,#5596,.F.);
#5598=ORIENTED_EDGE('',*,*,#1880,.F.);
#5599=ORIENTED_EDGE('',*,*,#1887,.F.);
#5600=ORIENTED_EDGE('',*,*,#5596,.T.);
#5601=ORIENTED_EDGE('',*,*,#5529,.F.);
#5602=ORIENTED_EDGE('',*,*,#5536,.F.);
#5603=EDGE_LOOP('',(#5597,#5598,#5599,#5600,#5601,#5602));
#5604=FACE_BOUND('',#5603,.T.);
#5605=ADVANCED_FACE('',(#5604),#5591,.F.);
#5606=CARTESIAN_POINT('',(145.,-190.,-30.));
#5607=DIRECTION('',(-1.,0.,0.));
#5608=DIRECTION('',(0.,1.,0.));
#5609=AXIS2_PLACEMENT_3D('',#5606,#5607,#5608);
#5610=CYLINDRICAL_SURFACE('',#5609,2.65);
#5611=CARTESIAN_POINT('',(145.,-187.35,-30.));
#5612=DIRECTION('',(1.,-0.,-0.));
#5613=VECTOR('',#5612,11.);
#5614=LINE('',#5611,#5613);
#5615=EDGE_CURVE('',#1854,#5569,#5614,.T.);
#5616=ORIENTED_EDGE('',*,*,#5615,.F.);
#5617=ORIENTED_EDGE('',*,*,#1860,.F.);
#5618=ORIENTED_EDGE('',*,*,#1867,.F.);
#5619=ORIENTED_EDGE('',*,*,#5615,.T.);
#5620=ORIENTED_EDGE('',*,*,#5575,.F.);
#5621=ORIENTED_EDGE('',*,*,#5582,.F.);
#5622=EDGE_LOOP('',(#5616,#5617,#5618,#5619,#5620,#5621));
#5623=FACE_BOUND('',#5622,.T.);
#5624=ADVANCED_FACE('',(#5623),#5610,.F.);
#5625=CARTESIAN_POINT('',(145.,-220.,0.));
#5626=DIRECTION('',(0.,0.,1.));
#5627=DIRECTION('',(-1.,0.,0.));
#5628=AXIS2_PLACEMENT_3D('',#5625,#5626,#5627);
#5629=PLANE('',#5628);
#5630=CARTESIAN_POINT('',(145.,-200.,0.));
#5631=DIRECTION('',(-1.,0.,0.));
#5632=VECTOR('',#5631,19.999996507);
#5633=LINE('',#5630,#5632);
#5634=EDGE_CURVE('',#1829,#5478,#5633,.T.);
#5635=ORIENTED_EDGE('',*,*,#5634,.F.);
#5636=ORIENTED_EDGE('',*,*,#1834,.F.);
#5637=CARTESIAN_POINT('',(125.00000291,-220.,0.));
#5638=DIRECTION('',(1.,0.,-0.));
#5639=VECTOR('',#5638,19.99999709);
#5640=LINE('',#5637,#5639);
#5641=EDGE_CURVE('',#5447,#1821,#5640,.T.);
#5642=ORIENTED_EDGE('',*,*,#5641,.F.);
#5643=ORIENTED_EDGE('',*,*,#5489,.T.);
#5644=EDGE_LOOP('',(#5635,#5636,#5642,#5643));
#5645=FACE_BOUND('',#5644,.T.);
#5646=ADVANCED_FACE('',(#5645),#5629,.F.);
#5647=CARTESIAN_POINT('',(116.,-200.,0.));
#5648=DIRECTION('',(0.,-1.,0.));
#5649=DIRECTION('',(-1.,0.,0.));
#5650=AXIS2_PLACEMENT_3D('',#5647,#5648,#5649);
#5651=PLANE('',#5650);
#5652=CARTESIAN_POINT('',(125.000003493,-200.,40.));
#5653=DIRECTION('',(1.,-0.,-0.));
#5654=VECTOR('',#5653,19.999996507);
#5655=LINE('',#5652,#5654);
#5656=EDGE_CURVE('',#5470,#1734,#5655,.T.);
#5657=ORIENTED_EDGE('',*,*,#5656,.T.);
#5658=ORIENTED_EDGE('',*,*,#1739,.F.);
#5659=ORIENTED_EDGE('',*,*,#1785,.F.);
#5660=ORIENTED_EDGE('',*,*,#1840,.F.);
#5661=ORIENTED_EDGE('',*,*,#5634,.T.);
#5662=ORIENTED_EDGE('',*,*,#5483,.T.);
#5663=EDGE_LOOP('',(#5657,#5658,#5659,#5660,#5661,#5662));
#5664=FACE_BOUND('',#5663,.T.);
#5665=ORIENTED_EDGE('',*,*,#5033,.T.);
#5666=ORIENTED_EDGE('',*,*,#5040,.T.);
#5667=EDGE_LOOP('',(#5665,#5666));
#5668=FACE_BOUND('',#5667,.T.);
#5669=ORIENTED_EDGE('',*,*,#4996,.T.);
#5670=ORIENTED_EDGE('',*,*,#5003,.T.);
#5671=EDGE_LOOP('',(#5669,#5670));
#5672=FACE_BOUND('',#5671,.T.);
#5673=ADVANCED_FACE('',(#5664,#5668,#5672),#5651,.F.);
#5674=CARTESIAN_POINT('',(167.1,-41.985025018,-1.5));
#5675=DIRECTION('',(0.,-1.,0.));
#5676=DIRECTION('',(-1.,0.,0.));
#5677=AXIS2_PLACEMENT_3D('',#5674,#5675,#5676);
#5678=CYLINDRICAL_SURFACE('',#5677,11.05);
#5679=CARTESIAN_POINT('',(156.05,-224.6,-1.5));
#5680=VERTEX_POINT('',#5679);
#5681=CARTESIAN_POINT('',(156.05,-233.,-1.5));
#5682=DIRECTION('',(-0.,1.,-0.));
#5683=VECTOR('',#5682,8.4);
#5684=LINE('',#5681,#5683);
#5685=EDGE_CURVE('',#5058,#5680,#5684,.T.);
#5686=ORIENTED_EDGE('',*,*,#5685,.F.);
#5687=ORIENTED_EDGE('',*,*,#5064,.F.);
#5688=ORIENTED_EDGE('',*,*,#5071,.F.);
#5689=ORIENTED_EDGE('',*,*,#5685,.T.);
#5690=CARTESIAN_POINT('',(167.1,-224.6,9.55));
#5691=VERTEX_POINT('',#5690);
#5692=CARTESIAN_POINT('',(167.1,-224.6,-1.5));
#5693=DIRECTION('',(-0.,1.,-0.));
#5694=DIRECTION('',(0.,0.,-1.));
#5695=AXIS2_PLACEMENT_3D('',#5692,#5693,#5694);
#5696=CIRCLE('',#5695,11.05);
#5697=EDGE_CURVE('',#5680,#5691,#5696,.T.);
#5698=ORIENTED_EDGE('',*,*,#5697,.T.);
#5699=CARTESIAN_POINT('',(167.1,-224.6,-12.55));
#5700=VERTEX_POINT('',#5699);
#5701=CARTESIAN_POINT('',(167.1,-224.6,-1.5));
#5702=DIRECTION('',(-0.,1.,-0.));
#5703=DIRECTION('',(0.,0.,-1.));
#5704=AXIS2_PLACEMENT_3D('',#5701,#5702,#5703);
#5705=CIRCLE('',#5704,11.05);
#5706=EDGE_CURVE('',#5691,#5700,#5705,.T.);
#5707=ORIENTED_EDGE('',*,*,#5706,.T.);
#5708=CARTESIAN_POINT('',(167.1,-224.6,-1.5));
#5709=DIRECTION('',(-0.,1.,-0.));
#5710=DIRECTION('',(0.,0.,-1.));
#5711=AXIS2_PLACEMENT_3D('',#5708,#5709,#5710);
#5712=CIRCLE('',#5711,11.05);
#5713=EDGE_CURVE('',#5700,#5680,#5712,.T.);
#5714=ORIENTED_EDGE('',*,*,#5713,.T.);
#5715=EDGE_LOOP('',(#5686,#5687,#5688,#5689,#5698,#5707,#5714));
#5716=FACE_BOUND('',#5715,.T.);
#5717=ADVANCED_FACE('',(#5716),#5678,.F.);
#5718=CARTESIAN_POINT('',(130.,-233.5,38.5));
#5719=DIRECTION('',(0.,-0.707106781,0.707106781));
#5720=DIRECTION('',(-1.,0.,0.));
#5721=AXIS2_PLACEMENT_3D('',#5718,#5719,#5720);
#5722=PLANE('',#5721);
#5723=ORIENTED_EDGE('',*,*,#5384,.F.);
#5724=ORIENTED_EDGE('',*,*,#1184,.F.);
#5725=ORIENTED_EDGE('',*,*,#843,.F.);
#5726=CARTESIAN_POINT('',(125.000003493,-232.,40.));
#5727=DIRECTION('',(1.,-0.,-0.));
#5728=VECTOR('',#5727,53.85735582);
#5729=LINE('',#5726,#5728);
#5730=EDGE_CURVE('',#5366,#830,#5729,.T.);
#5731=ORIENTED_EDGE('',*,*,#5730,.F.);
#5732=EDGE_LOOP('',(#5723,#5724,#5725,#5731));
#5733=FACE_BOUND('',#5732,.T.);
#5734=ADVANCED_FACE('',(#5733),#5722,.T.);
#5735=CARTESIAN_POINT('',(115.,-220.,0.));
#5736=DIRECTION('',(0.,-1.,0.));
#5737=DIRECTION('',(1.,0.,0.));
#5738=AXIS2_PLACEMENT_3D('',#5735,#5736,#5737);
#5739=PLANE('',#5738);
#5740=CARTESIAN_POINT('',(85.,-220.,-40.));
#5741=VERTEX_POINT('',#5740);
#5742=CARTESIAN_POINT('',(85.,-220.,-40.));
#5743=DIRECTION('',(1.,0.,-0.));
#5744=VECTOR('',#5743,60.);
#5745=LINE('',#5742,#5744);
#5746=EDGE_CURVE('',#5741,#1813,#5745,.T.);
#5747=ORIENTED_EDGE('',*,*,#5746,.F.);
#5748=CARTESIAN_POINT('',(85.,-220.,-0.000008844));
#5749=DIRECTION('',(0.,0.,-1.));
#5750=VECTOR('',#5749,39.999991156);
#5751=LINE('',#5748,#5750);
#5752=EDGE_CURVE('',#5438,#5741,#5751,.T.);
#5753=ORIENTED_EDGE('',*,*,#5752,.F.);
#5754=ORIENTED_EDGE('',*,*,#5458,.T.);
#5755=ORIENTED_EDGE('',*,*,#5641,.T.);
#5756=ORIENTED_EDGE('',*,*,#1826,.F.);
#5757=EDGE_LOOP('',(#5747,#5753,#5754,#5755,#5756));
#5758=FACE_BOUND('',#5757,.T.);
#5759=ORIENTED_EDGE('',*,*,#5227,.T.);
#5760=ORIENTED_EDGE('',*,*,#5234,.T.);
#5761=EDGE_LOOP('',(#5759,#5760));
#5762=FACE_BOUND('',#5761,.T.);
#5763=ORIENTED_EDGE('',*,*,#5190,.T.);
#5764=ORIENTED_EDGE('',*,*,#5197,.T.);
#5765=EDGE_LOOP('',(#5763,#5764));
#5766=FACE_BOUND('',#5765,.T.);
#5767=ORIENTED_EDGE('',*,*,#5153,.T.);
#5768=ORIENTED_EDGE('',*,*,#5160,.T.);
#5769=EDGE_LOOP('',(#5767,#5768));
#5770=FACE_BOUND('',#5769,.T.);
#5771=ORIENTED_EDGE('',*,*,#5116,.T.);
#5772=ORIENTED_EDGE('',*,*,#5123,.T.);
#5773=EDGE_LOOP('',(#5771,#5772));
#5774=FACE_BOUND('',#5773,.T.);
#5775=ADVANCED_FACE('',(#5758,#5762,#5766,#5770,#5774),#5739,.F.);
#5776=CARTESIAN_POINT('',(86.5,-233.5,0.));
#5777=DIRECTION('',(0.707106781,0.707106781,0.));
#5778=DIRECTION('',(0.,0.,1.));
#5779=AXIS2_PLACEMENT_3D('',#5776,#5777,#5778);
#5780=PLANE('',#5779);
#5781=ORIENTED_EDGE('',*,*,#5427,.F.);
#5782=CARTESIAN_POINT('',(85.,-232.,-40.));
#5783=VERTEX_POINT('',#5782);
#5784=CARTESIAN_POINT('',(85.,-232.,-0.000010014));
#5785=DIRECTION('',(-0.,-0.,-1.));
#5786=VECTOR('',#5785,39.999989986);
#5787=LINE('',#5784,#5786);
#5788=EDGE_CURVE('',#5416,#5783,#5787,.T.);
#5789=ORIENTED_EDGE('',*,*,#5788,.T.);
#5790=CARTESIAN_POINT('',(85.,-232.,-40.));
#5791=DIRECTION('',(0.707106781,-0.707106781,0.));
#5792=VECTOR('',#5791,4.242640687);
#5793=LINE('',#5790,#5792);
#5794=EDGE_CURVE('',#5783,#1203,#5793,.T.);
#5795=ORIENTED_EDGE('',*,*,#5794,.T.);
#5796=ORIENTED_EDGE('',*,*,#1208,.T.);
#5797=EDGE_LOOP('',(#5781,#5789,#5795,#5796));
#5798=FACE_BOUND('',#5797,.T.);
#5799=ADVANCED_FACE('',(#5798),#5780,.F.);
#5800=CARTESIAN_POINT('',(85.,-220.,0.));
#5801=DIRECTION('',(1.,0.,0.));
#5802=DIRECTION('',(0.,0.,-1.));
#5803=AXIS2_PLACEMENT_3D('',#5800,#5801,#5802);
#5804=PLANE('',#5803);
#5805=CARTESIAN_POINT('',(85.,-220.,-40.));
#5806=DIRECTION('',(-0.,-1.,-0.));
#5807=VECTOR('',#5806,12.);
#5808=LINE('',#5805,#5807);
#5809=EDGE_CURVE('',#5741,#5783,#5808,.T.);
#5810=ORIENTED_EDGE('',*,*,#5809,.T.);
#5811=ORIENTED_EDGE('',*,*,#5788,.F.);
#5812=ORIENTED_EDGE('',*,*,#5443,.T.);
#5813=ORIENTED_EDGE('',*,*,#5752,.T.);
#5814=EDGE_LOOP('',(#5810,#5811,#5812,#5813));
#5815=FACE_BOUND('',#5814,.T.);
#5816=ADVANCED_FACE('',(#5815),#5804,.F.);
#5817=CARTESIAN_POINT('',(145.,-220.,40.));
#5818=DIRECTION('',(0.,0.,-1.));
#5819=DIRECTION('',(-1.,0.,0.));
#5820=AXIS2_PLACEMENT_3D('',#5817,#5818,#5819);
#5821=PLANE('',#5820);
#5822=ORIENTED_EDGE('',*,*,#1745,.T.);
#5823=ORIENTED_EDGE('',*,*,#5656,.F.);
#5824=ORIENTED_EDGE('',*,*,#5475,.T.);
#5825=ORIENTED_EDGE('',*,*,#5730,.T.);
#5826=ORIENTED_EDGE('',*,*,#835,.T.);
#5827=CARTESIAN_POINT('',(185.1,-225.757359313,40.));
#5828=DIRECTION('',(0.,1.,0.));
#5829=VECTOR('',#5828,45.757359313);
#5830=LINE('',#5827,#5829);
#5831=EDGE_CURVE('',#822,#1445,#5830,.T.);
#5832=ORIENTED_EDGE('',*,*,#5831,.T.);
#5833=ORIENTED_EDGE('',*,*,#1450,.F.);
#5834=EDGE_LOOP('',(#5822,#5823,#5824,#5825,#5826,#5832,#5833));
#5835=FACE_BOUND('',#5834,.T.);
#5836=ADVANCED_FACE('',(#5835),#5821,.F.);
#5837=CARTESIAN_POINT('',(160.,-210.,-30.));
#5838=DIRECTION('',(1.,0.,0.));
#5839=DIRECTION('',(-0.,1.,0.));
#5840=AXIS2_PLACEMENT_3D('',#5837,#5838,#5839);
#5841=CYLINDRICAL_SURFACE('',#5840,5.);
#5842=CARTESIAN_POINT('',(187.5,-205.,-30.));
#5843=VERTEX_POINT('',#5842);
#5844=CARTESIAN_POINT('',(187.5,-205.,-30.));
#5845=DIRECTION('',(-1.,-0.,-0.));
#5846=VECTOR('',#5845,31.5);
#5847=LINE('',#5844,#5846);
#5848=EDGE_CURVE('',#5843,#5501,#5847,.T.);
#5849=ORIENTED_EDGE('',*,*,#5848,.F.);
#5850=CARTESIAN_POINT('',(187.5,-210.,-35.));
#5851=VERTEX_POINT('',#5850);
#5852=CARTESIAN_POINT('',(187.5,-210.,-30.));
#5853=DIRECTION('',(1.,0.,0.));
#5854=DIRECTION('',(0.,0.,-1.));
#5855=AXIS2_PLACEMENT_3D('',#5852,#5853,#5854);
#5856=CIRCLE('',#5855,5.);
#5857=EDGE_CURVE('',#5843,#5851,#5856,.T.);
#5858=ORIENTED_EDGE('',*,*,#5857,.T.);
#5859=CARTESIAN_POINT('',(187.5,-210.,-30.));
#5860=DIRECTION('',(1.,0.,0.));
#5861=DIRECTION('',(0.,0.,-1.));
#5862=AXIS2_PLACEMENT_3D('',#5859,#5860,#5861);
#5863=CIRCLE('',#5862,5.);
#5864=EDGE_CURVE('',#5851,#5843,#5863,.T.);
#5865=ORIENTED_EDGE('',*,*,#5864,.T.);
#5866=ORIENTED_EDGE('',*,*,#5848,.T.);
#5867=ORIENTED_EDGE('',*,*,#5509,.T.);
#5868=ORIENTED_EDGE('',*,*,#5516,.T.);
#5869=EDGE_LOOP('',(#5849,#5858,#5865,#5866,#5867,#5868));
#5870=FACE_BOUND('',#5869,.T.);
#5871=ADVANCED_FACE('',(#5870),#5841,.F.);
#5872=CARTESIAN_POINT('',(160.,-190.,-30.));
#5873=DIRECTION('',(1.,0.,0.));
#5874=DIRECTION('',(-0.,1.,0.));
#5875=AXIS2_PLACEMENT_3D('',#5872,#5873,#5874);
#5876=CYLINDRICAL_SURFACE('',#5875,5.);
#5877=CARTESIAN_POINT('',(187.5,-185.,-30.));
#5878=VERTEX_POINT('',#5877);
#5879=CARTESIAN_POINT('',(187.5,-185.,-30.));
#5880=DIRECTION('',(-1.,-0.,-0.));
#5881=VECTOR('',#5880,31.5);
#5882=LINE('',#5879,#5881);
#5883=EDGE_CURVE('',#5878,#5547,#5882,.T.);
#5884=ORIENTED_EDGE('',*,*,#5883,.F.);
#5885=CARTESIAN_POINT('',(187.5,-190.,-35.));
#5886=VERTEX_POINT('',#5885);
#5887=CARTESIAN_POINT('',(187.5,-190.,-30.));
#5888=DIRECTION('',(1.,0.,0.));
#5889=DIRECTION('',(0.,0.,-1.));
#5890=AXIS2_PLACEMENT_3D('',#5887,#5888,#5889);
#5891=CIRCLE('',#5890,5.);
#5892=EDGE_CURVE('',#5878,#5886,#5891,.T.);
#5893=ORIENTED_EDGE('',*,*,#5892,.T.);
#5894=CARTESIAN_POINT('',(187.5,-190.,-30.));
#5895=DIRECTION('',(1.,0.,0.));
#5896=DIRECTION('',(0.,0.,-1.));
#5897=AXIS2_PLACEMENT_3D('',#5894,#5895,#5896);
#5898=CIRCLE('',#5897,5.);
#5899=EDGE_CURVE('',#5886,#5878,#5898,.T.);
#5900=ORIENTED_EDGE('',*,*,#5899,.T.);
#5901=ORIENTED_EDGE('',*,*,#5883,.T.);
#5902=ORIENTED_EDGE('',*,*,#5555,.T.);
#5903=ORIENTED_EDGE('',*,*,#5562,.T.);
#5904=EDGE_LOOP('',(#5884,#5893,#5900,#5901,#5902,#5903));
#5905=FACE_BOUND('',#5904,.T.);
#5906=ADVANCED_FACE('',(#5905),#5876,.F.);
#5907=CARTESIAN_POINT('',(167.1,-224.6,-1.5));
#5908=DIRECTION('',(0.,-1.,0.));
#5909=DIRECTION('',(0.,0.,1.));
#5910=AXIS2_PLACEMENT_3D('',#5907,#5908,#5909);
#5911=TOROIDAL_SURFACE('',#5910,11.65,0.6);
#5912=CARTESIAN_POINT('',(167.1,-224.,10.15));
#5913=VERTEX_POINT('',#5912);
#5914=CARTESIAN_POINT('',(167.1,-224.6,10.15));
#5915=DIRECTION('',(-1.,-0.,0.));
#5916=DIRECTION('',(0.,0.,1.));
#5917=AXIS2_PLACEMENT_3D('',#5914,#5915,#5916);
#5918=CIRCLE('',#5917,0.6);
#5919=EDGE_CURVE('',#5913,#5691,#5918,.T.);
#5920=ORIENTED_EDGE('',*,*,#5919,.T.);
#5921=ORIENTED_EDGE('',*,*,#5697,.F.);
#5922=ORIENTED_EDGE('',*,*,#5713,.F.);
#5923=ORIENTED_EDGE('',*,*,#5706,.F.);
#5924=ORIENTED_EDGE('',*,*,#5919,.F.);
#5925=CARTESIAN_POINT('',(167.1,-224.,-13.15));
#5926=VERTEX_POINT('',#5925);
#5927=CARTESIAN_POINT('',(167.1,-224.,-1.5));
#5928=DIRECTION('',(0.,-1.,0.));
#5929=DIRECTION('',(0.,0.,-1.));
#5930=AXIS2_PLACEMENT_3D('',#5927,#5928,#5929);
#5931=CIRCLE('',#5930,11.65);
#5932=EDGE_CURVE('',#5926,#5913,#5931,.T.);
#5933=ORIENTED_EDGE('',*,*,#5932,.F.);
#5934=CARTESIAN_POINT('',(167.1,-224.,-1.5));
#5935=DIRECTION('',(0.,-1.,0.));
#5936=DIRECTION('',(0.,0.,-1.));
#5937=AXIS2_PLACEMENT_3D('',#5934,#5935,#5936);
#5938=CIRCLE('',#5937,11.65);
#5939=EDGE_CURVE('',#5913,#5926,#5938,.T.);
#5940=ORIENTED_EDGE('',*,*,#5939,.F.);
#5941=EDGE_LOOP('',(#5920,#5921,#5922,#5923,#5924,#5933,#5940));
#5942=FACE_BOUND('',#5941,.T.);
#5943=ADVANCED_FACE('',(#5942),#5911,.T.);
#5944=CARTESIAN_POINT('',(186.6,-215.,38.5));
#5945=DIRECTION('',(0.707106781,0.,0.707106781));
#5946=DIRECTION('',(-0.707106781,0.,0.707106781));
#5947=AXIS2_PLACEMENT_3D('',#5944,#5945,#5946);
#5948=PLANE('',#5947);
#5949=CARTESIAN_POINT('',(188.1,-180.,37.));
#5950=DIRECTION('',(-0.,-1.,-0.));
#5951=VECTOR('',#5950,46.999999999);
#5952=LINE('',#5949,#5951);
#5953=EDGE_CURVE('',#1453,#814,#5952,.T.);
#5954=ORIENTED_EDGE('',*,*,#5953,.F.);
#5955=ORIENTED_EDGE('',*,*,#1458,.F.);
#5956=ORIENTED_EDGE('',*,*,#5831,.F.);
#5957=ORIENTED_EDGE('',*,*,#827,.F.);
#5958=EDGE_LOOP('',(#5954,#5955,#5956,#5957));
#5959=FACE_BOUND('',#5958,.T.);
#5960=ADVANCED_FACE('',(#5959),#5948,.T.);
#5961=CARTESIAN_POINT('',(184.514213562,-231.414213562,0.));
#5962=DIRECTION('',(0.707106781,-0.707106781,0.));
#5963=DIRECTION('',(0.,0.,1.));
#5964=AXIS2_PLACEMENT_3D('',#5961,#5962,#5963);
#5965=PLANE('',#5964);
#5966=ORIENTED_EDGE('',*,*,#857,.T.);
#5967=ORIENTED_EDGE('',*,*,#1175,.F.);
#5968=CARTESIAN_POINT('',(188.1,-227.828427125,-40.));
#5969=VERTEX_POINT('',#5968);
#5970=CARTESIAN_POINT('',(188.1,-227.828427125,-40.));
#5971=DIRECTION('',(-0.707106781,-0.707106781,0.));
#5972=VECTOR('',#5971,10.142135623);
#5973=LINE('',#5970,#5972);
#5974=EDGE_CURVE('',#5969,#1170,#5973,.T.);
#5975=ORIENTED_EDGE('',*,*,#5974,.F.);
#5976=CARTESIAN_POINT('',(188.1,-227.828427125,36.414213562));
#5977=DIRECTION('',(-0.,-0.,-1.));
#5978=VECTOR('',#5977,76.414213562);
#5979=LINE('',#5976,#5978);
#5980=EDGE_CURVE('',#812,#5969,#5979,.T.);
#5981=ORIENTED_EDGE('',*,*,#5980,.F.);
#5982=EDGE_LOOP('',(#5966,#5967,#5975,#5981));
#5983=FACE_BOUND('',#5982,.T.);
#5984=ADVANCED_FACE('',(#5983),#5965,.T.);
#5985=CARTESIAN_POINT('',(85.,-220.,-40.));
#5986=DIRECTION('',(0.,0.,1.));
#5987=DIRECTION('',(1.,0.,0.));
#5988=AXIS2_PLACEMENT_3D('',#5985,#5986,#5987);
#5989=PLANE('',#5988);
#5990=CARTESIAN_POINT('',(188.1,-182.5,-40.));
#5991=VERTEX_POINT('',#5990);
#5992=CARTESIAN_POINT('',(188.1,-227.828427125,-40.));
#5993=DIRECTION('',(0.,1.,0.));
#5994=VECTOR('',#5993,45.328427125);
#5995=LINE('',#5992,#5994);
#5996=EDGE_CURVE('',#5969,#5991,#5995,.T.);
#5997=ORIENTED_EDGE('',*,*,#5996,.F.);
#5998=ORIENTED_EDGE('',*,*,#5974,.T.);
#5999=ORIENTED_EDGE('',*,*,#1214,.F.);
#6000=ORIENTED_EDGE('',*,*,#5794,.F.);
#6001=ORIENTED_EDGE('',*,*,#5809,.F.);
#6002=ORIENTED_EDGE('',*,*,#5746,.T.);
#6003=ORIENTED_EDGE('',*,*,#1818,.F.);
#6004=CARTESIAN_POINT('',(188.1,-182.5,-40.));
#6005=DIRECTION('',(-1.,-0.,0.));
#6006=VECTOR('',#6005,43.1);
#6007=LINE('',#6004,#6006);
#6008=EDGE_CURVE('',#5991,#1804,#6007,.T.);
#6009=ORIENTED_EDGE('',*,*,#6008,.F.);
#6010=EDGE_LOOP('',(#5997,#5998,#5999,#6000,#6001,#6002,#6003,#6009));
#6011=FACE_BOUND('',#6010,.T.);
#6012=ADVANCED_FACE('',(#6011),#5989,.F.);
#6013=CARTESIAN_POINT('',(187.8,-210.,-30.));
#6014=DIRECTION('',(1.,0.,0.));
#6015=DIRECTION('',(-0.,1.,0.));
#6016=AXIS2_PLACEMENT_3D('',#6013,#6014,#6015);
#6017=CONICAL_SURFACE('',#6016,5.3,44.999999949);
#6018=CARTESIAN_POINT('',(188.1,-204.400000001,-30.));
#6019=VERTEX_POINT('',#6018);
#6020=CARTESIAN_POINT('',(188.1,-204.400000001,-30.));
#6021=DIRECTION('',(-0.707106782,-0.707106781,-0.));
#6022=VECTOR('',#6021,0.848528137);
#6023=LINE('',#6020,#6022);
#6024=EDGE_CURVE('',#6019,#5843,#6023,.T.);
#6025=ORIENTED_EDGE('',*,*,#6024,.F.);
#6026=CARTESIAN_POINT('',(188.1,-210.,-35.599999999));
#6027=VERTEX_POINT('',#6026);
#6028=CARTESIAN_POINT('',(188.1,-210.,-30.));
#6029=DIRECTION('',(-1.,-0.,-0.));
#6030=DIRECTION('',(0.,0.,-1.));
#6031=AXIS2_PLACEMENT_3D('',#6028,#6029,#6030);
#6032=CIRCLE('',#6031,5.599999999);
#6033=EDGE_CURVE('',#6027,#6019,#6032,.T.);
#6034=ORIENTED_EDGE('',*,*,#6033,.F.);
#6035=CARTESIAN_POINT('',(188.1,-210.,-30.));
#6036=DIRECTION('',(-1.,-0.,-0.));
#6037=DIRECTION('',(0.,0.,-1.));
#6038=AXIS2_PLACEMENT_3D('',#6035,#6036,#6037);
#6039=CIRCLE('',#6038,5.599999999);
#6040=EDGE_CURVE('',#6019,#6027,#6039,.T.);
#6041=ORIENTED_EDGE('',*,*,#6040,.F.);
#6042=ORIENTED_EDGE('',*,*,#6024,.T.);
#6043=ORIENTED_EDGE('',*,*,#5864,.F.);
#6044=ORIENTED_EDGE('',*,*,#5857,.F.);
#6045=EDGE_LOOP('',(#6025,#6034,#6041,#6042,#6043,#6044));
#6046=FACE_BOUND('',#6045,.T.);
#6047=ADVANCED_FACE('',(#6046),#6017,.F.);
#6048=CARTESIAN_POINT('',(187.8,-190.,-30.));
#6049=DIRECTION('',(1.,0.,0.));
#6050=DIRECTION('',(-0.,1.,0.));
#6051=AXIS2_PLACEMENT_3D('',#6048,#6049,#6050);
#6052=CONICAL_SURFACE('',#6051,5.3,44.999999949);
#6053=CARTESIAN_POINT('',(188.1,-184.400000001,-30.));
#6054=VERTEX_POINT('',#6053);
#6055=CARTESIAN_POINT('',(188.1,-184.400000001,-30.));
#6056=DIRECTION('',(-0.707106782,-0.707106781,-0.));
#6057=VECTOR('',#6056,0.848528137);
#6058=LINE('',#6055,#6057);
#6059=EDGE_CURVE('',#6054,#5878,#6058,.T.);
#6060=ORIENTED_EDGE('',*,*,#6059,.F.);
#6061=CARTESIAN_POINT('',(188.1,-190.,-35.599999999));
#6062=VERTEX_POINT('',#6061);
#6063=CARTESIAN_POINT('',(188.1,-190.,-30.));
#6064=DIRECTION('',(-1.,-0.,-0.));
#6065=DIRECTION('',(0.,0.,-1.));
#6066=AXIS2_PLACEMENT_3D('',#6063,#6064,#6065);
#6067=CIRCLE('',#6066,5.599999999);
#6068=EDGE_CURVE('',#6062,#6054,#6067,.T.);
#6069=ORIENTED_EDGE('',*,*,#6068,.F.);
#6070=CARTESIAN_POINT('',(188.1,-190.,-30.));
#6071=DIRECTION('',(-1.,-0.,-0.));
#6072=DIRECTION('',(0.,0.,-1.));
#6073=AXIS2_PLACEMENT_3D('',#6070,#6071,#6072);
#6074=CIRCLE('',#6073,5.599999999);
#6075=EDGE_CURVE('',#6054,#6062,#6074,.T.);
#6076=ORIENTED_EDGE('',*,*,#6075,.F.);
#6077=ORIENTED_EDGE('',*,*,#6059,.T.);
#6078=ORIENTED_EDGE('',*,*,#5899,.F.);
#6079=ORIENTED_EDGE('',*,*,#5892,.F.);
#6080=EDGE_LOOP('',(#6060,#6069,#6076,#6077,#6078,#6079));
#6081=FACE_BOUND('',#6080,.T.);
#6082=ADVANCED_FACE('',(#6081),#6052,.F.);
#6083=CARTESIAN_POINT('',(167.1,-181.5,-1.5));
#6084=DIRECTION('',(-0.,1.,0.));
#6085=DIRECTION('',(1.,0.,0.));
#6086=AXIS2_PLACEMENT_3D('',#6083,#6084,#6085);
#6087=CONICAL_SURFACE('',#6086,14.,44.999999949);
#6088=CARTESIAN_POINT('',(179.6,-183.,-1.5));
#6089=VERTEX_POINT('',#6088);
#6090=CARTESIAN_POINT('',(182.599999997,-180.,-1.5));
#6091=DIRECTION('',(-0.707106781,-0.707106782,-0.));
#6092=VECTOR('',#6091,4.242640685);
#6093=LINE('',#6090,#6092);
#6094=EDGE_CURVE('',#1495,#6089,#6093,.T.);
#6095=ORIENTED_EDGE('',*,*,#6094,.F.);
#6096=ORIENTED_EDGE('',*,*,#1501,.F.);
#6097=ORIENTED_EDGE('',*,*,#1508,.F.);
#6098=ORIENTED_EDGE('',*,*,#6094,.T.);
#6099=CARTESIAN_POINT('',(167.1,-183.,-14.));
#6100=VERTEX_POINT('',#6099);
#6101=CARTESIAN_POINT('',(167.1,-183.,-1.5));
#6102=DIRECTION('',(-0.,1.,-0.));
#6103=DIRECTION('',(0.,0.,-1.));
#6104=AXIS2_PLACEMENT_3D('',#6101,#6102,#6103);
#6105=CIRCLE('',#6104,12.5);
#6106=EDGE_CURVE('',#6100,#6089,#6105,.T.);
#6107=ORIENTED_EDGE('',*,*,#6106,.F.);
#6108=CARTESIAN_POINT('',(167.1,-183.,-1.5));
#6109=DIRECTION('',(-0.,1.,-0.));
#6110=DIRECTION('',(0.,0.,-1.));
#6111=AXIS2_PLACEMENT_3D('',#6108,#6109,#6110);
#6112=CIRCLE('',#6111,12.5);
#6113=EDGE_CURVE('',#6089,#6100,#6112,.T.);
#6114=ORIENTED_EDGE('',*,*,#6113,.F.);
#6115=EDGE_LOOP('',(#6095,#6096,#6097,#6098,#6107,#6114));
#6116=FACE_BOUND('',#6115,.T.);
#6117=ADVANCED_FACE('',(#6116),#6087,.F.);
#6118=CARTESIAN_POINT('',(164.55,-224.,-10.5));
#6119=DIRECTION('',(0.,1.,0.));
#6120=DIRECTION('',(1.,0.,0.));
#6121=AXIS2_PLACEMENT_3D('',#6118,#6119,#6120);
#6122=PLANE('',#6121);
#6123=CARTESIAN_POINT('',(167.1,-224.,-14.));
#6124=VERTEX_POINT('',#6123);
#6125=CARTESIAN_POINT('',(179.6,-224.,-1.5));
#6126=VERTEX_POINT('',#6125);
#6127=CARTESIAN_POINT('',(167.1,-224.,-1.5));
#6128=DIRECTION('',(-0.,1.,-0.));
#6129=DIRECTION('',(0.,0.,-1.));
#6130=AXIS2_PLACEMENT_3D('',#6127,#6128,#6129);
#6131=CIRCLE('',#6130,12.5);
#6132=EDGE_CURVE('',#6124,#6126,#6131,.T.);
#6133=ORIENTED_EDGE('',*,*,#6132,.T.);
#6134=CARTESIAN_POINT('',(167.1,-224.,-1.5));
#6135=DIRECTION('',(-0.,1.,-0.));
#6136=DIRECTION('',(0.,0.,-1.));
#6137=AXIS2_PLACEMENT_3D('',#6134,#6135,#6136);
#6138=CIRCLE('',#6137,12.5);
#6139=EDGE_CURVE('',#6126,#6124,#6138,.T.);
#6140=ORIENTED_EDGE('',*,*,#6139,.T.);
#6141=EDGE_LOOP('',(#6133,#6140));
#6142=FACE_BOUND('',#6141,.T.);
#6143=ORIENTED_EDGE('',*,*,#5932,.T.);
#6144=ORIENTED_EDGE('',*,*,#5939,.T.);
#6145=EDGE_LOOP('',(#6143,#6144));
#6146=FACE_BOUND('',#6145,.T.);
#6147=ADVANCED_FACE('',(#6142,#6146),#6122,.T.);
#6148=CARTESIAN_POINT('',(188.1,-210.,0.));
#6149=DIRECTION('',(1.,0.,0.));
#6150=DIRECTION('',(0.,1.,0.));
#6151=AXIS2_PLACEMENT_3D('',#6148,#6149,#6150);
#6152=PLANE('',#6151);
#6153=ORIENTED_EDGE('',*,*,#777,.T.);
#6154=ORIENTED_EDGE('',*,*,#784,.T.);
#6155=EDGE_LOOP('',(#6153,#6154));
#6156=FACE_BOUND('',#6155,.T.);
#6157=ORIENTED_EDGE('',*,*,#5980,.T.);
#6158=ORIENTED_EDGE('',*,*,#5996,.T.);
#6159=CARTESIAN_POINT('',(188.1,-182.5,-37.5));
#6160=DIRECTION('',(1.,0.,0.));
#6161=DIRECTION('',(0.,0.,-1.));
#6162=AXIS2_PLACEMENT_3D('',#6159,#6160,#6161);
#6163=CIRCLE('',#6162,2.5);
#6164=EDGE_CURVE('',#5991,#1461,#6163,.T.);
#6165=ORIENTED_EDGE('',*,*,#6164,.T.);
#6166=ORIENTED_EDGE('',*,*,#1466,.F.);
#6167=ORIENTED_EDGE('',*,*,#5953,.T.);
#6168=ORIENTED_EDGE('',*,*,#819,.F.);
#6169=EDGE_LOOP('',(#6157,#6158,#6165,#6166,#6167,#6168));
#6170=FACE_BOUND('',#6169,.T.);
#6171=ORIENTED_EDGE('',*,*,#6068,.T.);
#6172=ORIENTED_EDGE('',*,*,#6075,.T.);
#6173=EDGE_LOOP('',(#6171,#6172));
#6174=FACE_BOUND('',#6173,.T.);
#6175=CARTESIAN_POINT('',(188.1,-210.,-15.599999999));
#6176=VERTEX_POINT('',#6175);
#6177=CARTESIAN_POINT('',(188.1,-204.400000001,-10.));
#6178=VERTEX_POINT('',#6177);
#6179=CARTESIAN_POINT('',(188.1,-210.,-10.));
#6180=DIRECTION('',(-1.,-0.,-0.));
#6181=DIRECTION('',(0.,0.,-1.));
#6182=AXIS2_PLACEMENT_3D('',#6179,#6180,#6181);
#6183=CIRCLE('',#6182,5.599999999);
#6184=EDGE_CURVE('',#6176,#6178,#6183,.T.);
#6185=ORIENTED_EDGE('',*,*,#6184,.T.);
#6186=CARTESIAN_POINT('',(188.1,-210.,-10.));
#6187=DIRECTION('',(-1.,-0.,-0.));
#6188=DIRECTION('',(0.,0.,-1.));
#6189=AXIS2_PLACEMENT_3D('',#6186,#6187,#6188);
#6190=CIRCLE('',#6189,5.599999999);
#6191=EDGE_CURVE('',#6178,#6176,#6190,.T.);
#6192=ORIENTED_EDGE('',*,*,#6191,.T.);
#6193=EDGE_LOOP('',(#6185,#6192));
#6194=FACE_BOUND('',#6193,.T.);
#6195=ORIENTED_EDGE('',*,*,#6033,.T.);
#6196=ORIENTED_EDGE('',*,*,#6040,.T.);
#6197=EDGE_LOOP('',(#6195,#6196));
#6198=FACE_BOUND('',#6197,.T.);
#6199=ADVANCED_FACE('',(#6156,#6170,#6174,#6194,#6198),#6152,.T.);
#6200=CARTESIAN_POINT('',(167.1,-180.,-1.5));
#6201=DIRECTION('',(0.,-1.,0.));
#6202=DIRECTION('',(1.,0.,0.));
#6203=AXIS2_PLACEMENT_3D('',#6200,#6201,#6202);
#6204=CYLINDRICAL_SURFACE('',#6203,12.5);
#6205=CARTESIAN_POINT('',(179.6,-224.,-1.5));
#6206=DIRECTION('',(-0.,1.,-0.));
#6207=VECTOR('',#6206,41.);
#6208=LINE('',#6205,#6207);
#6209=EDGE_CURVE('',#6126,#6089,#6208,.T.);
#6210=ORIENTED_EDGE('',*,*,#6209,.F.);
#6211=ORIENTED_EDGE('',*,*,#6132,.F.);
#6212=ORIENTED_EDGE('',*,*,#6139,.F.);
#6213=ORIENTED_EDGE('',*,*,#6209,.T.);
#6214=ORIENTED_EDGE('',*,*,#6113,.T.);
#6215=ORIENTED_EDGE('',*,*,#6106,.T.);
#6216=EDGE_LOOP('',(#6210,#6211,#6212,#6213,#6214,#6215));
#6217=FACE_BOUND('',#6216,.T.);
#6218=ORIENTED_EDGE('',*,*,#447,.F.);
#6219=ORIENTED_EDGE('',*,*,#182,.T.);
#6220=ORIENTED_EDGE('',*,*,#577,.F.);
#6221=ORIENTED_EDGE('',*,*,#570,.T.);
#6222=EDGE_LOOP('',(#6218,#6219,#6220,#6221));
#6223=FACE_BOUND('',#6222,.T.);
#6224=ORIENTED_EDGE('',*,*,#2250,.F.);
#6225=ORIENTED_EDGE('',*,*,#1942,.T.);
#6226=ORIENTED_EDGE('',*,*,#2380,.F.);
#6227=ORIENTED_EDGE('',*,*,#2373,.T.);
#6228=EDGE_LOOP('',(#6224,#6225,#6226,#6227));
#6229=FACE_BOUND('',#6228,.T.);
#6230=ADVANCED_FACE('',(#6217,#6223,#6229),#6204,.F.);
#6231=CARTESIAN_POINT('',(187.8,-210.,-10.));
#6232=DIRECTION('',(1.,0.,0.));
#6233=DIRECTION('',(-0.,1.,0.));
#6234=AXIS2_PLACEMENT_3D('',#6231,#6232,#6233);
#6235=CONICAL_SURFACE('',#6234,5.3,44.999999949);
#6236=CARTESIAN_POINT('',(187.5,-205.,-10.));
#6237=VERTEX_POINT('',#6236);
#6238=CARTESIAN_POINT('',(188.1,-204.400000001,-10.));
#6239=DIRECTION('',(-0.707106782,-0.707106781,-0.));
#6240=VECTOR('',#6239,0.848528137);
#6241=LINE('',#6238,#6240);
#6242=EDGE_CURVE('',#6178,#6237,#6241,.T.);
#6243=ORIENTED_EDGE('',*,*,#6242,.F.);
#6244=ORIENTED_EDGE('',*,*,#6184,.F.);
#6245=ORIENTED_EDGE('',*,*,#6191,.F.);
#6246=ORIENTED_EDGE('',*,*,#6242,.T.);
#6247=CARTESIAN_POINT('',(187.5,-210.,-15.));
#6248=VERTEX_POINT('',#6247);
#6249=CARTESIAN_POINT('',(187.5,-210.,-10.));
#6250=DIRECTION('',(1.,0.,0.));
#6251=DIRECTION('',(0.,0.,-1.));
#6252=AXIS2_PLACEMENT_3D('',#6249,#6250,#6251);
#6253=CIRCLE('',#6252,5.);
#6254=EDGE_CURVE('',#6248,#6237,#6253,.T.);
#6255=ORIENTED_EDGE('',*,*,#6254,.F.);
#6256=CARTESIAN_POINT('',(187.5,-210.,-10.));
#6257=DIRECTION('',(1.,0.,0.));
#6258=DIRECTION('',(0.,0.,-1.));
#6259=AXIS2_PLACEMENT_3D('',#6256,#6257,#6258);
#6260=CIRCLE('',#6259,5.);
#6261=EDGE_CURVE('',#6237,#6248,#6260,.T.);
#6262=ORIENTED_EDGE('',*,*,#6261,.F.);
#6263=EDGE_LOOP('',(#6243,#6244,#6245,#6246,#6255,#6262));
#6264=FACE_BOUND('',#6263,.T.);
#6265=ADVANCED_FACE('',(#6264),#6235,.F.);
#6266=CARTESIAN_POINT('',(143.,-176.5,38.5));
#6267=DIRECTION('',(0.,0.,1.));
#6268=DIRECTION('',(0.,-1.,0.));
#6269=AXIS2_PLACEMENT_3D('',#6266,#6267,#6268);
#6270=PLANE('',#6269);
#6271=CARTESIAN_POINT('',(172.7,-186.5,38.5));
#6272=VERTEX_POINT('',#6271);
#6273=CARTESIAN_POINT('',(172.7,-180.35,38.5));
#6274=VERTEX_POINT('',#6273);
#6275=CARTESIAN_POINT('',(172.7,-186.5,38.5));
#6276=DIRECTION('',(0.,1.,0.));
#6277=VECTOR('',#6276,6.15);
#6278=LINE('',#6275,#6277);
#6279=EDGE_CURVE('',#6272,#6274,#6278,.T.);
#6280=ORIENTED_EDGE('',*,*,#6279,.F.);
#6281=CARTESIAN_POINT('',(166.7,-186.5,38.5));
#6282=VERTEX_POINT('',#6281);
#6283=CARTESIAN_POINT('',(172.7,-186.5,38.5));
#6284=DIRECTION('',(-1.,0.,0.));
#6285=VECTOR('',#6284,6.);
#6286=LINE('',#6283,#6285);
#6287=EDGE_CURVE('',#6272,#6282,#6286,.T.);
#6288=ORIENTED_EDGE('',*,*,#6287,.T.);
#6289=CARTESIAN_POINT('',(166.7,-180.35,38.5));
#6290=VERTEX_POINT('',#6289);
#6291=CARTESIAN_POINT('',(166.7,-186.5,38.5));
#6292=DIRECTION('',(0.,1.,0.));
#6293=VECTOR('',#6292,6.15);
#6294=LINE('',#6291,#6293);
#6295=EDGE_CURVE('',#6282,#6290,#6294,.T.);
#6296=ORIENTED_EDGE('',*,*,#6295,.T.);
#6297=CARTESIAN_POINT('',(172.7,-180.35,38.5));
#6298=DIRECTION('',(-1.,0.,0.));
#6299=VECTOR('',#6298,6.);
#6300=LINE('',#6297,#6299);
#6301=EDGE_CURVE('',#6274,#6290,#6300,.T.);
#6302=ORIENTED_EDGE('',*,*,#6301,.F.);
#6303=EDGE_LOOP('',(#6280,#6288,#6296,#6302));
#6304=FACE_BOUND('',#6303,.T.);
#6305=ADVANCED_FACE('',(#6304),#6270,.F.);
#6306=CARTESIAN_POINT('',(166.7,-176.5,-40.));
#6307=DIRECTION('',(-1.,0.,0.));
#6308=DIRECTION('',(0.,0.,-1.));
#6309=AXIS2_PLACEMENT_3D('',#6306,#6307,#6308);
#6310=PLANE('',#6309);
#6311=ORIENTED_EDGE('',*,*,#6295,.F.);
#6312=CARTESIAN_POINT('',(166.7,-186.5,25.4));
#6313=VERTEX_POINT('',#6312);
#6314=CARTESIAN_POINT('',(166.7,-186.5,38.5));
#6315=DIRECTION('',(0.,0.,-1.));
#6316=VECTOR('',#6315,13.1);
#6317=LINE('',#6314,#6316);
#6318=EDGE_CURVE('',#6282,#6313,#6317,.T.);
#6319=ORIENTED_EDGE('',*,*,#6318,.T.);
#6320=CARTESIAN_POINT('',(166.7,-180.35,25.4));
#6321=VERTEX_POINT('',#6320);
#6322=CARTESIAN_POINT('',(166.7,-186.5,25.4));
#6323=DIRECTION('',(0.,1.,0.));
#6324=VECTOR('',#6323,6.15);
#6325=LINE('',#6322,#6324);
#6326=EDGE_CURVE('',#6313,#6321,#6325,.T.);
#6327=ORIENTED_EDGE('',*,*,#6326,.T.);
#6328=CARTESIAN_POINT('',(166.7,-180.35,38.5));
#6329=DIRECTION('',(0.,0.,-1.));
#6330=VECTOR('',#6329,13.1);
#6331=LINE('',#6328,#6330);
#6332=EDGE_CURVE('',#6290,#6321,#6331,.T.);
#6333=ORIENTED_EDGE('',*,*,#6332,.F.);
#6334=EDGE_LOOP('',(#6311,#6319,#6327,#6333));
#6335=FACE_BOUND('',#6334,.T.);
#6336=ADVANCED_FACE('',(#6335),#6310,.F.);
#6337=CARTESIAN_POINT('',(143.,-176.5,25.4));
#6338=DIRECTION('',(0.,0.,1.));
#6339=DIRECTION('',(-1.,0.,0.));
#6340=AXIS2_PLACEMENT_3D('',#6337,#6338,#6339);
#6341=PLANE('',#6340);
#6342=ORIENTED_EDGE('',*,*,#6326,.F.);
#6343=CARTESIAN_POINT('',(172.7,-186.5,25.4));
#6344=VERTEX_POINT('',#6343);
#6345=CARTESIAN_POINT('',(172.7,-186.5,25.4));
#6346=DIRECTION('',(-1.,0.,0.));
#6347=VECTOR('',#6346,6.);
#6348=LINE('',#6345,#6347);
#6349=EDGE_CURVE('',#6344,#6313,#6348,.T.);
#6350=ORIENTED_EDGE('',*,*,#6349,.F.);
#6351=CARTESIAN_POINT('',(172.7,-180.35,25.4));
#6352=VERTEX_POINT('',#6351);
#6353=CARTESIAN_POINT('',(172.7,-186.5,25.4));
#6354=DIRECTION('',(0.,1.,0.));
#6355=VECTOR('',#6354,6.15);
#6356=LINE('',#6353,#6355);
#6357=EDGE_CURVE('',#6344,#6352,#6356,.T.);
#6358=ORIENTED_EDGE('',*,*,#6357,.T.);
#6359=CARTESIAN_POINT('',(166.7,-180.35,25.4));
#6360=DIRECTION('',(1.,0.,-0.));
#6361=VECTOR('',#6360,6.);
#6362=LINE('',#6359,#6361);
#6363=EDGE_CURVE('',#6321,#6352,#6362,.T.);
#6364=ORIENTED_EDGE('',*,*,#6363,.F.);
#6365=EDGE_LOOP('',(#6342,#6350,#6358,#6364));
#6366=FACE_BOUND('',#6365,.T.);
#6367=ADVANCED_FACE('',(#6366),#6341,.T.);
#6368=CARTESIAN_POINT('',(172.7,-176.5,-40.));
#6369=DIRECTION('',(1.,0.,0.));
#6370=DIRECTION('',(0.,0.,1.));
#6371=AXIS2_PLACEMENT_3D('',#6368,#6369,#6370);
#6372=PLANE('',#6371);
#6373=ORIENTED_EDGE('',*,*,#6357,.F.);
#6374=CARTESIAN_POINT('',(172.7,-186.5,25.4));
#6375=DIRECTION('',(0.,0.,1.));
#6376=VECTOR('',#6375,13.1);
#6377=LINE('',#6374,#6376);
#6378=EDGE_CURVE('',#6344,#6272,#6377,.T.);
#6379=ORIENTED_EDGE('',*,*,#6378,.T.);
#6380=ORIENTED_EDGE('',*,*,#6279,.T.);
#6381=CARTESIAN_POINT('',(172.7,-180.35,25.4));
#6382=DIRECTION('',(0.,0.,1.));
#6383=VECTOR('',#6382,13.1);
#6384=LINE('',#6381,#6383);
#6385=EDGE_CURVE('',#6352,#6274,#6384,.T.);
#6386=ORIENTED_EDGE('',*,*,#6385,.F.);
#6387=EDGE_LOOP('',(#6373,#6379,#6380,#6386));
#6388=FACE_BOUND('',#6387,.T.);
#6389=ADVANCED_FACE('',(#6388),#6372,.F.);
#6390=CARTESIAN_POINT('',(143.,-186.5,-40.));
#6391=DIRECTION('',(0.,-1.,0.));
#6392=DIRECTION('',(0.,0.,1.));
#6393=AXIS2_PLACEMENT_3D('',#6390,#6391,#6392);
#6394=PLANE('',#6393);
#6395=ORIENTED_EDGE('',*,*,#6287,.F.);
#6396=ORIENTED_EDGE('',*,*,#6378,.F.);
#6397=ORIENTED_EDGE('',*,*,#6349,.T.);
#6398=ORIENTED_EDGE('',*,*,#6318,.F.);
#6399=EDGE_LOOP('',(#6395,#6396,#6397,#6398));
#6400=FACE_BOUND('',#6399,.T.);
#6401=ORIENTED_EDGE('',*,*,#1029,.T.);
#6402=ORIENTED_EDGE('',*,*,#1063,.T.);
#6403=ORIENTED_EDGE('',*,*,#959,.T.);
#6404=ORIENTED_EDGE('',*,*,#1142,.T.);
#6405=ORIENTED_EDGE('',*,*,#1125,.T.);
#6406=ORIENTED_EDGE('',*,*,#1159,.T.);
#6407=ORIENTED_EDGE('',*,*,#925,.T.);
#6408=ORIENTED_EDGE('',*,*,#981,.T.);
#6409=ORIENTED_EDGE('',*,*,#1046,.T.);
#6410=EDGE_LOOP('',(#6401,#6402,#6403,#6404,#6405,#6406,#6407,#6408,#6409));
#6411=FACE_BOUND('',#6410,.T.);
#6412=ADVANCED_FACE('',(#6400,#6411),#6394,.F.);
#6413=CARTESIAN_POINT('',(150.,-182.5,-37.5));
#6414=DIRECTION('',(1.,0.,-0.));
#6415=DIRECTION('',(0.,0.,1.));
#6416=AXIS2_PLACEMENT_3D('',#6413,#6414,#6415);
#6417=CYLINDRICAL_SURFACE('',#6416,2.5);
#6418=ORIENTED_EDGE('',*,*,#1810,.T.);
#6419=ORIENTED_EDGE('',*,*,#1474,.T.);
#6420=ORIENTED_EDGE('',*,*,#6164,.F.);
#6421=ORIENTED_EDGE('',*,*,#6008,.T.);
#6422=EDGE_LOOP('',(#6418,#6419,#6420,#6421));
#6423=FACE_BOUND('',#6422,.T.);
#6424=ADVANCED_FACE('',(#6423),#6417,.T.);
#6425=CARTESIAN_POINT('',(150.,-180.,37.));
#6426=DIRECTION('',(0.,-0.707106781,0.707106781));
#6427=DIRECTION('',(1.,0.,0.));
#6428=AXIS2_PLACEMENT_3D('',#6425,#6426,#6427);
#6429=PLANE('',#6428);
#6430=ORIENTED_EDGE('',*,*,#1752,.T.);
#6431=ORIENTED_EDGE('',*,*,#1434,.T.);
#6432=CARTESIAN_POINT('',(152.207106782,-180.,37.));
#6433=DIRECTION('',(-0.281084639,-0.678598344,-0.678598344));
#6434=VECTOR('',#6433,0.736812879);
#6435=LINE('',#6432,#6434);
#6436=EDGE_CURVE('',#1421,#1672,#6435,.T.);
#6437=ORIENTED_EDGE('',*,*,#6436,.T.);
#6438=ORIENTED_EDGE('',*,*,#1722,.T.);
#6439=EDGE_LOOP('',(#6430,#6431,#6437,#6438));
#6440=FACE_BOUND('',#6439,.T.);
#6441=ADVANCED_FACE('',(#6440),#6429,.F.);
#6442=CARTESIAN_POINT('',(189.603553391,-180.,-0.396446609));
#6443=DIRECTION('',(0.5,-0.707106781,0.5));
#6444=DIRECTION('',(0.707106781,0.,-0.707106781));
#6445=AXIS2_PLACEMENT_3D('',#6442,#6443,#6444);
#6446=PLANE('',#6445);
#6447=ORIENTED_EDGE('',*,*,#6436,.F.);
#6448=ORIENTED_EDGE('',*,*,#1426,.T.);
#6449=CARTESIAN_POINT('',(153.500000001,-180.,35.707106781));
#6450=DIRECTION('',(-0.678598345,-0.678598345,-0.281084637));
#6451=VECTOR('',#6450,0.736812879);
#6452=LINE('',#6449,#6451);
#6453=EDGE_CURVE('',#1413,#1641,#6452,.T.);
#6454=ORIENTED_EDGE('',*,*,#6453,.T.);
#6455=ORIENTED_EDGE('',*,*,#1683,.T.);
#6456=EDGE_LOOP('',(#6447,#6448,#6454,#6455));
#6457=FACE_BOUND('',#6456,.T.);
#6458=ADVANCED_FACE('',(#6457),#6446,.F.);
#6459=CARTESIAN_POINT('',(153.5,-180.,-40.));
#6460=DIRECTION('',(0.707106781,-0.707106781,0.));
#6461=DIRECTION('',(0.,0.,-1.));
#6462=AXIS2_PLACEMENT_3D('',#6459,#6460,#6461);
#6463=PLANE('',#6462);
#6464=ORIENTED_EDGE('',*,*,#6453,.F.);
#6465=ORIENTED_EDGE('',*,*,#1418,.T.);
#6466=CARTESIAN_POINT('',(153.5,-180.,24.292893219));
#6467=DIRECTION('',(-0.678598345,-0.678598345,0.281084638));
#6468=VECTOR('',#6467,0.736812879);
#6469=LINE('',#6466,#6468);
#6470=EDGE_CURVE('',#1403,#1610,#6469,.T.);
#6471=ORIENTED_EDGE('',*,*,#6470,.T.);
#6472=ORIENTED_EDGE('',*,*,#1652,.T.);
#6473=EDGE_LOOP('',(#6464,#6465,#6471,#6472));
#6474=FACE_BOUND('',#6473,.T.);
#6475=ADVANCED_FACE('',(#6474),#6463,.F.);
#6476=CARTESIAN_POINT('',(119.603553391,-180.,-9.603553391));
#6477=DIRECTION('',(0.5,-0.707106781,-0.5));
#6478=DIRECTION('',(-0.707106781,0.,-0.707106781));
#6479=AXIS2_PLACEMENT_3D('',#6476,#6477,#6478);
#6480=PLANE('',#6479);
#6481=ORIENTED_EDGE('',*,*,#6470,.F.);
#6482=ORIENTED_EDGE('',*,*,#1410,.T.);
#6483=CARTESIAN_POINT('',(152.207106782,-180.,23.));
#6484=DIRECTION('',(-0.281084637,-0.678598345,0.678598345));
#6485=VECTOR('',#6484,0.736812879);
#6486=LINE('',#6483,#6485);
#6487=EDGE_CURVE('',#1405,#1579,#6486,.T.);
#6488=ORIENTED_EDGE('',*,*,#6487,.T.);
#6489=ORIENTED_EDGE('',*,*,#1621,.T.);
#6490=EDGE_LOOP('',(#6481,#6482,#6488,#6489));
#6491=FACE_BOUND('',#6490,.T.);
#6492=ADVANCED_FACE('',(#6491),#6480,.F.);
#6493=CARTESIAN_POINT('',(152.500000001,-180.5,23.5));
#6494=DIRECTION('',(0.,-0.707106781,-0.707106781));
#6495=DIRECTION('',(1.,0.,0.));
#6496=AXIS2_PLACEMENT_3D('',#6493,#6494,#6495);
#6497=PLANE('',#6496);
#6498=ORIENTED_EDGE('',*,*,#1847,.T.);
#6499=ORIENTED_EDGE('',*,*,#1590,.T.);
#6500=ORIENTED_EDGE('',*,*,#6487,.F.);
#6501=ORIENTED_EDGE('',*,*,#1488,.T.);
#6502=EDGE_LOOP('',(#6498,#6499,#6500,#6501));
#6503=FACE_BOUND('',#6502,.T.);
#6504=ADVANCED_FACE('',(#6503),#6497,.F.);
#6505=CARTESIAN_POINT('',(172.55,-180.5,-40.));
#6506=DIRECTION('',(0.707106781,-0.707106781,0.));
#6507=DIRECTION('',(0.,0.,1.));
#6508=AXIS2_PLACEMENT_3D('',#6505,#6506,#6507);
#6509=PLANE('',#6508);
#6510=CARTESIAN_POINT('',(172.7,-180.35,38.5));
#6511=DIRECTION('',(0.577350269,0.577350269,0.577350269));
#6512=VECTOR('',#6511,0.606217783);
#6513=LINE('',#6510,#6512);
#6514=EDGE_CURVE('',#6274,#1379,#6513,.T.);
#6515=ORIENTED_EDGE('',*,*,#6514,.T.);
#6516=ORIENTED_EDGE('',*,*,#1384,.T.);
#6517=CARTESIAN_POINT('',(173.05,-180.,25.05));
#6518=DIRECTION('',(-0.577350269,-0.577350269,0.577350269));
#6519=VECTOR('',#6518,0.606217783);
#6520=LINE('',#6517,#6519);
#6521=EDGE_CURVE('',#1369,#6352,#6520,.T.);
#6522=ORIENTED_EDGE('',*,*,#6521,.T.);
#6523=ORIENTED_EDGE('',*,*,#6385,.T.);
#6524=EDGE_LOOP('',(#6515,#6516,#6522,#6523));
#6525=FACE_BOUND('',#6524,.T.);
#6526=ADVANCED_FACE('',(#6525),#6509,.F.);
#6527=CARTESIAN_POINT('',(143.,-180.5,25.55));
#6528=DIRECTION('',(0.,0.707106781,0.707106781));
#6529=DIRECTION('',(-1.,0.,0.));
#6530=AXIS2_PLACEMENT_3D('',#6527,#6528,#6529);
#6531=PLANE('',#6530);
#6532=ORIENTED_EDGE('',*,*,#6521,.F.);
#6533=ORIENTED_EDGE('',*,*,#1376,.T.);
#6534=CARTESIAN_POINT('',(166.35,-180.,25.05));
#6535=DIRECTION('',(0.577350269,-0.577350269,0.577350269));
#6536=VECTOR('',#6535,0.606217783);
#6537=LINE('',#6534,#6536);
#6538=EDGE_CURVE('',#1371,#6321,#6537,.T.);
#6539=ORIENTED_EDGE('',*,*,#6538,.T.);
#6540=ORIENTED_EDGE('',*,*,#6363,.T.);
#6541=EDGE_LOOP('',(#6532,#6533,#6539,#6540));
#6542=FACE_BOUND('',#6541,.T.);
#6543=ADVANCED_FACE('',(#6542),#6531,.T.);
#6544=CARTESIAN_POINT('',(150.,-180.,38.85));
#6545=DIRECTION('',(0.,-0.707106781,0.707106781));
#6546=DIRECTION('',(1.,0.,0.));
#6547=AXIS2_PLACEMENT_3D('',#6544,#6545,#6546);
#6548=PLANE('',#6547);
#6549=ORIENTED_EDGE('',*,*,#6514,.F.);
#6550=ORIENTED_EDGE('',*,*,#6301,.T.);
#6551=CARTESIAN_POINT('',(166.7,-180.35,38.5));
#6552=DIRECTION('',(-0.577350269,0.577350269,0.577350269));
#6553=VECTOR('',#6552,0.606217783);
#6554=LINE('',#6551,#6553);
#6555=EDGE_CURVE('',#6290,#1387,#6554,.T.);
#6556=ORIENTED_EDGE('',*,*,#6555,.T.);
#6557=ORIENTED_EDGE('',*,*,#1392,.T.);
#6558=EDGE_LOOP('',(#6549,#6550,#6556,#6557));
#6559=FACE_BOUND('',#6558,.T.);
#6560=ADVANCED_FACE('',(#6559),#6548,.F.);
#6561=CARTESIAN_POINT('',(166.35,-180.,-40.));
#6562=DIRECTION('',(-0.707106781,-0.707106781,0.));
#6563=DIRECTION('',(0.,0.,1.));
#6564=AXIS2_PLACEMENT_3D('',#6561,#6562,#6563);
#6565=PLANE('',#6564);
#6566=ORIENTED_EDGE('',*,*,#6538,.F.);
#6567=ORIENTED_EDGE('',*,*,#1398,.T.);
#6568=ORIENTED_EDGE('',*,*,#6555,.F.);
#6569=ORIENTED_EDGE('',*,*,#6332,.T.);
#6570=EDGE_LOOP('',(#6566,#6567,#6568,#6569));
#6571=FACE_BOUND('',#6570,.T.);
#6572=ADVANCED_FACE('',(#6571),#6565,.F.);
#6573=CARTESIAN_POINT('',(155.,-160.,-7.486651819));
#6574=DIRECTION('',(0.,-1.,0.));
#6575=DIRECTION('',(0.973728991,0.,0.227710017));
#6576=AXIS2_PLACEMENT_3D('',#6573,#6574,#6575);
#6577=CYLINDRICAL_SURFACE('',#6576,1.);
#6578=ORIENTED_EDGE('',*,*,#165,.F.);
#6579=ORIENTED_EDGE('',*,*,#437,.F.);
#6580=ORIENTED_EDGE('',*,*,#205,.F.);
#6581=ORIENTED_EDGE('',*,*,#140,.F.);
#6582=ORIENTED_EDGE('',*,*,#255,.F.);
#6583=ORIENTED_EDGE('',*,*,#585,.F.);
#6584=EDGE_LOOP('',(#6578,#6579,#6580,#6581,#6582,#6583));
#6585=FACE_BOUND('',#6584,.T.);
#6586=ADVANCED_FACE('',(#6585),#6577,.T.);
#6587=CARTESIAN_POINT('',(160.,-190.,-10.));
#6588=DIRECTION('',(1.,0.,0.));
#6589=DIRECTION('',(-0.,1.,0.));
#6590=AXIS2_PLACEMENT_3D('',#6587,#6588,#6589);
#6591=CYLINDRICAL_SURFACE('',#6590,5.);
#6592=ORIENTED_EDGE('',*,*,#748,.T.);
#6593=ORIENTED_EDGE('',*,*,#227,.T.);
#6594=ORIENTED_EDGE('',*,*,#734,.T.);
#6595=ORIENTED_EDGE('',*,*,#727,.T.);
#6596=ORIENTED_EDGE('',*,*,#685,.T.);
#6597=CARTESIAN_POINT('',(187.5,-185.,-10.));
#6598=DIRECTION('',(-1.,-0.,-0.));
#6599=VECTOR('',#6598,9.912322058);
#6600=LINE('',#6597,#6599);
#6601=EDGE_CURVE('',#763,#598,#6600,.T.);
#6602=ORIENTED_EDGE('',*,*,#6601,.F.);
#6603=ORIENTED_EDGE('',*,*,#801,.T.);
#6604=ORIENTED_EDGE('',*,*,#794,.T.);
#6605=ORIENTED_EDGE('',*,*,#6601,.T.);
#6606=ORIENTED_EDGE('',*,*,#643,.T.);
#6607=EDGE_LOOP('',(#6592,#6593,#6594,#6595,#6596,#6602,#6603,#6604,#6605,#6606));
#6608=FACE_BOUND('',#6607,.T.);
#6609=ADVANCED_FACE('',(#6608),#6591,.F.);
#6610=CARTESIAN_POINT('',(160.,-210.,-10.));
#6611=DIRECTION('',(1.,0.,0.));
#6612=DIRECTION('',(-0.,1.,0.));
#6613=AXIS2_PLACEMENT_3D('',#6610,#6611,#6612);
#6614=CYLINDRICAL_SURFACE('',#6613,5.);
#6615=ORIENTED_EDGE('',*,*,#1526,.T.);
#6616=ORIENTED_EDGE('',*,*,#1987,.T.);
#6617=ORIENTED_EDGE('',*,*,#2529,.T.);
#6618=ORIENTED_EDGE('',*,*,#2522,.T.);
#6619=ORIENTED_EDGE('',*,*,#2480,.T.);
#6620=CARTESIAN_POINT('',(187.5,-205.,-10.));
#6621=DIRECTION('',(-1.,-0.,-0.));
#6622=VECTOR('',#6621,9.912322058);
#6623=LINE('',#6620,#6622);
#6624=EDGE_CURVE('',#6237,#2393,#6623,.T.);
#6625=ORIENTED_EDGE('',*,*,#6624,.F.);
#6626=ORIENTED_EDGE('',*,*,#6261,.T.);
#6627=ORIENTED_EDGE('',*,*,#6254,.T.);
#6628=ORIENTED_EDGE('',*,*,#6624,.T.);
#6629=ORIENTED_EDGE('',*,*,#2438,.T.);
#6630=EDGE_LOOP('',(#6615,#6616,#6617,#6618,#6619,#6625,#6626,#6627,#6628,#6629));
#6631=FACE_BOUND('',#6630,.T.);
#6632=ADVANCED_FACE('',(#6631),#6614,.F.);
#6633=CARTESIAN_POINT('',(155.,-180.,-7.486651819));
#6634=DIRECTION('',(0.,-1.,0.));
#6635=DIRECTION('',(0.973728991,0.,0.227710017));
#6636=AXIS2_PLACEMENT_3D('',#6633,#6634,#6635);
#6637=CYLINDRICAL_SURFACE('',#6636,1.);
#6638=ORIENTED_EDGE('',*,*,#1925,.F.);
#6639=ORIENTED_EDGE('',*,*,#2240,.F.);
#6640=ORIENTED_EDGE('',*,*,#1967,.F.);
#6641=ORIENTED_EDGE('',*,*,#2059,.F.);
#6642=ORIENTED_EDGE('',*,*,#2009,.F.);
#6643=ORIENTED_EDGE('',*,*,#2388,.F.);
#6644=EDGE_LOOP('',(#6638,#6639,#6640,#6641,#6642,#6643));
#6645=FACE_BOUND('',#6644,.T.);
#6646=ADVANCED_FACE('',(#6645),#6637,.T.);
#6647=CLOSED_SHELL('',(#151,#193,#261,#738,#754,#805,#861,#902,#1002,#1033,#1050,#1067,#1098,#1129,#1146,#1163,#1362,#1512,#1546,#1594,#1625,#1656,#1687,#1726,#1756,#1775,
#1792,#1911,#1953,#2029,#2064,#2533,#2581,#2629,#2677,#2725,#2773,#2821,#2869,#2917,#2965,#3013,#3061,#3109,#3143,#3196,#3221,#3246,#3292,#3310,#3335,
#3388,#3413,#3447,#3493,#3511,#3536,#3589,#3614,#3648,#3694,#3712,#3737,#3790,#3815,#3849,#3895,#3913,#3947,#4000,#4025,#4050,#4096,#4114,#4148,#4201,
#4226,#4251,#4297,#4315,#4332,#4349,#4366,#4383,#4400,#4417,#4434,#4451,#4468,#4485,#4502,#4519,#4536,#4553,#4570,#4587,#4604,#4621,#4638,#4655,#4672,
#4689,#4706,#4723,#4765,#4807,#4849,#4891,#4933,#4975,#5012,#5049,#5095,#5132,#5169,#5206,#5243,#5262,#5281,#5300,#5319,#5338,#5357,#5388,#5407,#5431,
#5462,#5494,#5540,#5586,#5605,#5624,#5646,#5673,#5717,#5734,#5775,#5799,#5816,#5836,#5871,#5906,#5943,#5960,#5984,#6012,#6047,#6082,#6117,#6147,#6199,
#6230,#6265,#6305,#6336,#6367,#6389,#6412,#6424,#6441,#6458,#6475,#6492,#6504,#6526,#6543,#6560,#6572,#6586,#6609,#6632,#6646));
#6648=MANIFOLD_SOLID_BREP('FRONT RIGHT CORNER 360mm',#6647);
#6649=COLOUR_RGB('',0.870588243,0.400000006,0.501960814);
#6650=FILL_AREA_STYLE_COLOUR('',#6649);
#6651=FILL_AREA_STYLE('',(#6650));
#6652=SURFACE_STYLE_FILL_AREA(#6651);
#6653=SURFACE_SIDE_STYLE('',(#6652));
#6654=SURFACE_STYLE_USAGE(.BOTH.,#6653);
#6655=PRESENTATION_STYLE_ASSIGNMENT((#6654));
#82=STYLED_ITEM('',(#6655),#6648);
#6657=CARTESIAN_POINT('',(-145.,-190.,-10.));
#6658=DIRECTION('',(1.,0.,0.));
#6659=DIRECTION('',(-0.,1.,0.));
#6660=AXIS2_PLACEMENT_3D('',#6657,#6658,#6659);
#6661=CYLINDRICAL_SURFACE('',#6660,2.65);
#6662=CARTESIAN_POINT('',(-145.,-187.35,-10.));
#6663=VERTEX_POINT('',#6662);
#6664=CARTESIAN_POINT('',(-156.,-187.35,-10.));
#6665=VERTEX_POINT('',#6664);
#6666=CARTESIAN_POINT('',(-145.,-187.35,-10.));
#6667=DIRECTION('',(-1.,-0.,-0.));
#6668=VECTOR('',#6667,11.);
#6669=LINE('',#6666,#6668);
#6670=EDGE_CURVE('',#6663,#6665,#6669,.T.);
#6671=ORIENTED_EDGE('',*,*,#6670,.F.);
#6672=CARTESIAN_POINT('',(-145.,-190.,-12.65));
#6673=VERTEX_POINT('',#6672);
#6674=CARTESIAN_POINT('',(-145.,-190.,-10.));
#6675=DIRECTION('',(1.,0.,0.));
#6676=DIRECTION('',(0.,0.,-1.));
#6677=AXIS2_PLACEMENT_3D('',#6674,#6675,#6676);
#6678=CIRCLE('',#6677,2.65);
#6679=EDGE_CURVE('',#6663,#6673,#6678,.T.);
#6680=ORIENTED_EDGE('',*,*,#6679,.T.);
#6681=CARTESIAN_POINT('',(-145.,-190.,-10.));
#6682=DIRECTION('',(1.,0.,0.));
#6683=DIRECTION('',(0.,0.,-1.));
#6684=AXIS2_PLACEMENT_3D('',#6681,#6682,#6683);
#6685=CIRCLE('',#6684,2.65);
#6686=EDGE_CURVE('',#6673,#6663,#6685,.T.);
#6687=ORIENTED_EDGE('',*,*,#6686,.T.);
#6688=ORIENTED_EDGE('',*,*,#6670,.T.);
#6689=CARTESIAN_POINT('',(-156.,-190.839988643,-7.486651819));
#6690=VERTEX_POINT('',#6689);
#6691=CARTESIAN_POINT('',(-156.,-190.,-10.));
#6692=DIRECTION('',(-1.,-0.,-0.));
#6693=DIRECTION('',(0.,0.,-1.));
#6694=AXIS2_PLACEMENT_3D('',#6691,#6692,#6693);
#6695=CIRCLE('',#6694,2.65);
#6696=EDGE_CURVE('',#6665,#6690,#6695,.T.);
#6697=ORIENTED_EDGE('',*,*,#6696,.T.);
#6698=CARTESIAN_POINT('',(-155.999999999,-189.160011372,-7.486683306));
#6699=VERTEX_POINT('',#6698);
#6700=CARTESIAN_POINT('',(-156.,-189.160001905,-7.486654978));
#6701=CARTESIAN_POINT('',(-156.000000144,-189.296315442,-7.441096923));
#6702=CARTESIAN_POINT('',(-155.997100161,-189.434413759,-7.407185653));
#6703=CARTESIAN_POINT('',(-155.994760927,-189.574256189,-7.38442316));
#6704=CARTESIAN_POINT('',(-155.992421692,-189.71409862,-7.361660667));
#6705=CARTESIAN_POINT('',(-155.990625925,-189.855685329,-7.350049188));
#6706=CARTESIAN_POINT('',(-155.990619161,-189.999093766,-7.350000155));
#6707=CARTESIAN_POINT('',(-155.990612398,-190.142502203,-7.349951122));
#6708=CARTESIAN_POINT('',(-155.992409439,-190.285114952,-7.361558954));
#6709=CARTESIAN_POINT('',(-155.994752944,-190.425266514,-7.384345514));
#6710=CARTESIAN_POINT('',(-155.995924697,-190.495342294,-7.395738793));
#6711=CARTESIAN_POINT('',(-155.997199331,-190.564940956,-7.409940221));
#6712=CARTESIAN_POINT('',(-155.99821767,-190.634062626,-7.426973652));
#6713=CARTESIAN_POINT('',(-155.999236009,-190.703184297,-7.444007084));
#6714=CARTESIAN_POINT('',(-156.,-190.772550528,-7.464113258));
#6715=CARTESIAN_POINT('',(-156.,-190.839988643,-7.486651819));
#6716=B_SPLINE_CURVE_WITH_KNOTS('',3,(#6700,#6701,#6702,#6703,#6704,#6705,#6706,#6707,#6708,#6709,#6710,#6711,#6712,#6713,#6714,#6715),.UNSPECIFIED.,.F.,.F.,(4,3,3,3,3,4),(0.,0.000425089,0.000850179,0.001275268,0.001487813,0.001700358),.UNSPECIFIED.);
#6717=EDGE_CURVE('',#6699,#6690,#6716,.T.);
#6718=ORIENTED_EDGE('',*,*,#6717,.F.);
#6719=CARTESIAN_POINT('',(-156.,-190.,-10.));
#6720=DIRECTION('',(-1.,-0.,-0.));
#6721=DIRECTION('',(0.,0.,-1.));
#6722=AXIS2_PLACEMENT_3D('',#6719,#6720,#6721);
#6723=CIRCLE('',#6722,2.65);
#6724=EDGE_CURVE('',#6699,#6665,#6723,.T.);
#6725=ORIENTED_EDGE('',*,*,#6724,.T.);
#6726=EDGE_LOOP('',(#6671,#6680,#6687,#6688,#6697,#6718,#6725));
#6727=FACE_BOUND('',#6726,.T.);
#6728=ADVANCED_FACE('',(#6727),#6661,.F.);
#6729=CARTESIAN_POINT('',(-155.,-160.,-7.486651819));
#6730=DIRECTION('',(0.,-1.,0.));
#6731=DIRECTION('',(-0.973728991,0.,0.227710017));
#6732=AXIS2_PLACEMENT_3D('',#6729,#6730,#6731);
#6733=CYLINDRICAL_SURFACE('',#6732,1.);
#6734=CARTESIAN_POINT('',(-155.973393861,-195.290297382,-7.259075321));
#6735=VERTEX_POINT('',#6734);
#6736=CARTESIAN_POINT('',(-155.9733974,-184.709703476,-7.259073944));
#6737=VERTEX_POINT('',#6736);
#6738=CARTESIAN_POINT('',(-155.973728991,-195.290297382,-7.258941802));
#6739=DIRECTION('',(-0.,1.,-0.));
#6740=VECTOR('',#6739,10.580593906);
#6741=LINE('',#6738,#6740);
#6742=EDGE_CURVE('',#6735,#6737,#6741,.T.);
#6743=ORIENTED_EDGE('',*,*,#6742,.T.);
#6744=CARTESIAN_POINT('',(-155.999611967,-184.862758845,-7.486806865));
#6745=VERTEX_POINT('',#6744);
#6746=CARTESIAN_POINT('',(-155.973728694,-184.709786458,-7.258940529));
#6747=CARTESIAN_POINT('',(-155.991051774,-184.761835293,-7.333016702));
#6748=CARTESIAN_POINT('',(-156.000004697,-184.813164217,-7.40918728));
#6749=CARTESIAN_POINT('',(-155.999999998,-184.863048464,-7.48671243));
#6750=B_SPLINE_CURVE_WITH_KNOTS('',3,(#6746,#6747,#6748,#6749),.UNSPECIFIED.,.F.,.F.,(4,4),(-0.027090174,0.000520917),.UNSPECIFIED.);
#6751=EDGE_CURVE('',#6737,#6745,#6750,.T.);
#6752=ORIENTED_EDGE('',*,*,#6751,.T.);
#6753=CARTESIAN_POINT('',(-155.999999998,-184.862758845,-7.48671243));
#6754=DIRECTION('',(0.,-1.,0.));
#6755=VECTOR('',#6754,4.297252527);
#6756=LINE('',#6753,#6755);
#6757=EDGE_CURVE('',#6745,#6699,#6756,.T.);
#6758=ORIENTED_EDGE('',*,*,#6757,.T.);
#6759=ORIENTED_EDGE('',*,*,#6717,.T.);
#6760=CARTESIAN_POINT('',(-155.999598863,-195.137249032,-7.48681226));
#6761=VERTEX_POINT('',#6760);
#6762=CARTESIAN_POINT('',(-156.,-190.839988643,-7.486651819));
#6763=CARTESIAN_POINT('',(-156.,-192.27235896,-7.486672716));
#6764=CARTESIAN_POINT('',(-155.999999999,-193.704729277,-7.486693613));
#6765=CARTESIAN_POINT('',(-155.999999998,-195.137099595,-7.48671451));
#6766=B_SPLINE_CURVE_WITH_KNOTS('',3,(#6762,#6763,#6764,#6765),.UNSPECIFIED.,.F.,.F.,(4,4),(0.,1.),.UNSPECIFIED.);
#6767=EDGE_CURVE('',#6690,#6761,#6766,.T.);
#6768=ORIENTED_EDGE('',*,*,#6767,.T.);
#6769=CARTESIAN_POINT('',(-155.999999987,-195.137249032,-7.486812324));
#6770=CARTESIAN_POINT('',(-156.000012531,-195.18609071,-7.408658567));
#6771=CARTESIAN_POINT('',(-155.991047128,-195.238178705,-7.332996836));
#6772=CARTESIAN_POINT('',(-155.973728694,-195.290213567,-7.258940532));
#6773=B_SPLINE_CURVE_WITH_KNOTS('',3,(#6769,#6770,#6771,#6772),.UNSPECIFIED.,.F.,.F.,(4,4),(-0.05571111,-0.028154559),.UNSPECIFIED.);
#6774=EDGE_CURVE('',#6761,#6735,#6773,.T.);
#6775=ORIENTED_EDGE('',*,*,#6774,.T.);
#6776=EDGE_LOOP('',(#6743,#6752,#6758,#6759,#6768,#6775));
#6777=FACE_BOUND('',#6776,.T.);
#6778=ADVANCED_FACE('',(#6777),#6733,.T.);
#6779=CARTESIAN_POINT('',(-156.,-187.5,0.));
#6780=DIRECTION('',(1.,0.,0.));
#6781=DIRECTION('',(0.,1.,0.));
#6782=AXIS2_PLACEMENT_3D('',#6779,#6780,#6781);
#6783=PLANE('',#6782);
#6784=ORIENTED_EDGE('',*,*,#6767,.F.);
#6785=ORIENTED_EDGE('',*,*,#6696,.F.);
#6786=ORIENTED_EDGE('',*,*,#6724,.F.);
#6787=ORIENTED_EDGE('',*,*,#6757,.F.);
#6788=CARTESIAN_POINT('',(-156.000299474,-185.047067878,-9.319117205));
#6789=VERTEX_POINT('',#6788);
#6790=CARTESIAN_POINT('',(-156.,-185.046564814,-9.319206383));
#6791=CARTESIAN_POINT('',(-156.,-185.115036207,-8.820366627));
#6792=CARTESIAN_POINT('',(-156.,-185.105496703,-8.237698793));
#6793=CARTESIAN_POINT('',(-156.,-184.977000773,-7.727867308));
#6794=CARTESIAN_POINT('',(-156.,-184.937577288,-7.612742305));
#6795=CARTESIAN_POINT('',(-156.,-184.874546907,-7.505044268));
#6796=CARTESIAN_POINT('',(-156.,-184.868874851,-7.495783779));
#6797=CARTESIAN_POINT('',(-156.,-184.862905178,-7.486714769));
#6798=B_SPLINE_CURVE_WITH_KNOTS('',3,(#6790,#6791,#6792,#6793,#6794,#6795,#6796,#6797),.UNSPECIFIED.,.F.,.F.,(4,2,2,4),(0.049777776,0.173868237,0.208031538,0.211284693),.UNSPECIFIED.);
#6799=EDGE_CURVE('',#6789,#6745,#6798,.T.);
#6800=ORIENTED_EDGE('',*,*,#6799,.F.);
#6801=CARTESIAN_POINT('',(-156.,-185.,-10.));
#6802=VERTEX_POINT('',#6801);
#6803=CARTESIAN_POINT('',(-156.,-190.,-10.));
#6804=DIRECTION('',(-1.,-0.,-0.));
#6805=DIRECTION('',(0.,0.,-1.));
#6806=AXIS2_PLACEMENT_3D('',#6803,#6804,#6805);
#6807=CIRCLE('',#6806,5.);
#6808=EDGE_CURVE('',#6789,#6802,#6807,.T.);
#6809=ORIENTED_EDGE('',*,*,#6808,.T.);
#6810=CARTESIAN_POINT('',(-156.000115708,-194.953014261,-9.319263097));
#6811=VERTEX_POINT('',#6810);
#6812=CARTESIAN_POINT('',(-156.,-190.,-10.));
#6813=DIRECTION('',(-1.,-0.,-0.));
#6814=DIRECTION('',(0.,0.,-1.));
#6815=AXIS2_PLACEMENT_3D('',#6812,#6813,#6814);
#6816=CIRCLE('',#6815,5.);
#6817=EDGE_CURVE('',#6802,#6811,#6816,.T.);
#6818=ORIENTED_EDGE('',*,*,#6817,.T.);
#6819=CARTESIAN_POINT('',(-156.,-195.137097815,-7.486717251));
#6820=CARTESIAN_POINT('',(-156.,-195.089833542,-7.559992749));
#6821=CARTESIAN_POINT('',(-156.,-195.0529762,-7.64565437));
#6822=CARTESIAN_POINT('',(-156.,-194.927781204,-8.038956721));
#6823=CARTESIAN_POINT('',(-156.,-194.903089673,-8.442533191));
#6824=CARTESIAN_POINT('',(-156.,-194.91548452,-8.960774099));
#6825=CARTESIAN_POINT('',(-156.,-194.92923194,-9.142879142));
#6826=CARTESIAN_POINT('',(-156.,-194.953442292,-9.319258096));
#6827=B_SPLINE_CURVE_WITH_KNOTS('',3,(#6819,#6820,#6821,#6822,#6823,#6824,#6825,#6826),.UNSPECIFIED.,.F.,.F.,(4,2,2,4),(0.000000109,0.031173816,0.133562191,0.187063107),.UNSPECIFIED.);
#6828=EDGE_CURVE('',#6761,#6811,#6827,.T.);
#6829=ORIENTED_EDGE('',*,*,#6828,.F.);
#6830=EDGE_LOOP('',(#6784,#6785,#6786,#6787,#6800,#6809,#6818,#6829));
#6831=FACE_BOUND('',#6830,.T.);
#6832=ADVANCED_FACE('',(#6831),#6783,.F.);
#6833=CARTESIAN_POINT('',(-155.,-194.540181785,-7.905543182));
#6834=CARTESIAN_POINT('',(-155.369216716,-194.827061372,-8.527415864));
#6835=CARTESIAN_POINT('',(-156.31385582,-195.103930185,-9.811539279));
#6836=CARTESIAN_POINT('',(-158.808294807,-194.778020468,-12.008013623));
#6837=CARTESIAN_POINT('',(-161.812127912,-193.740292203,-13.434153542));
#6838=CARTESIAN_POINT('',(-165.166260874,-192.839955439,-14.125256569));
#6839=CARTESIAN_POINT('',(-167.908817976,-192.676399479,-14.223010651));
#6840=CARTESIAN_POINT('',(-170.530112739,-193.208625502,-13.868515018));
#6841=CARTESIAN_POINT('',(-173.199000748,-194.035634852,-13.055066794));
#6842=CARTESIAN_POINT('',(-175.878496203,-194.861065973,-11.63185374));
#6843=CARTESIAN_POINT('',(-178.358224105,-195.176502636,-9.383443952));
#6844=CARTESIAN_POINT('',(-179.932075221,-194.154924323,-6.712747933));
#6845=CARTESIAN_POINT('',(-180.383504198,-191.573145862,-4.922585535));
#6846=CARTESIAN_POINT('',(-180.391394322,-188.427709439,-4.928030245));
#6847=CARTESIAN_POINT('',(-179.965204541,-186.066314811,-6.556113131));
#6848=CARTESIAN_POINT('',(-178.783212191,-185.036814238,-8.704906689));
#6849=CARTESIAN_POINT('',(-177.149254859,-184.936369522,-10.541650615));
#6850=CARTESIAN_POINT('',(-175.156826497,-185.359234782,-12.031432147));
#6851=CARTESIAN_POINT('',(-172.932624485,-186.048571596,-13.135924697));
#6852=CARTESIAN_POINT('',(-170.532330179,-186.790310209,-13.86753951));
#6853=CARTESIAN_POINT('',(-167.90455862,-187.328967403,-14.223753503));
#6854=CARTESIAN_POINT('',(-165.168706238,-187.159577107,-14.124960543));
#6855=CARTESIAN_POINT('',(-162.647817568,-186.484202406,-13.606430881));
#6856=CARTESIAN_POINT('',(-160.317509027,-185.742971769,-12.721962687));
#6857=CARTESIAN_POINT('',(-158.182033573,-185.137959793,-11.458104066));
#6858=CARTESIAN_POINT('',(-156.315534033,-184.896735325,-9.811699305));
#6859=CARTESIAN_POINT('',(-155.369227109,-185.172930553,-8.527433368));
#6860=CARTESIAN_POINT('',(-155.,-185.459818215,-7.905543182));
#6861=CARTESIAN_POINT('',(-155.152692578,-194.511446123,-7.843252508));
#6862=CARTESIAN_POINT('',(-155.513472534,-194.802171743,-8.45098383));
#6863=CARTESIAN_POINT('',(-156.434672724,-195.098824478,-9.712515875));
#6864=CARTESIAN_POINT('',(-158.882390401,-194.819470136,-11.914791126));
#6865=CARTESIAN_POINT('',(-161.853617335,-193.794446547,-13.379682337));
#6866=CARTESIAN_POINT('',(-165.18058929,-192.887451554,-14.092766296));
#6867=CARTESIAN_POINT('',(-167.90289795,-192.72204387,-14.194126097));
#6868=CARTESIAN_POINT('',(-170.50418519,-193.259646497,-13.827421443));
#6869=CARTESIAN_POINT('',(-173.148796096,-194.086792876,-12.989851665));
#6870=CARTESIAN_POINT('',(-175.796823633,-194.896373811,-11.536196958));
#6871=CARTESIAN_POINT('',(-178.227049032,-195.158578173,-9.282337265));
#6872=CARTESIAN_POINT('',(-179.760316808,-194.115239379,-6.682033657));
#6873=CARTESIAN_POINT('',(-180.216453878,-191.566836943,-4.924599295));
#6874=CARTESIAN_POINT('',(-180.223817873,-188.434588042,-4.930212222));
#6875=CARTESIAN_POINT('',(-179.794328217,-186.101684573,-6.529882977));
#6876=CARTESIAN_POINT('',(-178.64035726,-185.063175391,-8.620767096));
#6877=CARTESIAN_POINT('',(-177.043927276,-184.925377276,-10.440956329));
#6878=CARTESIAN_POINT('',(-175.083369067,-185.320040136,-11.944555667));
#6879=CARTESIAN_POINT('',(-172.885002372,-185.997070819,-13.073264199));
#6880=CARTESIAN_POINT('',(-170.506262783,-186.739468832,-13.82661426));
#6881=CARTESIAN_POINT('',(-167.898660573,-187.283379279,-14.194971833));
#6882=CARTESIAN_POINT('',(-165.182978836,-187.112005753,-14.092687795));
#6883=CARTESIAN_POINT('',(-162.682494647,-186.431846849,-13.557212251));
#6884=CARTESIAN_POINT('',(-160.375236753,-185.694674478,-12.648894989));
#6885=CARTESIAN_POINT('',(-158.267841046,-185.108392177,-11.363107034));
#6886=CARTESIAN_POINT('',(-156.436348418,-184.901749226,-9.712872745));
#6887=CARTESIAN_POINT('',(-155.513482689,-185.197820074,-8.451000936));
#6888=CARTESIAN_POINT('',(-155.152692578,-185.488553877,-7.843252508));
#6889=CARTESIAN_POINT('',(-155.457245586,-194.532306568,-7.682947207));
#6890=CARTESIAN_POINT('',(-155.801216416,-194.832685673,-8.274587418));
#6891=CARTESIAN_POINT('',(-156.675776837,-195.162084494,-9.514881022));
#6892=CARTESIAN_POINT('',(-159.030349719,-194.941862086,-11.750997251));
#6893=CARTESIAN_POINT('',(-161.936542941,-193.916755411,-13.28615235));
#6894=CARTESIAN_POINT('',(-165.209215712,-192.98795056,-14.036300033));
#6895=CARTESIAN_POINT('',(-167.891062493,-192.817731514,-14.143576141));
#6896=CARTESIAN_POINT('',(-170.452343437,-193.370163874,-13.756629557));
#6897=CARTESIAN_POINT('',(-173.048452961,-194.209819265,-12.877073003));
#6898=CARTESIAN_POINT('',(-175.633642355,-195.012113343,-11.364725221));
#6899=CARTESIAN_POINT('',(-177.965203189,-195.204873222,-9.075838775));
#6900=CARTESIAN_POINT('',(-179.417691057,-194.114636407,-6.558974799));
#6901=CARTESIAN_POINT('',(-179.883155559,-191.57963261,-4.841109833));
#6902=CARTESIAN_POINT('',(-179.889481159,-188.422726756,-4.84687335));
#6903=CARTESIAN_POINT('',(-179.45346093,-186.098972073,-6.413120168));
#6904=CARTESIAN_POINT('',(-178.355277262,-185.03250844,-8.433581138));
#6905=CARTESIAN_POINT('',(-176.833607942,-184.840009948,-10.249198135));
#6906=CARTESIAN_POINT('',(-174.936600805,-185.203176847,-11.789858432));
#6907=CARTESIAN_POINT('',(-172.789817781,-185.874698852,-12.964966693));
#6908=CARTESIAN_POINT('',(-170.45414665,-186.629254963,-13.756056564));
#6909=CARTESIAN_POINT('',(-167.886846865,-187.187808378,-14.144597247));
#6910=CARTESIAN_POINT('',(-165.211492644,-187.011445532,-14.036571198));
#6911=CARTESIAN_POINT('',(-162.751776895,-186.315100232,-13.472568467));
#6912=CARTESIAN_POINT('',(-160.490557294,-185.571837972,-12.521518229));
#6913=CARTESIAN_POINT('',(-158.439182402,-185.000982411,-11.190270739));
#6914=CARTESIAN_POINT('',(-156.677456249,-184.838410731,-9.515548992));
#6915=CARTESIAN_POINT('',(-155.801226098,-185.167305872,-8.274604071));
#6916=CARTESIAN_POINT('',(-155.457245586,-185.467693432,-7.682947207));
#6917=CARTESIAN_POINT('',(-155.860694538,-194.831678685,-7.345229906));
#6918=CARTESIAN_POINT('',(-156.187185535,-195.152034505,-7.95512979));
#6919=CARTESIAN_POINT('',(-157.01413983,-195.503462412,-9.239460577));
#6920=CARTESIAN_POINT('',(-159.262371885,-195.264849513,-11.574243293));
#6921=CARTESIAN_POINT('',(-162.074470154,-194.167980518,-13.183908762));
#6922=CARTESIAN_POINT('',(-165.258254781,-193.178126255,-13.969633162));
#6923=CARTESIAN_POINT('',(-167.870703115,-192.996785029,-14.082083789));
#6924=CARTESIAN_POINT('',(-170.364523413,-193.585392746,-13.676702113));
#6925=CARTESIAN_POINT('',(-172.885419153,-194.481327336,-12.754958845));
#6926=CARTESIAN_POINT('',(-175.383250694,-195.340787582,-11.171022919));
#6927=CARTESIAN_POINT('',(-177.604900177,-195.549632558,-8.779858494));
#6928=CARTESIAN_POINT('',(-178.976730159,-194.386018245,-6.187149713));
#6929=CARTESIAN_POINT('',(-179.441289707,-191.684221484,-4.426369583));
#6930=CARTESIAN_POINT('',(-179.44673216,-188.318368245,-4.432097648));
#6931=CARTESIAN_POINT('',(-179.0131455,-185.841577137,-6.038663909));
#6932=CARTESIAN_POINT('',(-177.972154781,-184.703901605,-8.11709958));
#6933=CARTESIAN_POINT('',(-176.529102489,-184.499487186,-10.005222887));
#6934=CARTESIAN_POINT('',(-174.709501346,-184.890157073,-11.616188221));
#6935=CARTESIAN_POINT('',(-172.634463352,-185.608746668,-12.847192996));
#6936=CARTESIAN_POINT('',(-170.366099078,-186.414040385,-13.676105225));
#6937=CARTESIAN_POINT('',(-167.866628669,-187.009075459,-14.08317552));
#6938=CARTESIAN_POINT('',(-165.260400087,-186.821282422,-13.969997141));
#6939=CARTESIAN_POINT('',(-162.867596864,-186.079028355,-13.379057157));
#6940=CARTESIAN_POINT('',(-160.675205537,-185.285013816,-12.382503853));
#6941=CARTESIAN_POINT('',(-158.697839515,-184.673150066,-10.988633425));
#6942=CARTESIAN_POINT('',(-157.015741184,-184.497114252,-9.240243088));
#6943=CARTESIAN_POINT('',(-156.187194725,-184.847956478,-7.955146958));
#6944=CARTESIAN_POINT('',(-155.860694538,-185.168321315,-7.345229906));
#6945=CARTESIAN_POINT('',(-155.938842501,-195.216179228,-7.12918895));
#6946=CARTESIAN_POINT('',(-156.270844222,-195.551517462,-7.787139932));
#6947=CARTESIAN_POINT('',(-157.116033146,-195.891261046,-9.157682845));
#6948=CARTESIAN_POINT('',(-159.378522573,-195.55799018,-11.564939252));
#6949=CARTESIAN_POINT('',(-162.159754891,-194.368308402,-13.171396408));
#6950=CARTESIAN_POINT('',(-165.290916963,-193.321875092,-13.953002616));
#6951=CARTESIAN_POINT('',(-167.856864439,-193.131176965,-14.064149398));
#6952=CARTESIAN_POINT('',(-170.307216814,-193.751072711,-13.662118978));
#6953=CARTESIAN_POINT('',(-172.791434552,-194.707242412,-12.743777415));
#6954=CARTESIAN_POINT('',(-175.265894272,-195.64849106,-11.150919661));
#6955=CARTESIAN_POINT('',(-177.508208518,-195.962548029,-8.68625926));
#6956=CARTESIAN_POINT('',(-178.913806881,-194.759595386,-5.871486406));
#6957=CARTESIAN_POINT('',(-179.353549875,-191.811093106,-3.98078351));
#6958=CARTESIAN_POINT('',(-179.359887056,-188.190456483,-3.986592601));
#6959=CARTESIAN_POINT('',(-178.947320616,-185.49153039,-5.708491812));
#6960=CARTESIAN_POINT('',(-177.886174489,-184.292653754,-7.969176517));
#6961=CARTESIAN_POINT('',(-176.41880987,-184.140008921,-9.952916513));
#6962=CARTESIAN_POINT('',(-174.599098664,-184.603314709,-11.598293036));
#6963=CARTESIAN_POINT('',(-172.543781582,-185.389647954,-12.835340744));
#6964=CARTESIAN_POINT('',(-170.309044086,-186.247905597,-13.661255255));
#6965=CARTESIAN_POINT('',(-167.852713529,-186.87501658,-14.065117994));
#6966=CARTESIAN_POINT('',(-165.293075439,-186.677548708,-13.952976505));
#6967=CARTESIAN_POINT('',(-162.939704751,-185.89265055,-13.365954867));
#6968=CARTESIAN_POINT('',(-160.775813469,-185.039003278,-12.37021818));
#6969=CARTESIAN_POINT('',(-158.810704118,-184.355944759,-10.961724187));
#6970=CARTESIAN_POINT('',(-157.117632703,-184.109469433,-9.158112808));
#6971=CARTESIAN_POINT('',(-156.270853567,-184.448473099,-7.787158451));
#6972=CARTESIAN_POINT('',(-155.938842501,-184.783820772,-7.12918895));
#6973=CARTESIAN_POINT('',(-155.896296296,-195.448218142,-7.043196129));
#6974=CARTESIAN_POINT('',(-156.238163626,-195.792473647,-7.734165775));
#6975=CARTESIAN_POINT('',(-157.112829463,-196.124716222,-9.160969569));
#6976=CARTESIAN_POINT('',(-159.422495192,-195.733624561,-11.601496618));
#6977=CARTESIAN_POINT('',(-162.203822141,-194.488350643,-13.186096528));
#6978=CARTESIAN_POINT('',(-165.309500809,-193.407946527,-13.95398878));
#6979=CARTESIAN_POINT('',(-167.848905533,-193.211679375,-14.062604427));
#6980=CARTESIAN_POINT('',(-170.276030314,-193.850350602,-13.66872039));
#6981=CARTESIAN_POINT('',(-172.747222914,-194.842761823,-12.764889031));
#6982=CARTESIAN_POINT('',(-175.228237225,-195.833279168,-11.183541193));
#6983=CARTESIAN_POINT('',(-177.524281579,-196.211803163,-8.685308095));
#6984=CARTESIAN_POINT('',(-178.98155113,-194.985909188,-5.717868074));
#6985=CARTESIAN_POINT('',(-179.399540924,-191.887775034,-3.728798742));
#6986=CARTESIAN_POINT('',(-179.406846595,-188.113251327,-3.73484842));
#6987=CARTESIAN_POINT('',(-179.012226427,-185.279577773,-5.543829404));
#6988=CARTESIAN_POINT('',(-177.917789066,-184.044177086,-7.931377803));
#6989=CARTESIAN_POINT('',(-176.404865611,-183.923643426,-9.972204386));
#6990=CARTESIAN_POINT('',(-174.560024534,-184.431081739,-11.6275172));
#6991=CARTESIAN_POINT('',(-172.500578227,-185.258285915,-12.854731145));
#6992=CARTESIAN_POINT('',(-170.278083499,-186.14837225,-13.667636493));
#6993=CARTESIAN_POINT('',(-167.844961685,-186.794760883,-14.063429818));
#6994=CARTESIAN_POINT('',(-165.311765035,-186.591492529,-13.953659862));
#6995=CARTESIAN_POINT('',(-162.97760886,-185.781042887,-13.377515794));
#6996=CARTESIAN_POINT('',(-160.819915766,-184.891566123,-12.394773356));
#6997=CARTESIAN_POINT('',(-158.842623679,-184.165551752,-10.990486));
#6998=CARTESIAN_POINT('',(-157.114383364,-183.87608239,-9.161147376));
#6999=CARTESIAN_POINT('',(-156.238173249,-184.207516663,-7.734185224));
#7000=CARTESIAN_POINT('',(-155.896296296,-184.551781858,-7.043196129));
#7001=B_SPLINE_SURFACE_WITH_KNOTS('',3,3,((#6833,#6834,#6835,#6836,#6837,#6838,#6839,#6840,#6841,#6842,#6843,#6844,#6845,#6846,#6847,#6848,#6849,#6850,#6851,#6852,#6853,#6854,#6855,#6856,#6857,#6858,
#6859,#6860),(#6861,#6862,#6863,#6864,#6865,#6866,#6867,#6868,#6869,#6870,#6871,#6872,#6873,#6874,#6875,#6876,#6877,#6878,#6879,#6880,#6881,#6882,#6883,#6884,#6885,#6886,
#6887,#6888),(#6889,#6890,#6891,#6892,#6893,#6894,#6895,#6896,#6897,#6898,#6899,#6900,#6901,#6902,#6903,#6904,#6905,#6906,#6907,#6908,#6909,#6910,#6911,#6912,#6913,#6914,
#6915,#6916),(#6917,#6918,#6919,#6920,#6921,#6922,#6923,#6924,#6925,#6926,#6927,#6928,#6929,#6930,#6931,#6932,#6933,#6934,#6935,#6936,#6937,#6938,#6939,#6940,#6941,#6942,
#6943,#6944),(#6945,#6946,#6947,#6948,#6949,#6950,#6951,#6952,#6953,#6954,#6955,#6956,#6957,#6958,#6959,#6960,#6961,#6962,#6963,#6964,#6965,#6966,#6967,#6968,#6969,#6970,
#6971,#6972),(#6973,#6974,#6975,#6976,#6977,#6978,#6979,#6980,#6981,#6982,#6983,#6984,#6985,#6986,#6987,#6988,#6989,#6990,#6991,#6992,#6993,#6994,#6995,#6996,#6997,#6998,
#6999,#7000)),.UNSPECIFIED.,.F.,.F.,.U.,(4,1,1,4),(4,1,1,1,1,1,1,1,1,1,1,1,1,1,1,1,1,1,1,1,1,1,1,1,1,4),(0.,0.285714286,0.571428571,1.),(5.180553439,5.450839977,5.721126514,6.261699588,6.531986125,6.802272662,7.072559199,7.342845736,7.703227786,8.063609835,8.423991885,8.784373934,9.144755984,9.505138033,9.77542457,10.045711107,10.315997644,10.586284182,10.856570719,11.126857256,11.397143793,11.66743033,11.937716867,12.208003404,12.478289941,12.748576478),.UNSPECIFIED.);
#7002=ORIENTED_EDGE('',*,*,#6828,.T.);
#7003=CARTESIAN_POINT('',(-156.611897231,-194.999810621,-10.000019148));
#7004=VERTEX_POINT('',#7003);
#7005=CARTESIAN_POINT('',(-156.000115708,-194.953435024,-9.319205268));
#7006=CARTESIAN_POINT('',(-156.193002329,-194.98534675,-9.551393704));
#7007=CARTESIAN_POINT('',(-156.397249074,-195.00000087,-9.779507822));
#7008=CARTESIAN_POINT('',(-156.611896487,-195.,-10.000019722));
#7009=B_SPLINE_CURVE_WITH_KNOTS('',3,(#7005,#7006,#7007,#7008),.UNSPECIFIED.,.F.,.F.,(4,4),(5.384516279,5.486760989),.UNSPECIFIED.);
#7010=EDGE_CURVE('',#6811,#7004,#7009,.T.);
#7011=ORIENTED_EDGE('',*,*,#7010,.T.);
#7012=CARTESIAN_POINT('',(-177.589510192,-195.001448233,-10.00104724));
#7013=VERTEX_POINT('',#7012);
#7014=CARTESIAN_POINT('',(-156.611896487,-195.,-10.000019722));
#7015=CARTESIAN_POINT('',(-156.936450751,-194.999998685,-10.333428864));
#7016=CARTESIAN_POINT('',(-157.284306212,-194.966691519,-10.651278787));
#7017=CARTESIAN_POINT('',(-157.649252168,-194.909040172,-10.94938116));
#7018=CARTESIAN_POINT('',(-158.014198124,-194.851388826,-11.247483533));
#7019=CARTESIAN_POINT('',(-158.395633912,-194.769410739,-11.525935482));
#7020=CARTESIAN_POINT('',(-158.789713928,-194.671255202,-11.783080154));
#7021=CARTESIAN_POINT('',(-159.577873959,-194.474944129,-12.297369498));
#7022=CARTESIAN_POINT('',(-160.419173686,-194.214055571,-12.727252708));
#7023=CARTESIAN_POINT('',(-161.303692438,-193.941539841,-13.076404343));
#7024=CARTESIAN_POINT('',(-161.745951814,-193.805281976,-13.250980161));
#7025=CARTESIAN_POINT('',(-162.199015945,-193.666326965,-13.405056821));
#7026=CARTESIAN_POINT('',(-162.661644748,-193.531323382,-13.539739421));
#7027=CARTESIAN_POINT('',(-163.12427355,-193.396319799,-13.674422022));
#7028=CARTESIAN_POINT('',(-163.596430548,-193.265151827,-13.789522219));
#7029=CARTESIAN_POINT('',(-164.079729566,-193.150783873,-13.882339628));
#7030=CARTESIAN_POINT('',(-164.563028583,-193.036415919,-13.975157037));
#7031=CARTESIAN_POINT('',(-165.058009967,-192.939300922,-14.045637859));
#7032=CARTESIAN_POINT('',(-165.56450045,-192.872424711,-14.092575751));
#7033=CARTESIAN_POINT('',(-166.070990932,-192.8055485,-14.139513644));
#7034=CARTESIAN_POINT('',(-166.587265973,-192.768282565,-14.16372615));
#7035=CARTESIAN_POINT('',(-167.10246848,-192.766657306,-14.1648058));
#7036=CARTESIAN_POINT('',(-167.617670986,-192.765032046,-14.165885451));
#7037=CARTESIAN_POINT('',(-168.130845997,-192.801073282,-14.142585945));
#7038=CARTESIAN_POINT('',(-168.634918609,-192.869732655,-14.094463883));
#7039=CARTESIAN_POINT('',(-169.138991221,-192.938392029,-14.04634182));
#7040=CARTESIAN_POINT('',(-169.634955709,-193.037371281,-13.974435389));
#7041=CARTESIAN_POINT('',(-170.119755592,-193.151886298,-13.881444675));
#7042=CARTESIAN_POINT('',(-171.089355358,-193.380916331,-13.695463247));
#7043=CARTESIAN_POINT('',(-172.010932336,-193.667329328,-13.427383929));
#7044=CARTESIAN_POINT('',(-172.892782447,-193.94007596,-13.078278972));
#7045=CARTESIAN_POINT('',(-173.774632558,-194.212822591,-12.729174016));
#7046=CARTESIAN_POINT('',(-174.617335949,-194.473775087,-12.299820315));
#7047=CARTESIAN_POINT('',(-175.407862245,-194.670550333,-11.784925653));
#7048=CARTESIAN_POINT('',(-176.198388541,-194.867325579,-11.27003099));
#7049=CARTESIAN_POINT('',(-176.940797853,-194.999859774,-10.666265518));
#7050=CARTESIAN_POINT('',(-177.589516235,-194.999999889,-10.001053161));
#7051=B_SPLINE_CURVE_WITH_KNOTS('',3,(#7014,#7015,#7016,#7017,#7018,#7019,#7020,#7021,#7022,#7023,#7024,#7025,#7026,#7027,#7028,#7029,#7030,#7031,#7032,#7033,#7034,#7035,#7036,#7037,#7038,#7039,
#7040,#7041,#7042,#7043,#7044,#7045,#7046,#7047,#7048,#7049,#7050),.UNSPECIFIED.,.F.,.F.,(4,3,3,3,3,3,3,3,3,3,3,3,4),(5.486759336,5.641341894,5.795924452,6.105089568,6.259672127,6.414254685,6.568837243,6.723419801,6.878002359,7.032584917,7.341750033,7.65091515,7.960080266),.UNSPECIFIED.);
#7052=EDGE_CURVE('',#7004,#7013,#7051,.T.);
#7053=ORIENTED_EDGE('',*,*,#7052,.T.);
#7054=CARTESIAN_POINT('',(-177.587677942,-185.000032375,-9.999992193));
#7055=VERTEX_POINT('',#7054);
#7056=CARTESIAN_POINT('',(-177.589516235,-194.999999889,-10.001053161));
#7057=CARTESIAN_POINT('',(-177.852934951,-195.000056785,-9.730931406));
#7058=CARTESIAN_POINT('',(-178.10064735,-194.978326732,-9.450483588));
#7059=CARTESIAN_POINT('',(-178.329561338,-194.929253491,-9.161871116));
#7060=CARTESIAN_POINT('',(-178.558475326,-194.880180249,-8.873258645));
#7061=CARTESIAN_POINT('',(-178.768791616,-194.803501858,-8.577415044));
#7062=CARTESIAN_POINT('',(-178.958983522,-194.696423882,-8.284306927));
#7063=CARTESIAN_POINT('',(-179.339367335,-194.48226793,-7.698090694));
#7064=CARTESIAN_POINT('',(-179.63825456,-194.146095584,-7.125572605));
#7065=CARTESIAN_POINT('',(-179.846609058,-193.692578922,-6.628819064));
#7066=CARTESIAN_POINT('',(-179.950786307,-193.465820591,-6.380442293));
#7067=CARTESIAN_POINT('',(-180.033715118,-193.209969856,-6.150970056));
#7068=CARTESIAN_POINT('',(-180.100181749,-192.930541772,-5.948836597));
#7069=CARTESIAN_POINT('',(-180.166648381,-192.651113689,-5.746703138));
#7070=CARTESIAN_POINT('',(-180.21665283,-192.348301381,-5.57206524));
#7071=CARTESIAN_POINT('',(-180.254981354,-192.030252995,-5.430747022));
#7072=CARTESIAN_POINT('',(-180.293309878,-191.71220461,-5.289428804));
#7073=CARTESIAN_POINT('',(-180.320497178,-191.379119153,-5.181347677));
#7074=CARTESIAN_POINT('',(-180.339312716,-191.038317979,-5.10899849));
#7075=CARTESIAN_POINT('',(-180.358128255,-190.697516805,-5.036649302));
#7076=CARTESIAN_POINT('',(-180.367879253,-190.348757838,-4.999993901));
#7077=CARTESIAN_POINT('',(-180.368359241,-189.999912572,-5.000000001));
#7078=CARTESIAN_POINT('',(-180.369319218,-189.302222041,-5.0000122));
#7079=CARTESIAN_POINT('',(-180.33509598,-188.605640945,-5.148312691));
#7080=CARTESIAN_POINT('',(-180.257585779,-187.970419403,-5.430448315));
#7081=CARTESIAN_POINT('',(-180.180075578,-187.33519786,-5.71258394));
#7082=CARTESIAN_POINT('',(-180.054457827,-186.763601936,-6.129668722));
#7083=CARTESIAN_POINT('',(-179.845941801,-186.309177548,-6.626896143));
#7084=CARTESIAN_POINT('',(-179.637425775,-185.85475316,-7.124123565));
#7085=CARTESIAN_POINT('',(-179.341579934,-185.516054865,-7.701475764));
#7086=CARTESIAN_POINT('',(-178.961593056,-185.302435714,-8.287431818));
#7087=CARTESIAN_POINT('',(-178.771599616,-185.195626138,-8.580409845));
#7088=CARTESIAN_POINT('',(-178.560389376,-185.119779239,-8.87388666));
#7089=CARTESIAN_POINT('',(-178.330270625,-185.070934435,-9.160766627));
#7090=CARTESIAN_POINT('',(-178.100151875,-185.022089631,-9.447646595));
#7091=CARTESIAN_POINT('',(-177.851444661,-185.,-9.728756156));
#7092=CARTESIAN_POINT('',(-177.587686725,-185.,-10.));
#7093=B_SPLINE_CURVE_WITH_KNOTS('',3,(#7056,#7057,#7058,#7059,#7060,#7061,#7062,#7063,#7064,#7065,#7066,#7067,#7068,#7069,#7070,#7071,#7072,#7073,#7074,#7075,#7076,#7077,#7078,#7079,#7080,#7081,
#7082,#7083,#7084,#7085,#7086,#7087,#7088,#7089,#7090,#7091,#7092),.UNSPECIFIED.,.F.,.F.,(4,3,3,3,3,3,3,3,3,3,3,3,4),(7.960093462,8.085661909,8.211230355,8.462367248,8.587935695,8.713504142,8.839072588,8.964641035,9.215777928,9.466914821,9.718051715,9.843620161,9.969188608),.UNSPECIFIED.);
#7094=EDGE_CURVE('',#7013,#7055,#7093,.T.);
#7095=ORIENTED_EDGE('',*,*,#7094,.T.);
#7096=CARTESIAN_POINT('',(-156.612323676,-185.000081313,-9.999996338));
#7097=VERTEX_POINT('',#7096);
#7098=CARTESIAN_POINT('',(-177.587686725,-185.,-10.));
#7099=CARTESIAN_POINT('',(-177.263003789,-185.,-10.333897994));
#7100=CARTESIAN_POINT('',(-176.915848433,-185.033407037,-10.651908812));
#7101=CARTESIAN_POINT('',(-176.551475338,-185.091031437,-10.949751362));
#7102=CARTESIAN_POINT('',(-176.187102242,-185.148655837,-11.247593912));
#7103=CARTESIAN_POINT('',(-175.805182462,-185.230465128,-11.525582648));
#7104=CARTESIAN_POINT('',(-175.409669305,-185.328681027,-11.782913081));
#7105=CARTESIAN_POINT('',(-174.618642991,-185.525112826,-12.297573946));
#7106=CARTESIAN_POINT('',(-173.774886465,-185.78694004,-12.728869716));
#7107=CARTESIAN_POINT('',(-172.893029964,-186.059921998,-13.078276359));
#7108=CARTESIAN_POINT('',(-172.011173463,-186.332903957,-13.427683002));
#7109=CARTESIAN_POINT('',(-171.090241744,-186.61855322,-13.695077436));
#7110=CARTESIAN_POINT('',(-170.119393544,-186.848571154,-13.8818161));
#7111=CARTESIAN_POINT('',(-169.633969445,-186.963580121,-13.975185431));
#7112=CARTESIAN_POINT('',(-169.137110317,-187.063330082,-14.047601248));
#7113=CARTESIAN_POINT('',(-168.632538101,-187.132385717,-14.095947793));
#7114=CARTESIAN_POINT('',(-168.380251992,-187.166913535,-14.120121066));
#7115=CARTESIAN_POINT('',(-168.126034936,-187.193768601,-14.138297364));
#7116=CARTESIAN_POINT('',(-167.870357894,-187.211173586,-14.149993643));
#7117=CARTESIAN_POINT('',(-167.614680852,-187.228578572,-14.161689922));
#7118=CARTESIAN_POINT('',(-167.35755983,-187.236532815,-14.166923395));
#7119=CARTESIAN_POINT('',(-167.100248995,-187.235524549,-14.166254371));
#7120=CARTESIAN_POINT('',(-166.585627326,-187.233508019,-14.164916323));
#7121=CARTESIAN_POINT('',(-166.070255574,-187.195529228,-14.140257147));
#7122=CARTESIAN_POINT('',(-165.564204415,-187.128098415,-14.092942864));
#7123=CARTESIAN_POINT('',(-165.058153256,-187.060667602,-14.045628581));
#7124=CARTESIAN_POINT('',(-164.562918605,-186.963338608,-13.974972707));
#7125=CARTESIAN_POINT('',(-164.07929023,-186.848911215,-13.882092151));
#7126=CARTESIAN_POINT('',(-163.595661854,-186.734483822,-13.789211596));
#7127=CARTESIAN_POINT('',(-163.123170642,-186.603230619,-13.673993476));
#7128=CARTESIAN_POINT('',(-162.661059587,-186.468413628,-13.539477038));
#7129=CARTESIAN_POINT('',(-162.198948531,-186.333596638,-13.404960599));
#7130=CARTESIAN_POINT('',(-161.747226601,-186.194907737,-13.2511857));
#7131=CARTESIAN_POINT('',(-161.306027695,-186.058780889,-13.076815224));
#7132=CARTESIAN_POINT('',(-160.423629882,-185.786527193,-12.728074272));
#7133=CARTESIAN_POINT('',(-159.580760511,-185.525040378,-12.297473248));
#7134=CARTESIAN_POINT('',(-158.790574955,-185.328578186,-11.78264361));
#7135=CARTESIAN_POINT('',(-158.395482178,-185.230347091,-11.525228791));
#7136=CARTESIAN_POINT('',(-158.01351516,-185.148415284,-11.246721197));
#7137=CARTESIAN_POINT('',(-157.64868341,-185.090810931,-10.948610925));
#7138=CARTESIAN_POINT('',(-157.283851661,-185.033206578,-10.650500653));
#7139=CARTESIAN_POINT('',(-156.93653385,-185.,-10.333316321));
#7140=CARTESIAN_POINT('',(-156.612323676,-185.,-10.));
#7141=B_SPLINE_CURVE_WITH_KNOTS('',3,(#7098,#7099,#7100,#7101,#7102,#7103,#7104,#7105,#7106,#7107,#7108,#7109,#7110,#7111,#7112,#7113,#7114,#7115,#7116,#7117,#7118,#7119,#7120,#7121,#7122,#7123,
#7124,#7125,#7126,#7127,#7128,#7129,#7130,#7131,#7132,#7133,#7134,#7135,#7136,#7137,#7138,#7139,#7140),.UNSPECIFIED.,.F.,.F.,(4,3,3,3,3,3,3,3,3,3,3,3,3,3,4),(9.969188608,10.123761895,10.278335181,10.587481755,10.896628328,11.051201615,11.128488258,11.205774901,11.360348188,11.514921475,11.669494761,11.824068048,12.133214621,12.287787908,12.442361195),.UNSPECIFIED.);
#7142=EDGE_CURVE('',#7055,#7097,#7141,.T.);
#7143=ORIENTED_EDGE('',*,*,#7142,.T.);
#7144=CARTESIAN_POINT('',(-156.612319064,-185.,-10.));
#7145=CARTESIAN_POINT('',(-156.397856046,-185.,-9.779525147));
#7146=CARTESIAN_POINT('',(-156.193961416,-185.014584847,-9.551837671));
#7147=CARTESIAN_POINT('',(-156.000299474,-185.046586183,-9.319050986));
#7148=B_SPLINE_CURVE_WITH_KNOTS('',3,(#7144,#7145,#7146,#7147),.UNSPECIFIED.,.F.,.F.,(4,4),(12.442361195,12.544604982),.UNSPECIFIED.);
#7149=EDGE_CURVE('',#7097,#6789,#7148,.T.);
#7150=ORIENTED_EDGE('',*,*,#7149,.T.);
#7151=ORIENTED_EDGE('',*,*,#6799,.T.);
#7152=ORIENTED_EDGE('',*,*,#6751,.F.);
#7153=CARTESIAN_POINT('',(-155.896296297,-184.551781863,-7.043196131));
#7154=VERTEX_POINT('',#7153);
#7155=CARTESIAN_POINT('',(-155.896296296,-184.551781858,-7.043196129));
#7156=CARTESIAN_POINT('',(-155.930253859,-184.604464184,-7.111829902));
#7157=CARTESIAN_POINT('',(-155.956291928,-184.657146511,-7.184378005));
#7158=CARTESIAN_POINT('',(-155.973728842,-184.709828837,-7.258941166));
#7159=B_SPLINE_CURVE_WITH_KNOTS('',3,(#7155,#7156,#7157,#7158),.UNSPECIFIED.,.F.,.F.,(4,4),(0.,1.),.UNSPECIFIED.);
#7160=EDGE_CURVE('',#7154,#6737,#7159,.T.);
#7161=ORIENTED_EDGE('',*,*,#7160,.F.);
#7162=CARTESIAN_POINT('',(-156.000044743,-184.455201175,-7.247998994));
#7163=VERTEX_POINT('',#7162);
#7164=CARTESIAN_POINT('',(-155.999991453,-184.455201145,-7.24802664));
#7165=CARTESIAN_POINT('',(-155.964494735,-184.485731106,-7.179478963));
#7166=CARTESIAN_POINT('',(-155.929963567,-184.517879399,-7.111243175));
#7167=CARTESIAN_POINT('',(-155.896296296,-184.551781858,-7.043196129));
#7168=B_SPLINE_CURVE_WITH_KNOTS('',3,(#7164,#7165,#7166,#7167),.UNSPECIFIED.,.F.,.F.,(4,4),(12.721959271,12.748576478),.UNSPECIFIED.);
#7169=EDGE_CURVE('',#7163,#7154,#7168,.T.);
#7170=ORIENTED_EDGE('',*,*,#7169,.F.);
#7171=CARTESIAN_POINT('',(-156.000034146,-195.5448111,-7.247997411));
#7172=VERTEX_POINT('',#7171);
#7173=CARTESIAN_POINT('',(-155.999991453,-184.455201145,-7.24802664));
#7174=CARTESIAN_POINT('',(-156.313082879,-184.185934598,-7.852637182));
#7175=CARTESIAN_POINT('',(-156.696553417,-184.048497132,-8.467229552));
#7176=CARTESIAN_POINT('',(-157.133446241,-184.01111935,-9.044389052));
#7177=CARTESIAN_POINT('',(-157.570339065,-183.973741569,-9.621548553));
#7178=CARTESIAN_POINT('',(-158.059186636,-184.036548907,-10.161770832));
#7179=CARTESIAN_POINT('',(-158.583235561,-184.161290869,-10.649575044));
#7180=CARTESIAN_POINT('',(-159.107284485,-184.286032831,-11.137379256));
#7181=CARTESIAN_POINT('',(-159.665136842,-184.472580773,-11.572620618));
#7182=CARTESIAN_POINT('',(-160.247511448,-184.690373862,-11.954348409));
#7183=CARTESIAN_POINT('',(-160.829886055,-184.908166951,-12.336076199));
#7184=CARTESIAN_POINT('',(-161.436376971,-185.156166088,-12.664443675));
#7185=CARTESIAN_POINT('',(-162.064815144,-185.405588178,-12.9410189));
#7186=CARTESIAN_POINT('',(-162.693253316,-185.655010267,-13.217594124));
#7187=CARTESIAN_POINT('',(-163.343938752,-185.908934415,-13.442601339));
#7188=CARTESIAN_POINT('',(-164.017968307,-186.129723551,-13.614086042));
#7189=CARTESIAN_POINT('',(-164.354983085,-186.24011812,-13.699828394));
#7190=CARTESIAN_POINT('',(-164.697855289,-186.34108227,-13.772116028));
#7191=CARTESIAN_POINT('',(-165.046789301,-186.425098427,-13.830220023));
#7192=CARTESIAN_POINT('',(-165.395723314,-186.509114585,-13.888324019));
#7193=CARTESIAN_POINT('',(-165.751372876,-186.575612482,-13.932252308));
#7194=CARTESIAN_POINT('',(-166.110371008,-186.620425774,-13.960763799));
#7195=CARTESIAN_POINT('',(-166.46936914,-186.665239066,-13.98927529));
#7196=CARTESIAN_POINT('',(-166.832128381,-186.687329343,-14.002384624));
#7197=CARTESIAN_POINT('',(-167.194576945,-186.684269526,-13.999642203));
#7198=CARTESIAN_POINT('',(-167.557025509,-186.681209709,-13.996899782));
#7199=CARTESIAN_POINT('',(-167.919280304,-186.652653903,-13.978282799));
#7200=CARTESIAN_POINT('',(-168.276521309,-186.599656456,-13.944508733));
#7201=CARTESIAN_POINT('',(-168.991003318,-186.49366156,-13.876960602));
#7202=CARTESIAN_POINT('',(-169.686597167,-186.295700946,-13.749142129));
#7203=CARTESIAN_POINT('',(-170.356857672,-186.070117966,-13.568259117));
#7204=CARTESIAN_POINT('',(-171.027118177,-185.844534986,-13.387376104));
#7205=CARTESIAN_POINT('',(-171.672479676,-185.58966777,-13.153920258));
#7206=CARTESIAN_POINT('',(-172.296931923,-185.339613363,-12.868460696));
#7207=CARTESIAN_POINT('',(-172.921384169,-185.089558956,-12.583001133));
#7208=CARTESIAN_POINT('',(-173.525500517,-184.844671945,-12.244772711));
#7209=CARTESIAN_POINT('',(-174.103646799,-184.6333982,-11.853691685));
#7210=CARTESIAN_POINT('',(-174.681793081,-184.422124456,-11.46261066));
#7211=CARTESIAN_POINT('',(-175.235592377,-184.243340195,-11.017135234));
#7212=CARTESIAN_POINT('',(-175.752853418,-184.129997086,-10.520982637));
#7213=CARTESIAN_POINT('',(-176.270114459,-184.016653976,-10.024830039));
#7214=CARTESIAN_POINT('',(-176.75193101,-183.968108854,-9.475768487));
#7215=CARTESIAN_POINT('',(-177.179501021,-184.022303126,-8.892811318));
#7216=CARTESIAN_POINT('',(-177.393286026,-184.049400262,-8.601332733));
#7217=CARTESIAN_POINT('',(-177.593406264,-184.102365423,-8.301739485));
#7218=CARTESIAN_POINT('',(-177.77741131,-184.185546284,-7.999452878));
#7219=CARTESIAN_POINT('',(-177.961416356,-184.268727146,-7.697166271));
#7220=CARTESIAN_POINT('',(-178.129558909,-184.38254499,-7.391683223));
#7221=CARTESIAN_POINT('',(-178.279978435,-184.52860953,-7.090892791));
#7222=CARTESIAN_POINT('',(-178.43039796,-184.674674071,-6.79010236));
#7223=CARTESIAN_POINT('',(-178.563291765,-184.853188524,-6.49361887));
#7224=CARTESIAN_POINT('',(-178.678395098,-185.06403841,-6.210707692));
#7225=CARTESIAN_POINT('',(-178.793498431,-185.274888296,-5.927796513));
#7226=CARTESIAN_POINT('',(-178.890529312,-185.519072146,-5.659455003));
#7227=CARTESIAN_POINT('',(-178.971936411,-185.791426239,-5.412432218));
#7228=CARTESIAN_POINT('',(-179.134750609,-186.336134427,-4.918386646));
#7229=CARTESIAN_POINT('',(-179.234842257,-186.994376625,-4.512661017));
#7230=CARTESIAN_POINT('',(-179.296947799,-187.714446282,-4.235774915));
#7231=CARTESIAN_POINT('',(-179.359053341,-188.43451594,-3.958888814));
#7232=CARTESIAN_POINT('',(-179.383801456,-189.217510691,-3.814783314));
#7233=CARTESIAN_POINT('',(-179.38379502,-190.000304595,-3.814817467));
#7234=CARTESIAN_POINT('',(-179.383788584,-190.783098499,-3.81485162));
#7235=CARTESIAN_POINT('',(-179.359212839,-191.566220177,-3.958095723));
#7236=CARTESIAN_POINT('',(-179.297120537,-192.286338127,-4.235004679));
#7237=CARTESIAN_POINT('',(-179.235028236,-193.006456078,-4.511913635));
#7238=CARTESIAN_POINT('',(-179.134816054,-193.665210862,-4.91824966));
#7239=CARTESIAN_POINT('',(-178.971791497,-194.209668686,-5.412871918));
#7240=CARTESIAN_POINT('',(-178.890279219,-194.481897597,-5.660183046));
#7241=CARTESIAN_POINT('',(-178.793048331,-194.724921184,-5.928971956));
#7242=CARTESIAN_POINT('',(-178.67799219,-194.935842571,-6.211697873));
#7243=CARTESIAN_POINT('',(-178.562936049,-195.146763957,-6.494423789));
#7244=CARTESIAN_POINT('',(-178.430008295,-195.323710028,-6.790949525));
#7245=CARTESIAN_POINT('',(-178.279472503,-195.469018404,-7.091904376));
#7246=CARTESIAN_POINT('',(-177.978400919,-195.759635156,-7.693814078));
#7247=CARTESIAN_POINT('',(-177.60653442,-195.923239813,-8.310650441));
#7248=CARTESIAN_POINT('',(-177.17910957,-195.977806385,-8.893345));
#7249=CARTESIAN_POINT('',(-176.751684719,-196.032372956,-9.476039559));
#7250=CARTESIAN_POINT('',(-176.269747523,-195.983352008,-10.025252085));
#7251=CARTESIAN_POINT('',(-175.752216719,-195.868672445,-10.52159331));
#7252=CARTESIAN_POINT('',(-175.234685915,-195.753992881,-11.017934535));
#7253=CARTESIAN_POINT('',(-174.681789135,-195.575826885,-11.462583455));
#7254=CARTESIAN_POINT('',(-174.104013958,-195.365526002,-11.853443315));
#7255=CARTESIAN_POINT('',(-173.52623878,-195.155225118,-12.244303176));
#7256=CARTESIAN_POINT('',(-172.92243153,-194.911450122,-12.582475617));
#7257=CARTESIAN_POINT('',(-172.297634809,-194.66148107,-12.868139355));
#7258=CARTESIAN_POINT('',(-171.672838088,-194.411512018,-13.153803093));
#7259=CARTESIAN_POINT('',(-171.027888786,-194.156426009,-13.387103014));
#7260=CARTESIAN_POINT('',(-170.357950268,-193.931277947,-13.567964205));
#7261=CARTESIAN_POINT('',(-169.688011751,-193.706129886,-13.748825395));
#7262=CARTESIAN_POINT('',(-168.991540524,-193.509531018,-13.876907439));
#7263=CARTESIAN_POINT('',(-168.276562281,-193.403794034,-13.94450486));
#7264=CARTESIAN_POINT('',(-167.919073159,-193.350925541,-13.97830357));
#7265=CARTESIAN_POINT('',(-167.557463145,-193.320711814,-13.996887609));
#7266=CARTESIAN_POINT('',(-167.194882294,-193.316798037,-13.999639889));
#7267=CARTESIAN_POINT('',(-166.832301443,-193.31288426,-14.002392168));
#7268=CARTESIAN_POINT('',(-166.4697215,-193.334767483,-13.989307233));
#7269=CARTESIAN_POINT('',(-166.110234635,-193.378980447,-13.960752968));
#7270=CARTESIAN_POINT('',(-165.75074777,-193.42319341,-13.932198702));
#7271=CARTESIAN_POINT('',(-165.394849974,-193.489759092,-13.888200095));
#7272=CARTESIAN_POINT('',(-165.046048894,-193.574081335,-13.830096709));
#7273=CARTESIAN_POINT('',(-164.697247814,-193.658403579,-13.771993323));
#7274=CARTESIAN_POINT('',(-164.354779943,-193.759883968,-13.69978329));
#7275=CARTESIAN_POINT('',(-164.017746139,-193.869988964,-13.614029517));
#7276=CARTESIAN_POINT('',(-163.343678531,-194.090198955,-13.44252197));
#7277=CARTESIAN_POINT('',(-162.693323677,-194.346671801,-13.217628962));
#7278=CARTESIAN_POINT('',(-162.0647561,-194.596759214,-12.940992914));
#7279=CARTESIAN_POINT('',(-161.436188523,-194.846846628,-12.664356867));
#7280=CARTESIAN_POINT('',(-160.830052275,-195.094400023,-12.336174021));
#7281=CARTESIAN_POINT('',(-160.247651187,-195.310719499,-11.954440002));
#7282=CARTESIAN_POINT('',(-159.665250099,-195.527038976,-11.572705982));
#7283=CARTESIAN_POINT('',(-159.108234383,-195.712086308,-11.138184495));
#7284=CARTESIAN_POINT('',(-158.583973455,-195.837242619,-10.650261848));
#7285=CARTESIAN_POINT('',(-158.059712527,-195.962398931,-10.162339201));
#7286=CARTESIAN_POINT('',(-157.570574825,-196.026190441,-9.621839674));
#7287=CARTESIAN_POINT('',(-157.13357408,-195.989012059,-9.044557932));
#7288=CARTESIAN_POINT('',(-156.696573336,-195.951833677,-8.467276189));
#7289=CARTESIAN_POINT('',(-156.313045433,-195.8141299,-7.852565615));
#7290=CARTESIAN_POINT('',(-155.99998856,-195.544811123,-7.248021053));
#7291=B_SPLINE_CURVE_WITH_KNOTS('',3,(#7173,#7174,#7175,#7176,#7177,#7178,#7179,#7180,#7181,#7182,#7183,#7184,#7185,#7186,#7187,#7188,#7189,#7190,#7191,#7192,#7193,#7194,#7195,#7196,#7197,#7198,
#7199,#7200,#7201,#7202,#7203,#7204,#7205,#7206,#7207,#7208,#7209,#7210,#7211,#7212,#7213,#7214,#7215,#7216,#7217,#7218,#7219,#7220,#7221,#7222,#7223,
#7224,#7225,#7226,#7227,#7228,#7229,#7230,#7231,#7232,#7233,#7234,#7235,#7236,#7237,#7238,#7239,#7240,#7241,#7242,#7243,#7244,#7245,#7246,#7247,#7248,
#7249,#7250,#7251,#7252,#7253,#7254,#7255,#7256,#7257,#7258,#7259,#7260,#7261,#7262,#7263,#7264,#7265,#7266,#7267,#7268,#7269,#7270,#7271,#7272,#7273,
#7274,#7275,#7276,#7277,#7278,#7279,#7280,#7281,#7282,#7283,#7284,#7285,#7286,#7287,#7288,#7289,#7290),.UNSPECIFIED.,.F.,.F.,(4,3,3,3,3,3,3,3,3,3,3,3,3,3,3,3,3,3,3,3,3,3,3,3,3,3,
3,3,3,3,3,3,3,3,3,3,3,3,3,4),(-12.721959271,-12.48712216,-12.252285049,-12.017447937,-11.782610826,-11.547773715,-11.430355159,-11.312936604,-11.195518048,-11.078099492,-10.843262381,-10.60842527,-10.373588159,-10.138751048,-9.903913936,-9.786495381,-9.669076825,-9.55165827,-9.434239714,-9.199402603,-8.964565492,-8.72972838,-8.494891269,-8.377472713,-8.260054158,-8.025217047,
-7.790379935,-7.555542824,-7.320705713,-7.085868602,-6.851031491,-6.733612935,-6.616194379,-6.498775824,-6.381357268,-6.146520157,-5.911683046,-5.676845934,-5.442008823,-5.207171712),.UNSPECIFIED.);
#7292=EDGE_CURVE('',#7163,#7172,#7291,.T.);
#7293=ORIENTED_EDGE('',*,*,#7292,.T.);
#7294=CARTESIAN_POINT('',(-155.896296296,-195.448218142,-7.043196129));
#7295=VERTEX_POINT('',#7294);
#7296=CARTESIAN_POINT('',(-155.896296296,-195.448218142,-7.043196129));
#7297=CARTESIAN_POINT('',(-155.929963965,-195.482121002,-7.11124398));
#7298=CARTESIAN_POINT('',(-155.964493138,-195.514272938,-7.179475796));
#7299=CARTESIAN_POINT('',(-155.99998856,-195.544811123,-7.248021053));
#7300=B_SPLINE_CURVE_WITH_KNOTS('',3,(#7296,#7297,#7298,#7299),.UNSPECIFIED.,.F.,.F.,(4,4),(5.180553439,5.207171712),.UNSPECIFIED.);
#7301=EDGE_CURVE('',#7295,#7172,#7300,.T.);
#7302=ORIENTED_EDGE('',*,*,#7301,.F.);
#7303=CARTESIAN_POINT('',(-155.973728843,-195.290170772,-7.258941167));
#7304=CARTESIAN_POINT('',(-155.956291929,-195.342853229,-7.184378006));
#7305=CARTESIAN_POINT('',(-155.930253859,-195.395535685,-7.111829903));
#7306=CARTESIAN_POINT('',(-155.896296296,-195.448218142,-7.043196129));
#7307=B_SPLINE_CURVE_WITH_KNOTS('',3,(#7303,#7304,#7305,#7306),.UNSPECIFIED.,.F.,.F.,(4,4),(0.,1.),.UNSPECIFIED.);
#7308=EDGE_CURVE('',#6735,#7295,#7307,.T.);
#7309=ORIENTED_EDGE('',*,*,#7308,.F.);
#7310=ORIENTED_EDGE('',*,*,#6774,.F.);
#7311=EDGE_LOOP('',(#7002,#7011,#7053,#7095,#7143,#7150,#7151,#7152,#7161,#7170,#7293,#7302,#7309,#7310));
#7312=FACE_BOUND('',#7311,.T.);
#7313=ADVANCED_FACE('',(#7312),#7001,.F.);
#7314=CARTESIAN_POINT('',(-160.,-190.,-10.));
#7315=DIRECTION('',(-1.,0.,0.));
#7316=DIRECTION('',(0.,1.,0.));
#7317=AXIS2_PLACEMENT_3D('',#7314,#7315,#7316);
#7318=CYLINDRICAL_SURFACE('',#7317,5.);
#7319=CARTESIAN_POINT('',(-156.612323676,-185.,-10.));
#7320=DIRECTION('',(1.,-0.,-0.));
#7321=VECTOR('',#7320,0.612323676);
#7322=LINE('',#7319,#7321);
#7323=EDGE_CURVE('',#7097,#6802,#7322,.T.);
#7324=ORIENTED_EDGE('',*,*,#7323,.F.);
#7325=ORIENTED_EDGE('',*,*,#7142,.F.);
#7326=CARTESIAN_POINT('',(-187.499999999,-185.,-10.));
#7327=VERTEX_POINT('',#7326);
#7328=CARTESIAN_POINT('',(-187.499999999,-185.,-10.));
#7329=DIRECTION('',(1.,-0.,-0.));
#7330=VECTOR('',#7329,9.912322057);
#7331=LINE('',#7328,#7330);
#7332=EDGE_CURVE('',#7327,#7055,#7331,.T.);
#7333=ORIENTED_EDGE('',*,*,#7332,.F.);
#7334=CARTESIAN_POINT('',(-187.499999999,-190.,-5.));
#7335=VERTEX_POINT('',#7334);
#7336=CARTESIAN_POINT('',(-187.499999999,-190.,-10.));
#7337=DIRECTION('',(1.,-0.,-0.));
#7338=DIRECTION('',(0.,0.,1.));
#7339=AXIS2_PLACEMENT_3D('',#7336,#7337,#7338);
#7340=CIRCLE('',#7339,5.);
#7341=EDGE_CURVE('',#7335,#7327,#7340,.T.);
#7342=ORIENTED_EDGE('',*,*,#7341,.F.);
#7343=CARTESIAN_POINT('',(-187.499999999,-190.,-10.));
#7344=DIRECTION('',(1.,-0.,-0.));
#7345=DIRECTION('',(0.,0.,1.));
#7346=AXIS2_PLACEMENT_3D('',#7343,#7344,#7345);
#7347=CIRCLE('',#7346,5.);
#7348=EDGE_CURVE('',#7327,#7335,#7347,.T.);
#7349=ORIENTED_EDGE('',*,*,#7348,.F.);
#7350=ORIENTED_EDGE('',*,*,#7332,.T.);
#7351=ORIENTED_EDGE('',*,*,#7094,.F.);
#7352=ORIENTED_EDGE('',*,*,#7052,.F.);
#7353=ORIENTED_EDGE('',*,*,#7010,.F.);
#7354=ORIENTED_EDGE('',*,*,#6817,.F.);
#7355=EDGE_LOOP('',(#7324,#7325,#7333,#7342,#7349,#7350,#7351,#7352,#7353,#7354));
#7356=FACE_BOUND('',#7355,.T.);
#7357=ADVANCED_FACE('',(#7356),#7318,.F.);
#7358=CARTESIAN_POINT('',(-187.8,-190.,-10.));
#7359=DIRECTION('',(-1.,0.,0.));
#7360=DIRECTION('',(0.,1.,0.));
#7361=AXIS2_PLACEMENT_3D('',#7358,#7359,#7360);
#7362=CONICAL_SURFACE('',#7361,5.3,44.999999949);
#7363=CARTESIAN_POINT('',(-188.1,-184.400000001,-10.));
#7364=VERTEX_POINT('',#7363);
#7365=CARTESIAN_POINT('',(-188.1,-184.400000001,-10.));
#7366=DIRECTION('',(0.707106782,-0.707106781,-0.));
#7367=VECTOR('',#7366,0.848528137);
#7368=LINE('',#7365,#7367);
#7369=EDGE_CURVE('',#7364,#7327,#7368,.T.);
#7370=ORIENTED_EDGE('',*,*,#7369,.F.);
#7371=CARTESIAN_POINT('',(-188.1,-190.,-4.400000001));
#7372=VERTEX_POINT('',#7371);
#7373=CARTESIAN_POINT('',(-188.1,-190.,-10.));
#7374=DIRECTION('',(-1.,0.,0.));
#7375=DIRECTION('',(0.,0.,1.));
#7376=AXIS2_PLACEMENT_3D('',#7373,#7374,#7375);
#7377=CIRCLE('',#7376,5.599999999);
#7378=EDGE_CURVE('',#7364,#7372,#7377,.T.);
#7379=ORIENTED_EDGE('',*,*,#7378,.T.);
#7380=CARTESIAN_POINT('',(-188.1,-190.,-10.));
#7381=DIRECTION('',(-1.,0.,0.));
#7382=DIRECTION('',(0.,0.,1.));
#7383=AXIS2_PLACEMENT_3D('',#7380,#7381,#7382);
#7384=CIRCLE('',#7383,5.599999999);
#7385=EDGE_CURVE('',#7372,#7364,#7384,.T.);
#7386=ORIENTED_EDGE('',*,*,#7385,.T.);
#7387=ORIENTED_EDGE('',*,*,#7369,.T.);
#7388=ORIENTED_EDGE('',*,*,#7348,.T.);
#7389=ORIENTED_EDGE('',*,*,#7341,.T.);
#7390=EDGE_LOOP('',(#7370,#7379,#7386,#7387,#7388,#7389));
#7391=FACE_BOUND('',#7390,.T.);
#7392=ADVANCED_FACE('',(#7391),#7362,.F.);
#7393=CARTESIAN_POINT('',(-175.514339828,-236.464339828,39.207106781));
#7394=DIRECTION('',(-0.5,-0.5,0.707106781));
#7395=DIRECTION('',(0.816496581,-0.,0.577350269));
#7396=AXIS2_PLACEMENT_3D('',#7393,#7394,#7395);
#7397=PLANE('',#7396);
#7398=CARTESIAN_POINT('',(-188.1,-227.828427125,36.414213562));
#7399=VERTEX_POINT('',#7398);
#7400=CARTESIAN_POINT('',(-188.1,-227.,37.));
#7401=VERTEX_POINT('',#7400);
#7402=CARTESIAN_POINT('',(-188.1,-227.828427125,36.414213562));
#7403=DIRECTION('',(0.,0.816496581,0.577350269));
#7404=VECTOR('',#7403,1.014611872);
#7405=LINE('',#7402,#7404);
#7406=EDGE_CURVE('',#7399,#7401,#7405,.T.);
#7407=ORIENTED_EDGE('',*,*,#7406,.F.);
#7408=CARTESIAN_POINT('',(-180.928427125,-235.,36.414213562));
#7409=VERTEX_POINT('',#7408);
#7410=CARTESIAN_POINT('',(-188.1,-227.828427125,36.414213561));
#7411=DIRECTION('',(0.707106781,-0.707106781,-0.));
#7412=VECTOR('',#7411,10.142135624);
#7413=LINE('',#7410,#7412);
#7414=EDGE_CURVE('',#7399,#7409,#7413,.T.);
#7415=ORIENTED_EDGE('',*,*,#7414,.T.);
#7416=CARTESIAN_POINT('',(-180.1,-235.,37.));
#7417=VERTEX_POINT('',#7416);
#7418=CARTESIAN_POINT('',(-180.1,-235.,37.));
#7419=DIRECTION('',(-0.816496581,0.,-0.577350269));
#7420=VECTOR('',#7419,1.014611872);
#7421=LINE('',#7418,#7420);
#7422=EDGE_CURVE('',#7417,#7409,#7421,.T.);
#7423=ORIENTED_EDGE('',*,*,#7422,.F.);
#7424=CARTESIAN_POINT('',(-178.857359313,-232.,40.));
#7425=VERTEX_POINT('',#7424);
#7426=CARTESIAN_POINT('',(-178.857359313,-232.,40.));
#7427=DIRECTION('',(-0.281084638,-0.678598345,-0.678598345));
#7428=VECTOR('',#7427,4.420877275);
#7429=LINE('',#7426,#7428);
#7430=EDGE_CURVE('',#7425,#7417,#7429,.T.);
#7431=ORIENTED_EDGE('',*,*,#7430,.F.);
#7432=CARTESIAN_POINT('',(-185.1,-225.757359313,40.));
#7433=VERTEX_POINT('',#7432);
#7434=CARTESIAN_POINT('',(-178.857359313,-232.,40.));
#7435=DIRECTION('',(-0.707106781,0.707106781,0.));
#7436=VECTOR('',#7435,8.828427125);
#7437=LINE('',#7434,#7436);
#7438=EDGE_CURVE('',#7425,#7433,#7437,.T.);
#7439=ORIENTED_EDGE('',*,*,#7438,.T.);
#7440=CARTESIAN_POINT('',(-188.1,-227.,37.));
#7441=DIRECTION('',(0.678598345,0.281084638,0.678598345));
#7442=VECTOR('',#7441,4.420877275);
#7443=LINE('',#7440,#7442);
#7444=EDGE_CURVE('',#7401,#7433,#7443,.T.);
#7445=ORIENTED_EDGE('',*,*,#7444,.F.);
#7446=EDGE_LOOP('',(#7407,#7415,#7423,#7431,#7439,#7445));
#7447=FACE_BOUND('',#7446,.T.);
#7448=ADVANCED_FACE('',(#7447),#7397,.T.);
#7449=CARTESIAN_POINT('',(-143.,-206.5,-40.));
#7450=DIRECTION('',(0.,-1.,0.));
#7451=DIRECTION('',(0.,0.,1.));
#7452=AXIS2_PLACEMENT_3D('',#7449,#7450,#7451);
#7453=PLANE('',#7452);
#7454=CARTESIAN_POINT('',(-171.181876571,-206.5,31.408669697));
#7455=VERTEX_POINT('',#7454);
#7456=CARTESIAN_POINT('',(-171.181876571,-206.5,25.968320583));
#7457=VERTEX_POINT('',#7456);
#7458=CARTESIAN_POINT('',(-171.181876571,-206.5,31.408669697));
#7459=DIRECTION('',(-0.,-0.,-1.));
#7460=VECTOR('',#7459,5.440349114);
#7461=LINE('',#7458,#7460);
#7462=EDGE_CURVE('',#7455,#7457,#7461,.T.);
#7463=ORIENTED_EDGE('',*,*,#7462,.F.);
#7464=CARTESIAN_POINT('',(-168.181876571,-206.5,31.516065847));
#7465=VERTEX_POINT('',#7464);
#7466=CARTESIAN_POINT('',(-169.739420213,-206.5,33.069789698));
#7467=DIRECTION('',(-0.,-1.,-0.));
#7468=DIRECTION('',(0.,-0.,1.));
#7469=AXIS2_PLACEMENT_3D('',#7466,#7467,#7468);
#7470=CIRCLE('',#7469,2.2);
#7471=EDGE_CURVE('',#7455,#7465,#7470,.T.);
#7472=ORIENTED_EDGE('',*,*,#7471,.T.);
#7473=CARTESIAN_POINT('',(-168.181876571,-206.5,25.968320583));
#7474=VERTEX_POINT('',#7473);
#7475=CARTESIAN_POINT('',(-168.181876571,-206.5,25.968320583));
#7476=DIRECTION('',(-0.,-0.,1.));
#7477=VECTOR('',#7476,5.547745264);
#7478=LINE('',#7475,#7477);
#7479=EDGE_CURVE('',#7474,#7465,#7478,.T.);
#7480=ORIENTED_EDGE('',*,*,#7479,.F.);
#7481=CARTESIAN_POINT('',(-171.181876571,-206.5,25.968320583));
#7482=DIRECTION('',(1.,-0.,-0.));
#7483=VECTOR('',#7482,3.);
#7484=LINE('',#7481,#7483);
#7485=EDGE_CURVE('',#7457,#7474,#7484,.T.);
#7486=ORIENTED_EDGE('',*,*,#7485,.F.);
#7487=EDGE_LOOP('',(#7463,#7472,#7480,#7486));
#7488=FACE_BOUND('',#7487,.T.);
#7489=ADVANCED_FACE('',(#7488),#7453,.F.);
#7490=CARTESIAN_POINT('',(-169.739420213,202.500011032,33.069789698));
#7491=DIRECTION('',(-0.,1.,0.));
#7492=DIRECTION('',(1.,0.,0.));
#7493=AXIS2_PLACEMENT_3D('',#7490,#7491,#7492);
#7494=CYLINDRICAL_SURFACE('',#7493,2.2);
#7495=CARTESIAN_POINT('',(-167.539420213,-186.5,33.069789698));
#7496=VERTEX_POINT('',#7495);
#7497=CARTESIAN_POINT('',(-167.539420213,-235.,33.069789698));
#7498=VERTEX_POINT('',#7497);
#7499=CARTESIAN_POINT('',(-167.539420213,-186.5,33.069789698));
#7500=DIRECTION('',(-0.,-1.,-0.));
#7501=VECTOR('',#7500,48.5);
#7502=LINE('',#7499,#7501);
#7503=EDGE_CURVE('',#7496,#7498,#7502,.T.);
#7504=ORIENTED_EDGE('',*,*,#7503,.F.);
#7505=CARTESIAN_POINT('',(-168.181876571,-186.5,31.516065847));
#7506=VERTEX_POINT('',#7505);
#7507=CARTESIAN_POINT('',(-169.739420213,-186.5,33.069789698));
#7508=DIRECTION('',(0.,1.,0.));
#7509=DIRECTION('',(0.,-0.,1.));
#7510=AXIS2_PLACEMENT_3D('',#7507,#7508,#7509);
#7511=CIRCLE('',#7510,2.2);
#7512=EDGE_CURVE('',#7496,#7506,#7511,.T.);
#7513=ORIENTED_EDGE('',*,*,#7512,.T.);
#7514=CARTESIAN_POINT('',(-168.181876571,-186.5,31.516065847));
#7515=DIRECTION('',(-0.,-1.,-0.));
#7516=VECTOR('',#7515,20.);
#7517=LINE('',#7514,#7516);
#7518=EDGE_CURVE('',#7506,#7465,#7517,.T.);
#7519=ORIENTED_EDGE('',*,*,#7518,.T.);
#7520=ORIENTED_EDGE('',*,*,#7471,.F.);
#7521=CARTESIAN_POINT('',(-171.181876571,-186.5,31.408669697));
#7522=VERTEX_POINT('',#7521);
#7523=CARTESIAN_POINT('',(-171.181876571,-186.5,31.408669697));
#7524=DIRECTION('',(-0.,-1.,-0.));
#7525=VECTOR('',#7524,20.);
#7526=LINE('',#7523,#7525);
#7527=EDGE_CURVE('',#7522,#7455,#7526,.T.);
#7528=ORIENTED_EDGE('',*,*,#7527,.F.);
#7529=CARTESIAN_POINT('',(-171.181876571,-186.5,34.730909698));
#7530=VERTEX_POINT('',#7529);
#7531=CARTESIAN_POINT('',(-169.739420213,-186.5,33.069789698));
#7532=DIRECTION('',(0.,1.,0.));
#7533=DIRECTION('',(0.,-0.,1.));
#7534=AXIS2_PLACEMENT_3D('',#7531,#7532,#7533);
#7535=CIRCLE('',#7534,2.2);
#7536=EDGE_CURVE('',#7522,#7530,#7535,.T.);
#7537=ORIENTED_EDGE('',*,*,#7536,.T.);
#7538=CARTESIAN_POINT('',(-171.181876571,-206.5,34.730909698));
#7539=VERTEX_POINT('',#7538);
#7540=CARTESIAN_POINT('',(-171.181876571,-186.5,34.730909698));
#7541=DIRECTION('',(-0.,-1.,-0.));
#7542=VECTOR('',#7541,20.);
#7543=LINE('',#7540,#7542);
#7544=EDGE_CURVE('',#7530,#7539,#7543,.T.);
#7545=ORIENTED_EDGE('',*,*,#7544,.T.);
#7546=CARTESIAN_POINT('',(-168.181876571,-206.5,34.623513548));
#7547=VERTEX_POINT('',#7546);
#7548=CARTESIAN_POINT('',(-169.739420213,-206.5,33.069789698));
#7549=DIRECTION('',(-0.,-1.,-0.));
#7550=DIRECTION('',(0.,-0.,1.));
#7551=AXIS2_PLACEMENT_3D('',#7548,#7549,#7550);
#7552=CIRCLE('',#7551,2.2);
#7553=EDGE_CURVE('',#7547,#7539,#7552,.T.);
#7554=ORIENTED_EDGE('',*,*,#7553,.F.);
#7555=CARTESIAN_POINT('',(-168.181876571,-186.5,34.623513548));
#7556=VERTEX_POINT('',#7555);
#7557=CARTESIAN_POINT('',(-168.181876571,-186.5,34.623513548));
#7558=DIRECTION('',(-0.,-1.,-0.));
#7559=VECTOR('',#7558,20.);
#7560=LINE('',#7557,#7559);
#7561=EDGE_CURVE('',#7556,#7547,#7560,.T.);
#7562=ORIENTED_EDGE('',*,*,#7561,.F.);
#7563=CARTESIAN_POINT('',(-169.739420213,-186.5,33.069789698));
#7564=DIRECTION('',(0.,1.,0.));
#7565=DIRECTION('',(0.,-0.,1.));
#7566=AXIS2_PLACEMENT_3D('',#7563,#7564,#7565);
#7567=CIRCLE('',#7566,2.2);
#7568=EDGE_CURVE('',#7556,#7496,#7567,.T.);
#7569=ORIENTED_EDGE('',*,*,#7568,.T.);
#7570=ORIENTED_EDGE('',*,*,#7503,.T.);
#7571=CARTESIAN_POINT('',(-169.739420213,-235.,35.269789698));
#7572=VERTEX_POINT('',#7571);
#7573=CARTESIAN_POINT('',(-169.739420213,-235.,33.069789698));
#7574=DIRECTION('',(-0.,-1.,-0.));
#7575=DIRECTION('',(0.,-0.,1.));
#7576=AXIS2_PLACEMENT_3D('',#7573,#7574,#7575);
#7577=CIRCLE('',#7576,2.2);
#7578=EDGE_CURVE('',#7498,#7572,#7577,.T.);
#7579=ORIENTED_EDGE('',*,*,#7578,.T.);
#7580=CARTESIAN_POINT('',(-169.739420213,-235.,33.069789698));
#7581=DIRECTION('',(-0.,-1.,-0.));
#7582=DIRECTION('',(0.,-0.,1.));
#7583=AXIS2_PLACEMENT_3D('',#7580,#7581,#7582);
#7584=CIRCLE('',#7583,2.2);
#7585=EDGE_CURVE('',#7572,#7498,#7584,.T.);
#7586=ORIENTED_EDGE('',*,*,#7585,.T.);
#7587=EDGE_LOOP('',(#7504,#7513,#7519,#7520,#7528,#7537,#7545,#7554,#7562,#7569,#7570,#7579,#7586));
#7588=FACE_BOUND('',#7587,.T.);
#7589=ADVANCED_FACE('',(#7588),#7494,.F.);
#7590=CARTESIAN_POINT('',(-168.181876571,172.500007555,25.968320583));
#7591=DIRECTION('',(0.,0.,-1.));
#7592=DIRECTION('',(-1.,0.,0.));
#7593=AXIS2_PLACEMENT_3D('',#7590,#7591,#7592);
#7594=PLANE('',#7593);
#7595=CARTESIAN_POINT('',(-168.181876571,-186.5,25.968320583));
#7596=VERTEX_POINT('',#7595);
#7597=CARTESIAN_POINT('',(-168.181876571,-206.5,25.968320583));
#7598=DIRECTION('',(0.,1.,0.));
#7599=VECTOR('',#7598,20.);
#7600=LINE('',#7597,#7599);
#7601=EDGE_CURVE('',#7474,#7596,#7600,.T.);
#7602=ORIENTED_EDGE('',*,*,#7601,.T.);
#7603=CARTESIAN_POINT('',(-171.181876571,-186.5,25.968320583));
#7604=VERTEX_POINT('',#7603);
#7605=CARTESIAN_POINT('',(-168.181876571,-186.5,25.968320583));
#7606=DIRECTION('',(-1.,0.,0.));
#7607=VECTOR('',#7606,3.);
#7608=LINE('',#7605,#7607);
#7609=EDGE_CURVE('',#7596,#7604,#7608,.T.);
#7610=ORIENTED_EDGE('',*,*,#7609,.T.);
#7611=CARTESIAN_POINT('',(-171.181876571,-206.5,25.968320583));
#7612=DIRECTION('',(0.,1.,0.));
#7613=VECTOR('',#7612,20.);
#7614=LINE('',#7611,#7613);
#7615=EDGE_CURVE('',#7457,#7604,#7614,.T.);
#7616=ORIENTED_EDGE('',*,*,#7615,.F.);
#7617=ORIENTED_EDGE('',*,*,#7485,.T.);
#7618=EDGE_LOOP('',(#7602,#7610,#7616,#7617));
#7619=FACE_BOUND('',#7618,.T.);
#7620=ADVANCED_FACE('',(#7619),#7594,.F.);
#7621=CARTESIAN_POINT('',(-168.181876571,172.500007555,37.968320583));
#7622=DIRECTION('',(1.,0.,0.));
#7623=DIRECTION('',(0.,0.,-1.));
#7624=AXIS2_PLACEMENT_3D('',#7621,#7622,#7623);
#7625=PLANE('',#7624);
#7626=ORIENTED_EDGE('',*,*,#7518,.F.);
#7627=CARTESIAN_POINT('',(-168.181876571,-186.5,31.516065847));
#7628=DIRECTION('',(0.,0.,-1.));
#7629=VECTOR('',#7628,5.547745264);
#7630=LINE('',#7627,#7629);
#7631=EDGE_CURVE('',#7506,#7596,#7630,.T.);
#7632=ORIENTED_EDGE('',*,*,#7631,.T.);
#7633=ORIENTED_EDGE('',*,*,#7601,.F.);
#7634=ORIENTED_EDGE('',*,*,#7479,.T.);
#7635=EDGE_LOOP('',(#7626,#7632,#7633,#7634));
#7636=FACE_BOUND('',#7635,.T.);
#7637=ADVANCED_FACE('',(#7636),#7625,.F.);
#7638=CARTESIAN_POINT('',(-171.181876571,172.500007555,25.968320583));
#7639=DIRECTION('',(-1.,0.,0.));
#7640=DIRECTION('',(0.,0.,1.));
#7641=AXIS2_PLACEMENT_3D('',#7638,#7639,#7640);
#7642=PLANE('',#7641);
#7643=ORIENTED_EDGE('',*,*,#7615,.T.);
#7644=CARTESIAN_POINT('',(-171.181876571,-186.5,25.968320583));
#7645=DIRECTION('',(0.,0.,1.));
#7646=VECTOR('',#7645,5.440349114);
#7647=LINE('',#7644,#7646);
#7648=EDGE_CURVE('',#7604,#7522,#7647,.T.);
#7649=ORIENTED_EDGE('',*,*,#7648,.T.);
#7650=ORIENTED_EDGE('',*,*,#7527,.T.);
#7651=ORIENTED_EDGE('',*,*,#7462,.T.);
#7652=EDGE_LOOP('',(#7643,#7649,#7650,#7651));
#7653=FACE_BOUND('',#7652,.T.);
#7654=ADVANCED_FACE('',(#7653),#7642,.F.);
#7655=CARTESIAN_POINT('',(-143.,-206.5,-40.));
#7656=DIRECTION('',(0.,-1.,0.));
#7657=DIRECTION('',(0.,0.,1.));
#7658=AXIS2_PLACEMENT_3D('',#7655,#7656,#7657);
#7659=PLANE('',#7658);
#7660=CARTESIAN_POINT('',(-168.181876571,-206.5,37.968320583));
#7661=VERTEX_POINT('',#7660);
#7662=CARTESIAN_POINT('',(-168.181876571,-206.5,34.623513548));
#7663=DIRECTION('',(-0.,-0.,1.));
#7664=VECTOR('',#7663,3.344807035);
#7665=LINE('',#7662,#7664);
#7666=EDGE_CURVE('',#7547,#7661,#7665,.T.);
#7667=ORIENTED_EDGE('',*,*,#7666,.F.);
#7668=ORIENTED_EDGE('',*,*,#7553,.T.);
#7669=CARTESIAN_POINT('',(-171.181876571,-206.5,37.968320583));
#7670=VERTEX_POINT('',#7669);
#7671=CARTESIAN_POINT('',(-171.181876571,-206.5,37.968320583));
#7672=DIRECTION('',(-0.,-0.,-1.));
#7673=VECTOR('',#7672,3.237410885);
#7674=LINE('',#7671,#7673);
#7675=EDGE_CURVE('',#7670,#7539,#7674,.T.);
#7676=ORIENTED_EDGE('',*,*,#7675,.F.);
#7677=CARTESIAN_POINT('',(-168.181876571,-206.5,37.968320583));
#7678=DIRECTION('',(-1.,-0.,0.));
#7679=VECTOR('',#7678,3.);
#7680=LINE('',#7677,#7679);
#7681=EDGE_CURVE('',#7661,#7670,#7680,.T.);
#7682=ORIENTED_EDGE('',*,*,#7681,.F.);
#7683=EDGE_LOOP('',(#7667,#7668,#7676,#7682));
#7684=FACE_BOUND('',#7683,.T.);
#7685=ADVANCED_FACE('',(#7684),#7659,.F.);
#7686=CARTESIAN_POINT('',(-171.181876571,172.500007555,37.968320583));
#7687=DIRECTION('',(0.,0.,1.));
#7688=DIRECTION('',(1.,0.,0.));
#7689=AXIS2_PLACEMENT_3D('',#7686,#7687,#7688);
#7690=PLANE('',#7689);
#7691=CARTESIAN_POINT('',(-171.181876571,-186.5,37.968320583));
#7692=VERTEX_POINT('',#7691);
#7693=CARTESIAN_POINT('',(-171.181876571,-206.5,37.968320583));
#7694=DIRECTION('',(0.,1.,0.));
#7695=VECTOR('',#7694,20.);
#7696=LINE('',#7693,#7695);
#7697=EDGE_CURVE('',#7670,#7692,#7696,.T.);
#7698=ORIENTED_EDGE('',*,*,#7697,.T.);
#7699=CARTESIAN_POINT('',(-168.181876571,-186.5,37.968320583));
#7700=VERTEX_POINT('',#7699);
#7701=CARTESIAN_POINT('',(-171.181876571,-186.5,37.968320583));
#7702=DIRECTION('',(1.,0.,-0.));
#7703=VECTOR('',#7702,3.);
#7704=LINE('',#7701,#7703);
#7705=EDGE_CURVE('',#7692,#7700,#7704,.T.);
#7706=ORIENTED_EDGE('',*,*,#7705,.T.);
#7707=CARTESIAN_POINT('',(-168.181876571,-206.5,37.968320583));
#7708=DIRECTION('',(0.,1.,0.));
#7709=VECTOR('',#7708,20.);
#7710=LINE('',#7707,#7709);
#7711=EDGE_CURVE('',#7661,#7700,#7710,.T.);
#7712=ORIENTED_EDGE('',*,*,#7711,.F.);
#7713=ORIENTED_EDGE('',*,*,#7681,.T.);
#7714=EDGE_LOOP('',(#7698,#7706,#7712,#7713));
#7715=FACE_BOUND('',#7714,.T.);
#7716=ADVANCED_FACE('',(#7715),#7690,.F.);
#7717=CARTESIAN_POINT('',(-171.181876571,172.500007555,25.968320583));
#7718=DIRECTION('',(-1.,0.,0.));
#7719=DIRECTION('',(0.,0.,1.));
#7720=AXIS2_PLACEMENT_3D('',#7717,#7718,#7719);
#7721=PLANE('',#7720);
#7722=ORIENTED_EDGE('',*,*,#7544,.F.);
#7723=CARTESIAN_POINT('',(-171.181876571,-186.5,34.730909698));
#7724=DIRECTION('',(0.,0.,1.));
#7725=VECTOR('',#7724,3.237410885);
#7726=LINE('',#7723,#7725);
#7727=EDGE_CURVE('',#7530,#7692,#7726,.T.);
#7728=ORIENTED_EDGE('',*,*,#7727,.T.);
#7729=ORIENTED_EDGE('',*,*,#7697,.F.);
#7730=ORIENTED_EDGE('',*,*,#7675,.T.);
#7731=EDGE_LOOP('',(#7722,#7728,#7729,#7730));
#7732=FACE_BOUND('',#7731,.T.);
#7733=ADVANCED_FACE('',(#7732),#7721,.F.);
#7734=CARTESIAN_POINT('',(-168.181876571,172.500007555,37.968320583));
#7735=DIRECTION('',(1.,0.,0.));
#7736=DIRECTION('',(0.,0.,-1.));
#7737=AXIS2_PLACEMENT_3D('',#7734,#7735,#7736);
#7738=PLANE('',#7737);
#7739=ORIENTED_EDGE('',*,*,#7711,.T.);
#7740=CARTESIAN_POINT('',(-168.181876571,-186.5,37.968320583));
#7741=DIRECTION('',(0.,0.,-1.));
#7742=VECTOR('',#7741,3.344807035);
#7743=LINE('',#7740,#7742);
#7744=EDGE_CURVE('',#7700,#7556,#7743,.T.);
#7745=ORIENTED_EDGE('',*,*,#7744,.T.);
#7746=ORIENTED_EDGE('',*,*,#7561,.T.);
#7747=ORIENTED_EDGE('',*,*,#7666,.T.);
#7748=EDGE_LOOP('',(#7739,#7745,#7746,#7747));
#7749=FACE_BOUND('',#7748,.T.);
#7750=ADVANCED_FACE('',(#7749),#7738,.F.);
#7751=CARTESIAN_POINT('',(-115.,-235.,0.));
#7752=DIRECTION('',(0.,-1.,0.));
#7753=DIRECTION('',(-1.,0.,0.));
#7754=AXIS2_PLACEMENT_3D('',#7751,#7752,#7753);
#7755=PLANE('',#7754);
#7756=CARTESIAN_POINT('',(-180.928427124,-235.,-40.));
#7757=VERTEX_POINT('',#7756);
#7758=CARTESIAN_POINT('',(-180.928427124,-235.,-40.));
#7759=DIRECTION('',(0.,0.,1.));
#7760=VECTOR('',#7759,76.414213562);
#7761=LINE('',#7758,#7760);
#7762=EDGE_CURVE('',#7757,#7409,#7761,.T.);
#7763=ORIENTED_EDGE('',*,*,#7762,.F.);
#7764=CARTESIAN_POINT('',(-88.,-235.,-40.));
#7765=VERTEX_POINT('',#7764);
#7766=CARTESIAN_POINT('',(-88.,-235.,-40.));
#7767=DIRECTION('',(-1.,0.,0.));
#7768=VECTOR('',#7767,92.928427124);
#7769=LINE('',#7766,#7768);
#7770=EDGE_CURVE('',#7765,#7757,#7769,.T.);
#7771=ORIENTED_EDGE('',*,*,#7770,.F.);
#7772=CARTESIAN_POINT('',(-88.,-235.,-3.000010599));
#7773=VERTEX_POINT('',#7772);
#7774=CARTESIAN_POINT('',(-88.,-235.,-40.));
#7775=DIRECTION('',(-0.,-0.,1.));
#7776=VECTOR('',#7775,36.999989401);
#7777=LINE('',#7774,#7776);
#7778=EDGE_CURVE('',#7765,#7773,#7777,.T.);
#7779=ORIENTED_EDGE('',*,*,#7778,.T.);
#7780=CARTESIAN_POINT('',(-128.000003493,-235.,-3.000010599));
#7781=VERTEX_POINT('',#7780);
#7782=CARTESIAN_POINT('',(-88.,-235.,-3.000010599));
#7783=DIRECTION('',(-1.,0.,0.));
#7784=VECTOR('',#7783,40.000003493);
#7785=LINE('',#7782,#7784);
#7786=EDGE_CURVE('',#7773,#7781,#7785,.T.);
#7787=ORIENTED_EDGE('',*,*,#7786,.T.);
#7788=CARTESIAN_POINT('',(-128.000003493,-235.,37.));
#7789=VERTEX_POINT('',#7788);
#7790=CARTESIAN_POINT('',(-128.000003493,-235.,37.));
#7791=DIRECTION('',(0.,0.,-1.));
#7792=VECTOR('',#7791,40.000010599);
#7793=LINE('',#7790,#7792);
#7794=EDGE_CURVE('',#7789,#7781,#7793,.T.);
#7795=ORIENTED_EDGE('',*,*,#7794,.F.);
#7796=CARTESIAN_POINT('',(-180.1,-235.,37.));
#7797=DIRECTION('',(1.,0.,-0.));
#7798=VECTOR('',#7797,52.099996507);
#7799=LINE('',#7796,#7798);
#7800=EDGE_CURVE('',#7417,#7789,#7799,.T.);
#7801=ORIENTED_EDGE('',*,*,#7800,.F.);
#7802=ORIENTED_EDGE('',*,*,#7422,.T.);
#7803=EDGE_LOOP('',(#7763,#7771,#7779,#7787,#7795,#7801,#7802));
#7804=FACE_BOUND('',#7803,.T.);
#7805=ORIENTED_EDGE('',*,*,#7578,.F.);
#7806=ORIENTED_EDGE('',*,*,#7585,.F.);
#7807=EDGE_LOOP('',(#7805,#7806));
#7808=FACE_BOUND('',#7807,.T.);
#7809=CARTESIAN_POINT('',(-167.1,-235.,-11.5));
#7810=VERTEX_POINT('',#7809);
#7811=CARTESIAN_POINT('',(-157.1,-235.,-1.5));
#7812=VERTEX_POINT('',#7811);
#7813=CARTESIAN_POINT('',(-167.1,-235.,-1.5));
#7814=DIRECTION('',(-0.,1.,-0.));
#7815=DIRECTION('',(0.,0.,-1.));
#7816=AXIS2_PLACEMENT_3D('',#7813,#7814,#7815);
#7817=CIRCLE('',#7816,10.);
#7818=EDGE_CURVE('',#7810,#7812,#7817,.T.);
#7819=ORIENTED_EDGE('',*,*,#7818,.T.);
#7820=CARTESIAN_POINT('',(-167.1,-235.,-1.5));
#7821=DIRECTION('',(-0.,1.,-0.));
#7822=DIRECTION('',(0.,0.,-1.));
#7823=AXIS2_PLACEMENT_3D('',#7820,#7821,#7822);
#7824=CIRCLE('',#7823,10.);
#7825=EDGE_CURVE('',#7812,#7810,#7824,.T.);
#7826=ORIENTED_EDGE('',*,*,#7825,.T.);
#7827=EDGE_LOOP('',(#7819,#7826));
#7828=FACE_BOUND('',#7827,.T.);
#7829=CARTESIAN_POINT('',(-135.,-235.,4.400000001));
#7830=VERTEX_POINT('',#7829);
#7831=CARTESIAN_POINT('',(-140.599999999,-235.,10.));
#7832=VERTEX_POINT('',#7831);
#7833=CARTESIAN_POINT('',(-135.,-235.,10.));
#7834=DIRECTION('',(-0.,1.,-0.));
#7835=DIRECTION('',(0.,0.,-1.));
#7836=AXIS2_PLACEMENT_3D('',#7833,#7834,#7835);
#7837=CIRCLE('',#7836,5.599999999);
#7838=EDGE_CURVE('',#7830,#7832,#7837,.T.);
#7839=ORIENTED_EDGE('',*,*,#7838,.T.);
#7840=CARTESIAN_POINT('',(-135.,-235.,10.));
#7841=DIRECTION('',(-0.,1.,-0.));
#7842=DIRECTION('',(0.,0.,-1.));
#7843=AXIS2_PLACEMENT_3D('',#7840,#7841,#7842);
#7844=CIRCLE('',#7843,5.599999999);
#7845=EDGE_CURVE('',#7832,#7830,#7844,.T.);
#7846=ORIENTED_EDGE('',*,*,#7845,.T.);
#7847=EDGE_LOOP('',(#7839,#7846));
#7848=FACE_BOUND('',#7847,.T.);
#7849=CARTESIAN_POINT('',(-105.,-235.,-15.599999999));
#7850=VERTEX_POINT('',#7849);
#7851=CARTESIAN_POINT('',(-110.599999999,-235.,-10.));
#7852=VERTEX_POINT('',#7851);
#7853=CARTESIAN_POINT('',(-105.,-235.,-10.));
#7854=DIRECTION('',(-0.,1.,-0.));
#7855=DIRECTION('',(0.,0.,-1.));
#7856=AXIS2_PLACEMENT_3D('',#7853,#7854,#7855);
#7857=CIRCLE('',#7856,5.599999999);
#7858=EDGE_CURVE('',#7850,#7852,#7857,.T.);
#7859=ORIENTED_EDGE('',*,*,#7858,.T.);
#7860=CARTESIAN_POINT('',(-105.,-235.,-10.));
#7861=DIRECTION('',(-0.,1.,-0.));
#7862=DIRECTION('',(0.,0.,-1.));
#7863=AXIS2_PLACEMENT_3D('',#7860,#7861,#7862);
#7864=CIRCLE('',#7863,5.599999999);
#7865=EDGE_CURVE('',#7852,#7850,#7864,.T.);
#7866=ORIENTED_EDGE('',*,*,#7865,.T.);
#7867=EDGE_LOOP('',(#7859,#7866));
#7868=FACE_BOUND('',#7867,.T.);
#7869=CARTESIAN_POINT('',(-105.,-235.,-35.599999999));
#7870=VERTEX_POINT('',#7869);
#7871=CARTESIAN_POINT('',(-110.599999999,-235.,-30.));
#7872=VERTEX_POINT('',#7871);
#7873=CARTESIAN_POINT('',(-105.,-235.,-30.));
#7874=DIRECTION('',(-0.,1.,-0.));
#7875=DIRECTION('',(0.,0.,-1.));
#7876=AXIS2_PLACEMENT_3D('',#7873,#7874,#7875);
#7877=CIRCLE('',#7876,5.599999999);
#7878=EDGE_CURVE('',#7870,#7872,#7877,.T.);
#7879=ORIENTED_EDGE('',*,*,#7878,.T.);
#7880=CARTESIAN_POINT('',(-105.,-235.,-30.));
#7881=DIRECTION('',(-0.,1.,-0.));
#7882=DIRECTION('',(0.,0.,-1.));
#7883=AXIS2_PLACEMENT_3D('',#7880,#7881,#7882);
#7884=CIRCLE('',#7883,5.599999999);
#7885=EDGE_CURVE('',#7872,#7870,#7884,.T.);
#7886=ORIENTED_EDGE('',*,*,#7885,.T.);
#7887=EDGE_LOOP('',(#7879,#7886));
#7888=FACE_BOUND('',#7887,.T.);
#7889=CARTESIAN_POINT('',(-135.,-235.,-15.599999999));
#7890=VERTEX_POINT('',#7889);
#7891=CARTESIAN_POINT('',(-140.599999999,-235.,-10.));
#7892=VERTEX_POINT('',#7891);
#7893=CARTESIAN_POINT('',(-135.,-235.,-10.));
#7894=DIRECTION('',(-0.,1.,-0.));
#7895=DIRECTION('',(0.,0.,-1.));
#7896=AXIS2_PLACEMENT_3D('',#7893,#7894,#7895);
#7897=CIRCLE('',#7896,5.599999999);
#7898=EDGE_CURVE('',#7890,#7892,#7897,.T.);
#7899=ORIENTED_EDGE('',*,*,#7898,.T.);
#7900=CARTESIAN_POINT('',(-135.,-235.,-10.));
#7901=DIRECTION('',(-0.,1.,-0.));
#7902=DIRECTION('',(0.,0.,-1.));
#7903=AXIS2_PLACEMENT_3D('',#7900,#7901,#7902);
#7904=CIRCLE('',#7903,5.599999999);
#7905=EDGE_CURVE('',#7892,#7890,#7904,.T.);
#7906=ORIENTED_EDGE('',*,*,#7905,.T.);
#7907=EDGE_LOOP('',(#7899,#7906));
#7908=FACE_BOUND('',#7907,.T.);
#7909=CARTESIAN_POINT('',(-135.,-235.,24.400000001));
#7910=VERTEX_POINT('',#7909);
#7911=CARTESIAN_POINT('',(-140.599999999,-235.,30.));
#7912=VERTEX_POINT('',#7911);
#7913=CARTESIAN_POINT('',(-135.,-235.,30.));
#7914=DIRECTION('',(-0.,1.,-0.));
#7915=DIRECTION('',(0.,0.,-1.));
#7916=AXIS2_PLACEMENT_3D('',#7913,#7914,#7915);
#7917=CIRCLE('',#7916,5.599999999);
#7918=EDGE_CURVE('',#7910,#7912,#7917,.T.);
#7919=ORIENTED_EDGE('',*,*,#7918,.T.);
#7920=CARTESIAN_POINT('',(-135.,-235.,30.));
#7921=DIRECTION('',(-0.,1.,-0.));
#7922=DIRECTION('',(0.,0.,-1.));
#7923=AXIS2_PLACEMENT_3D('',#7920,#7921,#7922);
#7924=CIRCLE('',#7923,5.599999999);
#7925=EDGE_CURVE('',#7912,#7910,#7924,.T.);
#7926=ORIENTED_EDGE('',*,*,#7925,.T.);
#7927=EDGE_LOOP('',(#7919,#7926));
#7928=FACE_BOUND('',#7927,.T.);
#7929=CARTESIAN_POINT('',(-135.,-235.,-35.599999999));
#7930=VERTEX_POINT('',#7929);
#7931=CARTESIAN_POINT('',(-140.599999999,-235.,-30.));
#7932=VERTEX_POINT('',#7931);
#7933=CARTESIAN_POINT('',(-135.,-235.,-30.));
#7934=DIRECTION('',(-0.,1.,-0.));
#7935=DIRECTION('',(0.,0.,-1.));
#7936=AXIS2_PLACEMENT_3D('',#7933,#7934,#7935);
#7937=CIRCLE('',#7936,5.599999999);
#7938=EDGE_CURVE('',#7930,#7932,#7937,.T.);
#7939=ORIENTED_EDGE('',*,*,#7938,.T.);
#7940=CARTESIAN_POINT('',(-135.,-235.,-30.));
#7941=DIRECTION('',(-0.,1.,-0.));
#7942=DIRECTION('',(0.,0.,-1.));
#7943=AXIS2_PLACEMENT_3D('',#7940,#7941,#7942);
#7944=CIRCLE('',#7943,5.599999999);
#7945=EDGE_CURVE('',#7932,#7930,#7944,.T.);
#7946=ORIENTED_EDGE('',*,*,#7945,.T.);
#7947=EDGE_LOOP('',(#7939,#7946));
#7948=FACE_BOUND('',#7947,.T.);
#7949=ADVANCED_FACE('',(#7804,#7808,#7828,#7848,#7868,#7888,#7908,#7928,#7948),#7755,.T.);
#7950=CARTESIAN_POINT('',(-150.,-180.,-40.));
#7951=DIRECTION('',(0.,-1.,0.));
#7952=DIRECTION('',(0.,0.,1.));
#7953=AXIS2_PLACEMENT_3D('',#7950,#7951,#7952);
#7954=PLANE('',#7953);
#7955=CARTESIAN_POINT('',(-173.05,-180.,25.05));
#7956=VERTEX_POINT('',#7955);
#7957=CARTESIAN_POINT('',(-166.35,-180.,25.05));
#7958=VERTEX_POINT('',#7957);
#7959=CARTESIAN_POINT('',(-173.05,-180.,25.05));
#7960=DIRECTION('',(1.,-0.,-0.));
#7961=VECTOR('',#7960,6.7);
#7962=LINE('',#7959,#7961);
#7963=EDGE_CURVE('',#7956,#7958,#7962,.T.);
#7964=ORIENTED_EDGE('',*,*,#7963,.T.);
#7965=CARTESIAN_POINT('',(-166.35,-180.,38.85));
#7966=VERTEX_POINT('',#7965);
#7967=CARTESIAN_POINT('',(-166.35,-180.,25.05));
#7968=DIRECTION('',(0.,0.,1.));
#7969=VECTOR('',#7968,13.8);
#7970=LINE('',#7967,#7969);
#7971=EDGE_CURVE('',#7958,#7966,#7970,.T.);
#7972=ORIENTED_EDGE('',*,*,#7971,.T.);
#7973=CARTESIAN_POINT('',(-173.05,-180.,38.85));
#7974=VERTEX_POINT('',#7973);
#7975=CARTESIAN_POINT('',(-166.35,-180.,38.85));
#7976=DIRECTION('',(-1.,0.,0.));
#7977=VECTOR('',#7976,6.7);
#7978=LINE('',#7975,#7977);
#7979=EDGE_CURVE('',#7966,#7974,#7978,.T.);
#7980=ORIENTED_EDGE('',*,*,#7979,.T.);
#7981=CARTESIAN_POINT('',(-173.05,-180.,38.85));
#7982=DIRECTION('',(-0.,-0.,-1.));
#7983=VECTOR('',#7982,13.8);
#7984=LINE('',#7981,#7983);
#7985=EDGE_CURVE('',#7974,#7956,#7984,.T.);
#7986=ORIENTED_EDGE('',*,*,#7985,.T.);
#7987=EDGE_LOOP('',(#7964,#7972,#7980,#7986));
#7988=FACE_BOUND('',#7987,.T.);
#7989=CARTESIAN_POINT('',(-153.5,-180.,24.292893219));
#7990=VERTEX_POINT('',#7989);
#7991=CARTESIAN_POINT('',(-152.207106782,-180.,23.));
#7992=VERTEX_POINT('',#7991);
#7993=CARTESIAN_POINT('',(-153.5,-180.,24.292893219));
#7994=DIRECTION('',(0.707106781,0.,-0.707106781));
#7995=VECTOR('',#7994,1.828427124);
#7996=LINE('',#7993,#7995);
#7997=EDGE_CURVE('',#7990,#7992,#7996,.T.);
#7998=ORIENTED_EDGE('',*,*,#7997,.T.);
#7999=CARTESIAN_POINT('',(-145.,-180.,23.));
#8000=VERTEX_POINT('',#7999);
#8001=CARTESIAN_POINT('',(-152.207106782,-180.,23.));
#8002=DIRECTION('',(1.,-0.,-0.));
#8003=VECTOR('',#8002,7.207106782);
#8004=LINE('',#8001,#8003);
#8005=EDGE_CURVE('',#7992,#8000,#8004,.T.);
#8006=ORIENTED_EDGE('',*,*,#8005,.T.);
#8007=CARTESIAN_POINT('',(-145.,-180.,-37.5));
#8008=VERTEX_POINT('',#8007);
#8009=CARTESIAN_POINT('',(-145.,-180.,-37.5));
#8010=DIRECTION('',(-0.,-0.,1.));
#8011=VECTOR('',#8010,60.5);
#8012=LINE('',#8009,#8011);
#8013=EDGE_CURVE('',#8008,#8000,#8012,.T.);
#8014=ORIENTED_EDGE('',*,*,#8013,.F.);
#8015=CARTESIAN_POINT('',(-188.1,-180.,-37.5));
#8016=VERTEX_POINT('',#8015);
#8017=CARTESIAN_POINT('',(-145.,-180.,-37.5));
#8018=DIRECTION('',(-1.,0.,0.));
#8019=VECTOR('',#8018,43.1);
#8020=LINE('',#8017,#8019);
#8021=EDGE_CURVE('',#8008,#8016,#8020,.T.);
#8022=ORIENTED_EDGE('',*,*,#8021,.T.);
#8023=CARTESIAN_POINT('',(-188.1,-180.,37.));
#8024=VERTEX_POINT('',#8023);
#8025=CARTESIAN_POINT('',(-188.1,-180.,37.));
#8026=DIRECTION('',(0.,0.,-1.));
#8027=VECTOR('',#8026,74.5);
#8028=LINE('',#8025,#8027);
#8029=EDGE_CURVE('',#8024,#8016,#8028,.T.);
#8030=ORIENTED_EDGE('',*,*,#8029,.F.);
#8031=CARTESIAN_POINT('',(-185.1,-180.,40.));
#8032=VERTEX_POINT('',#8031);
#8033=CARTESIAN_POINT('',(-185.1,-180.,40.));
#8034=DIRECTION('',(-0.707106781,-0.,-0.707106781));
#8035=VECTOR('',#8034,4.242640687);
#8036=LINE('',#8033,#8035);
#8037=EDGE_CURVE('',#8032,#8024,#8036,.T.);
#8038=ORIENTED_EDGE('',*,*,#8037,.F.);
#8039=CARTESIAN_POINT('',(-145.,-180.,40.));
#8040=VERTEX_POINT('',#8039);
#8041=CARTESIAN_POINT('',(-145.,-180.,40.));
#8042=DIRECTION('',(-1.,-0.,0.));
#8043=VECTOR('',#8042,40.1);
#8044=LINE('',#8041,#8043);
#8045=EDGE_CURVE('',#8040,#8032,#8044,.T.);
#8046=ORIENTED_EDGE('',*,*,#8045,.F.);
#8047=CARTESIAN_POINT('',(-145.,-180.,37.));
#8048=VERTEX_POINT('',#8047);
#8049=CARTESIAN_POINT('',(-145.,-180.,37.));
#8050=DIRECTION('',(-0.,-0.,1.));
#8051=VECTOR('',#8050,3.);
#8052=LINE('',#8049,#8051);
#8053=EDGE_CURVE('',#8048,#8040,#8052,.T.);
#8054=ORIENTED_EDGE('',*,*,#8053,.F.);
#8055=CARTESIAN_POINT('',(-152.207106782,-180.,37.));
#8056=VERTEX_POINT('',#8055);
#8057=CARTESIAN_POINT('',(-145.,-180.,37.));
#8058=DIRECTION('',(-1.,0.,0.));
#8059=VECTOR('',#8058,7.207106782);
#8060=LINE('',#8057,#8059);
#8061=EDGE_CURVE('',#8048,#8056,#8060,.T.);
#8062=ORIENTED_EDGE('',*,*,#8061,.T.);
#8063=CARTESIAN_POINT('',(-153.5,-180.,35.707106781));
#8064=VERTEX_POINT('',#8063);
#8065=CARTESIAN_POINT('',(-152.207106782,-180.,37.));
#8066=DIRECTION('',(-0.707106781,0.,-0.707106781));
#8067=VECTOR('',#8066,1.828427124);
#8068=LINE('',#8065,#8067);
#8069=EDGE_CURVE('',#8056,#8064,#8068,.T.);
#8070=ORIENTED_EDGE('',*,*,#8069,.T.);
#8071=CARTESIAN_POINT('',(-153.5,-180.,35.707106781));
#8072=DIRECTION('',(-0.,-0.,-1.));
#8073=VECTOR('',#8072,11.414213562);
#8074=LINE('',#8071,#8073);
#8075=EDGE_CURVE('',#8064,#7990,#8074,.T.);
#8076=ORIENTED_EDGE('',*,*,#8075,.T.);
#8077=EDGE_LOOP('',(#7998,#8006,#8014,#8022,#8030,#8038,#8046,#8054,#8062,#8070,#8076));
#8078=FACE_BOUND('',#8077,.T.);
#8079=CARTESIAN_POINT('',(-182.599999997,-180.,-1.5));
#8080=VERTEX_POINT('',#8079);
#8081=CARTESIAN_POINT('',(-167.1,-180.,13.999999997));
#8082=VERTEX_POINT('',#8081);
#8083=CARTESIAN_POINT('',(-167.1,-180.,-1.5));
#8084=DIRECTION('',(0.,1.,0.));
#8085=DIRECTION('',(0.,-0.,1.));
#8086=AXIS2_PLACEMENT_3D('',#8083,#8084,#8085);
#8087=CIRCLE('',#8086,15.499999997);
#8088=EDGE_CURVE('',#8080,#8082,#8087,.T.);
#8089=ORIENTED_EDGE('',*,*,#8088,.F.);
#8090=CARTESIAN_POINT('',(-167.1,-180.,-1.5));
#8091=DIRECTION('',(0.,1.,0.));
#8092=DIRECTION('',(0.,-0.,1.));
#8093=AXIS2_PLACEMENT_3D('',#8090,#8091,#8092);
#8094=CIRCLE('',#8093,15.499999997);
#8095=EDGE_CURVE('',#8082,#8080,#8094,.T.);
#8096=ORIENTED_EDGE('',*,*,#8095,.F.);
#8097=EDGE_LOOP('',(#8089,#8096));
#8098=FACE_BOUND('',#8097,.T.);
#8099=ADVANCED_FACE('',(#7988,#8078,#8098),#7954,.F.);
#8100=CARTESIAN_POINT('',(-160.,-210.,-10.));
#8101=DIRECTION('',(-1.,0.,0.));
#8102=DIRECTION('',(0.,1.,0.));
#8103=AXIS2_PLACEMENT_3D('',#8100,#8101,#8102);
#8104=CYLINDRICAL_SURFACE('',#8103,5.);
#8105=CARTESIAN_POINT('',(-156.612323676,-205.000081313,-9.999996338));
#8106=VERTEX_POINT('',#8105);
#8107=CARTESIAN_POINT('',(-156.,-205.,-10.));
#8108=VERTEX_POINT('',#8107);
#8109=CARTESIAN_POINT('',(-156.612323676,-205.,-10.));
#8110=DIRECTION('',(1.,-0.,-0.));
#8111=VECTOR('',#8110,0.612323676);
#8112=LINE('',#8109,#8111);
#8113=EDGE_CURVE('',#8106,#8108,#8112,.T.);
#8114=ORIENTED_EDGE('',*,*,#8113,.F.);
#8115=CARTESIAN_POINT('',(-177.587677942,-205.000032375,-9.999992193));
#8116=VERTEX_POINT('',#8115);
#8117=CARTESIAN_POINT('',(-177.587686725,-205.,-10.));
#8118=CARTESIAN_POINT('',(-177.263003789,-205.,-10.333897994));
#8119=CARTESIAN_POINT('',(-176.915848433,-205.033407037,-10.651908812));
#8120=CARTESIAN_POINT('',(-176.551475338,-205.091031437,-10.949751362));
#8121=CARTESIAN_POINT('',(-176.187102242,-205.148655837,-11.247593912));
#8122=CARTESIAN_POINT('',(-175.805182462,-205.230465128,-11.525582648));
#8123=CARTESIAN_POINT('',(-175.409669305,-205.328681027,-11.782913081));
#8124=CARTESIAN_POINT('',(-174.618642991,-205.525112826,-12.297573946));
#8125=CARTESIAN_POINT('',(-173.774886465,-205.78694004,-12.728869716));
#8126=CARTESIAN_POINT('',(-172.893029964,-206.059921998,-13.078276359));
#8127=CARTESIAN_POINT('',(-172.011173463,-206.332903957,-13.427683002));
#8128=CARTESIAN_POINT('',(-171.090241744,-206.61855322,-13.695077436));
#8129=CARTESIAN_POINT('',(-170.119393544,-206.848571154,-13.8818161));
#8130=CARTESIAN_POINT('',(-169.633969445,-206.963580121,-13.975185431));
#8131=CARTESIAN_POINT('',(-169.137110317,-207.063330082,-14.047601248));
#8132=CARTESIAN_POINT('',(-168.632538101,-207.132385717,-14.095947793));
#8133=CARTESIAN_POINT('',(-168.380251992,-207.166913535,-14.120121066));
#8134=CARTESIAN_POINT('',(-168.126034936,-207.193768601,-14.138297364));
#8135=CARTESIAN_POINT('',(-167.870357894,-207.211173586,-14.149993643));
#8136=CARTESIAN_POINT('',(-167.614680852,-207.228578572,-14.161689922));
#8137=CARTESIAN_POINT('',(-167.35755983,-207.236532815,-14.166923395));
#8138=CARTESIAN_POINT('',(-167.100248995,-207.235524549,-14.166254371));
#8139=CARTESIAN_POINT('',(-166.585627326,-207.233508019,-14.164916323));
#8140=CARTESIAN_POINT('',(-166.070255574,-207.195529228,-14.140257147));
#8141=CARTESIAN_POINT('',(-165.564204415,-207.128098415,-14.092942864));
#8142=CARTESIAN_POINT('',(-165.058153256,-207.060667602,-14.045628581));
#8143=CARTESIAN_POINT('',(-164.562918605,-206.963338608,-13.974972707));
#8144=CARTESIAN_POINT('',(-164.07929023,-206.848911215,-13.882092151));
#8145=CARTESIAN_POINT('',(-163.595661854,-206.734483822,-13.789211596));
#8146=CARTESIAN_POINT('',(-163.123170642,-206.603230619,-13.673993476));
#8147=CARTESIAN_POINT('',(-162.661059587,-206.468413628,-13.539477038));
#8148=CARTESIAN_POINT('',(-162.198948531,-206.333596638,-13.404960599));
#8149=CARTESIAN_POINT('',(-161.747226601,-206.194907737,-13.2511857));
#8150=CARTESIAN_POINT('',(-161.306027695,-206.058780889,-13.076815224));
#8151=CARTESIAN_POINT('',(-160.423629882,-205.786527193,-12.728074272));
#8152=CARTESIAN_POINT('',(-159.580760511,-205.525040378,-12.297473248));
#8153=CARTESIAN_POINT('',(-158.790574955,-205.328578186,-11.78264361));
#8154=CARTESIAN_POINT('',(-158.395482178,-205.230347091,-11.525228791));
#8155=CARTESIAN_POINT('',(-158.01351516,-205.148415284,-11.246721197));
#8156=CARTESIAN_POINT('',(-157.64868341,-205.090810931,-10.948610925));
#8157=CARTESIAN_POINT('',(-157.283851661,-205.033206578,-10.650500653));
#8158=CARTESIAN_POINT('',(-156.93653385,-205.,-10.333316321));
#8159=CARTESIAN_POINT('',(-156.612323676,-205.,-10.));
#8160=B_SPLINE_CURVE_WITH_KNOTS('',3,(#8117,#8118,#8119,#8120,#8121,#8122,#8123,#8124,#8125,#8126,#8127,#8128,#8129,#8130,#8131,#8132,#8133,#8134,#8135,#8136,#8137,#8138,#8139,#8140,#8141,#8142,
#8143,#8144,#8145,#8146,#8147,#8148,#8149,#8150,#8151,#8152,#8153,#8154,#8155,#8156,#8157,#8158,#8159),.UNSPECIFIED.,.F.,.F.,(4,3,3,3,3,3,3,3,3,3,3,3,3,3,4),(9.969188608,10.123761895,10.278335181,10.587481755,10.896628328,11.051201615,11.128488258,11.205774901,11.360348188,11.514921475,11.669494761,11.824068048,12.133214621,12.287787908,12.442361195),.UNSPECIFIED.);
#8161=EDGE_CURVE('',#8116,#8106,#8160,.T.);
#8162=ORIENTED_EDGE('',*,*,#8161,.F.);
#8163=CARTESIAN_POINT('',(-187.499999999,-205.,-10.));
#8164=VERTEX_POINT('',#8163);
#8165=CARTESIAN_POINT('',(-187.499999999,-205.,-10.));
#8166=DIRECTION('',(1.,-0.,-0.));
#8167=VECTOR('',#8166,9.912322057);
#8168=LINE('',#8165,#8167);
#8169=EDGE_CURVE('',#8164,#8116,#8168,.T.);
#8170=ORIENTED_EDGE('',*,*,#8169,.F.);
#8171=CARTESIAN_POINT('',(-187.499999999,-210.,-5.));
#8172=VERTEX_POINT('',#8171);
#8173=CARTESIAN_POINT('',(-187.499999999,-210.,-10.));
#8174=DIRECTION('',(1.,-0.,-0.));
#8175=DIRECTION('',(0.,0.,1.));
#8176=AXIS2_PLACEMENT_3D('',#8173,#8174,#8175);
#8177=CIRCLE('',#8176,5.);
#8178=EDGE_CURVE('',#8172,#8164,#8177,.T.);
#8179=ORIENTED_EDGE('',*,*,#8178,.F.);
#8180=CARTESIAN_POINT('',(-187.499999999,-210.,-10.));
#8181=DIRECTION('',(1.,-0.,-0.));
#8182=DIRECTION('',(0.,0.,1.));
#8183=AXIS2_PLACEMENT_3D('',#8180,#8181,#8182);
#8184=CIRCLE('',#8183,5.);
#8185=EDGE_CURVE('',#8164,#8172,#8184,.T.);
#8186=ORIENTED_EDGE('',*,*,#8185,.F.);
#8187=ORIENTED_EDGE('',*,*,#8169,.T.);
#8188=CARTESIAN_POINT('',(-177.589510192,-215.001448233,-10.00104724));
#8189=VERTEX_POINT('',#8188);
#8190=CARTESIAN_POINT('',(-177.589516235,-214.999999889,-10.001053161));
#8191=CARTESIAN_POINT('',(-177.852934951,-215.000056785,-9.730931406));
#8192=CARTESIAN_POINT('',(-178.10064735,-214.978326732,-9.450483588));
#8193=CARTESIAN_POINT('',(-178.329561338,-214.929253491,-9.161871116));
#8194=CARTESIAN_POINT('',(-178.558475326,-214.880180249,-8.873258645));
#8195=CARTESIAN_POINT('',(-178.768791616,-214.803501858,-8.577415044));
#8196=CARTESIAN_POINT('',(-178.958983522,-214.696423882,-8.284306927));
#8197=CARTESIAN_POINT('',(-179.339367335,-214.48226793,-7.698090694));
#8198=CARTESIAN_POINT('',(-179.63825456,-214.146095584,-7.125572605));
#8199=CARTESIAN_POINT('',(-179.846609058,-213.692578922,-6.628819064));
#8200=CARTESIAN_POINT('',(-179.950786307,-213.465820591,-6.380442293));
#8201=CARTESIAN_POINT('',(-180.033715118,-213.209969856,-6.150970056));
#8202=CARTESIAN_POINT('',(-180.100181749,-212.930541772,-5.948836597));
#8203=CARTESIAN_POINT('',(-180.166648381,-212.651113689,-5.746703138));
#8204=CARTESIAN_POINT('',(-180.21665283,-212.348301381,-5.57206524));
#8205=CARTESIAN_POINT('',(-180.254981354,-212.030252995,-5.430747022));
#8206=CARTESIAN_POINT('',(-180.293309878,-211.71220461,-5.289428804));
#8207=CARTESIAN_POINT('',(-180.320497178,-211.379119153,-5.181347677));
#8208=CARTESIAN_POINT('',(-180.339312716,-211.038317979,-5.10899849));
#8209=CARTESIAN_POINT('',(-180.358128255,-210.697516805,-5.036649302));
#8210=CARTESIAN_POINT('',(-180.367879253,-210.348757838,-4.999993901));
#8211=CARTESIAN_POINT('',(-180.368359241,-209.999912572,-5.000000001));
#8212=CARTESIAN_POINT('',(-180.369319218,-209.302222041,-5.0000122));
#8213=CARTESIAN_POINT('',(-180.33509598,-208.605640945,-5.148312691));
#8214=CARTESIAN_POINT('',(-180.257585779,-207.970419403,-5.430448315));
#8215=CARTESIAN_POINT('',(-180.180075578,-207.33519786,-5.71258394));
#8216=CARTESIAN_POINT('',(-180.054457827,-206.763601936,-6.129668722));
#8217=CARTESIAN_POINT('',(-179.845941801,-206.309177548,-6.626896143));
#8218=CARTESIAN_POINT('',(-179.637425775,-205.85475316,-7.124123565));
#8219=CARTESIAN_POINT('',(-179.341579934,-205.516054865,-7.701475764));
#8220=CARTESIAN_POINT('',(-178.961593056,-205.302435714,-8.287431818));
#8221=CARTESIAN_POINT('',(-178.771599616,-205.195626138,-8.580409845));
#8222=CARTESIAN_POINT('',(-178.560389376,-205.119779239,-8.87388666));
#8223=CARTESIAN_POINT('',(-178.330270625,-205.070934435,-9.160766627));
#8224=CARTESIAN_POINT('',(-178.100151875,-205.022089631,-9.447646595));
#8225=CARTESIAN_POINT('',(-177.851444661,-205.,-9.728756156));
#8226=CARTESIAN_POINT('',(-177.587686725,-205.,-10.));
#8227=B_SPLINE_CURVE_WITH_KNOTS('',3,(#8190,#8191,#8192,#8193,#8194,#8195,#8196,#8197,#8198,#8199,#8200,#8201,#8202,#8203,#8204,#8205,#8206,#8207,#8208,#8209,#8210,#8211,#8212,#8213,#8214,#8215,
#8216,#8217,#8218,#8219,#8220,#8221,#8222,#8223,#8224,#8225,#8226),.UNSPECIFIED.,.F.,.F.,(4,3,3,3,3,3,3,3,3,3,3,3,4),(7.960093462,8.085661909,8.211230355,8.462367248,8.587935695,8.713504142,8.839072588,8.964641035,9.215777928,9.466914821,9.718051715,9.843620161,9.969188608),.UNSPECIFIED.);
#8228=EDGE_CURVE('',#8189,#8116,#8227,.T.);
#8229=ORIENTED_EDGE('',*,*,#8228,.F.);
#8230=CARTESIAN_POINT('',(-156.611897231,-214.999810621,-10.000019148));
#8231=VERTEX_POINT('',#8230);
#8232=CARTESIAN_POINT('',(-156.611896487,-215.,-10.000019722));
#8233=CARTESIAN_POINT('',(-156.936450751,-214.999998685,-10.333428864));
#8234=CARTESIAN_POINT('',(-157.284306212,-214.966691519,-10.651278787));
#8235=CARTESIAN_POINT('',(-157.649252168,-214.909040172,-10.94938116));
#8236=CARTESIAN_POINT('',(-158.014198124,-214.851388826,-11.247483533));
#8237=CARTESIAN_POINT('',(-158.395633912,-214.769410739,-11.525935482));
#8238=CARTESIAN_POINT('',(-158.789713928,-214.671255202,-11.783080154));
#8239=CARTESIAN_POINT('',(-159.577873959,-214.474944129,-12.297369498));
#8240=CARTESIAN_POINT('',(-160.419173686,-214.214055571,-12.727252708));
#8241=CARTESIAN_POINT('',(-161.303692438,-213.941539841,-13.076404343));
#8242=CARTESIAN_POINT('',(-161.745951814,-213.805281976,-13.250980161));
#8243=CARTESIAN_POINT('',(-162.199015945,-213.666326965,-13.405056821));
#8244=CARTESIAN_POINT('',(-162.661644748,-213.531323382,-13.539739421));
#8245=CARTESIAN_POINT('',(-163.12427355,-213.396319799,-13.674422022));
#8246=CARTESIAN_POINT('',(-163.596430548,-213.265151827,-13.789522219));
#8247=CARTESIAN_POINT('',(-164.079729566,-213.150783873,-13.882339628));
#8248=CARTESIAN_POINT('',(-164.563028583,-213.036415919,-13.975157037));
#8249=CARTESIAN_POINT('',(-165.058009967,-212.939300922,-14.045637859));
#8250=CARTESIAN_POINT('',(-165.56450045,-212.872424711,-14.092575751));
#8251=CARTESIAN_POINT('',(-166.070990932,-212.8055485,-14.139513644));
#8252=CARTESIAN_POINT('',(-166.587265973,-212.768282565,-14.16372615));
#8253=CARTESIAN_POINT('',(-167.10246848,-212.766657306,-14.1648058));
#8254=CARTESIAN_POINT('',(-167.617670986,-212.765032046,-14.165885451));
#8255=CARTESIAN_POINT('',(-168.130845997,-212.801073282,-14.142585945));
#8256=CARTESIAN_POINT('',(-168.634918609,-212.869732655,-14.094463883));
#8257=CARTESIAN_POINT('',(-169.138991221,-212.938392029,-14.04634182));
#8258=CARTESIAN_POINT('',(-169.634955709,-213.037371281,-13.974435389));
#8259=CARTESIAN_POINT('',(-170.119755592,-213.151886298,-13.881444675));
#8260=CARTESIAN_POINT('',(-171.089355358,-213.380916331,-13.695463247));
#8261=CARTESIAN_POINT('',(-172.010932336,-213.667329328,-13.427383929));
#8262=CARTESIAN_POINT('',(-172.892782447,-213.94007596,-13.078278972));
#8263=CARTESIAN_POINT('',(-173.774632558,-214.212822591,-12.729174016));
#8264=CARTESIAN_POINT('',(-174.617335949,-214.473775087,-12.299820315));
#8265=CARTESIAN_POINT('',(-175.407862245,-214.670550333,-11.784925653));
#8266=CARTESIAN_POINT('',(-176.198388541,-214.867325579,-11.27003099));
#8267=CARTESIAN_POINT('',(-176.940797853,-214.999859774,-10.666265518));
#8268=CARTESIAN_POINT('',(-177.589516235,-214.999999889,-10.001053161));
#8269=B_SPLINE_CURVE_WITH_KNOTS('',3,(#8232,#8233,#8234,#8235,#8236,#8237,#8238,#8239,#8240,#8241,#8242,#8243,#8244,#8245,#8246,#8247,#8248,#8249,#8250,#8251,#8252,#8253,#8254,#8255,#8256,#8257,
#8258,#8259,#8260,#8261,#8262,#8263,#8264,#8265,#8266,#8267,#8268),.UNSPECIFIED.,.F.,.F.,(4,3,3,3,3,3,3,3,3,3,3,3,4),(5.486759336,5.641341894,5.795924452,6.105089568,6.259672127,6.414254685,6.568837243,6.723419801,6.878002359,7.032584917,7.341750033,7.65091515,7.960080266),.UNSPECIFIED.);
#8270=EDGE_CURVE('',#8231,#8189,#8269,.T.);
#8271=ORIENTED_EDGE('',*,*,#8270,.F.);
#8272=CARTESIAN_POINT('',(-156.000115708,-214.953014261,-9.319263097));
#8273=VERTEX_POINT('',#8272);
#8274=CARTESIAN_POINT('',(-156.000115708,-214.953435024,-9.319205268));
#8275=CARTESIAN_POINT('',(-156.193002329,-214.98534675,-9.551393704));
#8276=CARTESIAN_POINT('',(-156.397249074,-215.00000087,-9.779507822));
#8277=CARTESIAN_POINT('',(-156.611896487,-215.,-10.000019722));
#8278=B_SPLINE_CURVE_WITH_KNOTS('',3,(#8274,#8275,#8276,#8277),.UNSPECIFIED.,.F.,.F.,(4,4),(5.384516279,5.486760989),.UNSPECIFIED.);
#8279=EDGE_CURVE('',#8273,#8231,#8278,.T.);
#8280=ORIENTED_EDGE('',*,*,#8279,.F.);
#8281=CARTESIAN_POINT('',(-156.,-210.,-10.));
#8282=DIRECTION('',(-1.,-0.,-0.));
#8283=DIRECTION('',(0.,0.,-1.));
#8284=AXIS2_PLACEMENT_3D('',#8281,#8282,#8283);
#8285=CIRCLE('',#8284,5.);
#8286=EDGE_CURVE('',#8108,#8273,#8285,.T.);
#8287=ORIENTED_EDGE('',*,*,#8286,.F.);
#8288=EDGE_LOOP('',(#8114,#8162,#8170,#8179,#8186,#8187,#8229,#8271,#8280,#8287));
#8289=FACE_BOUND('',#8288,.T.);
#8290=ADVANCED_FACE('',(#8289),#8104,.F.);
#8291=CARTESIAN_POINT('',(-152.500000001,-180.,23.5));
#8292=DIRECTION('',(0.,0.,-1.));
#8293=DIRECTION('',(1.,0.,0.));
#8294=AXIS2_PLACEMENT_3D('',#8291,#8292,#8293);
#8295=PLANE('',#8294);
#8296=CARTESIAN_POINT('',(-145.,-200.,23.5));
#8297=VERTEX_POINT('',#8296);
#8298=CARTESIAN_POINT('',(-145.,-180.5,23.5));
#8299=VERTEX_POINT('',#8298);
#8300=CARTESIAN_POINT('',(-145.,-200.,23.5));
#8301=DIRECTION('',(-0.,1.,-0.));
#8302=VECTOR('',#8301,19.5);
#8303=LINE('',#8300,#8302);
#8304=EDGE_CURVE('',#8297,#8299,#8303,.T.);
#8305=ORIENTED_EDGE('',*,*,#8304,.T.);
#8306=CARTESIAN_POINT('',(-152.000000001,-180.5,23.5));
#8307=VERTEX_POINT('',#8306);
#8308=CARTESIAN_POINT('',(-145.,-180.5,23.5));
#8309=DIRECTION('',(-1.,-0.,0.));
#8310=VECTOR('',#8309,7.000000001);
#8311=LINE('',#8308,#8310);
#8312=EDGE_CURVE('',#8299,#8307,#8311,.T.);
#8313=ORIENTED_EDGE('',*,*,#8312,.T.);
#8314=CARTESIAN_POINT('',(-152.000000001,-202.,23.5));
#8315=VERTEX_POINT('',#8314);
#8316=CARTESIAN_POINT('',(-152.000000001,-180.5,23.5));
#8317=DIRECTION('',(0.,-1.,0.));
#8318=VECTOR('',#8317,21.5);
#8319=LINE('',#8316,#8318);
#8320=EDGE_CURVE('',#8307,#8315,#8319,.T.);
#8321=ORIENTED_EDGE('',*,*,#8320,.T.);
#8322=CARTESIAN_POINT('',(-145.,-202.,23.5));
#8323=VERTEX_POINT('',#8322);
#8324=CARTESIAN_POINT('',(-152.000000001,-202.,23.5));
#8325=DIRECTION('',(1.,0.,-0.));
#8326=VECTOR('',#8325,7.000000001);
#8327=LINE('',#8324,#8326);
#8328=EDGE_CURVE('',#8315,#8323,#8327,.T.);
#8329=ORIENTED_EDGE('',*,*,#8328,.T.);
#8330=CARTESIAN_POINT('',(-145.,-202.,23.5));
#8331=DIRECTION('',(-0.,1.,-0.));
#8332=VECTOR('',#8331,2.);
#8333=LINE('',#8330,#8332);
#8334=EDGE_CURVE('',#8323,#8297,#8333,.T.);
#8335=ORIENTED_EDGE('',*,*,#8334,.T.);
#8336=EDGE_LOOP('',(#8305,#8313,#8321,#8329,#8335));
#8337=FACE_BOUND('',#8336,.T.);
#8338=ADVANCED_FACE('',(#8337),#8295,.F.);
#8339=CARTESIAN_POINT('',(-153.000000001,-180.,24.5));
#8340=DIRECTION('',(-0.707106781,0.,-0.707106781));
#8341=DIRECTION('',(0.707106781,0.,-0.707106781));
#8342=AXIS2_PLACEMENT_3D('',#8339,#8340,#8341);
#8343=PLANE('',#8342);
#8344=ORIENTED_EDGE('',*,*,#8320,.F.);
#8345=CARTESIAN_POINT('',(-153.000000001,-180.5,24.5));
#8346=VERTEX_POINT('',#8345);
#8347=CARTESIAN_POINT('',(-152.000000001,-180.5,23.5));
#8348=DIRECTION('',(-0.707106781,-0.,0.707106781));
#8349=VECTOR('',#8348,1.414213562);
#8350=LINE('',#8347,#8349);
#8351=EDGE_CURVE('',#8307,#8346,#8350,.T.);
#8352=ORIENTED_EDGE('',*,*,#8351,.T.);
#8353=CARTESIAN_POINT('',(-153.000000001,-202.,24.499999999));
#8354=VERTEX_POINT('',#8353);
#8355=CARTESIAN_POINT('',(-153.000000001,-180.5,24.5));
#8356=DIRECTION('',(0.,-1.,0.));
#8357=VECTOR('',#8356,21.5);
#8358=LINE('',#8355,#8357);
#8359=EDGE_CURVE('',#8346,#8354,#8358,.T.);
#8360=ORIENTED_EDGE('',*,*,#8359,.T.);
#8361=CARTESIAN_POINT('',(-153.,-202.,24.5));
#8362=DIRECTION('',(0.707106781,0.,-0.707106781));
#8363=VECTOR('',#8362,1.414213562);
#8364=LINE('',#8361,#8363);
#8365=EDGE_CURVE('',#8354,#8315,#8364,.T.);
#8366=ORIENTED_EDGE('',*,*,#8365,.T.);
#8367=EDGE_LOOP('',(#8344,#8352,#8360,#8366));
#8368=FACE_BOUND('',#8367,.T.);
#8369=ADVANCED_FACE('',(#8368),#8343,.F.);
#8370=CARTESIAN_POINT('',(-153.,-180.,35.5));
#8371=DIRECTION('',(-1.,0.,0.));
#8372=DIRECTION('',(0.,0.,-1.));
#8373=AXIS2_PLACEMENT_3D('',#8370,#8371,#8372);
#8374=PLANE('',#8373);
#8375=ORIENTED_EDGE('',*,*,#8359,.F.);
#8376=CARTESIAN_POINT('',(-153.,-180.5,35.5));
#8377=VERTEX_POINT('',#8376);
#8378=CARTESIAN_POINT('',(-153.,-180.5,24.5));
#8379=DIRECTION('',(-0.,-0.,1.));
#8380=VECTOR('',#8379,11.);
#8381=LINE('',#8378,#8380);
#8382=EDGE_CURVE('',#8346,#8377,#8381,.T.);
#8383=ORIENTED_EDGE('',*,*,#8382,.T.);
#8384=CARTESIAN_POINT('',(-153.,-202.,35.5));
#8385=VERTEX_POINT('',#8384);
#8386=CARTESIAN_POINT('',(-153.,-180.5,35.5));
#8387=DIRECTION('',(0.,-1.,0.));
#8388=VECTOR('',#8387,21.5);
#8389=LINE('',#8386,#8388);
#8390=EDGE_CURVE('',#8377,#8385,#8389,.T.);
#8391=ORIENTED_EDGE('',*,*,#8390,.T.);
#8392=CARTESIAN_POINT('',(-153.,-202.,35.5));
#8393=DIRECTION('',(0.,0.,-1.));
#8394=VECTOR('',#8393,11.);
#8395=LINE('',#8392,#8394);
#8396=EDGE_CURVE('',#8385,#8354,#8395,.T.);
#8397=ORIENTED_EDGE('',*,*,#8396,.T.);
#8398=EDGE_LOOP('',(#8375,#8383,#8391,#8397));
#8399=FACE_BOUND('',#8398,.T.);
#8400=ADVANCED_FACE('',(#8399),#8374,.F.);
#8401=CARTESIAN_POINT('',(-152.5,-180.,36.));
#8402=DIRECTION('',(-0.707106781,0.,0.707106781));
#8403=DIRECTION('',(-0.707106781,0.,-0.707106781));
#8404=AXIS2_PLACEMENT_3D('',#8401,#8402,#8403);
#8405=PLANE('',#8404);
#8406=ORIENTED_EDGE('',*,*,#8390,.F.);
#8407=CARTESIAN_POINT('',(-152.,-180.5,36.5));
#8408=VERTEX_POINT('',#8407);
#8409=CARTESIAN_POINT('',(-153.,-180.5,35.5));
#8410=DIRECTION('',(0.707106781,-0.,0.707106781));
#8411=VECTOR('',#8410,1.414213562);
#8412=LINE('',#8409,#8411);
#8413=EDGE_CURVE('',#8377,#8408,#8412,.T.);
#8414=ORIENTED_EDGE('',*,*,#8413,.T.);
#8415=CARTESIAN_POINT('',(-152.,-202.,36.5));
#8416=VERTEX_POINT('',#8415);
#8417=CARTESIAN_POINT('',(-152.,-180.5,36.5));
#8418=DIRECTION('',(0.,-1.,0.));
#8419=VECTOR('',#8418,21.5);
#8420=LINE('',#8417,#8419);
#8421=EDGE_CURVE('',#8408,#8416,#8420,.T.);
#8422=ORIENTED_EDGE('',*,*,#8421,.T.);
#8423=CARTESIAN_POINT('',(-152.,-202.,36.5));
#8424=DIRECTION('',(-0.707106781,0.,-0.707106781));
#8425=VECTOR('',#8424,1.414213562);
#8426=LINE('',#8423,#8425);
#8427=EDGE_CURVE('',#8416,#8385,#8426,.T.);
#8428=ORIENTED_EDGE('',*,*,#8427,.T.);
#8429=EDGE_LOOP('',(#8406,#8414,#8422,#8428));
#8430=FACE_BOUND('',#8429,.T.);
#8431=ADVANCED_FACE('',(#8430),#8405,.F.);
#8432=CARTESIAN_POINT('',(-151.825401994,-180.,36.5));
#8433=DIRECTION('',(0.,0.,1.));
#8434=DIRECTION('',(-1.,0.,0.));
#8435=AXIS2_PLACEMENT_3D('',#8432,#8433,#8434);
#8436=PLANE('',#8435);
#8437=ORIENTED_EDGE('',*,*,#8421,.F.);
#8438=CARTESIAN_POINT('',(-145.,-180.5,36.5));
#8439=VERTEX_POINT('',#8438);
#8440=CARTESIAN_POINT('',(-152.,-180.5,36.5));
#8441=DIRECTION('',(1.,-0.,-0.));
#8442=VECTOR('',#8441,7.);
#8443=LINE('',#8440,#8442);
#8444=EDGE_CURVE('',#8408,#8439,#8443,.T.);
#8445=ORIENTED_EDGE('',*,*,#8444,.T.);
#8446=CARTESIAN_POINT('',(-145.,-200.,36.5));
#8447=VERTEX_POINT('',#8446);
#8448=CARTESIAN_POINT('',(-145.,-200.,36.5));
#8449=DIRECTION('',(0.,1.,0.));
#8450=VECTOR('',#8449,19.5);
#8451=LINE('',#8448,#8450);
#8452=EDGE_CURVE('',#8447,#8439,#8451,.T.);
#8453=ORIENTED_EDGE('',*,*,#8452,.F.);
#8454=CARTESIAN_POINT('',(-145.,-202.,36.5));
#8455=VERTEX_POINT('',#8454);
#8456=CARTESIAN_POINT('',(-145.,-202.,36.5));
#8457=DIRECTION('',(-0.,1.,-0.));
#8458=VECTOR('',#8457,2.);
#8459=LINE('',#8456,#8458);
#8460=EDGE_CURVE('',#8455,#8447,#8459,.T.);
#8461=ORIENTED_EDGE('',*,*,#8460,.F.);
#8462=CARTESIAN_POINT('',(-145.,-202.,36.5));
#8463=DIRECTION('',(-1.,0.,0.));
#8464=VECTOR('',#8463,7.);
#8465=LINE('',#8462,#8464);
#8466=EDGE_CURVE('',#8455,#8416,#8465,.T.);
#8467=ORIENTED_EDGE('',*,*,#8466,.T.);
#8468=EDGE_LOOP('',(#8437,#8445,#8453,#8461,#8467));
#8469=FACE_BOUND('',#8468,.T.);
#8470=ADVANCED_FACE('',(#8469),#8436,.F.);
#8471=CARTESIAN_POINT('',(-145.,-210.,0.));
#8472=DIRECTION('',(-1.,0.,0.));
#8473=DIRECTION('',(0.,1.,0.));
#8474=AXIS2_PLACEMENT_3D('',#8471,#8472,#8473);
#8475=PLANE('',#8474);
#8476=ORIENTED_EDGE('',*,*,#8452,.T.);
#8477=CARTESIAN_POINT('',(-145.,-180.5,36.5));
#8478=DIRECTION('',(0.,0.707106781,0.707106781));
#8479=VECTOR('',#8478,0.707106781);
#8480=LINE('',#8477,#8479);
#8481=EDGE_CURVE('',#8439,#8048,#8480,.T.);
#8482=ORIENTED_EDGE('',*,*,#8481,.T.);
#8483=ORIENTED_EDGE('',*,*,#8053,.T.);
#8484=CARTESIAN_POINT('',(-145.,-200.,40.));
#8485=VERTEX_POINT('',#8484);
#8486=CARTESIAN_POINT('',(-145.,-180.,40.));
#8487=DIRECTION('',(-0.,-1.,-0.));
#8488=VECTOR('',#8487,20.);
#8489=LINE('',#8486,#8488);
#8490=EDGE_CURVE('',#8040,#8485,#8489,.T.);
#8491=ORIENTED_EDGE('',*,*,#8490,.T.);
#8492=CARTESIAN_POINT('',(-145.,-200.,36.5));
#8493=DIRECTION('',(0.,0.,1.));
#8494=VECTOR('',#8493,3.5);
#8495=LINE('',#8492,#8494);
#8496=EDGE_CURVE('',#8447,#8485,#8495,.T.);
#8497=ORIENTED_EDGE('',*,*,#8496,.F.);
#8498=EDGE_LOOP('',(#8476,#8482,#8483,#8491,#8497));
#8499=FACE_BOUND('',#8498,.T.);
#8500=ADVANCED_FACE('',(#8499),#8475,.F.);
#8501=CARTESIAN_POINT('',(-149.,-202.,30.));
#8502=DIRECTION('',(0.,-1.,0.));
#8503=DIRECTION('',(1.,0.,0.));
#8504=AXIS2_PLACEMENT_3D('',#8501,#8502,#8503);
#8505=PLANE('',#8504);
#8506=ORIENTED_EDGE('',*,*,#8466,.F.);
#8507=CARTESIAN_POINT('',(-145.,-202.,23.5));
#8508=DIRECTION('',(0.,0.,1.));
#8509=VECTOR('',#8508,13.);
#8510=LINE('',#8507,#8509);
#8511=EDGE_CURVE('',#8323,#8455,#8510,.T.);
#8512=ORIENTED_EDGE('',*,*,#8511,.F.);
#8513=ORIENTED_EDGE('',*,*,#8328,.F.);
#8514=ORIENTED_EDGE('',*,*,#8365,.F.);
#8515=ORIENTED_EDGE('',*,*,#8396,.F.);
#8516=ORIENTED_EDGE('',*,*,#8427,.F.);
#8517=EDGE_LOOP('',(#8506,#8512,#8513,#8514,#8515,#8516));
#8518=FACE_BOUND('',#8517,.T.);
#8519=ADVANCED_FACE('',(#8518),#8505,.F.);
#8520=CARTESIAN_POINT('',(-145.,-180.,24.5));
#8521=DIRECTION('',(1.,0.,0.));
#8522=DIRECTION('',(0.,0.,1.));
#8523=AXIS2_PLACEMENT_3D('',#8520,#8521,#8522);
#8524=PLANE('',#8523);
#8525=CARTESIAN_POINT('',(-145.,-200.,23.5));
#8526=DIRECTION('',(0.,0.,1.));
#8527=VECTOR('',#8526,13.);
#8528=LINE('',#8525,#8527);
#8529=EDGE_CURVE('',#8297,#8447,#8528,.T.);
#8530=ORIENTED_EDGE('',*,*,#8529,.F.);
#8531=ORIENTED_EDGE('',*,*,#8334,.F.);
#8532=ORIENTED_EDGE('',*,*,#8511,.T.);
#8533=ORIENTED_EDGE('',*,*,#8460,.T.);
#8534=EDGE_LOOP('',(#8530,#8531,#8532,#8533));
#8535=FACE_BOUND('',#8534,.T.);
#8536=ADVANCED_FACE('',(#8535),#8524,.F.);
#8537=CARTESIAN_POINT('',(-145.,-210.,0.));
#8538=DIRECTION('',(-1.,0.,0.));
#8539=DIRECTION('',(0.,1.,0.));
#8540=AXIS2_PLACEMENT_3D('',#8537,#8538,#8539);
#8541=PLANE('',#8540);
#8542=ORIENTED_EDGE('',*,*,#6679,.F.);
#8543=ORIENTED_EDGE('',*,*,#6686,.F.);
#8544=EDGE_LOOP('',(#8542,#8543));
#8545=FACE_BOUND('',#8544,.T.);
#8546=ORIENTED_EDGE('',*,*,#8013,.T.);
#8547=CARTESIAN_POINT('',(-145.,-180.,23.));
#8548=DIRECTION('',(0.,-0.707106781,0.707106781));
#8549=VECTOR('',#8548,0.707106781);
#8550=LINE('',#8547,#8549);
#8551=EDGE_CURVE('',#8000,#8299,#8550,.T.);
#8552=ORIENTED_EDGE('',*,*,#8551,.T.);
#8553=ORIENTED_EDGE('',*,*,#8304,.F.);
#8554=CARTESIAN_POINT('',(-145.,-200.,0.));
#8555=VERTEX_POINT('',#8554);
#8556=CARTESIAN_POINT('',(-145.,-200.,0.));
#8557=DIRECTION('',(0.,0.,1.));
#8558=VECTOR('',#8557,23.5);
#8559=LINE('',#8556,#8558);
#8560=EDGE_CURVE('',#8555,#8297,#8559,.T.);
#8561=ORIENTED_EDGE('',*,*,#8560,.F.);
#8562=CARTESIAN_POINT('',(-145.,-220.,0.));
#8563=VERTEX_POINT('',#8562);
#8564=CARTESIAN_POINT('',(-145.,-220.,0.));
#8565=DIRECTION('',(0.,1.,0.));
#8566=VECTOR('',#8565,20.);
#8567=LINE('',#8564,#8566);
#8568=EDGE_CURVE('',#8563,#8555,#8567,.T.);
#8569=ORIENTED_EDGE('',*,*,#8568,.F.);
#8570=CARTESIAN_POINT('',(-145.,-220.,-40.));
#8571=VERTEX_POINT('',#8570);
#8572=CARTESIAN_POINT('',(-145.,-220.,-40.));
#8573=DIRECTION('',(-0.,-0.,1.));
#8574=VECTOR('',#8573,40.);
#8575=LINE('',#8572,#8574);
#8576=EDGE_CURVE('',#8571,#8563,#8575,.T.);
#8577=ORIENTED_EDGE('',*,*,#8576,.F.);
#8578=CARTESIAN_POINT('',(-145.,-182.5,-40.));
#8579=VERTEX_POINT('',#8578);
#8580=CARTESIAN_POINT('',(-145.,-182.5,-40.));
#8581=DIRECTION('',(0.,-1.,0.));
#8582=VECTOR('',#8581,37.5);
#8583=LINE('',#8580,#8582);
#8584=EDGE_CURVE('',#8579,#8571,#8583,.T.);
#8585=ORIENTED_EDGE('',*,*,#8584,.F.);
#8586=CARTESIAN_POINT('',(-145.,-182.5,-37.5));
#8587=DIRECTION('',(1.,-0.,-0.));
#8588=DIRECTION('',(0.,0.,1.));
#8589=AXIS2_PLACEMENT_3D('',#8586,#8587,#8588);
#8590=CIRCLE('',#8589,2.5);
#8591=EDGE_CURVE('',#8579,#8008,#8590,.T.);
#8592=ORIENTED_EDGE('',*,*,#8591,.T.);
#8593=EDGE_LOOP('',(#8546,#8552,#8553,#8561,#8569,#8577,#8585,#8592));
#8594=FACE_BOUND('',#8593,.T.);
#8595=CARTESIAN_POINT('',(-145.,-187.35,-30.));
#8596=VERTEX_POINT('',#8595);
#8597=CARTESIAN_POINT('',(-145.,-190.,-32.65));
#8598=VERTEX_POINT('',#8597);
#8599=CARTESIAN_POINT('',(-145.,-190.,-30.));
#8600=DIRECTION('',(1.,0.,0.));
#8601=DIRECTION('',(0.,0.,-1.));
#8602=AXIS2_PLACEMENT_3D('',#8599,#8600,#8601);
#8603=CIRCLE('',#8602,2.65);
#8604=EDGE_CURVE('',#8596,#8598,#8603,.T.);
#8605=ORIENTED_EDGE('',*,*,#8604,.F.);
#8606=CARTESIAN_POINT('',(-145.,-190.,-30.));
#8607=DIRECTION('',(1.,0.,0.));
#8608=DIRECTION('',(0.,0.,-1.));
#8609=AXIS2_PLACEMENT_3D('',#8606,#8607,#8608);
#8610=CIRCLE('',#8609,2.65);
#8611=EDGE_CURVE('',#8598,#8596,#8610,.T.);
#8612=ORIENTED_EDGE('',*,*,#8611,.F.);
#8613=EDGE_LOOP('',(#8605,#8612));
#8614=FACE_BOUND('',#8613,.T.);
#8615=CARTESIAN_POINT('',(-145.,-207.35,-30.));
#8616=VERTEX_POINT('',#8615);
#8617=CARTESIAN_POINT('',(-145.,-210.,-32.65));
#8618=VERTEX_POINT('',#8617);
#8619=CARTESIAN_POINT('',(-145.,-210.,-30.));
#8620=DIRECTION('',(1.,0.,0.));
#8621=DIRECTION('',(0.,0.,-1.));
#8622=AXIS2_PLACEMENT_3D('',#8619,#8620,#8621);
#8623=CIRCLE('',#8622,2.65);
#8624=EDGE_CURVE('',#8616,#8618,#8623,.T.);
#8625=ORIENTED_EDGE('',*,*,#8624,.F.);
#8626=CARTESIAN_POINT('',(-145.,-210.,-30.));
#8627=DIRECTION('',(1.,0.,0.));
#8628=DIRECTION('',(0.,0.,-1.));
#8629=AXIS2_PLACEMENT_3D('',#8626,#8627,#8628);
#8630=CIRCLE('',#8629,2.65);
#8631=EDGE_CURVE('',#8618,#8616,#8630,.T.);
#8632=ORIENTED_EDGE('',*,*,#8631,.F.);
#8633=EDGE_LOOP('',(#8625,#8632));
#8634=FACE_BOUND('',#8633,.T.);
#8635=CARTESIAN_POINT('',(-145.,-207.35,-10.));
#8636=VERTEX_POINT('',#8635);
#8637=CARTESIAN_POINT('',(-145.,-210.,-12.65));
#8638=VERTEX_POINT('',#8637);
#8639=CARTESIAN_POINT('',(-145.,-210.,-10.));
#8640=DIRECTION('',(1.,0.,0.));
#8641=DIRECTION('',(0.,0.,-1.));
#8642=AXIS2_PLACEMENT_3D('',#8639,#8640,#8641);
#8643=CIRCLE('',#8642,2.65);
#8644=EDGE_CURVE('',#8636,#8638,#8643,.T.);
#8645=ORIENTED_EDGE('',*,*,#8644,.F.);
#8646=CARTESIAN_POINT('',(-145.,-210.,-10.));
#8647=DIRECTION('',(1.,0.,0.));
#8648=DIRECTION('',(0.,0.,-1.));
#8649=AXIS2_PLACEMENT_3D('',#8646,#8647,#8648);
#8650=CIRCLE('',#8649,2.65);
#8651=EDGE_CURVE('',#8638,#8636,#8650,.T.);
#8652=ORIENTED_EDGE('',*,*,#8651,.F.);
#8653=EDGE_LOOP('',(#8645,#8652));
#8654=FACE_BOUND('',#8653,.T.);
#8655=ADVANCED_FACE('',(#8545,#8594,#8614,#8634,#8654),#8541,.F.);
#8656=CARTESIAN_POINT('',(-155.,-180.,-7.486651819));
#8657=DIRECTION('',(0.,-1.,0.));
#8658=DIRECTION('',(-0.973728991,0.,0.227710017));
#8659=AXIS2_PLACEMENT_3D('',#8656,#8657,#8658);
#8660=CYLINDRICAL_SURFACE('',#8659,1.);
#8661=CARTESIAN_POINT('',(-155.973393861,-215.290297382,-7.259075321));
#8662=VERTEX_POINT('',#8661);
#8663=CARTESIAN_POINT('',(-155.9733974,-204.709703476,-7.259073944));
#8664=VERTEX_POINT('',#8663);
#8665=CARTESIAN_POINT('',(-155.973728991,-215.290297382,-7.258941802));
#8666=DIRECTION('',(-0.,1.,-0.));
#8667=VECTOR('',#8666,10.580593906);
#8668=LINE('',#8665,#8667);
#8669=EDGE_CURVE('',#8662,#8664,#8668,.T.);
#8670=ORIENTED_EDGE('',*,*,#8669,.T.);
#8671=CARTESIAN_POINT('',(-155.999611967,-204.862758845,-7.486806865));
#8672=VERTEX_POINT('',#8671);
#8673=CARTESIAN_POINT('',(-155.973728694,-204.709786458,-7.258940529));
#8674=CARTESIAN_POINT('',(-155.991051774,-204.761835293,-7.333016702));
#8675=CARTESIAN_POINT('',(-156.000004697,-204.813164217,-7.40918728));
#8676=CARTESIAN_POINT('',(-155.999999998,-204.863048464,-7.48671243));
#8677=B_SPLINE_CURVE_WITH_KNOTS('',3,(#8673,#8674,#8675,#8676),.UNSPECIFIED.,.F.,.F.,(4,4),(-0.027090174,0.000520917),.UNSPECIFIED.);
#8678=EDGE_CURVE('',#8664,#8672,#8677,.T.);
#8679=ORIENTED_EDGE('',*,*,#8678,.T.);
#8680=CARTESIAN_POINT('',(-155.999999999,-209.160011372,-7.486683306));
#8681=VERTEX_POINT('',#8680);
#8682=CARTESIAN_POINT('',(-155.999999998,-204.862758845,-7.48671243));
#8683=DIRECTION('',(0.,-1.,0.));
#8684=VECTOR('',#8683,4.297252527);
#8685=LINE('',#8682,#8684);
#8686=EDGE_CURVE('',#8672,#8681,#8685,.T.);
#8687=ORIENTED_EDGE('',*,*,#8686,.T.);
#8688=CARTESIAN_POINT('',(-156.,-210.839988643,-7.486651819));
#8689=VERTEX_POINT('',#8688);
#8690=CARTESIAN_POINT('',(-156.,-209.160001905,-7.486654978));
#8691=CARTESIAN_POINT('',(-156.000000144,-209.296315442,-7.441096923));
#8692=CARTESIAN_POINT('',(-155.997100161,-209.434413759,-7.407185653));
#8693=CARTESIAN_POINT('',(-155.994760927,-209.574256189,-7.38442316));
#8694=CARTESIAN_POINT('',(-155.992421692,-209.71409862,-7.361660667));
#8695=CARTESIAN_POINT('',(-155.990625925,-209.855685329,-7.350049188));
#8696=CARTESIAN_POINT('',(-155.990619161,-209.999093766,-7.350000155));
#8697=CARTESIAN_POINT('',(-155.990612398,-210.142502203,-7.349951122));
#8698=CARTESIAN_POINT('',(-155.992409439,-210.285114952,-7.361558954));
#8699=CARTESIAN_POINT('',(-155.994752944,-210.425266514,-7.384345514));
#8700=CARTESIAN_POINT('',(-155.997096449,-210.565418075,-7.407132073));
#8701=CARTESIAN_POINT('',(-156.,-210.703669399,-7.441092426));
#8702=CARTESIAN_POINT('',(-156.,-210.839988643,-7.486651819));
#8703=B_SPLINE_CURVE_WITH_KNOTS('',3,(#8690,#8691,#8692,#8693,#8694,#8695,#8696,#8697,#8698,#8699,#8700,#8701,#8702),.UNSPECIFIED.,.F.,.F.,(4,3,3,3,4),(0.,0.000425089,0.000850179,0.001275268,0.001700358),.UNSPECIFIED.);
#8704=EDGE_CURVE('',#8681,#8689,#8703,.T.);
#8705=ORIENTED_EDGE('',*,*,#8704,.T.);
#8706=CARTESIAN_POINT('',(-155.999598863,-215.137249032,-7.48681226));
#8707=VERTEX_POINT('',#8706);
#8708=CARTESIAN_POINT('',(-156.,-210.839988643,-7.486651819));
#8709=CARTESIAN_POINT('',(-156.,-212.27235896,-7.486672716));
#8710=CARTESIAN_POINT('',(-155.999999999,-213.704729277,-7.486693613));
#8711=CARTESIAN_POINT('',(-155.999999998,-215.137099595,-7.48671451));
#8712=B_SPLINE_CURVE_WITH_KNOTS('',3,(#8708,#8709,#8710,#8711),.UNSPECIFIED.,.F.,.F.,(4,4),(0.,1.),.UNSPECIFIED.);
#8713=EDGE_CURVE('',#8689,#8707,#8712,.T.);
#8714=ORIENTED_EDGE('',*,*,#8713,.T.);
#8715=CARTESIAN_POINT('',(-155.999999987,-215.137249032,-7.486812324));
#8716=CARTESIAN_POINT('',(-156.000012531,-215.18609071,-7.408658567));
#8717=CARTESIAN_POINT('',(-155.991047128,-215.238178705,-7.332996836));
#8718=CARTESIAN_POINT('',(-155.973728694,-215.290213567,-7.258940532));
#8719=B_SPLINE_CURVE_WITH_KNOTS('',3,(#8715,#8716,#8717,#8718),.UNSPECIFIED.,.F.,.F.,(4,4),(-0.05571111,-0.028154559),.UNSPECIFIED.);
#8720=EDGE_CURVE('',#8707,#8662,#8719,.T.);
#8721=ORIENTED_EDGE('',*,*,#8720,.T.);
#8722=EDGE_LOOP('',(#8670,#8679,#8687,#8705,#8714,#8721));
#8723=FACE_BOUND('',#8722,.T.);
#8724=ADVANCED_FACE('',(#8723),#8660,.T.);
#8725=CARTESIAN_POINT('',(-156.,-207.5,0.));
#8726=DIRECTION('',(1.,0.,0.));
#8727=DIRECTION('',(0.,1.,0.));
#8728=AXIS2_PLACEMENT_3D('',#8725,#8726,#8727);
#8729=PLANE('',#8728);
#8730=ORIENTED_EDGE('',*,*,#8713,.F.);
#8731=CARTESIAN_POINT('',(-156.,-207.35,-10.));
#8732=VERTEX_POINT('',#8731);
#8733=CARTESIAN_POINT('',(-156.,-210.,-10.));
#8734=DIRECTION('',(-1.,-0.,-0.));
#8735=DIRECTION('',(0.,0.,-1.));
#8736=AXIS2_PLACEMENT_3D('',#8733,#8734,#8735);
#8737=CIRCLE('',#8736,2.65);
#8738=EDGE_CURVE('',#8732,#8689,#8737,.T.);
#8739=ORIENTED_EDGE('',*,*,#8738,.F.);
#8740=CARTESIAN_POINT('',(-156.,-210.,-10.));
#8741=DIRECTION('',(-1.,-0.,-0.));
#8742=DIRECTION('',(0.,0.,-1.));
#8743=AXIS2_PLACEMENT_3D('',#8740,#8741,#8742);
#8744=CIRCLE('',#8743,2.65);
#8745=EDGE_CURVE('',#8681,#8732,#8744,.T.);
#8746=ORIENTED_EDGE('',*,*,#8745,.F.);
#8747=ORIENTED_EDGE('',*,*,#8686,.F.);
#8748=CARTESIAN_POINT('',(-156.000299474,-205.047067878,-9.319117205));
#8749=VERTEX_POINT('',#8748);
#8750=CARTESIAN_POINT('',(-156.,-205.046564814,-9.319206383));
#8751=CARTESIAN_POINT('',(-156.,-205.115036207,-8.820366627));
#8752=CARTESIAN_POINT('',(-156.,-205.105496703,-8.237698793));
#8753=CARTESIAN_POINT('',(-156.,-204.977000773,-7.727867308));
#8754=CARTESIAN_POINT('',(-156.,-204.937577288,-7.612742305));
#8755=CARTESIAN_POINT('',(-156.,-204.874546907,-7.505044268));
#8756=CARTESIAN_POINT('',(-156.,-204.868874851,-7.495783779));
#8757=CARTESIAN_POINT('',(-156.,-204.862905178,-7.486714769));
#8758=B_SPLINE_CURVE_WITH_KNOTS('',3,(#8750,#8751,#8752,#8753,#8754,#8755,#8756,#8757),.UNSPECIFIED.,.F.,.F.,(4,2,2,4),(0.049777776,0.173868237,0.208031538,0.211284693),.UNSPECIFIED.);
#8759=EDGE_CURVE('',#8749,#8672,#8758,.T.);
#8760=ORIENTED_EDGE('',*,*,#8759,.F.);
#8761=CARTESIAN_POINT('',(-156.,-210.,-10.));
#8762=DIRECTION('',(-1.,-0.,-0.));
#8763=DIRECTION('',(0.,0.,-1.));
#8764=AXIS2_PLACEMENT_3D('',#8761,#8762,#8763);
#8765=CIRCLE('',#8764,5.);
#8766=EDGE_CURVE('',#8749,#8108,#8765,.T.);
#8767=ORIENTED_EDGE('',*,*,#8766,.T.);
#8768=ORIENTED_EDGE('',*,*,#8286,.T.);
#8769=CARTESIAN_POINT('',(-156.,-215.137097815,-7.486717251));
#8770=CARTESIAN_POINT('',(-156.,-215.089833542,-7.559992749));
#8771=CARTESIAN_POINT('',(-156.,-215.0529762,-7.64565437));
#8772=CARTESIAN_POINT('',(-156.,-214.927781204,-8.038956721));
#8773=CARTESIAN_POINT('',(-156.,-214.903089673,-8.442533191));
#8774=CARTESIAN_POINT('',(-156.,-214.91548452,-8.960774099));
#8775=CARTESIAN_POINT('',(-156.,-214.92923194,-9.142879142));
#8776=CARTESIAN_POINT('',(-156.,-214.953442292,-9.319258096));
#8777=B_SPLINE_CURVE_WITH_KNOTS('',3,(#8769,#8770,#8771,#8772,#8773,#8774,#8775,#8776),.UNSPECIFIED.,.F.,.F.,(4,2,2,4),(0.000000109,0.031173816,0.133562191,0.187063107),.UNSPECIFIED.);
#8778=EDGE_CURVE('',#8707,#8273,#8777,.T.);
#8779=ORIENTED_EDGE('',*,*,#8778,.F.);
#8780=EDGE_LOOP('',(#8730,#8739,#8746,#8747,#8760,#8767,#8768,#8779));
#8781=FACE_BOUND('',#8780,.T.);
#8782=ADVANCED_FACE('',(#8781),#8729,.F.);
#8783=CARTESIAN_POINT('',(-145.,-210.,-10.));
#8784=DIRECTION('',(1.,0.,0.));
#8785=DIRECTION('',(-0.,1.,0.));
#8786=AXIS2_PLACEMENT_3D('',#8783,#8784,#8785);
#8787=CYLINDRICAL_SURFACE('',#8786,2.65);
#8788=CARTESIAN_POINT('',(-145.,-207.35,-10.));
#8789=DIRECTION('',(-1.,-0.,-0.));
#8790=VECTOR('',#8789,11.);
#8791=LINE('',#8788,#8790);
#8792=EDGE_CURVE('',#8636,#8732,#8791,.T.);
#8793=ORIENTED_EDGE('',*,*,#8792,.F.);
#8794=ORIENTED_EDGE('',*,*,#8644,.T.);
#8795=ORIENTED_EDGE('',*,*,#8651,.T.);
#8796=ORIENTED_EDGE('',*,*,#8792,.T.);
#8797=ORIENTED_EDGE('',*,*,#8738,.T.);
#8798=ORIENTED_EDGE('',*,*,#8704,.F.);
#8799=ORIENTED_EDGE('',*,*,#8745,.T.);
#8800=EDGE_LOOP('',(#8793,#8794,#8795,#8796,#8797,#8798,#8799));
#8801=FACE_BOUND('',#8800,.T.);
#8802=ADVANCED_FACE('',(#8801),#8787,.F.);
#8803=CARTESIAN_POINT('',(-155.,-214.540181785,-7.905543182));
#8804=CARTESIAN_POINT('',(-155.369216716,-214.827061372,-8.527415864));
#8805=CARTESIAN_POINT('',(-156.31385582,-215.103930185,-9.811539279));
#8806=CARTESIAN_POINT('',(-158.808294807,-214.778020468,-12.008013623));
#8807=CARTESIAN_POINT('',(-161.812127912,-213.740292203,-13.434153542));
#8808=CARTESIAN_POINT('',(-165.166260874,-212.839955439,-14.125256569));
#8809=CARTESIAN_POINT('',(-167.908817976,-212.676399479,-14.223010651));
#8810=CARTESIAN_POINT('',(-170.530112739,-213.208625502,-13.868515018));
#8811=CARTESIAN_POINT('',(-173.199000748,-214.035634852,-13.055066794));
#8812=CARTESIAN_POINT('',(-175.878496203,-214.861065973,-11.63185374));
#8813=CARTESIAN_POINT('',(-178.358224105,-215.176502636,-9.383443952));
#8814=CARTESIAN_POINT('',(-179.932075221,-214.154924323,-6.712747933));
#8815=CARTESIAN_POINT('',(-180.383504198,-211.573145862,-4.922585535));
#8816=CARTESIAN_POINT('',(-180.391394322,-208.427709439,-4.928030245));
#8817=CARTESIAN_POINT('',(-179.965204541,-206.066314811,-6.556113131));
#8818=CARTESIAN_POINT('',(-178.783212191,-205.036814238,-8.704906689));
#8819=CARTESIAN_POINT('',(-177.149254859,-204.936369522,-10.541650615));
#8820=CARTESIAN_POINT('',(-175.156826497,-205.359234782,-12.031432147));
#8821=CARTESIAN_POINT('',(-172.932624485,-206.048571596,-13.135924697));
#8822=CARTESIAN_POINT('',(-170.532330179,-206.790310209,-13.86753951));
#8823=CARTESIAN_POINT('',(-167.90455862,-207.328967403,-14.223753503));
#8824=CARTESIAN_POINT('',(-165.168706238,-207.159577107,-14.124960543));
#8825=CARTESIAN_POINT('',(-162.647817568,-206.484202406,-13.606430881));
#8826=CARTESIAN_POINT('',(-160.317509027,-205.742971769,-12.721962687));
#8827=CARTESIAN_POINT('',(-158.182033573,-205.137959793,-11.458104066));
#8828=CARTESIAN_POINT('',(-156.315534033,-204.896735325,-9.811699305));
#8829=CARTESIAN_POINT('',(-155.369227109,-205.172930553,-8.527433368));
#8830=CARTESIAN_POINT('',(-155.,-205.459818215,-7.905543182));
#8831=CARTESIAN_POINT('',(-155.152692578,-214.511446123,-7.843252508));
#8832=CARTESIAN_POINT('',(-155.513472534,-214.802171743,-8.45098383));
#8833=CARTESIAN_POINT('',(-156.434672724,-215.098824478,-9.712515875));
#8834=CARTESIAN_POINT('',(-158.882390401,-214.819470136,-11.914791126));
#8835=CARTESIAN_POINT('',(-161.853617335,-213.794446547,-13.379682337));
#8836=CARTESIAN_POINT('',(-165.18058929,-212.887451554,-14.092766296));
#8837=CARTESIAN_POINT('',(-167.90289795,-212.72204387,-14.194126097));
#8838=CARTESIAN_POINT('',(-170.50418519,-213.259646497,-13.827421443));
#8839=CARTESIAN_POINT('',(-173.148796096,-214.086792876,-12.989851665));
#8840=CARTESIAN_POINT('',(-175.796823633,-214.896373811,-11.536196958));
#8841=CARTESIAN_POINT('',(-178.227049032,-215.158578173,-9.282337265));
#8842=CARTESIAN_POINT('',(-179.760316808,-214.115239379,-6.682033657));
#8843=CARTESIAN_POINT('',(-180.216453878,-211.566836943,-4.924599295));
#8844=CARTESIAN_POINT('',(-180.223817873,-208.434588042,-4.930212222));
#8845=CARTESIAN_POINT('',(-179.794328217,-206.101684573,-6.529882977));
#8846=CARTESIAN_POINT('',(-178.64035726,-205.063175391,-8.620767096));
#8847=CARTESIAN_POINT('',(-177.043927276,-204.925377276,-10.440956329));
#8848=CARTESIAN_POINT('',(-175.083369067,-205.320040136,-11.944555667));
#8849=CARTESIAN_POINT('',(-172.885002372,-205.997070819,-13.073264199));
#8850=CARTESIAN_POINT('',(-170.506262783,-206.739468832,-13.82661426));
#8851=CARTESIAN_POINT('',(-167.898660573,-207.283379279,-14.194971833));
#8852=CARTESIAN_POINT('',(-165.182978836,-207.112005753,-14.092687795));
#8853=CARTESIAN_POINT('',(-162.682494647,-206.431846849,-13.557212251));
#8854=CARTESIAN_POINT('',(-160.375236753,-205.694674478,-12.648894989));
#8855=CARTESIAN_POINT('',(-158.267841046,-205.108392177,-11.363107034));
#8856=CARTESIAN_POINT('',(-156.436348418,-204.901749226,-9.712872745));
#8857=CARTESIAN_POINT('',(-155.513482689,-205.197820074,-8.451000936));
#8858=CARTESIAN_POINT('',(-155.152692578,-205.488553877,-7.843252508));
#8859=CARTESIAN_POINT('',(-155.457245586,-214.532306568,-7.682947207));
#8860=CARTESIAN_POINT('',(-155.801216416,-214.832685673,-8.274587418));
#8861=CARTESIAN_POINT('',(-156.675776837,-215.162084494,-9.514881022));
#8862=CARTESIAN_POINT('',(-159.030349719,-214.941862086,-11.750997251));
#8863=CARTESIAN_POINT('',(-161.936542941,-213.916755411,-13.28615235));
#8864=CARTESIAN_POINT('',(-165.209215712,-212.98795056,-14.036300033));
#8865=CARTESIAN_POINT('',(-167.891062493,-212.817731514,-14.143576141));
#8866=CARTESIAN_POINT('',(-170.452343437,-213.370163874,-13.756629557));
#8867=CARTESIAN_POINT('',(-173.048452961,-214.209819265,-12.877073003));
#8868=CARTESIAN_POINT('',(-175.633642355,-215.012113343,-11.364725221));
#8869=CARTESIAN_POINT('',(-177.965203189,-215.204873222,-9.075838775));
#8870=CARTESIAN_POINT('',(-179.417691057,-214.114636407,-6.558974799));
#8871=CARTESIAN_POINT('',(-179.883155559,-211.57963261,-4.841109833));
#8872=CARTESIAN_POINT('',(-179.889481159,-208.422726756,-4.84687335));
#8873=CARTESIAN_POINT('',(-179.45346093,-206.098972073,-6.413120168));
#8874=CARTESIAN_POINT('',(-178.355277262,-205.03250844,-8.433581138));
#8875=CARTESIAN_POINT('',(-176.833607942,-204.840009948,-10.249198135));
#8876=CARTESIAN_POINT('',(-174.936600805,-205.203176847,-11.789858432));
#8877=CARTESIAN_POINT('',(-172.789817781,-205.874698852,-12.964966693));
#8878=CARTESIAN_POINT('',(-170.45414665,-206.629254963,-13.756056564));
#8879=CARTESIAN_POINT('',(-167.886846865,-207.187808378,-14.144597247));
#8880=CARTESIAN_POINT('',(-165.211492644,-207.011445532,-14.036571198));
#8881=CARTESIAN_POINT('',(-162.751776895,-206.315100232,-13.472568467));
#8882=CARTESIAN_POINT('',(-160.490557294,-205.571837972,-12.521518229));
#8883=CARTESIAN_POINT('',(-158.439182402,-205.000982411,-11.190270739));
#8884=CARTESIAN_POINT('',(-156.677456249,-204.838410731,-9.515548992));
#8885=CARTESIAN_POINT('',(-155.801226098,-205.167305872,-8.274604071));
#8886=CARTESIAN_POINT('',(-155.457245586,-205.467693432,-7.682947207));
#8887=CARTESIAN_POINT('',(-155.860694538,-214.831678685,-7.345229906));
#8888=CARTESIAN_POINT('',(-156.187185535,-215.152034505,-7.95512979));
#8889=CARTESIAN_POINT('',(-157.01413983,-215.503462412,-9.239460577));
#8890=CARTESIAN_POINT('',(-159.262371885,-215.264849513,-11.574243293));
#8891=CARTESIAN_POINT('',(-162.074470154,-214.167980518,-13.183908762));
#8892=CARTESIAN_POINT('',(-165.258254781,-213.178126255,-13.969633162));
#8893=CARTESIAN_POINT('',(-167.870703115,-212.996785029,-14.082083789));
#8894=CARTESIAN_POINT('',(-170.364523413,-213.585392746,-13.676702113));
#8895=CARTESIAN_POINT('',(-172.885419153,-214.481327336,-12.754958845));
#8896=CARTESIAN_POINT('',(-175.383250694,-215.340787582,-11.171022919));
#8897=CARTESIAN_POINT('',(-177.604900177,-215.549632558,-8.779858494));
#8898=CARTESIAN_POINT('',(-178.976730159,-214.386018245,-6.187149713));
#8899=CARTESIAN_POINT('',(-179.441289707,-211.684221484,-4.426369583));
#8900=CARTESIAN_POINT('',(-179.44673216,-208.318368245,-4.432097648));
#8901=CARTESIAN_POINT('',(-179.0131455,-205.841577137,-6.038663909));
#8902=CARTESIAN_POINT('',(-177.972154781,-204.703901605,-8.11709958));
#8903=CARTESIAN_POINT('',(-176.529102489,-204.499487186,-10.005222887));
#8904=CARTESIAN_POINT('',(-174.709501346,-204.890157073,-11.616188221));
#8905=CARTESIAN_POINT('',(-172.634463352,-205.608746668,-12.847192996));
#8906=CARTESIAN_POINT('',(-170.366099078,-206.414040385,-13.676105225));
#8907=CARTESIAN_POINT('',(-167.866628669,-207.009075459,-14.08317552));
#8908=CARTESIAN_POINT('',(-165.260400087,-206.821282422,-13.969997141));
#8909=CARTESIAN_POINT('',(-162.867596864,-206.079028355,-13.379057157));
#8910=CARTESIAN_POINT('',(-160.675205537,-205.285013816,-12.382503853));
#8911=CARTESIAN_POINT('',(-158.697839515,-204.673150066,-10.988633425));
#8912=CARTESIAN_POINT('',(-157.015741184,-204.497114252,-9.240243088));
#8913=CARTESIAN_POINT('',(-156.187194725,-204.847956478,-7.955146958));
#8914=CARTESIAN_POINT('',(-155.860694538,-205.168321315,-7.345229906));
#8915=CARTESIAN_POINT('',(-155.938842501,-215.216179228,-7.12918895));
#8916=CARTESIAN_POINT('',(-156.270844222,-215.551517462,-7.787139932));
#8917=CARTESIAN_POINT('',(-157.116033146,-215.891261046,-9.157682845));
#8918=CARTESIAN_POINT('',(-159.378522573,-215.55799018,-11.564939252));
#8919=CARTESIAN_POINT('',(-162.159754891,-214.368308402,-13.171396408));
#8920=CARTESIAN_POINT('',(-165.290916963,-213.321875092,-13.953002616));
#8921=CARTESIAN_POINT('',(-167.856864439,-213.131176965,-14.064149398));
#8922=CARTESIAN_POINT('',(-170.307216814,-213.751072711,-13.662118978));
#8923=CARTESIAN_POINT('',(-172.791434552,-214.707242412,-12.743777415));
#8924=CARTESIAN_POINT('',(-175.265894272,-215.64849106,-11.150919661));
#8925=CARTESIAN_POINT('',(-177.508208518,-215.962548029,-8.68625926));
#8926=CARTESIAN_POINT('',(-178.913806881,-214.759595386,-5.871486406));
#8927=CARTESIAN_POINT('',(-179.353549875,-211.811093106,-3.98078351));
#8928=CARTESIAN_POINT('',(-179.359887056,-208.190456483,-3.986592601));
#8929=CARTESIAN_POINT('',(-178.947320616,-205.49153039,-5.708491812));
#8930=CARTESIAN_POINT('',(-177.886174489,-204.292653754,-7.969176517));
#8931=CARTESIAN_POINT('',(-176.41880987,-204.140008921,-9.952916513));
#8932=CARTESIAN_POINT('',(-174.599098664,-204.603314709,-11.598293036));
#8933=CARTESIAN_POINT('',(-172.543781582,-205.389647954,-12.835340744));
#8934=CARTESIAN_POINT('',(-170.309044086,-206.247905597,-13.661255255));
#8935=CARTESIAN_POINT('',(-167.852713529,-206.87501658,-14.065117994));
#8936=CARTESIAN_POINT('',(-165.293075439,-206.677548708,-13.952976505));
#8937=CARTESIAN_POINT('',(-162.939704751,-205.89265055,-13.365954867));
#8938=CARTESIAN_POINT('',(-160.775813469,-205.039003278,-12.37021818));
#8939=CARTESIAN_POINT('',(-158.810704118,-204.355944759,-10.961724187));
#8940=CARTESIAN_POINT('',(-157.117632703,-204.109469433,-9.158112808));
#8941=CARTESIAN_POINT('',(-156.270853567,-204.448473099,-7.787158451));
#8942=CARTESIAN_POINT('',(-155.938842501,-204.783820772,-7.12918895));
#8943=CARTESIAN_POINT('',(-155.896296296,-215.448218142,-7.043196129));
#8944=CARTESIAN_POINT('',(-156.238163626,-215.792473647,-7.734165775));
#8945=CARTESIAN_POINT('',(-157.112829463,-216.124716222,-9.160969569));
#8946=CARTESIAN_POINT('',(-159.422495192,-215.733624561,-11.601496618));
#8947=CARTESIAN_POINT('',(-162.203822141,-214.488350643,-13.186096528));
#8948=CARTESIAN_POINT('',(-165.309500809,-213.407946527,-13.95398878));
#8949=CARTESIAN_POINT('',(-167.848905533,-213.211679375,-14.062604427));
#8950=CARTESIAN_POINT('',(-170.276030314,-213.850350602,-13.66872039));
#8951=CARTESIAN_POINT('',(-172.747222914,-214.842761823,-12.764889031));
#8952=CARTESIAN_POINT('',(-175.228237225,-215.833279168,-11.183541193));
#8953=CARTESIAN_POINT('',(-177.524281579,-216.211803163,-8.685308095));
#8954=CARTESIAN_POINT('',(-178.98155113,-214.985909188,-5.717868074));
#8955=CARTESIAN_POINT('',(-179.399540924,-211.887775034,-3.728798742));
#8956=CARTESIAN_POINT('',(-179.406846595,-208.113251327,-3.73484842));
#8957=CARTESIAN_POINT('',(-179.012226427,-205.279577773,-5.543829404));
#8958=CARTESIAN_POINT('',(-177.917789066,-204.044177086,-7.931377803));
#8959=CARTESIAN_POINT('',(-176.404865611,-203.923643426,-9.972204386));
#8960=CARTESIAN_POINT('',(-174.560024534,-204.431081739,-11.6275172));
#8961=CARTESIAN_POINT('',(-172.500578227,-205.258285915,-12.854731145));
#8962=CARTESIAN_POINT('',(-170.278083499,-206.14837225,-13.667636493));
#8963=CARTESIAN_POINT('',(-167.844961685,-206.794760883,-14.063429818));
#8964=CARTESIAN_POINT('',(-165.311765035,-206.591492529,-13.953659862));
#8965=CARTESIAN_POINT('',(-162.97760886,-205.781042887,-13.377515794));
#8966=CARTESIAN_POINT('',(-160.819915766,-204.891566123,-12.394773356));
#8967=CARTESIAN_POINT('',(-158.842623679,-204.165551752,-10.990486));
#8968=CARTESIAN_POINT('',(-157.114383364,-203.87608239,-9.161147376));
#8969=CARTESIAN_POINT('',(-156.238173249,-204.207516663,-7.734185224));
#8970=CARTESIAN_POINT('',(-155.896296296,-204.551781858,-7.043196129));
#8971=B_SPLINE_SURFACE_WITH_KNOTS('',3,3,((#8803,#8804,#8805,#8806,#8807,#8808,#8809,#8810,#8811,#8812,#8813,#8814,#8815,#8816,#8817,#8818,#8819,#8820,#8821,#8822,#8823,#8824,#8825,#8826,#8827,#8828,
#8829,#8830),(#8831,#8832,#8833,#8834,#8835,#8836,#8837,#8838,#8839,#8840,#8841,#8842,#8843,#8844,#8845,#8846,#8847,#8848,#8849,#8850,#8851,#8852,#8853,#8854,#8855,#8856,
#8857,#8858),(#8859,#8860,#8861,#8862,#8863,#8864,#8865,#8866,#8867,#8868,#8869,#8870,#8871,#8872,#8873,#8874,#8875,#8876,#8877,#8878,#8879,#8880,#8881,#8882,#8883,#8884,
#8885,#8886),(#8887,#8888,#8889,#8890,#8891,#8892,#8893,#8894,#8895,#8896,#8897,#8898,#8899,#8900,#8901,#8902,#8903,#8904,#8905,#8906,#8907,#8908,#8909,#8910,#8911,#8912,
#8913,#8914),(#8915,#8916,#8917,#8918,#8919,#8920,#8921,#8922,#8923,#8924,#8925,#8926,#8927,#8928,#8929,#8930,#8931,#8932,#8933,#8934,#8935,#8936,#8937,#8938,#8939,#8940,
#8941,#8942),(#8943,#8944,#8945,#8946,#8947,#8948,#8949,#8950,#8951,#8952,#8953,#8954,#8955,#8956,#8957,#8958,#8959,#8960,#8961,#8962,#8963,#8964,#8965,#8966,#8967,#8968,
#8969,#8970)),.UNSPECIFIED.,.F.,.F.,.U.,(4,1,1,4),(4,1,1,1,1,1,1,1,1,1,1,1,1,1,1,1,1,1,1,1,1,1,1,1,1,4),(0.,0.285714286,0.571428571,1.),(5.180553439,5.450839977,5.721126514,6.261699588,6.531986125,6.802272662,7.072559199,7.342845736,7.703227786,8.063609835,8.423991885,8.784373934,9.144755984,9.505138033,9.77542457,10.045711107,10.315997644,10.586284182,10.856570719,11.126857256,11.397143793,11.66743033,11.937716867,12.208003404,12.478289941,12.748576478),.UNSPECIFIED.);
#8972=ORIENTED_EDGE('',*,*,#8778,.T.);
#8973=ORIENTED_EDGE('',*,*,#8279,.T.);
#8974=ORIENTED_EDGE('',*,*,#8270,.T.);
#8975=ORIENTED_EDGE('',*,*,#8228,.T.);
#8976=ORIENTED_EDGE('',*,*,#8161,.T.);
#8977=CARTESIAN_POINT('',(-156.612319064,-205.,-10.));
#8978=CARTESIAN_POINT('',(-156.397856046,-205.,-9.779525147));
#8979=CARTESIAN_POINT('',(-156.193961416,-205.014584847,-9.551837671));
#8980=CARTESIAN_POINT('',(-156.000299474,-205.046586183,-9.319050986));
#8981=B_SPLINE_CURVE_WITH_KNOTS('',3,(#8977,#8978,#8979,#8980),.UNSPECIFIED.,.F.,.F.,(4,4),(12.442361195,12.544604982),.UNSPECIFIED.);
#8982=EDGE_CURVE('',#8106,#8749,#8981,.T.);
#8983=ORIENTED_EDGE('',*,*,#8982,.T.);
#8984=ORIENTED_EDGE('',*,*,#8759,.T.);
#8985=ORIENTED_EDGE('',*,*,#8678,.F.);
#8986=CARTESIAN_POINT('',(-155.896296297,-204.551781863,-7.043196131));
#8987=VERTEX_POINT('',#8986);
#8988=CARTESIAN_POINT('',(-155.896296296,-204.551781858,-7.043196129));
#8989=CARTESIAN_POINT('',(-155.930253859,-204.604464184,-7.111829902));
#8990=CARTESIAN_POINT('',(-155.956291928,-204.657146511,-7.184378005));
#8991=CARTESIAN_POINT('',(-155.973728842,-204.709828837,-7.258941166));
#8992=B_SPLINE_CURVE_WITH_KNOTS('',3,(#8988,#8989,#8990,#8991),.UNSPECIFIED.,.F.,.F.,(4,4),(0.,1.),.UNSPECIFIED.);
#8993=EDGE_CURVE('',#8987,#8664,#8992,.T.);
#8994=ORIENTED_EDGE('',*,*,#8993,.F.);
#8995=CARTESIAN_POINT('',(-156.000044743,-204.455201175,-7.247998994));
#8996=VERTEX_POINT('',#8995);
#8997=CARTESIAN_POINT('',(-155.999991453,-204.455201145,-7.24802664));
#8998=CARTESIAN_POINT('',(-155.964494735,-204.485731106,-7.179478963));
#8999=CARTESIAN_POINT('',(-155.929963567,-204.517879399,-7.111243175));
#9000=CARTESIAN_POINT('',(-155.896296296,-204.551781858,-7.043196129));
#9001=B_SPLINE_CURVE_WITH_KNOTS('',3,(#8997,#8998,#8999,#9000),.UNSPECIFIED.,.F.,.F.,(4,4),(12.721959271,12.748576478),.UNSPECIFIED.);
#9002=EDGE_CURVE('',#8996,#8987,#9001,.T.);
#9003=ORIENTED_EDGE('',*,*,#9002,.F.);
#9004=CARTESIAN_POINT('',(-156.000034146,-215.5448111,-7.247997411));
#9005=VERTEX_POINT('',#9004);
#9006=CARTESIAN_POINT('',(-155.999991453,-204.455201145,-7.24802664));
#9007=CARTESIAN_POINT('',(-156.313082879,-204.185934598,-7.852637182));
#9008=CARTESIAN_POINT('',(-156.696553417,-204.048497132,-8.467229552));
#9009=CARTESIAN_POINT('',(-157.133446241,-204.01111935,-9.044389052));
#9010=CARTESIAN_POINT('',(-157.570339065,-203.973741569,-9.621548553));
#9011=CARTESIAN_POINT('',(-158.059186636,-204.036548907,-10.161770832));
#9012=CARTESIAN_POINT('',(-158.583235561,-204.161290869,-10.649575044));
#9013=CARTESIAN_POINT('',(-159.107284485,-204.286032831,-11.137379256));
#9014=CARTESIAN_POINT('',(-159.665136842,-204.472580773,-11.572620618));
#9015=CARTESIAN_POINT('',(-160.247511448,-204.690373862,-11.954348409));
#9016=CARTESIAN_POINT('',(-160.829886055,-204.908166951,-12.336076199));
#9017=CARTESIAN_POINT('',(-161.436376971,-205.156166088,-12.664443675));
#9018=CARTESIAN_POINT('',(-162.064815144,-205.405588178,-12.9410189));
#9019=CARTESIAN_POINT('',(-162.693253316,-205.655010267,-13.217594124));
#9020=CARTESIAN_POINT('',(-163.343938752,-205.908934415,-13.442601339));
#9021=CARTESIAN_POINT('',(-164.017968307,-206.129723551,-13.614086042));
#9022=CARTESIAN_POINT('',(-164.354983085,-206.24011812,-13.699828394));
#9023=CARTESIAN_POINT('',(-164.697855289,-206.34108227,-13.772116028));
#9024=CARTESIAN_POINT('',(-165.046789301,-206.425098427,-13.830220023));
#9025=CARTESIAN_POINT('',(-165.395723314,-206.509114585,-13.888324019));
#9026=CARTESIAN_POINT('',(-165.751372876,-206.575612482,-13.932252308));
#9027=CARTESIAN_POINT('',(-166.110371008,-206.620425774,-13.960763799));
#9028=CARTESIAN_POINT('',(-166.46936914,-206.665239066,-13.98927529));
#9029=CARTESIAN_POINT('',(-166.832128381,-206.687329343,-14.002384624));
#9030=CARTESIAN_POINT('',(-167.194576945,-206.684269526,-13.999642203));
#9031=CARTESIAN_POINT('',(-167.557025509,-206.681209709,-13.996899782));
#9032=CARTESIAN_POINT('',(-167.919280304,-206.652653903,-13.978282799));
#9033=CARTESIAN_POINT('',(-168.276521309,-206.599656456,-13.944508733));
#9034=CARTESIAN_POINT('',(-168.991003318,-206.49366156,-13.876960602));
#9035=CARTESIAN_POINT('',(-169.686597167,-206.295700946,-13.749142129));
#9036=CARTESIAN_POINT('',(-170.356857672,-206.070117966,-13.568259117));
#9037=CARTESIAN_POINT('',(-171.027118177,-205.844534986,-13.387376104));
#9038=CARTESIAN_POINT('',(-171.672479676,-205.58966777,-13.153920258));
#9039=CARTESIAN_POINT('',(-172.296931923,-205.339613363,-12.868460696));
#9040=CARTESIAN_POINT('',(-172.921384169,-205.089558956,-12.583001133));
#9041=CARTESIAN_POINT('',(-173.525500517,-204.844671945,-12.244772711));
#9042=CARTESIAN_POINT('',(-174.103646799,-204.6333982,-11.853691685));
#9043=CARTESIAN_POINT('',(-174.681793081,-204.422124456,-11.46261066));
#9044=CARTESIAN_POINT('',(-175.235592377,-204.243340195,-11.017135234));
#9045=CARTESIAN_POINT('',(-175.752853418,-204.129997086,-10.520982637));
#9046=CARTESIAN_POINT('',(-176.270114459,-204.016653976,-10.024830039));
#9047=CARTESIAN_POINT('',(-176.75193101,-203.968108854,-9.475768487));
#9048=CARTESIAN_POINT('',(-177.179501021,-204.022303126,-8.892811318));
#9049=CARTESIAN_POINT('',(-177.393286026,-204.049400262,-8.601332733));
#9050=CARTESIAN_POINT('',(-177.593406264,-204.102365423,-8.301739485));
#9051=CARTESIAN_POINT('',(-177.77741131,-204.185546284,-7.999452878));
#9052=CARTESIAN_POINT('',(-177.961416356,-204.268727146,-7.697166271));
#9053=CARTESIAN_POINT('',(-178.129558909,-204.38254499,-7.391683223));
#9054=CARTESIAN_POINT('',(-178.279978435,-204.52860953,-7.090892791));
#9055=CARTESIAN_POINT('',(-178.43039796,-204.674674071,-6.79010236));
#9056=CARTESIAN_POINT('',(-178.563291765,-204.853188524,-6.49361887));
#9057=CARTESIAN_POINT('',(-178.678395098,-205.06403841,-6.210707692));
#9058=CARTESIAN_POINT('',(-178.793498431,-205.274888296,-5.927796513));
#9059=CARTESIAN_POINT('',(-178.890529312,-205.519072146,-5.659455003));
#9060=CARTESIAN_POINT('',(-178.971936411,-205.791426239,-5.412432218));
#9061=CARTESIAN_POINT('',(-179.134750609,-206.336134427,-4.918386646));
#9062=CARTESIAN_POINT('',(-179.234842257,-206.994376625,-4.512661017));
#9063=CARTESIAN_POINT('',(-179.296947799,-207.714446282,-4.235774915));
#9064=CARTESIAN_POINT('',(-179.359053341,-208.43451594,-3.958888814));
#9065=CARTESIAN_POINT('',(-179.383801456,-209.217510691,-3.814783314));
#9066=CARTESIAN_POINT('',(-179.38379502,-210.000304595,-3.814817467));
#9067=CARTESIAN_POINT('',(-179.383788584,-210.783098499,-3.81485162));
#9068=CARTESIAN_POINT('',(-179.359212839,-211.566220177,-3.958095723));
#9069=CARTESIAN_POINT('',(-179.297120537,-212.286338127,-4.235004679));
#9070=CARTESIAN_POINT('',(-179.235028236,-213.006456078,-4.511913635));
#9071=CARTESIAN_POINT('',(-179.134816054,-213.665210862,-4.91824966));
#9072=CARTESIAN_POINT('',(-178.971791497,-214.209668686,-5.412871918));
#9073=CARTESIAN_POINT('',(-178.890279219,-214.481897597,-5.660183046));
#9074=CARTESIAN_POINT('',(-178.793048331,-214.724921184,-5.928971956));
#9075=CARTESIAN_POINT('',(-178.67799219,-214.935842571,-6.211697873));
#9076=CARTESIAN_POINT('',(-178.562936049,-215.146763957,-6.494423789));
#9077=CARTESIAN_POINT('',(-178.430008295,-215.323710028,-6.790949525));
#9078=CARTESIAN_POINT('',(-178.279472503,-215.469018404,-7.091904376));
#9079=CARTESIAN_POINT('',(-177.978400919,-215.759635156,-7.693814078));
#9080=CARTESIAN_POINT('',(-177.60653442,-215.923239813,-8.310650441));
#9081=CARTESIAN_POINT('',(-177.17910957,-215.977806385,-8.893345));
#9082=CARTESIAN_POINT('',(-176.751684719,-216.032372956,-9.476039559));
#9083=CARTESIAN_POINT('',(-176.269747523,-215.983352008,-10.025252085));
#9084=CARTESIAN_POINT('',(-175.752216719,-215.868672445,-10.52159331));
#9085=CARTESIAN_POINT('',(-175.234685915,-215.753992881,-11.017934535));
#9086=CARTESIAN_POINT('',(-174.681789135,-215.575826885,-11.462583455));
#9087=CARTESIAN_POINT('',(-174.104013958,-215.365526002,-11.853443315));
#9088=CARTESIAN_POINT('',(-173.52623878,-215.155225118,-12.244303176));
#9089=CARTESIAN_POINT('',(-172.92243153,-214.911450122,-12.582475617));
#9090=CARTESIAN_POINT('',(-172.297634809,-214.66148107,-12.868139355));
#9091=CARTESIAN_POINT('',(-171.672838088,-214.411512018,-13.153803093));
#9092=CARTESIAN_POINT('',(-171.027888786,-214.156426009,-13.387103014));
#9093=CARTESIAN_POINT('',(-170.357950268,-213.931277947,-13.567964205));
#9094=CARTESIAN_POINT('',(-169.688011751,-213.706129886,-13.748825395));
#9095=CARTESIAN_POINT('',(-168.991540524,-213.509531018,-13.876907439));
#9096=CARTESIAN_POINT('',(-168.276562281,-213.403794034,-13.94450486));
#9097=CARTESIAN_POINT('',(-167.919073159,-213.350925541,-13.97830357));
#9098=CARTESIAN_POINT('',(-167.557463145,-213.320711814,-13.996887609));
#9099=CARTESIAN_POINT('',(-167.194882294,-213.316798037,-13.999639889));
#9100=CARTESIAN_POINT('',(-166.832301443,-213.31288426,-14.002392168));
#9101=CARTESIAN_POINT('',(-166.4697215,-213.334767483,-13.989307233));
#9102=CARTESIAN_POINT('',(-166.110234635,-213.378980447,-13.960752968));
#9103=CARTESIAN_POINT('',(-165.75074777,-213.42319341,-13.932198702));
#9104=CARTESIAN_POINT('',(-165.394849974,-213.489759092,-13.888200095));
#9105=CARTESIAN_POINT('',(-165.046048894,-213.574081335,-13.830096709));
#9106=CARTESIAN_POINT('',(-164.697247814,-213.658403579,-13.771993323));
#9107=CARTESIAN_POINT('',(-164.354779943,-213.759883968,-13.69978329));
#9108=CARTESIAN_POINT('',(-164.017746139,-213.869988964,-13.614029517));
#9109=CARTESIAN_POINT('',(-163.343678531,-214.090198955,-13.44252197));
#9110=CARTESIAN_POINT('',(-162.693323677,-214.346671801,-13.217628962));
#9111=CARTESIAN_POINT('',(-162.0647561,-214.596759214,-12.940992914));
#9112=CARTESIAN_POINT('',(-161.436188523,-214.846846628,-12.664356867));
#9113=CARTESIAN_POINT('',(-160.830052275,-215.094400023,-12.336174021));
#9114=CARTESIAN_POINT('',(-160.247651187,-215.310719499,-11.954440002));
#9115=CARTESIAN_POINT('',(-159.665250099,-215.527038976,-11.572705982));
#9116=CARTESIAN_POINT('',(-159.108234383,-215.712086308,-11.138184495));
#9117=CARTESIAN_POINT('',(-158.583973455,-215.837242619,-10.650261848));
#9118=CARTESIAN_POINT('',(-158.059712527,-215.962398931,-10.162339201));
#9119=CARTESIAN_POINT('',(-157.570574825,-216.026190441,-9.621839674));
#9120=CARTESIAN_POINT('',(-157.13357408,-215.989012059,-9.044557932));
#9121=CARTESIAN_POINT('',(-156.696573336,-215.951833677,-8.467276189));
#9122=CARTESIAN_POINT('',(-156.313045433,-215.8141299,-7.852565615));
#9123=CARTESIAN_POINT('',(-155.99998856,-215.544811123,-7.248021053));
#9124=B_SPLINE_CURVE_WITH_KNOTS('',3,(#9006,#9007,#9008,#9009,#9010,#9011,#9012,#9013,#9014,#9015,#9016,#9017,#9018,#9019,#9020,#9021,#9022,#9023,#9024,#9025,#9026,#9027,#9028,#9029,#9030,#9031,
#9032,#9033,#9034,#9035,#9036,#9037,#9038,#9039,#9040,#9041,#9042,#9043,#9044,#9045,#9046,#9047,#9048,#9049,#9050,#9051,#9052,#9053,#9054,#9055,#9056,
#9057,#9058,#9059,#9060,#9061,#9062,#9063,#9064,#9065,#9066,#9067,#9068,#9069,#9070,#9071,#9072,#9073,#9074,#9075,#9076,#9077,#9078,#9079,#9080,#9081,
#9082,#9083,#9084,#9085,#9086,#9087,#9088,#9089,#9090,#9091,#9092,#9093,#9094,#9095,#9096,#9097,#9098,#9099,#9100,#9101,#9102,#9103,#9104,#9105,#9106,
#9107,#9108,#9109,#9110,#9111,#9112,#9113,#9114,#9115,#9116,#9117,#9118,#9119,#9120,#9121,#9122,#9123),.UNSPECIFIED.,.F.,.F.,(4,3,3,3,3,3,3,3,3,3,3,3,3,3,3,3,3,3,3,3,3,3,3,3,3,3,
3,3,3,3,3,3,3,3,3,3,3,3,3,4),(-12.721959271,-12.48712216,-12.252285049,-12.017447937,-11.782610826,-11.547773715,-11.430355159,-11.312936604,-11.195518048,-11.078099492,-10.843262381,-10.60842527,-10.373588159,-10.138751048,-9.903913936,-9.786495381,-9.669076825,-9.55165827,-9.434239714,-9.199402603,-8.964565492,-8.72972838,-8.494891269,-8.377472713,-8.260054158,-8.025217047,
-7.790379935,-7.555542824,-7.320705713,-7.085868602,-6.851031491,-6.733612935,-6.616194379,-6.498775824,-6.381357268,-6.146520157,-5.911683046,-5.676845934,-5.442008823,-5.207171712),.UNSPECIFIED.);
#9125=EDGE_CURVE('',#8996,#9005,#9124,.T.);
#9126=ORIENTED_EDGE('',*,*,#9125,.T.);
#9127=CARTESIAN_POINT('',(-155.896296296,-215.448218142,-7.043196129));
#9128=VERTEX_POINT('',#9127);
#9129=CARTESIAN_POINT('',(-155.896296296,-215.448218142,-7.043196129));
#9130=CARTESIAN_POINT('',(-155.929963965,-215.482121002,-7.11124398));
#9131=CARTESIAN_POINT('',(-155.964493138,-215.514272938,-7.179475796));
#9132=CARTESIAN_POINT('',(-155.99998856,-215.544811123,-7.248021053));
#9133=B_SPLINE_CURVE_WITH_KNOTS('',3,(#9129,#9130,#9131,#9132),.UNSPECIFIED.,.F.,.F.,(4,4),(5.180553439,5.207171712),.UNSPECIFIED.);
#9134=EDGE_CURVE('',#9128,#9005,#9133,.T.);
#9135=ORIENTED_EDGE('',*,*,#9134,.F.);
#9136=CARTESIAN_POINT('',(-155.973728843,-215.290170772,-7.258941167));
#9137=CARTESIAN_POINT('',(-155.956291929,-215.342853229,-7.184378006));
#9138=CARTESIAN_POINT('',(-155.930253859,-215.395535685,-7.111829903));
#9139=CARTESIAN_POINT('',(-155.896296296,-215.448218142,-7.043196129));
#9140=B_SPLINE_CURVE_WITH_KNOTS('',3,(#9136,#9137,#9138,#9139),.UNSPECIFIED.,.F.,.F.,(4,4),(0.,1.),.UNSPECIFIED.);
#9141=EDGE_CURVE('',#8662,#9128,#9140,.T.);
#9142=ORIENTED_EDGE('',*,*,#9141,.F.);
#9143=ORIENTED_EDGE('',*,*,#8720,.F.);
#9144=EDGE_LOOP('',(#8972,#8973,#8974,#8975,#8976,#8983,#8984,#8985,#8994,#9003,#9126,#9135,#9142,#9143));
#9145=FACE_BOUND('',#9144,.T.);
#9146=ADVANCED_FACE('',(#9145),#8971,.F.);
#9147=CARTESIAN_POINT('',(-137.6,-230.,27.4));
#9148=DIRECTION('',(0.,0.,-1.));
#9149=DIRECTION('',(1.,0.,0.));
#9150=AXIS2_PLACEMENT_3D('',#9147,#9148,#9149);
#9151=PLANE('',#9150);
#9152=CARTESIAN_POINT('',(-135.,-210.,27.4));
#9153=VERTEX_POINT('',#9152);
#9154=CARTESIAN_POINT('',(-137.6,-210.,27.4));
#9155=VERTEX_POINT('',#9154);
#9156=CARTESIAN_POINT('',(-135.,-210.,27.4));
#9157=DIRECTION('',(-1.,-0.,0.));
#9158=VECTOR('',#9157,2.6);
#9159=LINE('',#9156,#9158);
#9160=EDGE_CURVE('',#9153,#9155,#9159,.T.);
#9161=ORIENTED_EDGE('',*,*,#9160,.T.);
#9162=CARTESIAN_POINT('',(-137.6,-210.2,27.4));
#9163=VERTEX_POINT('',#9162);
#9164=CARTESIAN_POINT('',(-137.6,-210.,27.4));
#9165=DIRECTION('',(0.,-1.,0.));
#9166=VECTOR('',#9165,0.2);
#9167=LINE('',#9164,#9166);
#9168=EDGE_CURVE('',#9155,#9163,#9167,.T.);
#9169=ORIENTED_EDGE('',*,*,#9168,.T.);
#9170=CARTESIAN_POINT('',(-132.4,-210.2,27.4));
#9171=VERTEX_POINT('',#9170);
#9172=CARTESIAN_POINT('',(-137.6,-210.2,27.4));
#9173=DIRECTION('',(1.,0.,-0.));
#9174=VECTOR('',#9173,5.2);
#9175=LINE('',#9172,#9174);
#9176=EDGE_CURVE('',#9163,#9171,#9175,.T.);
#9177=ORIENTED_EDGE('',*,*,#9176,.T.);
#9178=CARTESIAN_POINT('',(-132.4,-210.,27.4));
#9179=VERTEX_POINT('',#9178);
#9180=CARTESIAN_POINT('',(-132.4,-210.2,27.4));
#9181=DIRECTION('',(-0.,1.,-0.));
#9182=VECTOR('',#9181,0.2);
#9183=LINE('',#9180,#9182);
#9184=EDGE_CURVE('',#9171,#9179,#9183,.T.);
#9185=ORIENTED_EDGE('',*,*,#9184,.T.);
#9186=CARTESIAN_POINT('',(-132.4,-210.,27.4));
#9187=DIRECTION('',(-1.,-0.,0.));
#9188=VECTOR('',#9187,2.6);
#9189=LINE('',#9186,#9188);
#9190=EDGE_CURVE('',#9179,#9153,#9189,.T.);
#9191=ORIENTED_EDGE('',*,*,#9190,.T.);
#9192=EDGE_LOOP('',(#9161,#9169,#9177,#9185,#9191));
#9193=FACE_BOUND('',#9192,.T.);
#9194=ADVANCED_FACE('',(#9193),#9151,.F.);
#9195=CARTESIAN_POINT('',(-132.4,-230.,32.6));
#9196=DIRECTION('',(0.,0.,1.));
#9197=DIRECTION('',(-1.,0.,0.));
#9198=AXIS2_PLACEMENT_3D('',#9195,#9196,#9197);
#9199=PLANE('',#9198);
#9200=CARTESIAN_POINT('',(-135.,-210.,32.6));
#9201=VERTEX_POINT('',#9200);
#9202=CARTESIAN_POINT('',(-132.4,-210.,32.6));
#9203=VERTEX_POINT('',#9202);
#9204=CARTESIAN_POINT('',(-135.,-210.,32.6));
#9205=DIRECTION('',(1.,-0.,-0.));
#9206=VECTOR('',#9205,2.6);
#9207=LINE('',#9204,#9206);
#9208=EDGE_CURVE('',#9201,#9203,#9207,.T.);
#9209=ORIENTED_EDGE('',*,*,#9208,.T.);
#9210=CARTESIAN_POINT('',(-132.4,-210.2,32.6));
#9211=VERTEX_POINT('',#9210);
#9212=CARTESIAN_POINT('',(-132.4,-210.,32.6));
#9213=DIRECTION('',(0.,-1.,0.));
#9214=VECTOR('',#9213,0.2);
#9215=LINE('',#9212,#9214);
#9216=EDGE_CURVE('',#9203,#9211,#9215,.T.);
#9217=ORIENTED_EDGE('',*,*,#9216,.T.);
#9218=CARTESIAN_POINT('',(-137.6,-210.2,32.6));
#9219=VERTEX_POINT('',#9218);
#9220=CARTESIAN_POINT('',(-132.4,-210.2,32.6));
#9221=DIRECTION('',(-1.,0.,0.));
#9222=VECTOR('',#9221,5.2);
#9223=LINE('',#9220,#9222);
#9224=EDGE_CURVE('',#9211,#9219,#9223,.T.);
#9225=ORIENTED_EDGE('',*,*,#9224,.T.);
#9226=CARTESIAN_POINT('',(-137.6,-210.,32.6));
#9227=VERTEX_POINT('',#9226);
#9228=CARTESIAN_POINT('',(-137.6,-210.2,32.6));
#9229=DIRECTION('',(-0.,1.,-0.));
#9230=VECTOR('',#9229,0.2);
#9231=LINE('',#9228,#9230);
#9232=EDGE_CURVE('',#9219,#9227,#9231,.T.);
#9233=ORIENTED_EDGE('',*,*,#9232,.T.);
#9234=CARTESIAN_POINT('',(-137.6,-210.,32.6));
#9235=DIRECTION('',(1.,-0.,-0.));
#9236=VECTOR('',#9235,2.6);
#9237=LINE('',#9234,#9236);
#9238=EDGE_CURVE('',#9227,#9201,#9237,.T.);
#9239=ORIENTED_EDGE('',*,*,#9238,.T.);
#9240=EDGE_LOOP('',(#9209,#9217,#9225,#9233,#9239));
#9241=FACE_BOUND('',#9240,.T.);
#9242=ADVANCED_FACE('',(#9241),#9199,.F.);
#9243=CARTESIAN_POINT('',(-137.6,-230.,7.4));
#9244=DIRECTION('',(0.,0.,-1.));
#9245=DIRECTION('',(1.,0.,0.));
#9246=AXIS2_PLACEMENT_3D('',#9243,#9244,#9245);
#9247=PLANE('',#9246);
#9248=CARTESIAN_POINT('',(-135.,-210.,7.4));
#9249=VERTEX_POINT('',#9248);
#9250=CARTESIAN_POINT('',(-137.6,-210.,7.4));
#9251=VERTEX_POINT('',#9250);
#9252=CARTESIAN_POINT('',(-135.,-210.,7.4));
#9253=DIRECTION('',(-1.,-0.,0.));
#9254=VECTOR('',#9253,2.6);
#9255=LINE('',#9252,#9254);
#9256=EDGE_CURVE('',#9249,#9251,#9255,.T.);
#9257=ORIENTED_EDGE('',*,*,#9256,.T.);
#9258=CARTESIAN_POINT('',(-137.6,-210.2,7.4));
#9259=VERTEX_POINT('',#9258);
#9260=CARTESIAN_POINT('',(-137.6,-210.,7.4));
#9261=DIRECTION('',(0.,-1.,0.));
#9262=VECTOR('',#9261,0.2);
#9263=LINE('',#9260,#9262);
#9264=EDGE_CURVE('',#9251,#9259,#9263,.T.);
#9265=ORIENTED_EDGE('',*,*,#9264,.T.);
#9266=CARTESIAN_POINT('',(-132.4,-210.2,7.4));
#9267=VERTEX_POINT('',#9266);
#9268=CARTESIAN_POINT('',(-137.6,-210.2,7.4));
#9269=DIRECTION('',(1.,0.,-0.));
#9270=VECTOR('',#9269,5.2);
#9271=LINE('',#9268,#9270);
#9272=EDGE_CURVE('',#9259,#9267,#9271,.T.);
#9273=ORIENTED_EDGE('',*,*,#9272,.T.);
#9274=CARTESIAN_POINT('',(-132.4,-210.,7.4));
#9275=VERTEX_POINT('',#9274);
#9276=CARTESIAN_POINT('',(-132.4,-210.2,7.4));
#9277=DIRECTION('',(-0.,1.,-0.));
#9278=VECTOR('',#9277,0.2);
#9279=LINE('',#9276,#9278);
#9280=EDGE_CURVE('',#9267,#9275,#9279,.T.);
#9281=ORIENTED_EDGE('',*,*,#9280,.T.);
#9282=CARTESIAN_POINT('',(-132.4,-210.,7.4));
#9283=DIRECTION('',(-1.,-0.,0.));
#9284=VECTOR('',#9283,2.6);
#9285=LINE('',#9282,#9284);
#9286=EDGE_CURVE('',#9275,#9249,#9285,.T.);
#9287=ORIENTED_EDGE('',*,*,#9286,.T.);
#9288=EDGE_LOOP('',(#9257,#9265,#9273,#9281,#9287));
#9289=FACE_BOUND('',#9288,.T.);
#9290=ADVANCED_FACE('',(#9289),#9247,.F.);
#9291=CARTESIAN_POINT('',(-132.4,-230.,12.6));
#9292=DIRECTION('',(0.,0.,1.));
#9293=DIRECTION('',(-1.,0.,0.));
#9294=AXIS2_PLACEMENT_3D('',#9291,#9292,#9293);
#9295=PLANE('',#9294);
#9296=CARTESIAN_POINT('',(-135.,-210.,12.6));
#9297=VERTEX_POINT('',#9296);
#9298=CARTESIAN_POINT('',(-132.4,-210.,12.6));
#9299=VERTEX_POINT('',#9298);
#9300=CARTESIAN_POINT('',(-135.,-210.,12.6));
#9301=DIRECTION('',(1.,-0.,-0.));
#9302=VECTOR('',#9301,2.6);
#9303=LINE('',#9300,#9302);
#9304=EDGE_CURVE('',#9297,#9299,#9303,.T.);
#9305=ORIENTED_EDGE('',*,*,#9304,.T.);
#9306=CARTESIAN_POINT('',(-132.4,-210.2,12.6));
#9307=VERTEX_POINT('',#9306);
#9308=CARTESIAN_POINT('',(-132.4,-210.,12.6));
#9309=DIRECTION('',(0.,-1.,0.));
#9310=VECTOR('',#9309,0.2);
#9311=LINE('',#9308,#9310);
#9312=EDGE_CURVE('',#9299,#9307,#9311,.T.);
#9313=ORIENTED_EDGE('',*,*,#9312,.T.);
#9314=CARTESIAN_POINT('',(-137.6,-210.2,12.6));
#9315=VERTEX_POINT('',#9314);
#9316=CARTESIAN_POINT('',(-132.4,-210.2,12.6));
#9317=DIRECTION('',(-1.,0.,0.));
#9318=VECTOR('',#9317,5.2);
#9319=LINE('',#9316,#9318);
#9320=EDGE_CURVE('',#9307,#9315,#9319,.T.);
#9321=ORIENTED_EDGE('',*,*,#9320,.T.);
#9322=CARTESIAN_POINT('',(-137.6,-210.,12.6));
#9323=VERTEX_POINT('',#9322);
#9324=CARTESIAN_POINT('',(-137.6,-210.2,12.6));
#9325=DIRECTION('',(-0.,1.,-0.));
#9326=VECTOR('',#9325,0.2);
#9327=LINE('',#9324,#9326);
#9328=EDGE_CURVE('',#9315,#9323,#9327,.T.);
#9329=ORIENTED_EDGE('',*,*,#9328,.T.);
#9330=CARTESIAN_POINT('',(-137.6,-210.,12.6));
#9331=DIRECTION('',(1.,-0.,-0.));
#9332=VECTOR('',#9331,2.6);
#9333=LINE('',#9330,#9332);
#9334=EDGE_CURVE('',#9323,#9297,#9333,.T.);
#9335=ORIENTED_EDGE('',*,*,#9334,.T.);
#9336=EDGE_LOOP('',(#9305,#9313,#9321,#9329,#9335));
#9337=FACE_BOUND('',#9336,.T.);
#9338=ADVANCED_FACE('',(#9337),#9295,.F.);
#9339=CARTESIAN_POINT('',(-137.6,-230.,-12.6));
#9340=DIRECTION('',(0.,0.,-1.));
#9341=DIRECTION('',(1.,0.,0.));
#9342=AXIS2_PLACEMENT_3D('',#9339,#9340,#9341);
#9343=PLANE('',#9342);
#9344=CARTESIAN_POINT('',(-135.,-230.,-12.6));
#9345=VERTEX_POINT('',#9344);
#9346=CARTESIAN_POINT('',(-137.6,-230.,-12.6));
#9347=VERTEX_POINT('',#9346);
#9348=CARTESIAN_POINT('',(-135.,-230.,-12.6));
#9349=DIRECTION('',(-1.,-0.,0.));
#9350=VECTOR('',#9349,2.6);
#9351=LINE('',#9348,#9350);
#9352=EDGE_CURVE('',#9345,#9347,#9351,.T.);
#9353=ORIENTED_EDGE('',*,*,#9352,.T.);
#9354=CARTESIAN_POINT('',(-137.6,-230.2,-12.6));
#9355=VERTEX_POINT('',#9354);
#9356=CARTESIAN_POINT('',(-137.6,-230.,-12.6));
#9357=DIRECTION('',(0.,-1.,0.));
#9358=VECTOR('',#9357,0.2);
#9359=LINE('',#9356,#9358);
#9360=EDGE_CURVE('',#9347,#9355,#9359,.T.);
#9361=ORIENTED_EDGE('',*,*,#9360,.T.);
#9362=CARTESIAN_POINT('',(-132.4,-230.2,-12.6));
#9363=VERTEX_POINT('',#9362);
#9364=CARTESIAN_POINT('',(-137.6,-230.2,-12.6));
#9365=DIRECTION('',(1.,0.,-0.));
#9366=VECTOR('',#9365,5.2);
#9367=LINE('',#9364,#9366);
#9368=EDGE_CURVE('',#9355,#9363,#9367,.T.);
#9369=ORIENTED_EDGE('',*,*,#9368,.T.);
#9370=CARTESIAN_POINT('',(-132.4,-230.,-12.6));
#9371=VERTEX_POINT('',#9370);
#9372=CARTESIAN_POINT('',(-132.4,-230.2,-12.6));
#9373=DIRECTION('',(-0.,1.,-0.));
#9374=VECTOR('',#9373,0.2);
#9375=LINE('',#9372,#9374);
#9376=EDGE_CURVE('',#9363,#9371,#9375,.T.);
#9377=ORIENTED_EDGE('',*,*,#9376,.T.);
#9378=CARTESIAN_POINT('',(-132.4,-230.,-12.6));
#9379=DIRECTION('',(-1.,-0.,0.));
#9380=VECTOR('',#9379,2.6);
#9381=LINE('',#9378,#9380);
#9382=EDGE_CURVE('',#9371,#9345,#9381,.T.);
#9383=ORIENTED_EDGE('',*,*,#9382,.T.);
#9384=EDGE_LOOP('',(#9353,#9361,#9369,#9377,#9383));
#9385=FACE_BOUND('',#9384,.T.);
#9386=ADVANCED_FACE('',(#9385),#9343,.F.);
#9387=CARTESIAN_POINT('',(-132.4,-230.,-7.4));
#9388=DIRECTION('',(0.,0.,1.));
#9389=DIRECTION('',(-1.,0.,0.));
#9390=AXIS2_PLACEMENT_3D('',#9387,#9388,#9389);
#9391=PLANE('',#9390);
#9392=CARTESIAN_POINT('',(-135.,-230.,-7.4));
#9393=VERTEX_POINT('',#9392);
#9394=CARTESIAN_POINT('',(-132.4,-230.,-7.4));
#9395=VERTEX_POINT('',#9394);
#9396=CARTESIAN_POINT('',(-135.,-230.,-7.4));
#9397=DIRECTION('',(1.,-0.,-0.));
#9398=VECTOR('',#9397,2.6);
#9399=LINE('',#9396,#9398);
#9400=EDGE_CURVE('',#9393,#9395,#9399,.T.);
#9401=ORIENTED_EDGE('',*,*,#9400,.T.);
#9402=CARTESIAN_POINT('',(-132.4,-230.2,-7.4));
#9403=VERTEX_POINT('',#9402);
#9404=CARTESIAN_POINT('',(-132.4,-230.,-7.4));
#9405=DIRECTION('',(0.,-1.,0.));
#9406=VECTOR('',#9405,0.2);
#9407=LINE('',#9404,#9406);
#9408=EDGE_CURVE('',#9395,#9403,#9407,.T.);
#9409=ORIENTED_EDGE('',*,*,#9408,.T.);
#9410=CARTESIAN_POINT('',(-137.6,-230.2,-7.4));
#9411=VERTEX_POINT('',#9410);
#9412=CARTESIAN_POINT('',(-132.4,-230.2,-7.4));
#9413=DIRECTION('',(-1.,0.,0.));
#9414=VECTOR('',#9413,5.2);
#9415=LINE('',#9412,#9414);
#9416=EDGE_CURVE('',#9403,#9411,#9415,.T.);
#9417=ORIENTED_EDGE('',*,*,#9416,.T.);
#9418=CARTESIAN_POINT('',(-137.6,-230.,-7.4));
#9419=VERTEX_POINT('',#9418);
#9420=CARTESIAN_POINT('',(-137.6,-230.2,-7.4));
#9421=DIRECTION('',(-0.,1.,-0.));
#9422=VECTOR('',#9421,0.2);
#9423=LINE('',#9420,#9422);
#9424=EDGE_CURVE('',#9411,#9419,#9423,.T.);
#9425=ORIENTED_EDGE('',*,*,#9424,.T.);
#9426=CARTESIAN_POINT('',(-137.6,-230.,-7.4));
#9427=DIRECTION('',(1.,-0.,-0.));
#9428=VECTOR('',#9427,2.6);
#9429=LINE('',#9426,#9428);
#9430=EDGE_CURVE('',#9419,#9393,#9429,.T.);
#9431=ORIENTED_EDGE('',*,*,#9430,.T.);
#9432=EDGE_LOOP('',(#9401,#9409,#9417,#9425,#9431));
#9433=FACE_BOUND('',#9432,.T.);
#9434=ADVANCED_FACE('',(#9433),#9391,.F.);
#9435=CARTESIAN_POINT('',(-107.6,-230.,-32.6));
#9436=DIRECTION('',(0.,0.,-1.));
#9437=DIRECTION('',(1.,0.,0.));
#9438=AXIS2_PLACEMENT_3D('',#9435,#9436,#9437);
#9439=PLANE('',#9438);
#9440=CARTESIAN_POINT('',(-105.,-230.,-32.6));
#9441=VERTEX_POINT('',#9440);
#9442=CARTESIAN_POINT('',(-107.6,-230.,-32.6));
#9443=VERTEX_POINT('',#9442);
#9444=CARTESIAN_POINT('',(-105.,-230.,-32.6));
#9445=DIRECTION('',(-1.,-0.,0.));
#9446=VECTOR('',#9445,2.6);
#9447=LINE('',#9444,#9446);
#9448=EDGE_CURVE('',#9441,#9443,#9447,.T.);
#9449=ORIENTED_EDGE('',*,*,#9448,.T.);
#9450=CARTESIAN_POINT('',(-107.6,-230.2,-32.6));
#9451=VERTEX_POINT('',#9450);
#9452=CARTESIAN_POINT('',(-107.6,-230.,-32.6));
#9453=DIRECTION('',(0.,-1.,0.));
#9454=VECTOR('',#9453,0.2);
#9455=LINE('',#9452,#9454);
#9456=EDGE_CURVE('',#9443,#9451,#9455,.T.);
#9457=ORIENTED_EDGE('',*,*,#9456,.T.);
#9458=CARTESIAN_POINT('',(-102.4,-230.2,-32.6));
#9459=VERTEX_POINT('',#9458);
#9460=CARTESIAN_POINT('',(-107.6,-230.2,-32.6));
#9461=DIRECTION('',(1.,0.,-0.));
#9462=VECTOR('',#9461,5.2);
#9463=LINE('',#9460,#9462);
#9464=EDGE_CURVE('',#9451,#9459,#9463,.T.);
#9465=ORIENTED_EDGE('',*,*,#9464,.T.);
#9466=CARTESIAN_POINT('',(-102.4,-230.,-32.6));
#9467=VERTEX_POINT('',#9466);
#9468=CARTESIAN_POINT('',(-102.4,-230.2,-32.6));
#9469=DIRECTION('',(-0.,1.,-0.));
#9470=VECTOR('',#9469,0.2);
#9471=LINE('',#9468,#9470);
#9472=EDGE_CURVE('',#9459,#9467,#9471,.T.);
#9473=ORIENTED_EDGE('',*,*,#9472,.T.);
#9474=CARTESIAN_POINT('',(-102.4,-230.,-32.6));
#9475=DIRECTION('',(-1.,-0.,0.));
#9476=VECTOR('',#9475,2.6);
#9477=LINE('',#9474,#9476);
#9478=EDGE_CURVE('',#9467,#9441,#9477,.T.);
#9479=ORIENTED_EDGE('',*,*,#9478,.T.);
#9480=EDGE_LOOP('',(#9449,#9457,#9465,#9473,#9479));
#9481=FACE_BOUND('',#9480,.T.);
#9482=ADVANCED_FACE('',(#9481),#9439,.F.);
#9483=CARTESIAN_POINT('',(-102.4,-230.,-27.4));
#9484=DIRECTION('',(0.,0.,1.));
#9485=DIRECTION('',(-1.,0.,0.));
#9486=AXIS2_PLACEMENT_3D('',#9483,#9484,#9485);
#9487=PLANE('',#9486);
#9488=CARTESIAN_POINT('',(-105.,-230.,-27.4));
#9489=VERTEX_POINT('',#9488);
#9490=CARTESIAN_POINT('',(-102.4,-230.,-27.4));
#9491=VERTEX_POINT('',#9490);
#9492=CARTESIAN_POINT('',(-105.,-230.,-27.4));
#9493=DIRECTION('',(1.,-0.,-0.));
#9494=VECTOR('',#9493,2.6);
#9495=LINE('',#9492,#9494);
#9496=EDGE_CURVE('',#9489,#9491,#9495,.T.);
#9497=ORIENTED_EDGE('',*,*,#9496,.T.);
#9498=CARTESIAN_POINT('',(-102.4,-230.2,-27.4));
#9499=VERTEX_POINT('',#9498);
#9500=CARTESIAN_POINT('',(-102.4,-230.,-27.4));
#9501=DIRECTION('',(0.,-1.,0.));
#9502=VECTOR('',#9501,0.2);
#9503=LINE('',#9500,#9502);
#9504=EDGE_CURVE('',#9491,#9499,#9503,.T.);
#9505=ORIENTED_EDGE('',*,*,#9504,.T.);
#9506=CARTESIAN_POINT('',(-107.6,-230.2,-27.4));
#9507=VERTEX_POINT('',#9506);
#9508=CARTESIAN_POINT('',(-102.4,-230.2,-27.4));
#9509=DIRECTION('',(-1.,0.,0.));
#9510=VECTOR('',#9509,5.2);
#9511=LINE('',#9508,#9510);
#9512=EDGE_CURVE('',#9499,#9507,#9511,.T.);
#9513=ORIENTED_EDGE('',*,*,#9512,.T.);
#9514=CARTESIAN_POINT('',(-107.6,-230.,-27.4));
#9515=VERTEX_POINT('',#9514);
#9516=CARTESIAN_POINT('',(-107.6,-230.2,-27.4));
#9517=DIRECTION('',(-0.,1.,-0.));
#9518=VECTOR('',#9517,0.2);
#9519=LINE('',#9516,#9518);
#9520=EDGE_CURVE('',#9507,#9515,#9519,.T.);
#9521=ORIENTED_EDGE('',*,*,#9520,.T.);
#9522=CARTESIAN_POINT('',(-107.6,-230.,-27.4));
#9523=DIRECTION('',(1.,-0.,-0.));
#9524=VECTOR('',#9523,2.6);
#9525=LINE('',#9522,#9524);
#9526=EDGE_CURVE('',#9515,#9489,#9525,.T.);
#9527=ORIENTED_EDGE('',*,*,#9526,.T.);
#9528=EDGE_LOOP('',(#9497,#9505,#9513,#9521,#9527));
#9529=FACE_BOUND('',#9528,.T.);
#9530=ADVANCED_FACE('',(#9529),#9487,.F.);
#9531=CARTESIAN_POINT('',(-137.6,-230.,-32.6));
#9532=DIRECTION('',(0.,0.,-1.));
#9533=DIRECTION('',(1.,0.,0.));
#9534=AXIS2_PLACEMENT_3D('',#9531,#9532,#9533);
#9535=PLANE('',#9534);
#9536=CARTESIAN_POINT('',(-135.,-230.,-32.6));
#9537=VERTEX_POINT('',#9536);
#9538=CARTESIAN_POINT('',(-137.6,-230.,-32.6));
#9539=VERTEX_POINT('',#9538);
#9540=CARTESIAN_POINT('',(-135.,-230.,-32.6));
#9541=DIRECTION('',(-1.,-0.,0.));
#9542=VECTOR('',#9541,2.6);
#9543=LINE('',#9540,#9542);
#9544=EDGE_CURVE('',#9537,#9539,#9543,.T.);
#9545=ORIENTED_EDGE('',*,*,#9544,.T.);
#9546=CARTESIAN_POINT('',(-137.6,-230.2,-32.6));
#9547=VERTEX_POINT('',#9546);
#9548=CARTESIAN_POINT('',(-137.6,-230.,-32.6));
#9549=DIRECTION('',(0.,-1.,0.));
#9550=VECTOR('',#9549,0.2);
#9551=LINE('',#9548,#9550);
#9552=EDGE_CURVE('',#9539,#9547,#9551,.T.);
#9553=ORIENTED_EDGE('',*,*,#9552,.T.);
#9554=CARTESIAN_POINT('',(-132.4,-230.2,-32.6));
#9555=VERTEX_POINT('',#9554);
#9556=CARTESIAN_POINT('',(-137.6,-230.2,-32.6));
#9557=DIRECTION('',(1.,0.,-0.));
#9558=VECTOR('',#9557,5.2);
#9559=LINE('',#9556,#9558);
#9560=EDGE_CURVE('',#9547,#9555,#9559,.T.);
#9561=ORIENTED_EDGE('',*,*,#9560,.T.);
#9562=CARTESIAN_POINT('',(-132.4,-230.,-32.6));
#9563=VERTEX_POINT('',#9562);
#9564=CARTESIAN_POINT('',(-132.4,-230.2,-32.6));
#9565=DIRECTION('',(-0.,1.,-0.));
#9566=VECTOR('',#9565,0.2);
#9567=LINE('',#9564,#9566);
#9568=EDGE_CURVE('',#9555,#9563,#9567,.T.);
#9569=ORIENTED_EDGE('',*,*,#9568,.T.);
#9570=CARTESIAN_POINT('',(-132.4,-230.,-32.6));
#9571=DIRECTION('',(-1.,-0.,0.));
#9572=VECTOR('',#9571,2.6);
#9573=LINE('',#9570,#9572);
#9574=EDGE_CURVE('',#9563,#9537,#9573,.T.);
#9575=ORIENTED_EDGE('',*,*,#9574,.T.);
#9576=EDGE_LOOP('',(#9545,#9553,#9561,#9569,#9575));
#9577=FACE_BOUND('',#9576,.T.);
#9578=ADVANCED_FACE('',(#9577),#9535,.F.);
#9579=CARTESIAN_POINT('',(-132.4,-230.,-27.4));
#9580=DIRECTION('',(0.,0.,1.));
#9581=DIRECTION('',(-1.,0.,0.));
#9582=AXIS2_PLACEMENT_3D('',#9579,#9580,#9581);
#9583=PLANE('',#9582);
#9584=CARTESIAN_POINT('',(-135.,-230.,-27.4));
#9585=VERTEX_POINT('',#9584);
#9586=CARTESIAN_POINT('',(-132.4,-230.,-27.4));
#9587=VERTEX_POINT('',#9586);
#9588=CARTESIAN_POINT('',(-135.,-230.,-27.4));
#9589=DIRECTION('',(1.,-0.,-0.));
#9590=VECTOR('',#9589,2.6);
#9591=LINE('',#9588,#9590);
#9592=EDGE_CURVE('',#9585,#9587,#9591,.T.);
#9593=ORIENTED_EDGE('',*,*,#9592,.T.);
#9594=CARTESIAN_POINT('',(-132.4,-230.2,-27.4));
#9595=VERTEX_POINT('',#9594);
#9596=CARTESIAN_POINT('',(-132.4,-230.,-27.4));
#9597=DIRECTION('',(0.,-1.,0.));
#9598=VECTOR('',#9597,0.2);
#9599=LINE('',#9596,#9598);
#9600=EDGE_CURVE('',#9587,#9595,#9599,.T.);
#9601=ORIENTED_EDGE('',*,*,#9600,.T.);
#9602=CARTESIAN_POINT('',(-137.6,-230.2,-27.4));
#9603=VERTEX_POINT('',#9602);
#9604=CARTESIAN_POINT('',(-132.4,-230.2,-27.4));
#9605=DIRECTION('',(-1.,0.,0.));
#9606=VECTOR('',#9605,5.2);
#9607=LINE('',#9604,#9606);
#9608=EDGE_CURVE('',#9595,#9603,#9607,.T.);
#9609=ORIENTED_EDGE('',*,*,#9608,.T.);
#9610=CARTESIAN_POINT('',(-137.6,-230.,-27.4));
#9611=VERTEX_POINT('',#9610);
#9612=CARTESIAN_POINT('',(-137.6,-230.2,-27.4));
#9613=DIRECTION('',(-0.,1.,-0.));
#9614=VECTOR('',#9613,0.2);
#9615=LINE('',#9612,#9614);
#9616=EDGE_CURVE('',#9603,#9611,#9615,.T.);
#9617=ORIENTED_EDGE('',*,*,#9616,.T.);
#9618=CARTESIAN_POINT('',(-137.6,-230.,-27.4));
#9619=DIRECTION('',(1.,-0.,-0.));
#9620=VECTOR('',#9619,2.6);
#9621=LINE('',#9618,#9620);
#9622=EDGE_CURVE('',#9611,#9585,#9621,.T.);
#9623=ORIENTED_EDGE('',*,*,#9622,.T.);
#9624=EDGE_LOOP('',(#9593,#9601,#9609,#9617,#9623));
#9625=FACE_BOUND('',#9624,.T.);
#9626=ADVANCED_FACE('',(#9625),#9583,.F.);
#9627=CARTESIAN_POINT('',(-107.6,-230.,-12.6));
#9628=DIRECTION('',(0.,0.,-1.));
#9629=DIRECTION('',(1.,0.,0.));
#9630=AXIS2_PLACEMENT_3D('',#9627,#9628,#9629);
#9631=PLANE('',#9630);
#9632=CARTESIAN_POINT('',(-105.,-230.,-12.6));
#9633=VERTEX_POINT('',#9632);
#9634=CARTESIAN_POINT('',(-107.6,-230.,-12.6));
#9635=VERTEX_POINT('',#9634);
#9636=CARTESIAN_POINT('',(-105.,-230.,-12.6));
#9637=DIRECTION('',(-1.,-0.,0.));
#9638=VECTOR('',#9637,2.6);
#9639=LINE('',#9636,#9638);
#9640=EDGE_CURVE('',#9633,#9635,#9639,.T.);
#9641=ORIENTED_EDGE('',*,*,#9640,.T.);
#9642=CARTESIAN_POINT('',(-107.6,-230.2,-12.6));
#9643=VERTEX_POINT('',#9642);
#9644=CARTESIAN_POINT('',(-107.6,-230.,-12.6));
#9645=DIRECTION('',(0.,-1.,0.));
#9646=VECTOR('',#9645,0.2);
#9647=LINE('',#9644,#9646);
#9648=EDGE_CURVE('',#9635,#9643,#9647,.T.);
#9649=ORIENTED_EDGE('',*,*,#9648,.T.);
#9650=CARTESIAN_POINT('',(-102.4,-230.2,-12.6));
#9651=VERTEX_POINT('',#9650);
#9652=CARTESIAN_POINT('',(-107.6,-230.2,-12.6));
#9653=DIRECTION('',(1.,0.,-0.));
#9654=VECTOR('',#9653,5.2);
#9655=LINE('',#9652,#9654);
#9656=EDGE_CURVE('',#9643,#9651,#9655,.T.);
#9657=ORIENTED_EDGE('',*,*,#9656,.T.);
#9658=CARTESIAN_POINT('',(-102.4,-230.,-12.6));
#9659=VERTEX_POINT('',#9658);
#9660=CARTESIAN_POINT('',(-102.4,-230.2,-12.6));
#9661=DIRECTION('',(-0.,1.,-0.));
#9662=VECTOR('',#9661,0.2);
#9663=LINE('',#9660,#9662);
#9664=EDGE_CURVE('',#9651,#9659,#9663,.T.);
#9665=ORIENTED_EDGE('',*,*,#9664,.T.);
#9666=CARTESIAN_POINT('',(-102.4,-230.,-12.6));
#9667=DIRECTION('',(-1.,-0.,0.));
#9668=VECTOR('',#9667,2.6);
#9669=LINE('',#9666,#9668);
#9670=EDGE_CURVE('',#9659,#9633,#9669,.T.);
#9671=ORIENTED_EDGE('',*,*,#9670,.T.);
#9672=EDGE_LOOP('',(#9641,#9649,#9657,#9665,#9671));
#9673=FACE_BOUND('',#9672,.T.);
#9674=ADVANCED_FACE('',(#9673),#9631,.F.);
#9675=CARTESIAN_POINT('',(-102.4,-230.,-7.4));
#9676=DIRECTION('',(0.,0.,1.));
#9677=DIRECTION('',(-1.,0.,0.));
#9678=AXIS2_PLACEMENT_3D('',#9675,#9676,#9677);
#9679=PLANE('',#9678);
#9680=CARTESIAN_POINT('',(-105.,-230.,-7.4));
#9681=VERTEX_POINT('',#9680);
#9682=CARTESIAN_POINT('',(-102.4,-230.,-7.4));
#9683=VERTEX_POINT('',#9682);
#9684=CARTESIAN_POINT('',(-105.,-230.,-7.4));
#9685=DIRECTION('',(1.,-0.,-0.));
#9686=VECTOR('',#9685,2.6);
#9687=LINE('',#9684,#9686);
#9688=EDGE_CURVE('',#9681,#9683,#9687,.T.);
#9689=ORIENTED_EDGE('',*,*,#9688,.T.);
#9690=CARTESIAN_POINT('',(-102.4,-230.2,-7.4));
#9691=VERTEX_POINT('',#9690);
#9692=CARTESIAN_POINT('',(-102.4,-230.,-7.4));
#9693=DIRECTION('',(0.,-1.,0.));
#9694=VECTOR('',#9693,0.2);
#9695=LINE('',#9692,#9694);
#9696=EDGE_CURVE('',#9683,#9691,#9695,.T.);
#9697=ORIENTED_EDGE('',*,*,#9696,.T.);
#9698=CARTESIAN_POINT('',(-107.6,-230.2,-7.4));
#9699=VERTEX_POINT('',#9698);
#9700=CARTESIAN_POINT('',(-102.4,-230.2,-7.4));
#9701=DIRECTION('',(-1.,0.,0.));
#9702=VECTOR('',#9701,5.2);
#9703=LINE('',#9700,#9702);
#9704=EDGE_CURVE('',#9691,#9699,#9703,.T.);
#9705=ORIENTED_EDGE('',*,*,#9704,.T.);
#9706=CARTESIAN_POINT('',(-107.6,-230.,-7.4));
#9707=VERTEX_POINT('',#9706);
#9708=CARTESIAN_POINT('',(-107.6,-230.2,-7.4));
#9709=DIRECTION('',(-0.,1.,-0.));
#9710=VECTOR('',#9709,0.2);
#9711=LINE('',#9708,#9710);
#9712=EDGE_CURVE('',#9699,#9707,#9711,.T.);
#9713=ORIENTED_EDGE('',*,*,#9712,.T.);
#9714=CARTESIAN_POINT('',(-107.6,-230.,-7.4));
#9715=DIRECTION('',(1.,-0.,-0.));
#9716=VECTOR('',#9715,2.6);
#9717=LINE('',#9714,#9716);
#9718=EDGE_CURVE('',#9707,#9681,#9717,.T.);
#9719=ORIENTED_EDGE('',*,*,#9718,.T.);
#9720=EDGE_LOOP('',(#9689,#9697,#9705,#9713,#9719));
#9721=FACE_BOUND('',#9720,.T.);
#9722=ADVANCED_FACE('',(#9721),#9679,.F.);
#9723=CARTESIAN_POINT('',(-135.,-230.4,-30.));
#9724=DIRECTION('',(0.,1.,0.));
#9725=DIRECTION('',(-1.,0.,0.));
#9726=AXIS2_PLACEMENT_3D('',#9723,#9724,#9725);
#9727=PLANE('',#9726);
#9728=CARTESIAN_POINT('',(-137.6,-230.4,-25.729168699));
#9729=VERTEX_POINT('',#9728);
#9730=CARTESIAN_POINT('',(-137.6,-230.4,-34.270831301));
#9731=VERTEX_POINT('',#9730);
#9732=CARTESIAN_POINT('',(-137.6,-230.4,-25.729168699));
#9733=DIRECTION('',(0.,0.,-1.));
#9734=VECTOR('',#9733,8.541662602);
#9735=LINE('',#9732,#9734);
#9736=EDGE_CURVE('',#9729,#9731,#9735,.T.);
#9737=ORIENTED_EDGE('',*,*,#9736,.F.);
#9738=CARTESIAN_POINT('',(-140.,-230.4,-30.));
#9739=VERTEX_POINT('',#9738);
#9740=CARTESIAN_POINT('',(-135.,-230.4,-30.));
#9741=DIRECTION('',(0.,-1.,0.));
#9742=DIRECTION('',(0.,0.,-1.));
#9743=AXIS2_PLACEMENT_3D('',#9740,#9741,#9742);
#9744=CIRCLE('',#9743,5.);
#9745=EDGE_CURVE('',#9729,#9739,#9744,.T.);
#9746=ORIENTED_EDGE('',*,*,#9745,.T.);
#9747=CARTESIAN_POINT('',(-135.,-230.4,-30.));
#9748=DIRECTION('',(0.,-1.,0.));
#9749=DIRECTION('',(0.,0.,-1.));
#9750=AXIS2_PLACEMENT_3D('',#9747,#9748,#9749);
#9751=CIRCLE('',#9750,5.);
#9752=EDGE_CURVE('',#9739,#9731,#9751,.T.);
#9753=ORIENTED_EDGE('',*,*,#9752,.T.);
#9754=EDGE_LOOP('',(#9737,#9746,#9753));
#9755=FACE_BOUND('',#9754,.T.);
#9756=ADVANCED_FACE('',(#9755),#9727,.F.);
#9757=CARTESIAN_POINT('',(-137.6,-230.,-25.729168699));
#9758=DIRECTION('',(-1.,0.,0.));
#9759=DIRECTION('',(0.,0.,-1.));
#9760=AXIS2_PLACEMENT_3D('',#9757,#9758,#9759);
#9761=PLANE('',#9760);
#9762=ORIENTED_EDGE('',*,*,#9616,.F.);
#9763=CARTESIAN_POINT('',(-137.6,-230.2,-25.729168699));
#9764=VERTEX_POINT('',#9763);
#9765=CARTESIAN_POINT('',(-137.6,-230.2,-25.729168699));
#9766=DIRECTION('',(-0.,-0.,-1.));
#9767=VECTOR('',#9766,1.670831301);
#9768=LINE('',#9765,#9767);
#9769=EDGE_CURVE('',#9764,#9603,#9768,.T.);
#9770=ORIENTED_EDGE('',*,*,#9769,.F.);
#9771=CARTESIAN_POINT('',(-137.6,-230.2,-25.729168699));
#9772=DIRECTION('',(0.,-1.,0.));
#9773=VECTOR('',#9772,0.2);
#9774=LINE('',#9771,#9773);
#9775=EDGE_CURVE('',#9764,#9729,#9774,.T.);
#9776=ORIENTED_EDGE('',*,*,#9775,.T.);
#9777=ORIENTED_EDGE('',*,*,#9736,.T.);
#9778=CARTESIAN_POINT('',(-137.6,-230.2,-34.270831301));
#9779=VERTEX_POINT('',#9778);
#9780=CARTESIAN_POINT('',(-137.6,-230.4,-34.270831301));
#9781=DIRECTION('',(-0.,1.,-0.));
#9782=VECTOR('',#9781,0.2);
#9783=LINE('',#9780,#9782);
#9784=EDGE_CURVE('',#9731,#9779,#9783,.T.);
#9785=ORIENTED_EDGE('',*,*,#9784,.T.);
#9786=CARTESIAN_POINT('',(-137.6,-230.2,-32.6));
#9787=DIRECTION('',(-0.,-0.,-1.));
#9788=VECTOR('',#9787,1.670831301);
#9789=LINE('',#9786,#9788);
#9790=EDGE_CURVE('',#9547,#9779,#9789,.T.);
#9791=ORIENTED_EDGE('',*,*,#9790,.F.);
#9792=ORIENTED_EDGE('',*,*,#9552,.F.);
#9793=CARTESIAN_POINT('',(-137.6,-230.,-30.));
#9794=VERTEX_POINT('',#9793);
#9795=CARTESIAN_POINT('',(-137.6,-230.,-32.6));
#9796=DIRECTION('',(-0.,-0.,1.));
#9797=VECTOR('',#9796,2.6);
#9798=LINE('',#9795,#9797);
#9799=EDGE_CURVE('',#9539,#9794,#9798,.T.);
#9800=ORIENTED_EDGE('',*,*,#9799,.T.);
#9801=CARTESIAN_POINT('',(-137.6,-230.,-30.));
#9802=DIRECTION('',(-0.,-0.,1.));
#9803=VECTOR('',#9802,2.6);
#9804=LINE('',#9801,#9803);
#9805=EDGE_CURVE('',#9794,#9611,#9804,.T.);
#9806=ORIENTED_EDGE('',*,*,#9805,.T.);
#9807=EDGE_LOOP('',(#9762,#9770,#9776,#9777,#9785,#9791,#9792,#9800,#9806));
#9808=FACE_BOUND('',#9807,.T.);
#9809=ADVANCED_FACE('',(#9808),#9761,.F.);
#9810=CARTESIAN_POINT('',(-135.,-230.2,-30.));
#9811=DIRECTION('',(0.,1.,0.));
#9812=DIRECTION('',(-1.,0.,0.));
#9813=AXIS2_PLACEMENT_3D('',#9810,#9811,#9812);
#9814=PLANE('',#9813);
#9815=ORIENTED_EDGE('',*,*,#9560,.F.);
#9816=ORIENTED_EDGE('',*,*,#9790,.T.);
#9817=CARTESIAN_POINT('',(-132.4,-230.2,-34.270831301));
#9818=VERTEX_POINT('',#9817);
#9819=CARTESIAN_POINT('',(-135.,-230.2,-30.));
#9820=DIRECTION('',(0.,-1.,0.));
#9821=DIRECTION('',(0.,0.,-1.));
#9822=AXIS2_PLACEMENT_3D('',#9819,#9820,#9821);
#9823=CIRCLE('',#9822,5.);
#9824=EDGE_CURVE('',#9779,#9818,#9823,.T.);
#9825=ORIENTED_EDGE('',*,*,#9824,.T.);
#9826=CARTESIAN_POINT('',(-132.4,-230.2,-34.270831301));
#9827=DIRECTION('',(0.,0.,1.));
#9828=VECTOR('',#9827,1.670831301);
#9829=LINE('',#9826,#9828);
#9830=EDGE_CURVE('',#9818,#9555,#9829,.T.);
#9831=ORIENTED_EDGE('',*,*,#9830,.T.);
#9832=EDGE_LOOP('',(#9815,#9816,#9825,#9831));
#9833=FACE_BOUND('',#9832,.T.);
#9834=ADVANCED_FACE('',(#9833),#9814,.F.);
#9835=CARTESIAN_POINT('',(-135.,-230.4,-30.));
#9836=DIRECTION('',(0.,1.,0.));
#9837=DIRECTION('',(-1.,0.,0.));
#9838=AXIS2_PLACEMENT_3D('',#9835,#9836,#9837);
#9839=PLANE('',#9838);
#9840=CARTESIAN_POINT('',(-132.4,-230.4,-34.270831301));
#9841=VERTEX_POINT('',#9840);
#9842=CARTESIAN_POINT('',(-132.4,-230.4,-25.729168699));
#9843=VERTEX_POINT('',#9842);
#9844=CARTESIAN_POINT('',(-132.4,-230.4,-34.270831301));
#9845=DIRECTION('',(0.,0.,1.));
#9846=VECTOR('',#9845,8.541662602);
#9847=LINE('',#9844,#9846);
#9848=EDGE_CURVE('',#9841,#9843,#9847,.T.);
#9849=ORIENTED_EDGE('',*,*,#9848,.F.);
#9850=CARTESIAN_POINT('',(-135.,-230.4,-30.));
#9851=DIRECTION('',(0.,-1.,0.));
#9852=DIRECTION('',(0.,0.,-1.));
#9853=AXIS2_PLACEMENT_3D('',#9850,#9851,#9852);
#9854=CIRCLE('',#9853,5.);
#9855=EDGE_CURVE('',#9841,#9843,#9854,.T.);
#9856=ORIENTED_EDGE('',*,*,#9855,.T.);
#9857=EDGE_LOOP('',(#9849,#9856));
#9858=FACE_BOUND('',#9857,.T.);
#9859=ADVANCED_FACE('',(#9858),#9839,.F.);
#9860=CARTESIAN_POINT('',(-132.4,-230.,-34.270831301));
#9861=DIRECTION('',(1.,0.,0.));
#9862=DIRECTION('',(0.,0.,1.));
#9863=AXIS2_PLACEMENT_3D('',#9860,#9861,#9862);
#9864=PLANE('',#9863);
#9865=ORIENTED_EDGE('',*,*,#9568,.F.);
#9866=ORIENTED_EDGE('',*,*,#9830,.F.);
#9867=CARTESIAN_POINT('',(-132.4,-230.2,-34.270831301));
#9868=DIRECTION('',(0.,-1.,0.));
#9869=VECTOR('',#9868,0.2);
#9870=LINE('',#9867,#9869);
#9871=EDGE_CURVE('',#9818,#9841,#9870,.T.);
#9872=ORIENTED_EDGE('',*,*,#9871,.T.);
#9873=ORIENTED_EDGE('',*,*,#9848,.T.);
#9874=CARTESIAN_POINT('',(-132.4,-230.2,-25.729168699));
#9875=VERTEX_POINT('',#9874);
#9876=CARTESIAN_POINT('',(-132.4,-230.4,-25.729168699));
#9877=DIRECTION('',(-0.,1.,-0.));
#9878=VECTOR('',#9877,0.2);
#9879=LINE('',#9876,#9878);
#9880=EDGE_CURVE('',#9843,#9875,#9879,.T.);
#9881=ORIENTED_EDGE('',*,*,#9880,.T.);
#9882=CARTESIAN_POINT('',(-132.4,-230.2,-27.4));
#9883=DIRECTION('',(0.,0.,1.));
#9884=VECTOR('',#9883,1.670831301);
#9885=LINE('',#9882,#9884);
#9886=EDGE_CURVE('',#9595,#9875,#9885,.T.);
#9887=ORIENTED_EDGE('',*,*,#9886,.F.);
#9888=ORIENTED_EDGE('',*,*,#9600,.F.);
#9889=CARTESIAN_POINT('',(-132.4,-230.,-30.));
#9890=VERTEX_POINT('',#9889);
#9891=CARTESIAN_POINT('',(-132.4,-230.,-27.4));
#9892=DIRECTION('',(-0.,-0.,-1.));
#9893=VECTOR('',#9892,2.6);
#9894=LINE('',#9891,#9893);
#9895=EDGE_CURVE('',#9587,#9890,#9894,.T.);
#9896=ORIENTED_EDGE('',*,*,#9895,.T.);
#9897=CARTESIAN_POINT('',(-132.4,-230.,-30.));
#9898=DIRECTION('',(-0.,-0.,-1.));
#9899=VECTOR('',#9898,2.6);
#9900=LINE('',#9897,#9899);
#9901=EDGE_CURVE('',#9890,#9563,#9900,.T.);
#9902=ORIENTED_EDGE('',*,*,#9901,.T.);
#9903=EDGE_LOOP('',(#9865,#9866,#9872,#9873,#9881,#9887,#9888,#9896,#9902));
#9904=FACE_BOUND('',#9903,.T.);
#9905=ADVANCED_FACE('',(#9904),#9864,.F.);
#9906=CARTESIAN_POINT('',(-135.,-230.2,-30.));
#9907=DIRECTION('',(0.,1.,0.));
#9908=DIRECTION('',(-1.,0.,0.));
#9909=AXIS2_PLACEMENT_3D('',#9906,#9907,#9908);
#9910=PLANE('',#9909);
#9911=ORIENTED_EDGE('',*,*,#9608,.F.);
#9912=ORIENTED_EDGE('',*,*,#9886,.T.);
#9913=CARTESIAN_POINT('',(-135.,-230.2,-30.));
#9914=DIRECTION('',(0.,-1.,0.));
#9915=DIRECTION('',(0.,0.,-1.));
#9916=AXIS2_PLACEMENT_3D('',#9913,#9914,#9915);
#9917=CIRCLE('',#9916,5.);
#9918=EDGE_CURVE('',#9875,#9764,#9917,.T.);
#9919=ORIENTED_EDGE('',*,*,#9918,.T.);
#9920=ORIENTED_EDGE('',*,*,#9769,.T.);
#9921=EDGE_LOOP('',(#9911,#9912,#9919,#9920));
#9922=FACE_BOUND('',#9921,.T.);
#9923=ADVANCED_FACE('',(#9922),#9910,.F.);
#9924=CARTESIAN_POINT('',(-135.,-210.4,30.));
#9925=DIRECTION('',(0.,1.,0.));
#9926=DIRECTION('',(-1.,0.,0.));
#9927=AXIS2_PLACEMENT_3D('',#9924,#9925,#9926);
#9928=PLANE('',#9927);
#9929=CARTESIAN_POINT('',(-132.4,-210.4,25.729168699));
#9930=VERTEX_POINT('',#9929);
#9931=CARTESIAN_POINT('',(-132.4,-210.4,34.270831301));
#9932=VERTEX_POINT('',#9931);
#9933=CARTESIAN_POINT('',(-132.4,-210.4,25.729168699));
#9934=DIRECTION('',(0.,0.,1.));
#9935=VECTOR('',#9934,8.541662602);
#9936=LINE('',#9933,#9935);
#9937=EDGE_CURVE('',#9930,#9932,#9936,.T.);
#9938=ORIENTED_EDGE('',*,*,#9937,.F.);
#9939=CARTESIAN_POINT('',(-135.,-210.4,30.));
#9940=DIRECTION('',(0.,-1.,0.));
#9941=DIRECTION('',(0.,0.,-1.));
#9942=AXIS2_PLACEMENT_3D('',#9939,#9940,#9941);
#9943=CIRCLE('',#9942,5.);
#9944=EDGE_CURVE('',#9930,#9932,#9943,.T.);
#9945=ORIENTED_EDGE('',*,*,#9944,.T.);
#9946=EDGE_LOOP('',(#9938,#9945));
#9947=FACE_BOUND('',#9946,.T.);
#9948=ADVANCED_FACE('',(#9947),#9928,.F.);
#9949=CARTESIAN_POINT('',(-132.4,-230.,25.729168699));
#9950=DIRECTION('',(1.,0.,0.));
#9951=DIRECTION('',(0.,0.,1.));
#9952=AXIS2_PLACEMENT_3D('',#9949,#9950,#9951);
#9953=PLANE('',#9952);
#9954=ORIENTED_EDGE('',*,*,#9184,.F.);
#9955=CARTESIAN_POINT('',(-132.4,-210.2,25.729168699));
#9956=VERTEX_POINT('',#9955);
#9957=CARTESIAN_POINT('',(-132.4,-210.2,25.729168699));
#9958=DIRECTION('',(0.,0.,1.));
#9959=VECTOR('',#9958,1.670831301);
#9960=LINE('',#9957,#9959);
#9961=EDGE_CURVE('',#9956,#9171,#9960,.T.);
#9962=ORIENTED_EDGE('',*,*,#9961,.F.);
#9963=CARTESIAN_POINT('',(-132.4,-210.2,25.729168699));
#9964=DIRECTION('',(0.,-1.,0.));
#9965=VECTOR('',#9964,0.2);
#9966=LINE('',#9963,#9965);
#9967=EDGE_CURVE('',#9956,#9930,#9966,.T.);
#9968=ORIENTED_EDGE('',*,*,#9967,.T.);
#9969=ORIENTED_EDGE('',*,*,#9937,.T.);
#9970=CARTESIAN_POINT('',(-132.4,-210.2,34.270831301));
#9971=VERTEX_POINT('',#9970);
#9972=CARTESIAN_POINT('',(-132.4,-210.4,34.270831301));
#9973=DIRECTION('',(-0.,1.,-0.));
#9974=VECTOR('',#9973,0.2);
#9975=LINE('',#9972,#9974);
#9976=EDGE_CURVE('',#9932,#9971,#9975,.T.);
#9977=ORIENTED_EDGE('',*,*,#9976,.T.);
#9978=CARTESIAN_POINT('',(-132.4,-210.2,32.6));
#9979=DIRECTION('',(0.,0.,1.));
#9980=VECTOR('',#9979,1.670831301);
#9981=LINE('',#9978,#9980);
#9982=EDGE_CURVE('',#9211,#9971,#9981,.T.);
#9983=ORIENTED_EDGE('',*,*,#9982,.F.);
#9984=ORIENTED_EDGE('',*,*,#9216,.F.);
#9985=CARTESIAN_POINT('',(-132.4,-210.,30.));
#9986=VERTEX_POINT('',#9985);
#9987=CARTESIAN_POINT('',(-132.4,-210.,32.6));
#9988=DIRECTION('',(-0.,-0.,-1.));
#9989=VECTOR('',#9988,2.6);
#9990=LINE('',#9987,#9989);
#9991=EDGE_CURVE('',#9203,#9986,#9990,.T.);
#9992=ORIENTED_EDGE('',*,*,#9991,.T.);
#9993=CARTESIAN_POINT('',(-132.4,-210.,30.));
#9994=DIRECTION('',(-0.,-0.,-1.));
#9995=VECTOR('',#9994,2.6);
#9996=LINE('',#9993,#9995);
#9997=EDGE_CURVE('',#9986,#9179,#9996,.T.);
#9998=ORIENTED_EDGE('',*,*,#9997,.T.);
#9999=EDGE_LOOP('',(#9954,#9962,#9968,#9969,#9977,#9983,#9984,#9992,#9998));
#10000=FACE_BOUND('',#9999,.T.);
#10001=ADVANCED_FACE('',(#10000),#9953,.F.);
#10002=CARTESIAN_POINT('',(-135.,-210.2,30.));
#10003=DIRECTION('',(0.,1.,0.));
#10004=DIRECTION('',(-1.,0.,0.));
#10005=AXIS2_PLACEMENT_3D('',#10002,#10003,#10004);
#10006=PLANE('',#10005);
#10007=ORIENTED_EDGE('',*,*,#9224,.F.);
#10008=ORIENTED_EDGE('',*,*,#9982,.T.);
#10009=CARTESIAN_POINT('',(-137.6,-210.2,34.270831301));
#10010=VERTEX_POINT('',#10009);
#10011=CARTESIAN_POINT('',(-135.,-210.2,30.));
#10012=DIRECTION('',(0.,-1.,0.));
#10013=DIRECTION('',(0.,0.,-1.));
#10014=AXIS2_PLACEMENT_3D('',#10011,#10012,#10013);
#10015=CIRCLE('',#10014,5.);
#10016=EDGE_CURVE('',#9971,#10010,#10015,.T.);
#10017=ORIENTED_EDGE('',*,*,#10016,.T.);
#10018=CARTESIAN_POINT('',(-137.6,-210.2,34.270831301));
#10019=DIRECTION('',(-0.,-0.,-1.));
#10020=VECTOR('',#10019,1.670831301);
#10021=LINE('',#10018,#10020);
#10022=EDGE_CURVE('',#10010,#9219,#10021,.T.);
#10023=ORIENTED_EDGE('',*,*,#10022,.T.);
#10024=EDGE_LOOP('',(#10007,#10008,#10017,#10023));
#10025=FACE_BOUND('',#10024,.T.);
#10026=ADVANCED_FACE('',(#10025),#10006,.F.);
#10027=CARTESIAN_POINT('',(-135.,-210.4,30.));
#10028=DIRECTION('',(0.,1.,0.));
#10029=DIRECTION('',(-1.,0.,0.));
#10030=AXIS2_PLACEMENT_3D('',#10027,#10028,#10029);
#10031=PLANE('',#10030);
#10032=CARTESIAN_POINT('',(-137.6,-210.4,34.270831301));
#10033=VERTEX_POINT('',#10032);
#10034=CARTESIAN_POINT('',(-137.6,-210.4,25.729168699));
#10035=VERTEX_POINT('',#10034);
#10036=CARTESIAN_POINT('',(-137.6,-210.4,34.270831301));
#10037=DIRECTION('',(0.,0.,-1.));
#10038=VECTOR('',#10037,8.541662602);
#10039=LINE('',#10036,#10038);
#10040=EDGE_CURVE('',#10033,#10035,#10039,.T.);
#10041=ORIENTED_EDGE('',*,*,#10040,.F.);
#10042=CARTESIAN_POINT('',(-140.,-210.4,30.));
#10043=VERTEX_POINT('',#10042);
#10044=CARTESIAN_POINT('',(-135.,-210.4,30.));
#10045=DIRECTION('',(0.,-1.,0.));
#10046=DIRECTION('',(0.,0.,-1.));
#10047=AXIS2_PLACEMENT_3D('',#10044,#10045,#10046);
#10048=CIRCLE('',#10047,5.);
#10049=EDGE_CURVE('',#10033,#10043,#10048,.T.);
#10050=ORIENTED_EDGE('',*,*,#10049,.T.);
#10051=CARTESIAN_POINT('',(-135.,-210.4,30.));
#10052=DIRECTION('',(0.,-1.,0.));
#10053=DIRECTION('',(0.,0.,-1.));
#10054=AXIS2_PLACEMENT_3D('',#10051,#10052,#10053);
#10055=CIRCLE('',#10054,5.);
#10056=EDGE_CURVE('',#10043,#10035,#10055,.T.);
#10057=ORIENTED_EDGE('',*,*,#10056,.T.);
#10058=EDGE_LOOP('',(#10041,#10050,#10057));
#10059=FACE_BOUND('',#10058,.T.);
#10060=ADVANCED_FACE('',(#10059),#10031,.F.);
#10061=CARTESIAN_POINT('',(-137.6,-230.,34.270831301));
#10062=DIRECTION('',(-1.,0.,0.));
#10063=DIRECTION('',(0.,0.,-1.));
#10064=AXIS2_PLACEMENT_3D('',#10061,#10062,#10063);
#10065=PLANE('',#10064);
#10066=ORIENTED_EDGE('',*,*,#9232,.F.);
#10067=ORIENTED_EDGE('',*,*,#10022,.F.);
#10068=CARTESIAN_POINT('',(-137.6,-210.2,34.270831301));
#10069=DIRECTION('',(0.,-1.,0.));
#10070=VECTOR('',#10069,0.2);
#10071=LINE('',#10068,#10070);
#10072=EDGE_CURVE('',#10010,#10033,#10071,.T.);
#10073=ORIENTED_EDGE('',*,*,#10072,.T.);
#10074=ORIENTED_EDGE('',*,*,#10040,.T.);
#10075=CARTESIAN_POINT('',(-137.6,-210.2,25.729168699));
#10076=VERTEX_POINT('',#10075);
#10077=CARTESIAN_POINT('',(-137.6,-210.4,25.729168699));
#10078=DIRECTION('',(-0.,1.,-0.));
#10079=VECTOR('',#10078,0.2);
#10080=LINE('',#10077,#10079);
#10081=EDGE_CURVE('',#10035,#10076,#10080,.T.);
#10082=ORIENTED_EDGE('',*,*,#10081,.T.);
#10083=CARTESIAN_POINT('',(-137.6,-210.2,27.4));
#10084=DIRECTION('',(-0.,-0.,-1.));
#10085=VECTOR('',#10084,1.670831301);
#10086=LINE('',#10083,#10085);
#10087=EDGE_CURVE('',#9163,#10076,#10086,.T.);
#10088=ORIENTED_EDGE('',*,*,#10087,.F.);
#10089=ORIENTED_EDGE('',*,*,#9168,.F.);
#10090=CARTESIAN_POINT('',(-137.6,-210.,30.));
#10091=VERTEX_POINT('',#10090);
#10092=CARTESIAN_POINT('',(-137.6,-210.,27.4));
#10093=DIRECTION('',(-0.,-0.,1.));
#10094=VECTOR('',#10093,2.6);
#10095=LINE('',#10092,#10094);
#10096=EDGE_CURVE('',#9155,#10091,#10095,.T.);
#10097=ORIENTED_EDGE('',*,*,#10096,.T.);
#10098=CARTESIAN_POINT('',(-137.6,-210.,30.));
#10099=DIRECTION('',(-0.,-0.,1.));
#10100=VECTOR('',#10099,2.6);
#10101=LINE('',#10098,#10100);
#10102=EDGE_CURVE('',#10091,#9227,#10101,.T.);
#10103=ORIENTED_EDGE('',*,*,#10102,.T.);
#10104=EDGE_LOOP('',(#10066,#10067,#10073,#10074,#10082,#10088,#10089,#10097,#10103));
#10105=FACE_BOUND('',#10104,.T.);
#10106=ADVANCED_FACE('',(#10105),#10065,.F.);
#10107=CARTESIAN_POINT('',(-135.,-210.2,30.));
#10108=DIRECTION('',(0.,1.,0.));
#10109=DIRECTION('',(-1.,0.,0.));
#10110=AXIS2_PLACEMENT_3D('',#10107,#10108,#10109);
#10111=PLANE('',#10110);
#10112=ORIENTED_EDGE('',*,*,#9176,.F.);
#10113=ORIENTED_EDGE('',*,*,#10087,.T.);
#10114=CARTESIAN_POINT('',(-135.,-210.2,30.));
#10115=DIRECTION('',(0.,-1.,0.));
#10116=DIRECTION('',(0.,0.,-1.));
#10117=AXIS2_PLACEMENT_3D('',#10114,#10115,#10116);
#10118=CIRCLE('',#10117,5.);
#10119=EDGE_CURVE('',#10076,#9956,#10118,.T.);
#10120=ORIENTED_EDGE('',*,*,#10119,.T.);
#10121=ORIENTED_EDGE('',*,*,#9961,.T.);
#10122=EDGE_LOOP('',(#10112,#10113,#10120,#10121));
#10123=FACE_BOUND('',#10122,.T.);
#10124=ADVANCED_FACE('',(#10123),#10111,.F.);
#10125=CARTESIAN_POINT('',(-135.,-230.4,-10.));
#10126=DIRECTION('',(0.,1.,0.));
#10127=DIRECTION('',(-1.,0.,0.));
#10128=AXIS2_PLACEMENT_3D('',#10125,#10126,#10127);
#10129=PLANE('',#10128);
#10130=CARTESIAN_POINT('',(-132.4,-230.4,-14.270831301));
#10131=VERTEX_POINT('',#10130);
#10132=CARTESIAN_POINT('',(-132.4,-230.4,-5.729168699));
#10133=VERTEX_POINT('',#10132);
#10134=CARTESIAN_POINT('',(-132.4,-230.4,-14.270831301));
#10135=DIRECTION('',(0.,0.,1.));
#10136=VECTOR('',#10135,8.541662602);
#10137=LINE('',#10134,#10136);
#10138=EDGE_CURVE('',#10131,#10133,#10137,.T.);
#10139=ORIENTED_EDGE('',*,*,#10138,.F.);
#10140=CARTESIAN_POINT('',(-135.,-230.4,-10.));
#10141=DIRECTION('',(0.,-1.,0.));
#10142=DIRECTION('',(0.,0.,-1.));
#10143=AXIS2_PLACEMENT_3D('',#10140,#10141,#10142);
#10144=CIRCLE('',#10143,5.);
#10145=EDGE_CURVE('',#10131,#10133,#10144,.T.);
#10146=ORIENTED_EDGE('',*,*,#10145,.T.);
#10147=EDGE_LOOP('',(#10139,#10146));
#10148=FACE_BOUND('',#10147,.T.);
#10149=ADVANCED_FACE('',(#10148),#10129,.F.);
#10150=CARTESIAN_POINT('',(-132.4,-230.,-14.270831301));
#10151=DIRECTION('',(1.,0.,0.));
#10152=DIRECTION('',(0.,0.,1.));
#10153=AXIS2_PLACEMENT_3D('',#10150,#10151,#10152);
#10154=PLANE('',#10153);
#10155=ORIENTED_EDGE('',*,*,#9376,.F.);
#10156=CARTESIAN_POINT('',(-132.4,-230.2,-14.270831301));
#10157=VERTEX_POINT('',#10156);
#10158=CARTESIAN_POINT('',(-132.4,-230.2,-14.270831301));
#10159=DIRECTION('',(0.,0.,1.));
#10160=VECTOR('',#10159,1.670831301);
#10161=LINE('',#10158,#10160);
#10162=EDGE_CURVE('',#10157,#9363,#10161,.T.);
#10163=ORIENTED_EDGE('',*,*,#10162,.F.);
#10164=CARTESIAN_POINT('',(-132.4,-230.2,-14.270831301));
#10165=DIRECTION('',(0.,-1.,0.));
#10166=VECTOR('',#10165,0.2);
#10167=LINE('',#10164,#10166);
#10168=EDGE_CURVE('',#10157,#10131,#10167,.T.);
#10169=ORIENTED_EDGE('',*,*,#10168,.T.);
#10170=ORIENTED_EDGE('',*,*,#10138,.T.);
#10171=CARTESIAN_POINT('',(-132.4,-230.2,-5.729168699));
#10172=VERTEX_POINT('',#10171);
#10173=CARTESIAN_POINT('',(-132.4,-230.4,-5.729168699));
#10174=DIRECTION('',(-0.,1.,-0.));
#10175=VECTOR('',#10174,0.2);
#10176=LINE('',#10173,#10175);
#10177=EDGE_CURVE('',#10133,#10172,#10176,.T.);
#10178=ORIENTED_EDGE('',*,*,#10177,.T.);
#10179=CARTESIAN_POINT('',(-132.4,-230.2,-7.4));
#10180=DIRECTION('',(0.,0.,1.));
#10181=VECTOR('',#10180,1.670831301);
#10182=LINE('',#10179,#10181);
#10183=EDGE_CURVE('',#9403,#10172,#10182,.T.);
#10184=ORIENTED_EDGE('',*,*,#10183,.F.);
#10185=ORIENTED_EDGE('',*,*,#9408,.F.);
#10186=CARTESIAN_POINT('',(-132.4,-230.,-10.));
#10187=VERTEX_POINT('',#10186);
#10188=CARTESIAN_POINT('',(-132.4,-230.,-7.4));
#10189=DIRECTION('',(-0.,-0.,-1.));
#10190=VECTOR('',#10189,2.6);
#10191=LINE('',#10188,#10190);
#10192=EDGE_CURVE('',#9395,#10187,#10191,.T.);
#10193=ORIENTED_EDGE('',*,*,#10192,.T.);
#10194=CARTESIAN_POINT('',(-132.4,-230.,-10.));
#10195=DIRECTION('',(-0.,-0.,-1.));
#10196=VECTOR('',#10195,2.6);
#10197=LINE('',#10194,#10196);
#10198=EDGE_CURVE('',#10187,#9371,#10197,.T.);
#10199=ORIENTED_EDGE('',*,*,#10198,.T.);
#10200=EDGE_LOOP('',(#10155,#10163,#10169,#10170,#10178,#10184,#10185,#10193,#10199));
#10201=FACE_BOUND('',#10200,.T.);
#10202=ADVANCED_FACE('',(#10201),#10154,.F.);
#10203=CARTESIAN_POINT('',(-135.,-230.2,-10.));
#10204=DIRECTION('',(0.,1.,0.));
#10205=DIRECTION('',(-1.,0.,0.));
#10206=AXIS2_PLACEMENT_3D('',#10203,#10204,#10205);
#10207=PLANE('',#10206);
#10208=ORIENTED_EDGE('',*,*,#9416,.F.);
#10209=ORIENTED_EDGE('',*,*,#10183,.T.);
#10210=CARTESIAN_POINT('',(-137.6,-230.2,-5.729168699));
#10211=VERTEX_POINT('',#10210);
#10212=CARTESIAN_POINT('',(-135.,-230.2,-10.));
#10213=DIRECTION('',(0.,-1.,0.));
#10214=DIRECTION('',(0.,0.,-1.));
#10215=AXIS2_PLACEMENT_3D('',#10212,#10213,#10214);
#10216=CIRCLE('',#10215,5.);
#10217=EDGE_CURVE('',#10172,#10211,#10216,.T.);
#10218=ORIENTED_EDGE('',*,*,#10217,.T.);
#10219=CARTESIAN_POINT('',(-137.6,-230.2,-5.729168699));
#10220=DIRECTION('',(-0.,-0.,-1.));
#10221=VECTOR('',#10220,1.670831301);
#10222=LINE('',#10219,#10221);
#10223=EDGE_CURVE('',#10211,#9411,#10222,.T.);
#10224=ORIENTED_EDGE('',*,*,#10223,.T.);
#10225=EDGE_LOOP('',(#10208,#10209,#10218,#10224));
#10226=FACE_BOUND('',#10225,.T.);
#10227=ADVANCED_FACE('',(#10226),#10207,.F.);
#10228=CARTESIAN_POINT('',(-135.,-230.4,-10.));
#10229=DIRECTION('',(0.,1.,0.));
#10230=DIRECTION('',(-1.,0.,0.));
#10231=AXIS2_PLACEMENT_3D('',#10228,#10229,#10230);
#10232=PLANE('',#10231);
#10233=CARTESIAN_POINT('',(-137.6,-230.4,-5.729168699));
#10234=VERTEX_POINT('',#10233);
#10235=CARTESIAN_POINT('',(-137.6,-230.4,-14.270831301));
#10236=VERTEX_POINT('',#10235);
#10237=CARTESIAN_POINT('',(-137.6,-230.4,-5.729168699));
#10238=DIRECTION('',(0.,0.,-1.));
#10239=VECTOR('',#10238,8.541662602);
#10240=LINE('',#10237,#10239);
#10241=EDGE_CURVE('',#10234,#10236,#10240,.T.);
#10242=ORIENTED_EDGE('',*,*,#10241,.F.);
#10243=CARTESIAN_POINT('',(-140.,-230.4,-10.));
#10244=VERTEX_POINT('',#10243);
#10245=CARTESIAN_POINT('',(-135.,-230.4,-10.));
#10246=DIRECTION('',(0.,-1.,0.));
#10247=DIRECTION('',(0.,0.,-1.));
#10248=AXIS2_PLACEMENT_3D('',#10245,#10246,#10247);
#10249=CIRCLE('',#10248,5.);
#10250=EDGE_CURVE('',#10234,#10244,#10249,.T.);
#10251=ORIENTED_EDGE('',*,*,#10250,.T.);
#10252=CARTESIAN_POINT('',(-135.,-230.4,-10.));
#10253=DIRECTION('',(0.,-1.,0.));
#10254=DIRECTION('',(0.,0.,-1.));
#10255=AXIS2_PLACEMENT_3D('',#10252,#10253,#10254);
#10256=CIRCLE('',#10255,5.);
#10257=EDGE_CURVE('',#10244,#10236,#10256,.T.);
#10258=ORIENTED_EDGE('',*,*,#10257,.T.);
#10259=EDGE_LOOP('',(#10242,#10251,#10258));
#10260=FACE_BOUND('',#10259,.T.);
#10261=ADVANCED_FACE('',(#10260),#10232,.F.);
#10262=CARTESIAN_POINT('',(-137.6,-230.,-5.729168699));
#10263=DIRECTION('',(-1.,0.,0.));
#10264=DIRECTION('',(0.,0.,-1.));
#10265=AXIS2_PLACEMENT_3D('',#10262,#10263,#10264);
#10266=PLANE('',#10265);
#10267=ORIENTED_EDGE('',*,*,#9424,.F.);
#10268=ORIENTED_EDGE('',*,*,#10223,.F.);
#10269=CARTESIAN_POINT('',(-137.6,-230.2,-5.729168699));
#10270=DIRECTION('',(0.,-1.,0.));
#10271=VECTOR('',#10270,0.2);
#10272=LINE('',#10269,#10271);
#10273=EDGE_CURVE('',#10211,#10234,#10272,.T.);
#10274=ORIENTED_EDGE('',*,*,#10273,.T.);
#10275=ORIENTED_EDGE('',*,*,#10241,.T.);
#10276=CARTESIAN_POINT('',(-137.6,-230.2,-14.270831301));
#10277=VERTEX_POINT('',#10276);
#10278=CARTESIAN_POINT('',(-137.6,-230.4,-14.270831301));
#10279=DIRECTION('',(-0.,1.,-0.));
#10280=VECTOR('',#10279,0.2);
#10281=LINE('',#10278,#10280);
#10282=EDGE_CURVE('',#10236,#10277,#10281,.T.);
#10283=ORIENTED_EDGE('',*,*,#10282,.T.);
#10284=CARTESIAN_POINT('',(-137.6,-230.2,-12.6));
#10285=DIRECTION('',(-0.,-0.,-1.));
#10286=VECTOR('',#10285,1.670831301);
#10287=LINE('',#10284,#10286);
#10288=EDGE_CURVE('',#9355,#10277,#10287,.T.);
#10289=ORIENTED_EDGE('',*,*,#10288,.F.);
#10290=ORIENTED_EDGE('',*,*,#9360,.F.);
#10291=CARTESIAN_POINT('',(-137.6,-230.,-10.));
#10292=VERTEX_POINT('',#10291);
#10293=CARTESIAN_POINT('',(-137.6,-230.,-12.6));
#10294=DIRECTION('',(-0.,-0.,1.));
#10295=VECTOR('',#10294,2.6);
#10296=LINE('',#10293,#10295);
#10297=EDGE_CURVE('',#9347,#10292,#10296,.T.);
#10298=ORIENTED_EDGE('',*,*,#10297,.T.);
#10299=CARTESIAN_POINT('',(-137.6,-230.,-10.));
#10300=DIRECTION('',(-0.,-0.,1.));
#10301=VECTOR('',#10300,2.6);
#10302=LINE('',#10299,#10301);
#10303=EDGE_CURVE('',#10292,#9419,#10302,.T.);
#10304=ORIENTED_EDGE('',*,*,#10303,.T.);
#10305=EDGE_LOOP('',(#10267,#10268,#10274,#10275,#10283,#10289,#10290,#10298,#10304));
#10306=FACE_BOUND('',#10305,.T.);
#10307=ADVANCED_FACE('',(#10306),#10266,.F.);
#10308=CARTESIAN_POINT('',(-135.,-230.2,-10.));
#10309=DIRECTION('',(0.,1.,0.));
#10310=DIRECTION('',(-1.,0.,0.));
#10311=AXIS2_PLACEMENT_3D('',#10308,#10309,#10310);
#10312=PLANE('',#10311);
#10313=ORIENTED_EDGE('',*,*,#9368,.F.);
#10314=ORIENTED_EDGE('',*,*,#10288,.T.);
#10315=CARTESIAN_POINT('',(-135.,-230.2,-10.));
#10316=DIRECTION('',(0.,-1.,0.));
#10317=DIRECTION('',(0.,0.,-1.));
#10318=AXIS2_PLACEMENT_3D('',#10315,#10316,#10317);
#10319=CIRCLE('',#10318,5.);
#10320=EDGE_CURVE('',#10277,#10157,#10319,.T.);
#10321=ORIENTED_EDGE('',*,*,#10320,.T.);
#10322=ORIENTED_EDGE('',*,*,#10162,.T.);
#10323=EDGE_LOOP('',(#10313,#10314,#10321,#10322));
#10324=FACE_BOUND('',#10323,.T.);
#10325=ADVANCED_FACE('',(#10324),#10312,.F.);
#10326=CARTESIAN_POINT('',(-105.,-230.4,-30.));
#10327=DIRECTION('',(0.,1.,0.));
#10328=DIRECTION('',(-1.,0.,0.));
#10329=AXIS2_PLACEMENT_3D('',#10326,#10327,#10328);
#10330=PLANE('',#10329);
#10331=CARTESIAN_POINT('',(-102.4,-230.4,-34.270831301));
#10332=VERTEX_POINT('',#10331);
#10333=CARTESIAN_POINT('',(-102.4,-230.4,-25.729168699));
#10334=VERTEX_POINT('',#10333);
#10335=CARTESIAN_POINT('',(-102.4,-230.4,-34.270831301));
#10336=DIRECTION('',(0.,0.,1.));
#10337=VECTOR('',#10336,8.541662602);
#10338=LINE('',#10335,#10337);
#10339=EDGE_CURVE('',#10332,#10334,#10338,.T.);
#10340=ORIENTED_EDGE('',*,*,#10339,.F.);
#10341=CARTESIAN_POINT('',(-105.,-230.4,-30.));
#10342=DIRECTION('',(0.,-1.,0.));
#10343=DIRECTION('',(0.,0.,-1.));
#10344=AXIS2_PLACEMENT_3D('',#10341,#10342,#10343);
#10345=CIRCLE('',#10344,5.);
#10346=EDGE_CURVE('',#10332,#10334,#10345,.T.);
#10347=ORIENTED_EDGE('',*,*,#10346,.T.);
#10348=EDGE_LOOP('',(#10340,#10347));
#10349=FACE_BOUND('',#10348,.T.);
#10350=ADVANCED_FACE('',(#10349),#10330,.F.);
#10351=CARTESIAN_POINT('',(-102.4,-230.,-34.270831301));
#10352=DIRECTION('',(1.,0.,0.));
#10353=DIRECTION('',(0.,0.,1.));
#10354=AXIS2_PLACEMENT_3D('',#10351,#10352,#10353);
#10355=PLANE('',#10354);
#10356=ORIENTED_EDGE('',*,*,#9472,.F.);
#10357=CARTESIAN_POINT('',(-102.4,-230.2,-34.270831301));
#10358=VERTEX_POINT('',#10357);
#10359=CARTESIAN_POINT('',(-102.4,-230.2,-34.270831301));
#10360=DIRECTION('',(0.,0.,1.));
#10361=VECTOR('',#10360,1.670831301);
#10362=LINE('',#10359,#10361);
#10363=EDGE_CURVE('',#10358,#9459,#10362,.T.);
#10364=ORIENTED_EDGE('',*,*,#10363,.F.);
#10365=CARTESIAN_POINT('',(-102.4,-230.2,-34.270831301));
#10366=DIRECTION('',(0.,-1.,0.));
#10367=VECTOR('',#10366,0.2);
#10368=LINE('',#10365,#10367);
#10369=EDGE_CURVE('',#10358,#10332,#10368,.T.);
#10370=ORIENTED_EDGE('',*,*,#10369,.T.);
#10371=ORIENTED_EDGE('',*,*,#10339,.T.);
#10372=CARTESIAN_POINT('',(-102.4,-230.2,-25.729168699));
#10373=VERTEX_POINT('',#10372);
#10374=CARTESIAN_POINT('',(-102.4,-230.4,-25.729168699));
#10375=DIRECTION('',(-0.,1.,-0.));
#10376=VECTOR('',#10375,0.2);
#10377=LINE('',#10374,#10376);
#10378=EDGE_CURVE('',#10334,#10373,#10377,.T.);
#10379=ORIENTED_EDGE('',*,*,#10378,.T.);
#10380=CARTESIAN_POINT('',(-102.4,-230.2,-27.4));
#10381=DIRECTION('',(0.,0.,1.));
#10382=VECTOR('',#10381,1.670831301);
#10383=LINE('',#10380,#10382);
#10384=EDGE_CURVE('',#9499,#10373,#10383,.T.);
#10385=ORIENTED_EDGE('',*,*,#10384,.F.);
#10386=ORIENTED_EDGE('',*,*,#9504,.F.);
#10387=CARTESIAN_POINT('',(-102.4,-230.,-30.));
#10388=VERTEX_POINT('',#10387);
#10389=CARTESIAN_POINT('',(-102.4,-230.,-27.4));
#10390=DIRECTION('',(-0.,-0.,-1.));
#10391=VECTOR('',#10390,2.6);
#10392=LINE('',#10389,#10391);
#10393=EDGE_CURVE('',#9491,#10388,#10392,.T.);
#10394=ORIENTED_EDGE('',*,*,#10393,.T.);
#10395=CARTESIAN_POINT('',(-102.4,-230.,-30.));
#10396=DIRECTION('',(-0.,-0.,-1.));
#10397=VECTOR('',#10396,2.6);
#10398=LINE('',#10395,#10397);
#10399=EDGE_CURVE('',#10388,#9467,#10398,.T.);
#10400=ORIENTED_EDGE('',*,*,#10399,.T.);
#10401=EDGE_LOOP('',(#10356,#10364,#10370,#10371,#10379,#10385,#10386,#10394,#10400));
#10402=FACE_BOUND('',#10401,.T.);
#10403=ADVANCED_FACE('',(#10402),#10355,.F.);
#10404=CARTESIAN_POINT('',(-105.,-230.2,-30.));
#10405=DIRECTION('',(0.,1.,0.));
#10406=DIRECTION('',(-1.,0.,0.));
#10407=AXIS2_PLACEMENT_3D('',#10404,#10405,#10406);
#10408=PLANE('',#10407);
#10409=ORIENTED_EDGE('',*,*,#9512,.F.);
#10410=ORIENTED_EDGE('',*,*,#10384,.T.);
#10411=CARTESIAN_POINT('',(-107.6,-230.2,-25.729168699));
#10412=VERTEX_POINT('',#10411);
#10413=CARTESIAN_POINT('',(-105.,-230.2,-30.));
#10414=DIRECTION('',(0.,-1.,0.));
#10415=DIRECTION('',(0.,0.,-1.));
#10416=AXIS2_PLACEMENT_3D('',#10413,#10414,#10415);
#10417=CIRCLE('',#10416,5.);
#10418=EDGE_CURVE('',#10373,#10412,#10417,.T.);
#10419=ORIENTED_EDGE('',*,*,#10418,.T.);
#10420=CARTESIAN_POINT('',(-107.6,-230.2,-25.729168699));
#10421=DIRECTION('',(-0.,-0.,-1.));
#10422=VECTOR('',#10421,1.670831301);
#10423=LINE('',#10420,#10422);
#10424=EDGE_CURVE('',#10412,#9507,#10423,.T.);
#10425=ORIENTED_EDGE('',*,*,#10424,.T.);
#10426=EDGE_LOOP('',(#10409,#10410,#10419,#10425));
#10427=FACE_BOUND('',#10426,.T.);
#10428=ADVANCED_FACE('',(#10427),#10408,.F.);
#10429=CARTESIAN_POINT('',(-105.,-230.4,-30.));
#10430=DIRECTION('',(0.,1.,0.));
#10431=DIRECTION('',(-1.,0.,0.));
#10432=AXIS2_PLACEMENT_3D('',#10429,#10430,#10431);
#10433=PLANE('',#10432);
#10434=CARTESIAN_POINT('',(-107.6,-230.4,-25.729168699));
#10435=VERTEX_POINT('',#10434);
#10436=CARTESIAN_POINT('',(-107.6,-230.4,-34.270831301));
#10437=VERTEX_POINT('',#10436);
#10438=CARTESIAN_POINT('',(-107.6,-230.4,-25.729168699));
#10439=DIRECTION('',(0.,0.,-1.));
#10440=VECTOR('',#10439,8.541662602);
#10441=LINE('',#10438,#10440);
#10442=EDGE_CURVE('',#10435,#10437,#10441,.T.);
#10443=ORIENTED_EDGE('',*,*,#10442,.F.);
#10444=CARTESIAN_POINT('',(-110.,-230.4,-30.));
#10445=VERTEX_POINT('',#10444);
#10446=CARTESIAN_POINT('',(-105.,-230.4,-30.));
#10447=DIRECTION('',(0.,-1.,0.));
#10448=DIRECTION('',(0.,0.,-1.));
#10449=AXIS2_PLACEMENT_3D('',#10446,#10447,#10448);
#10450=CIRCLE('',#10449,5.);
#10451=EDGE_CURVE('',#10435,#10445,#10450,.T.);
#10452=ORIENTED_EDGE('',*,*,#10451,.T.);
#10453=CARTESIAN_POINT('',(-105.,-230.4,-30.));
#10454=DIRECTION('',(0.,-1.,0.));
#10455=DIRECTION('',(0.,0.,-1.));
#10456=AXIS2_PLACEMENT_3D('',#10453,#10454,#10455);
#10457=CIRCLE('',#10456,5.);
#10458=EDGE_CURVE('',#10445,#10437,#10457,.T.);
#10459=ORIENTED_EDGE('',*,*,#10458,.T.);
#10460=EDGE_LOOP('',(#10443,#10452,#10459));
#10461=FACE_BOUND('',#10460,.T.);
#10462=ADVANCED_FACE('',(#10461),#10433,.F.);
#10463=CARTESIAN_POINT('',(-107.6,-230.,-25.729168699));
#10464=DIRECTION('',(-1.,0.,0.));
#10465=DIRECTION('',(0.,0.,-1.));
#10466=AXIS2_PLACEMENT_3D('',#10463,#10464,#10465);
#10467=PLANE('',#10466);
#10468=ORIENTED_EDGE('',*,*,#9520,.F.);
#10469=ORIENTED_EDGE('',*,*,#10424,.F.);
#10470=CARTESIAN_POINT('',(-107.6,-230.2,-25.729168699));
#10471=DIRECTION('',(0.,-1.,0.));
#10472=VECTOR('',#10471,0.2);
#10473=LINE('',#10470,#10472);
#10474=EDGE_CURVE('',#10412,#10435,#10473,.T.);
#10475=ORIENTED_EDGE('',*,*,#10474,.T.);
#10476=ORIENTED_EDGE('',*,*,#10442,.T.);
#10477=CARTESIAN_POINT('',(-107.6,-230.2,-34.270831301));
#10478=VERTEX_POINT('',#10477);
#10479=CARTESIAN_POINT('',(-107.6,-230.4,-34.270831301));
#10480=DIRECTION('',(-0.,1.,-0.));
#10481=VECTOR('',#10480,0.2);
#10482=LINE('',#10479,#10481);
#10483=EDGE_CURVE('',#10437,#10478,#10482,.T.);
#10484=ORIENTED_EDGE('',*,*,#10483,.T.);
#10485=CARTESIAN_POINT('',(-107.6,-230.2,-32.6));
#10486=DIRECTION('',(-0.,-0.,-1.));
#10487=VECTOR('',#10486,1.670831301);
#10488=LINE('',#10485,#10487);
#10489=EDGE_CURVE('',#9451,#10478,#10488,.T.);
#10490=ORIENTED_EDGE('',*,*,#10489,.F.);
#10491=ORIENTED_EDGE('',*,*,#9456,.F.);
#10492=CARTESIAN_POINT('',(-107.6,-230.,-30.));
#10493=VERTEX_POINT('',#10492);
#10494=CARTESIAN_POINT('',(-107.6,-230.,-32.6));
#10495=DIRECTION('',(-0.,-0.,1.));
#10496=VECTOR('',#10495,2.6);
#10497=LINE('',#10494,#10496);
#10498=EDGE_CURVE('',#9443,#10493,#10497,.T.);
#10499=ORIENTED_EDGE('',*,*,#10498,.T.);
#10500=CARTESIAN_POINT('',(-107.6,-230.,-30.));
#10501=DIRECTION('',(-0.,-0.,1.));
#10502=VECTOR('',#10501,2.6);
#10503=LINE('',#10500,#10502);
#10504=EDGE_CURVE('',#10493,#9515,#10503,.T.);
#10505=ORIENTED_EDGE('',*,*,#10504,.T.);
#10506=EDGE_LOOP('',(#10468,#10469,#10475,#10476,#10484,#10490,#10491,#10499,#10505));
#10507=FACE_BOUND('',#10506,.T.);
#10508=ADVANCED_FACE('',(#10507),#10467,.F.);
#10509=CARTESIAN_POINT('',(-105.,-230.2,-30.));
#10510=DIRECTION('',(0.,1.,0.));
#10511=DIRECTION('',(-1.,0.,0.));
#10512=AXIS2_PLACEMENT_3D('',#10509,#10510,#10511);
#10513=PLANE('',#10512);
#10514=ORIENTED_EDGE('',*,*,#9464,.F.);
#10515=ORIENTED_EDGE('',*,*,#10489,.T.);
#10516=CARTESIAN_POINT('',(-105.,-230.2,-30.));
#10517=DIRECTION('',(0.,-1.,0.));
#10518=DIRECTION('',(0.,0.,-1.));
#10519=AXIS2_PLACEMENT_3D('',#10516,#10517,#10518);
#10520=CIRCLE('',#10519,5.);
#10521=EDGE_CURVE('',#10478,#10358,#10520,.T.);
#10522=ORIENTED_EDGE('',*,*,#10521,.T.);
#10523=ORIENTED_EDGE('',*,*,#10363,.T.);
#10524=EDGE_LOOP('',(#10514,#10515,#10522,#10523));
#10525=FACE_BOUND('',#10524,.T.);
#10526=ADVANCED_FACE('',(#10525),#10513,.F.);
#10527=CARTESIAN_POINT('',(-105.,-230.4,-10.));
#10528=DIRECTION('',(0.,1.,0.));
#10529=DIRECTION('',(-1.,0.,0.));
#10530=AXIS2_PLACEMENT_3D('',#10527,#10528,#10529);
#10531=PLANE('',#10530);
#10532=CARTESIAN_POINT('',(-107.6,-230.4,-5.729168699));
#10533=VERTEX_POINT('',#10532);
#10534=CARTESIAN_POINT('',(-107.6,-230.4,-14.270831301));
#10535=VERTEX_POINT('',#10534);
#10536=CARTESIAN_POINT('',(-107.6,-230.4,-5.729168699));
#10537=DIRECTION('',(0.,0.,-1.));
#10538=VECTOR('',#10537,8.541662602);
#10539=LINE('',#10536,#10538);
#10540=EDGE_CURVE('',#10533,#10535,#10539,.T.);
#10541=ORIENTED_EDGE('',*,*,#10540,.F.);
#10542=CARTESIAN_POINT('',(-110.,-230.4,-10.));
#10543=VERTEX_POINT('',#10542);
#10544=CARTESIAN_POINT('',(-105.,-230.4,-10.));
#10545=DIRECTION('',(0.,-1.,0.));
#10546=DIRECTION('',(0.,0.,-1.));
#10547=AXIS2_PLACEMENT_3D('',#10544,#10545,#10546);
#10548=CIRCLE('',#10547,5.);
#10549=EDGE_CURVE('',#10533,#10543,#10548,.T.);
#10550=ORIENTED_EDGE('',*,*,#10549,.T.);
#10551=CARTESIAN_POINT('',(-105.,-230.4,-10.));
#10552=DIRECTION('',(0.,-1.,0.));
#10553=DIRECTION('',(0.,0.,-1.));
#10554=AXIS2_PLACEMENT_3D('',#10551,#10552,#10553);
#10555=CIRCLE('',#10554,5.);
#10556=EDGE_CURVE('',#10543,#10535,#10555,.T.);
#10557=ORIENTED_EDGE('',*,*,#10556,.T.);
#10558=EDGE_LOOP('',(#10541,#10550,#10557));
#10559=FACE_BOUND('',#10558,.T.);
#10560=ADVANCED_FACE('',(#10559),#10531,.F.);
#10561=CARTESIAN_POINT('',(-107.6,-230.,-5.729168699));
#10562=DIRECTION('',(-1.,0.,0.));
#10563=DIRECTION('',(0.,0.,-1.));
#10564=AXIS2_PLACEMENT_3D('',#10561,#10562,#10563);
#10565=PLANE('',#10564);
#10566=ORIENTED_EDGE('',*,*,#9712,.F.);
#10567=CARTESIAN_POINT('',(-107.6,-230.2,-5.729168699));
#10568=VERTEX_POINT('',#10567);
#10569=CARTESIAN_POINT('',(-107.6,-230.2,-5.729168699));
#10570=DIRECTION('',(-0.,-0.,-1.));
#10571=VECTOR('',#10570,1.670831301);
#10572=LINE('',#10569,#10571);
#10573=EDGE_CURVE('',#10568,#9699,#10572,.T.);
#10574=ORIENTED_EDGE('',*,*,#10573,.F.);
#10575=CARTESIAN_POINT('',(-107.6,-230.2,-5.729168699));
#10576=DIRECTION('',(0.,-1.,0.));
#10577=VECTOR('',#10576,0.2);
#10578=LINE('',#10575,#10577);
#10579=EDGE_CURVE('',#10568,#10533,#10578,.T.);
#10580=ORIENTED_EDGE('',*,*,#10579,.T.);
#10581=ORIENTED_EDGE('',*,*,#10540,.T.);
#10582=CARTESIAN_POINT('',(-107.6,-230.2,-14.270831301));
#10583=VERTEX_POINT('',#10582);
#10584=CARTESIAN_POINT('',(-107.6,-230.4,-14.270831301));
#10585=DIRECTION('',(-0.,1.,-0.));
#10586=VECTOR('',#10585,0.2);
#10587=LINE('',#10584,#10586);
#10588=EDGE_CURVE('',#10535,#10583,#10587,.T.);
#10589=ORIENTED_EDGE('',*,*,#10588,.T.);
#10590=CARTESIAN_POINT('',(-107.6,-230.2,-12.6));
#10591=DIRECTION('',(-0.,-0.,-1.));
#10592=VECTOR('',#10591,1.670831301);
#10593=LINE('',#10590,#10592);
#10594=EDGE_CURVE('',#9643,#10583,#10593,.T.);
#10595=ORIENTED_EDGE('',*,*,#10594,.F.);
#10596=ORIENTED_EDGE('',*,*,#9648,.F.);
#10597=CARTESIAN_POINT('',(-107.6,-230.,-10.));
#10598=VERTEX_POINT('',#10597);
#10599=CARTESIAN_POINT('',(-107.6,-230.,-12.6));
#10600=DIRECTION('',(-0.,-0.,1.));
#10601=VECTOR('',#10600,2.6);
#10602=LINE('',#10599,#10601);
#10603=EDGE_CURVE('',#9635,#10598,#10602,.T.);
#10604=ORIENTED_EDGE('',*,*,#10603,.T.);
#10605=CARTESIAN_POINT('',(-107.6,-230.,-10.));
#10606=DIRECTION('',(-0.,-0.,1.));
#10607=VECTOR('',#10606,2.6);
#10608=LINE('',#10605,#10607);
#10609=EDGE_CURVE('',#10598,#9707,#10608,.T.);
#10610=ORIENTED_EDGE('',*,*,#10609,.T.);
#10611=EDGE_LOOP('',(#10566,#10574,#10580,#10581,#10589,#10595,#10596,#10604,#10610));
#10612=FACE_BOUND('',#10611,.T.);
#10613=ADVANCED_FACE('',(#10612),#10565,.F.);
#10614=CARTESIAN_POINT('',(-105.,-230.2,-10.));
#10615=DIRECTION('',(0.,1.,0.));
#10616=DIRECTION('',(-1.,0.,0.));
#10617=AXIS2_PLACEMENT_3D('',#10614,#10615,#10616);
#10618=PLANE('',#10617);
#10619=ORIENTED_EDGE('',*,*,#9656,.F.);
#10620=ORIENTED_EDGE('',*,*,#10594,.T.);
#10621=CARTESIAN_POINT('',(-102.4,-230.2,-14.270831301));
#10622=VERTEX_POINT('',#10621);
#10623=CARTESIAN_POINT('',(-105.,-230.2,-10.));
#10624=DIRECTION('',(0.,-1.,0.));
#10625=DIRECTION('',(0.,0.,-1.));
#10626=AXIS2_PLACEMENT_3D('',#10623,#10624,#10625);
#10627=CIRCLE('',#10626,5.);
#10628=EDGE_CURVE('',#10583,#10622,#10627,.T.);
#10629=ORIENTED_EDGE('',*,*,#10628,.T.);
#10630=CARTESIAN_POINT('',(-102.4,-230.2,-14.270831301));
#10631=DIRECTION('',(0.,0.,1.));
#10632=VECTOR('',#10631,1.670831301);
#10633=LINE('',#10630,#10632);
#10634=EDGE_CURVE('',#10622,#9651,#10633,.T.);
#10635=ORIENTED_EDGE('',*,*,#10634,.T.);
#10636=EDGE_LOOP('',(#10619,#10620,#10629,#10635));
#10637=FACE_BOUND('',#10636,.T.);
#10638=ADVANCED_FACE('',(#10637),#10618,.F.);
#10639=CARTESIAN_POINT('',(-105.,-230.4,-10.));
#10640=DIRECTION('',(0.,1.,0.));
#10641=DIRECTION('',(-1.,0.,0.));
#10642=AXIS2_PLACEMENT_3D('',#10639,#10640,#10641);
#10643=PLANE('',#10642);
#10644=CARTESIAN_POINT('',(-102.4,-230.4,-14.270831301));
#10645=VERTEX_POINT('',#10644);
#10646=CARTESIAN_POINT('',(-102.4,-230.4,-5.729168699));
#10647=VERTEX_POINT('',#10646);
#10648=CARTESIAN_POINT('',(-102.4,-230.4,-14.270831301));
#10649=DIRECTION('',(0.,0.,1.));
#10650=VECTOR('',#10649,8.541662602);
#10651=LINE('',#10648,#10650);
#10652=EDGE_CURVE('',#10645,#10647,#10651,.T.);
#10653=ORIENTED_EDGE('',*,*,#10652,.F.);
#10654=CARTESIAN_POINT('',(-105.,-230.4,-10.));
#10655=DIRECTION('',(0.,-1.,0.));
#10656=DIRECTION('',(0.,0.,-1.));
#10657=AXIS2_PLACEMENT_3D('',#10654,#10655,#10656);
#10658=CIRCLE('',#10657,5.);
#10659=EDGE_CURVE('',#10645,#10647,#10658,.T.);
#10660=ORIENTED_EDGE('',*,*,#10659,.T.);
#10661=EDGE_LOOP('',(#10653,#10660));
#10662=FACE_BOUND('',#10661,.T.);
#10663=ADVANCED_FACE('',(#10662),#10643,.F.);
#10664=CARTESIAN_POINT('',(-102.4,-230.,-14.270831301));
#10665=DIRECTION('',(1.,0.,0.));
#10666=DIRECTION('',(0.,0.,1.));
#10667=AXIS2_PLACEMENT_3D('',#10664,#10665,#10666);
#10668=PLANE('',#10667);
#10669=ORIENTED_EDGE('',*,*,#9664,.F.);
#10670=ORIENTED_EDGE('',*,*,#10634,.F.);
#10671=CARTESIAN_POINT('',(-102.4,-230.2,-14.270831301));
#10672=DIRECTION('',(0.,-1.,0.));
#10673=VECTOR('',#10672,0.2);
#10674=LINE('',#10671,#10673);
#10675=EDGE_CURVE('',#10622,#10645,#10674,.T.);
#10676=ORIENTED_EDGE('',*,*,#10675,.T.);
#10677=ORIENTED_EDGE('',*,*,#10652,.T.);
#10678=CARTESIAN_POINT('',(-102.4,-230.2,-5.729168699));
#10679=VERTEX_POINT('',#10678);
#10680=CARTESIAN_POINT('',(-102.4,-230.4,-5.729168699));
#10681=DIRECTION('',(-0.,1.,-0.));
#10682=VECTOR('',#10681,0.2);
#10683=LINE('',#10680,#10682);
#10684=EDGE_CURVE('',#10647,#10679,#10683,.T.);
#10685=ORIENTED_EDGE('',*,*,#10684,.T.);
#10686=CARTESIAN_POINT('',(-102.4,-230.2,-7.4));
#10687=DIRECTION('',(0.,0.,1.));
#10688=VECTOR('',#10687,1.670831301);
#10689=LINE('',#10686,#10688);
#10690=EDGE_CURVE('',#9691,#10679,#10689,.T.);
#10691=ORIENTED_EDGE('',*,*,#10690,.F.);
#10692=ORIENTED_EDGE('',*,*,#9696,.F.);
#10693=CARTESIAN_POINT('',(-102.4,-230.,-10.));
#10694=VERTEX_POINT('',#10693);
#10695=CARTESIAN_POINT('',(-102.4,-230.,-7.4));
#10696=DIRECTION('',(-0.,-0.,-1.));
#10697=VECTOR('',#10696,2.6);
#10698=LINE('',#10695,#10697);
#10699=EDGE_CURVE('',#9683,#10694,#10698,.T.);
#10700=ORIENTED_EDGE('',*,*,#10699,.T.);
#10701=CARTESIAN_POINT('',(-102.4,-230.,-10.));
#10702=DIRECTION('',(-0.,-0.,-1.));
#10703=VECTOR('',#10702,2.6);
#10704=LINE('',#10701,#10703);
#10705=EDGE_CURVE('',#10694,#9659,#10704,.T.);
#10706=ORIENTED_EDGE('',*,*,#10705,.T.);
#10707=EDGE_LOOP('',(#10669,#10670,#10676,#10677,#10685,#10691,#10692,#10700,#10706));
#10708=FACE_BOUND('',#10707,.T.);
#10709=ADVANCED_FACE('',(#10708),#10668,.F.);
#10710=CARTESIAN_POINT('',(-105.,-230.2,-10.));
#10711=DIRECTION('',(0.,1.,0.));
#10712=DIRECTION('',(-1.,0.,0.));
#10713=AXIS2_PLACEMENT_3D('',#10710,#10711,#10712);
#10714=PLANE('',#10713);
#10715=ORIENTED_EDGE('',*,*,#9704,.F.);
#10716=ORIENTED_EDGE('',*,*,#10690,.T.);
#10717=CARTESIAN_POINT('',(-105.,-230.2,-10.));
#10718=DIRECTION('',(0.,-1.,0.));
#10719=DIRECTION('',(0.,0.,-1.));
#10720=AXIS2_PLACEMENT_3D('',#10717,#10718,#10719);
#10721=CIRCLE('',#10720,5.);
#10722=EDGE_CURVE('',#10679,#10568,#10721,.T.);
#10723=ORIENTED_EDGE('',*,*,#10722,.T.);
#10724=ORIENTED_EDGE('',*,*,#10573,.T.);
#10725=EDGE_LOOP('',(#10715,#10716,#10723,#10724));
#10726=FACE_BOUND('',#10725,.T.);
#10727=ADVANCED_FACE('',(#10726),#10714,.F.);
#10728=CARTESIAN_POINT('',(-135.,-210.4,10.));
#10729=DIRECTION('',(0.,1.,0.));
#10730=DIRECTION('',(-1.,0.,0.));
#10731=AXIS2_PLACEMENT_3D('',#10728,#10729,#10730);
#10732=PLANE('',#10731);
#10733=CARTESIAN_POINT('',(-137.6,-210.4,14.270831301));
#10734=VERTEX_POINT('',#10733);
#10735=CARTESIAN_POINT('',(-137.6,-210.4,5.729168699));
#10736=VERTEX_POINT('',#10735);
#10737=CARTESIAN_POINT('',(-137.6,-210.4,14.270831301));
#10738=DIRECTION('',(0.,0.,-1.));
#10739=VECTOR('',#10738,8.541662602);
#10740=LINE('',#10737,#10739);
#10741=EDGE_CURVE('',#10734,#10736,#10740,.T.);
#10742=ORIENTED_EDGE('',*,*,#10741,.F.);
#10743=CARTESIAN_POINT('',(-140.,-210.4,10.));
#10744=VERTEX_POINT('',#10743);
#10745=CARTESIAN_POINT('',(-135.,-210.4,10.));
#10746=DIRECTION('',(0.,-1.,0.));
#10747=DIRECTION('',(0.,0.,-1.));
#10748=AXIS2_PLACEMENT_3D('',#10745,#10746,#10747);
#10749=CIRCLE('',#10748,5.);
#10750=EDGE_CURVE('',#10734,#10744,#10749,.T.);
#10751=ORIENTED_EDGE('',*,*,#10750,.T.);
#10752=CARTESIAN_POINT('',(-135.,-210.4,10.));
#10753=DIRECTION('',(0.,-1.,0.));
#10754=DIRECTION('',(0.,0.,-1.));
#10755=AXIS2_PLACEMENT_3D('',#10752,#10753,#10754);
#10756=CIRCLE('',#10755,5.);
#10757=EDGE_CURVE('',#10744,#10736,#10756,.T.);
#10758=ORIENTED_EDGE('',*,*,#10757,.T.);
#10759=EDGE_LOOP('',(#10742,#10751,#10758));
#10760=FACE_BOUND('',#10759,.T.);
#10761=ADVANCED_FACE('',(#10760),#10732,.F.);
#10762=CARTESIAN_POINT('',(-137.6,-230.,14.270831301));
#10763=DIRECTION('',(-1.,0.,0.));
#10764=DIRECTION('',(0.,0.,-1.));
#10765=AXIS2_PLACEMENT_3D('',#10762,#10763,#10764);
#10766=PLANE('',#10765);
#10767=ORIENTED_EDGE('',*,*,#9328,.F.);
#10768=CARTESIAN_POINT('',(-137.6,-210.2,14.270831301));
#10769=VERTEX_POINT('',#10768);
#10770=CARTESIAN_POINT('',(-137.6,-210.2,14.270831301));
#10771=DIRECTION('',(-0.,-0.,-1.));
#10772=VECTOR('',#10771,1.670831301);
#10773=LINE('',#10770,#10772);
#10774=EDGE_CURVE('',#10769,#9315,#10773,.T.);
#10775=ORIENTED_EDGE('',*,*,#10774,.F.);
#10776=CARTESIAN_POINT('',(-137.6,-210.2,14.270831301));
#10777=DIRECTION('',(0.,-1.,0.));
#10778=VECTOR('',#10777,0.2);
#10779=LINE('',#10776,#10778);
#10780=EDGE_CURVE('',#10769,#10734,#10779,.T.);
#10781=ORIENTED_EDGE('',*,*,#10780,.T.);
#10782=ORIENTED_EDGE('',*,*,#10741,.T.);
#10783=CARTESIAN_POINT('',(-137.6,-210.2,5.729168699));
#10784=VERTEX_POINT('',#10783);
#10785=CARTESIAN_POINT('',(-137.6,-210.4,5.729168699));
#10786=DIRECTION('',(-0.,1.,-0.));
#10787=VECTOR('',#10786,0.2);
#10788=LINE('',#10785,#10787);
#10789=EDGE_CURVE('',#10736,#10784,#10788,.T.);
#10790=ORIENTED_EDGE('',*,*,#10789,.T.);
#10791=CARTESIAN_POINT('',(-137.6,-210.2,7.4));
#10792=DIRECTION('',(-0.,-0.,-1.));
#10793=VECTOR('',#10792,1.670831301);
#10794=LINE('',#10791,#10793);
#10795=EDGE_CURVE('',#9259,#10784,#10794,.T.);
#10796=ORIENTED_EDGE('',*,*,#10795,.F.);
#10797=ORIENTED_EDGE('',*,*,#9264,.F.);
#10798=CARTESIAN_POINT('',(-137.6,-210.,10.));
#10799=VERTEX_POINT('',#10798);
#10800=CARTESIAN_POINT('',(-137.6,-210.,7.4));
#10801=DIRECTION('',(-0.,-0.,1.));
#10802=VECTOR('',#10801,2.6);
#10803=LINE('',#10800,#10802);
#10804=EDGE_CURVE('',#9251,#10799,#10803,.T.);
#10805=ORIENTED_EDGE('',*,*,#10804,.T.);
#10806=CARTESIAN_POINT('',(-137.6,-210.,10.));
#10807=DIRECTION('',(-0.,-0.,1.));
#10808=VECTOR('',#10807,2.6);
#10809=LINE('',#10806,#10808);
#10810=EDGE_CURVE('',#10799,#9323,#10809,.T.);
#10811=ORIENTED_EDGE('',*,*,#10810,.T.);
#10812=EDGE_LOOP('',(#10767,#10775,#10781,#10782,#10790,#10796,#10797,#10805,#10811));
#10813=FACE_BOUND('',#10812,.T.);
#10814=ADVANCED_FACE('',(#10813),#10766,.F.);
#10815=CARTESIAN_POINT('',(-135.,-210.2,10.));
#10816=DIRECTION('',(0.,1.,0.));
#10817=DIRECTION('',(-1.,0.,0.));
#10818=AXIS2_PLACEMENT_3D('',#10815,#10816,#10817);
#10819=PLANE('',#10818);
#10820=ORIENTED_EDGE('',*,*,#9272,.F.);
#10821=ORIENTED_EDGE('',*,*,#10795,.T.);
#10822=CARTESIAN_POINT('',(-132.4,-210.2,5.729168699));
#10823=VERTEX_POINT('',#10822);
#10824=CARTESIAN_POINT('',(-135.,-210.2,10.));
#10825=DIRECTION('',(0.,-1.,0.));
#10826=DIRECTION('',(0.,0.,-1.));
#10827=AXIS2_PLACEMENT_3D('',#10824,#10825,#10826);
#10828=CIRCLE('',#10827,5.);
#10829=EDGE_CURVE('',#10784,#10823,#10828,.T.);
#10830=ORIENTED_EDGE('',*,*,#10829,.T.);
#10831=CARTESIAN_POINT('',(-132.4,-210.2,5.729168699));
#10832=DIRECTION('',(0.,0.,1.));
#10833=VECTOR('',#10832,1.670831301);
#10834=LINE('',#10831,#10833);
#10835=EDGE_CURVE('',#10823,#9267,#10834,.T.);
#10836=ORIENTED_EDGE('',*,*,#10835,.T.);
#10837=EDGE_LOOP('',(#10820,#10821,#10830,#10836));
#10838=FACE_BOUND('',#10837,.T.);
#10839=ADVANCED_FACE('',(#10838),#10819,.F.);
#10840=CARTESIAN_POINT('',(-135.,-210.4,10.));
#10841=DIRECTION('',(0.,1.,0.));
#10842=DIRECTION('',(-1.,0.,0.));
#10843=AXIS2_PLACEMENT_3D('',#10840,#10841,#10842);
#10844=PLANE('',#10843);
#10845=CARTESIAN_POINT('',(-132.4,-210.4,5.729168699));
#10846=VERTEX_POINT('',#10845);
#10847=CARTESIAN_POINT('',(-132.4,-210.4,14.270831301));
#10848=VERTEX_POINT('',#10847);
#10849=CARTESIAN_POINT('',(-132.4,-210.4,5.729168699));
#10850=DIRECTION('',(0.,0.,1.));
#10851=VECTOR('',#10850,8.541662602);
#10852=LINE('',#10849,#10851);
#10853=EDGE_CURVE('',#10846,#10848,#10852,.T.);
#10854=ORIENTED_EDGE('',*,*,#10853,.F.);
#10855=CARTESIAN_POINT('',(-135.,-210.4,10.));
#10856=DIRECTION('',(0.,-1.,0.));
#10857=DIRECTION('',(0.,0.,-1.));
#10858=AXIS2_PLACEMENT_3D('',#10855,#10856,#10857);
#10859=CIRCLE('',#10858,5.);
#10860=EDGE_CURVE('',#10846,#10848,#10859,.T.);
#10861=ORIENTED_EDGE('',*,*,#10860,.T.);
#10862=EDGE_LOOP('',(#10854,#10861));
#10863=FACE_BOUND('',#10862,.T.);
#10864=ADVANCED_FACE('',(#10863),#10844,.F.);
#10865=CARTESIAN_POINT('',(-132.4,-230.,5.729168699));
#10866=DIRECTION('',(1.,0.,0.));
#10867=DIRECTION('',(0.,0.,1.));
#10868=AXIS2_PLACEMENT_3D('',#10865,#10866,#10867);
#10869=PLANE('',#10868);
#10870=ORIENTED_EDGE('',*,*,#9280,.F.);
#10871=ORIENTED_EDGE('',*,*,#10835,.F.);
#10872=CARTESIAN_POINT('',(-132.4,-210.2,5.729168699));
#10873=DIRECTION('',(0.,-1.,0.));
#10874=VECTOR('',#10873,0.2);
#10875=LINE('',#10872,#10874);
#10876=EDGE_CURVE('',#10823,#10846,#10875,.T.);
#10877=ORIENTED_EDGE('',*,*,#10876,.T.);
#10878=ORIENTED_EDGE('',*,*,#10853,.T.);
#10879=CARTESIAN_POINT('',(-132.4,-210.2,14.270831301));
#10880=VERTEX_POINT('',#10879);
#10881=CARTESIAN_POINT('',(-132.4,-210.4,14.270831301));
#10882=DIRECTION('',(-0.,1.,-0.));
#10883=VECTOR('',#10882,0.2);
#10884=LINE('',#10881,#10883);
#10885=EDGE_CURVE('',#10848,#10880,#10884,.T.);
#10886=ORIENTED_EDGE('',*,*,#10885,.T.);
#10887=CARTESIAN_POINT('',(-132.4,-210.2,12.6));
#10888=DIRECTION('',(0.,0.,1.));
#10889=VECTOR('',#10888,1.670831301);
#10890=LINE('',#10887,#10889);
#10891=EDGE_CURVE('',#9307,#10880,#10890,.T.);
#10892=ORIENTED_EDGE('',*,*,#10891,.F.);
#10893=ORIENTED_EDGE('',*,*,#9312,.F.);
#10894=CARTESIAN_POINT('',(-132.4,-210.,10.));
#10895=VERTEX_POINT('',#10894);
#10896=CARTESIAN_POINT('',(-132.4,-210.,12.6));
#10897=DIRECTION('',(-0.,-0.,-1.));
#10898=VECTOR('',#10897,2.6);
#10899=LINE('',#10896,#10898);
#10900=EDGE_CURVE('',#9299,#10895,#10899,.T.);
#10901=ORIENTED_EDGE('',*,*,#10900,.T.);
#10902=CARTESIAN_POINT('',(-132.4,-210.,10.));
#10903=DIRECTION('',(-0.,-0.,-1.));
#10904=VECTOR('',#10903,2.6);
#10905=LINE('',#10902,#10904);
#10906=EDGE_CURVE('',#10895,#9275,#10905,.T.);
#10907=ORIENTED_EDGE('',*,*,#10906,.T.);
#10908=EDGE_LOOP('',(#10870,#10871,#10877,#10878,#10886,#10892,#10893,#10901,#10907));
#10909=FACE_BOUND('',#10908,.T.);
#10910=ADVANCED_FACE('',(#10909),#10869,.F.);
#10911=CARTESIAN_POINT('',(-135.,-210.2,10.));
#10912=DIRECTION('',(0.,1.,0.));
#10913=DIRECTION('',(-1.,0.,0.));
#10914=AXIS2_PLACEMENT_3D('',#10911,#10912,#10913);
#10915=PLANE('',#10914);
#10916=ORIENTED_EDGE('',*,*,#9320,.F.);
#10917=ORIENTED_EDGE('',*,*,#10891,.T.);
#10918=CARTESIAN_POINT('',(-135.,-210.2,10.));
#10919=DIRECTION('',(0.,-1.,0.));
#10920=DIRECTION('',(0.,0.,-1.));
#10921=AXIS2_PLACEMENT_3D('',#10918,#10919,#10920);
#10922=CIRCLE('',#10921,5.);
#10923=EDGE_CURVE('',#10880,#10769,#10922,.T.);
#10924=ORIENTED_EDGE('',*,*,#10923,.T.);
#10925=ORIENTED_EDGE('',*,*,#10774,.T.);
#10926=EDGE_LOOP('',(#10916,#10917,#10924,#10925));
#10927=FACE_BOUND('',#10926,.T.);
#10928=ADVANCED_FACE('',(#10927),#10915,.F.);
#10929=CARTESIAN_POINT('',(-122.5,-210.,0.));
#10930=DIRECTION('',(0.,1.,0.));
#10931=DIRECTION('',(-1.,0.,0.));
#10932=AXIS2_PLACEMENT_3D('',#10929,#10930,#10931);
#10933=PLANE('',#10932);
#10934=ORIENTED_EDGE('',*,*,#9208,.F.);
#10935=CARTESIAN_POINT('',(-135.,-210.,30.));
#10936=DIRECTION('',(0.,1.,0.));
#10937=DIRECTION('',(0.,-0.,1.));
#10938=AXIS2_PLACEMENT_3D('',#10935,#10936,#10937);
#10939=CIRCLE('',#10938,2.6);
#10940=EDGE_CURVE('',#9201,#9986,#10939,.T.);
#10941=ORIENTED_EDGE('',*,*,#10940,.T.);
#10942=ORIENTED_EDGE('',*,*,#9991,.F.);
#10943=EDGE_LOOP('',(#10934,#10941,#10942));
#10944=FACE_BOUND('',#10943,.T.);
#10945=ADVANCED_FACE('',(#10944),#10933,.F.);
#10946=CARTESIAN_POINT('',(-122.5,-210.,0.));
#10947=DIRECTION('',(0.,1.,0.));
#10948=DIRECTION('',(-1.,0.,0.));
#10949=AXIS2_PLACEMENT_3D('',#10946,#10947,#10948);
#10950=PLANE('',#10949);
#10951=ORIENTED_EDGE('',*,*,#9190,.F.);
#10952=ORIENTED_EDGE('',*,*,#9997,.F.);
#10953=CARTESIAN_POINT('',(-135.,-210.,30.));
#10954=DIRECTION('',(0.,1.,0.));
#10955=DIRECTION('',(0.,-0.,1.));
#10956=AXIS2_PLACEMENT_3D('',#10953,#10954,#10955);
#10957=CIRCLE('',#10956,2.6);
#10958=EDGE_CURVE('',#9986,#9153,#10957,.T.);
#10959=ORIENTED_EDGE('',*,*,#10958,.T.);
#10960=EDGE_LOOP('',(#10951,#10952,#10959));
#10961=FACE_BOUND('',#10960,.T.);
#10962=ADVANCED_FACE('',(#10961),#10950,.F.);
#10963=CARTESIAN_POINT('',(-122.5,-210.,0.));
#10964=DIRECTION('',(0.,1.,0.));
#10965=DIRECTION('',(-1.,0.,0.));
#10966=AXIS2_PLACEMENT_3D('',#10963,#10964,#10965);
#10967=PLANE('',#10966);
#10968=ORIENTED_EDGE('',*,*,#9160,.F.);
#10969=CARTESIAN_POINT('',(-135.,-210.,30.));
#10970=DIRECTION('',(0.,1.,0.));
#10971=DIRECTION('',(0.,-0.,1.));
#10972=AXIS2_PLACEMENT_3D('',#10969,#10970,#10971);
#10973=CIRCLE('',#10972,2.6);
#10974=EDGE_CURVE('',#9153,#10091,#10973,.T.);
#10975=ORIENTED_EDGE('',*,*,#10974,.T.);
#10976=ORIENTED_EDGE('',*,*,#10096,.F.);
#10977=EDGE_LOOP('',(#10968,#10975,#10976));
#10978=FACE_BOUND('',#10977,.T.);
#10979=ADVANCED_FACE('',(#10978),#10967,.F.);
#10980=CARTESIAN_POINT('',(-122.5,-210.,0.));
#10981=DIRECTION('',(0.,1.,0.));
#10982=DIRECTION('',(-1.,0.,0.));
#10983=AXIS2_PLACEMENT_3D('',#10980,#10981,#10982);
#10984=PLANE('',#10983);
#10985=ORIENTED_EDGE('',*,*,#9238,.F.);
#10986=ORIENTED_EDGE('',*,*,#10102,.F.);
#10987=CARTESIAN_POINT('',(-135.,-210.,30.));
#10988=DIRECTION('',(0.,1.,0.));
#10989=DIRECTION('',(0.,-0.,1.));
#10990=AXIS2_PLACEMENT_3D('',#10987,#10988,#10989);
#10991=CIRCLE('',#10990,2.6);
#10992=EDGE_CURVE('',#10091,#9201,#10991,.T.);
#10993=ORIENTED_EDGE('',*,*,#10992,.T.);
#10994=EDGE_LOOP('',(#10985,#10986,#10993));
#10995=FACE_BOUND('',#10994,.T.);
#10996=ADVANCED_FACE('',(#10995),#10984,.F.);
#10997=CARTESIAN_POINT('',(-122.5,-210.,0.));
#10998=DIRECTION('',(0.,1.,0.));
#10999=DIRECTION('',(-1.,0.,0.));
#11000=AXIS2_PLACEMENT_3D('',#10997,#10998,#10999);
#11001=PLANE('',#11000);
#11002=ORIENTED_EDGE('',*,*,#9304,.F.);
#11003=CARTESIAN_POINT('',(-135.,-210.,10.));
#11004=DIRECTION('',(0.,1.,0.));
#11005=DIRECTION('',(0.,-0.,1.));
#11006=AXIS2_PLACEMENT_3D('',#11003,#11004,#11005);
#11007=CIRCLE('',#11006,2.6);
#11008=EDGE_CURVE('',#9297,#10895,#11007,.T.);
#11009=ORIENTED_EDGE('',*,*,#11008,.T.);
#11010=ORIENTED_EDGE('',*,*,#10900,.F.);
#11011=EDGE_LOOP('',(#11002,#11009,#11010));
#11012=FACE_BOUND('',#11011,.T.);
#11013=ADVANCED_FACE('',(#11012),#11001,.F.);
#11014=CARTESIAN_POINT('',(-122.5,-210.,0.));
#11015=DIRECTION('',(0.,1.,0.));
#11016=DIRECTION('',(-1.,0.,0.));
#11017=AXIS2_PLACEMENT_3D('',#11014,#11015,#11016);
#11018=PLANE('',#11017);
#11019=ORIENTED_EDGE('',*,*,#9286,.F.);
#11020=ORIENTED_EDGE('',*,*,#10906,.F.);
#11021=CARTESIAN_POINT('',(-135.,-210.,10.));
#11022=DIRECTION('',(0.,1.,0.));
#11023=DIRECTION('',(0.,-0.,1.));
#11024=AXIS2_PLACEMENT_3D('',#11021,#11022,#11023);
#11025=CIRCLE('',#11024,2.6);
#11026=EDGE_CURVE('',#10895,#9249,#11025,.T.);
#11027=ORIENTED_EDGE('',*,*,#11026,.T.);
#11028=EDGE_LOOP('',(#11019,#11020,#11027));
#11029=FACE_BOUND('',#11028,.T.);
#11030=ADVANCED_FACE('',(#11029),#11018,.F.);
#11031=CARTESIAN_POINT('',(-122.5,-210.,0.));
#11032=DIRECTION('',(0.,1.,0.));
#11033=DIRECTION('',(-1.,0.,0.));
#11034=AXIS2_PLACEMENT_3D('',#11031,#11032,#11033);
#11035=PLANE('',#11034);
#11036=ORIENTED_EDGE('',*,*,#9256,.F.);
#11037=CARTESIAN_POINT('',(-135.,-210.,10.));
#11038=DIRECTION('',(0.,1.,0.));
#11039=DIRECTION('',(0.,-0.,1.));
#11040=AXIS2_PLACEMENT_3D('',#11037,#11038,#11039);
#11041=CIRCLE('',#11040,2.6);
#11042=EDGE_CURVE('',#9249,#10799,#11041,.T.);
#11043=ORIENTED_EDGE('',*,*,#11042,.T.);
#11044=ORIENTED_EDGE('',*,*,#10804,.F.);
#11045=EDGE_LOOP('',(#11036,#11043,#11044));
#11046=FACE_BOUND('',#11045,.T.);
#11047=ADVANCED_FACE('',(#11046),#11035,.F.);
#11048=CARTESIAN_POINT('',(-122.5,-210.,0.));
#11049=DIRECTION('',(0.,1.,0.));
#11050=DIRECTION('',(-1.,0.,0.));
#11051=AXIS2_PLACEMENT_3D('',#11048,#11049,#11050);
#11052=PLANE('',#11051);
#11053=ORIENTED_EDGE('',*,*,#9334,.F.);
#11054=ORIENTED_EDGE('',*,*,#10810,.F.);
#11055=CARTESIAN_POINT('',(-135.,-210.,10.));
#11056=DIRECTION('',(0.,1.,0.));
#11057=DIRECTION('',(0.,-0.,1.));
#11058=AXIS2_PLACEMENT_3D('',#11055,#11056,#11057);
#11059=CIRCLE('',#11058,2.6);
#11060=EDGE_CURVE('',#10799,#9297,#11059,.T.);
#11061=ORIENTED_EDGE('',*,*,#11060,.T.);
#11062=EDGE_LOOP('',(#11053,#11054,#11061));
#11063=FACE_BOUND('',#11062,.T.);
#11064=ADVANCED_FACE('',(#11063),#11052,.F.);
#11065=CARTESIAN_POINT('',(-132.5,-230.,0.));
#11066=DIRECTION('',(0.,1.,0.));
#11067=DIRECTION('',(-1.,0.,0.));
#11068=AXIS2_PLACEMENT_3D('',#11065,#11066,#11067);
#11069=PLANE('',#11068);
#11070=ORIENTED_EDGE('',*,*,#9400,.F.);
#11071=CARTESIAN_POINT('',(-135.,-230.,-10.));
#11072=DIRECTION('',(0.,1.,0.));
#11073=DIRECTION('',(0.,-0.,1.));
#11074=AXIS2_PLACEMENT_3D('',#11071,#11072,#11073);
#11075=CIRCLE('',#11074,2.6);
#11076=EDGE_CURVE('',#9393,#10187,#11075,.T.);
#11077=ORIENTED_EDGE('',*,*,#11076,.T.);
#11078=ORIENTED_EDGE('',*,*,#10192,.F.);
#11079=EDGE_LOOP('',(#11070,#11077,#11078));
#11080=FACE_BOUND('',#11079,.T.);
#11081=ADVANCED_FACE('',(#11080),#11069,.F.);
#11082=CARTESIAN_POINT('',(-132.5,-230.,0.));
#11083=DIRECTION('',(0.,1.,0.));
#11084=DIRECTION('',(-1.,0.,0.));
#11085=AXIS2_PLACEMENT_3D('',#11082,#11083,#11084);
#11086=PLANE('',#11085);
#11087=ORIENTED_EDGE('',*,*,#9382,.F.);
#11088=ORIENTED_EDGE('',*,*,#10198,.F.);
#11089=CARTESIAN_POINT('',(-135.,-230.,-10.));
#11090=DIRECTION('',(0.,1.,0.));
#11091=DIRECTION('',(0.,-0.,1.));
#11092=AXIS2_PLACEMENT_3D('',#11089,#11090,#11091);
#11093=CIRCLE('',#11092,2.6);
#11094=EDGE_CURVE('',#10187,#9345,#11093,.T.);
#11095=ORIENTED_EDGE('',*,*,#11094,.T.);
#11096=EDGE_LOOP('',(#11087,#11088,#11095));
#11097=FACE_BOUND('',#11096,.T.);
#11098=ADVANCED_FACE('',(#11097),#11086,.F.);
#11099=CARTESIAN_POINT('',(-132.5,-230.,0.));
#11100=DIRECTION('',(0.,1.,0.));
#11101=DIRECTION('',(-1.,0.,0.));
#11102=AXIS2_PLACEMENT_3D('',#11099,#11100,#11101);
#11103=PLANE('',#11102);
#11104=ORIENTED_EDGE('',*,*,#9352,.F.);
#11105=CARTESIAN_POINT('',(-135.,-230.,-10.));
#11106=DIRECTION('',(0.,1.,0.));
#11107=DIRECTION('',(0.,-0.,1.));
#11108=AXIS2_PLACEMENT_3D('',#11105,#11106,#11107);
#11109=CIRCLE('',#11108,2.6);
#11110=EDGE_CURVE('',#9345,#10292,#11109,.T.);
#11111=ORIENTED_EDGE('',*,*,#11110,.T.);
#11112=ORIENTED_EDGE('',*,*,#10297,.F.);
#11113=EDGE_LOOP('',(#11104,#11111,#11112));
#11114=FACE_BOUND('',#11113,.T.);
#11115=ADVANCED_FACE('',(#11114),#11103,.F.);
#11116=CARTESIAN_POINT('',(-132.5,-230.,0.));
#11117=DIRECTION('',(0.,1.,0.));
#11118=DIRECTION('',(-1.,0.,0.));
#11119=AXIS2_PLACEMENT_3D('',#11116,#11117,#11118);
#11120=PLANE('',#11119);
#11121=ORIENTED_EDGE('',*,*,#9430,.F.);
#11122=ORIENTED_EDGE('',*,*,#10303,.F.);
#11123=CARTESIAN_POINT('',(-135.,-230.,-10.));
#11124=DIRECTION('',(0.,1.,0.));
#11125=DIRECTION('',(0.,-0.,1.));
#11126=AXIS2_PLACEMENT_3D('',#11123,#11124,#11125);
#11127=CIRCLE('',#11126,2.6);
#11128=EDGE_CURVE('',#10292,#9393,#11127,.T.);
#11129=ORIENTED_EDGE('',*,*,#11128,.T.);
#11130=EDGE_LOOP('',(#11121,#11122,#11129));
#11131=FACE_BOUND('',#11130,.T.);
#11132=ADVANCED_FACE('',(#11131),#11120,.F.);
#11133=CARTESIAN_POINT('',(-122.5,-230.,0.));
#11134=DIRECTION('',(0.,1.,0.));
#11135=DIRECTION('',(-1.,0.,0.));
#11136=AXIS2_PLACEMENT_3D('',#11133,#11134,#11135);
#11137=PLANE('',#11136);
#11138=ORIENTED_EDGE('',*,*,#9496,.F.);
#11139=CARTESIAN_POINT('',(-105.,-230.,-30.));
#11140=DIRECTION('',(0.,1.,0.));
#11141=DIRECTION('',(0.,-0.,1.));
#11142=AXIS2_PLACEMENT_3D('',#11139,#11140,#11141);
#11143=CIRCLE('',#11142,2.6);
#11144=EDGE_CURVE('',#9489,#10388,#11143,.T.);
#11145=ORIENTED_EDGE('',*,*,#11144,.T.);
#11146=ORIENTED_EDGE('',*,*,#10393,.F.);
#11147=EDGE_LOOP('',(#11138,#11145,#11146));
#11148=FACE_BOUND('',#11147,.T.);
#11149=ADVANCED_FACE('',(#11148),#11137,.F.);
#11150=CARTESIAN_POINT('',(-122.5,-230.,0.));
#11151=DIRECTION('',(0.,1.,0.));
#11152=DIRECTION('',(-1.,0.,0.));
#11153=AXIS2_PLACEMENT_3D('',#11150,#11151,#11152);
#11154=PLANE('',#11153);
#11155=ORIENTED_EDGE('',*,*,#9478,.F.);
#11156=ORIENTED_EDGE('',*,*,#10399,.F.);
#11157=CARTESIAN_POINT('',(-105.,-230.,-30.));
#11158=DIRECTION('',(0.,1.,0.));
#11159=DIRECTION('',(0.,-0.,1.));
#11160=AXIS2_PLACEMENT_3D('',#11157,#11158,#11159);
#11161=CIRCLE('',#11160,2.6);
#11162=EDGE_CURVE('',#10388,#9441,#11161,.T.);
#11163=ORIENTED_EDGE('',*,*,#11162,.T.);
#11164=EDGE_LOOP('',(#11155,#11156,#11163));
#11165=FACE_BOUND('',#11164,.T.);
#11166=ADVANCED_FACE('',(#11165),#11154,.F.);
#11167=CARTESIAN_POINT('',(-122.5,-230.,0.));
#11168=DIRECTION('',(0.,1.,0.));
#11169=DIRECTION('',(-1.,0.,0.));
#11170=AXIS2_PLACEMENT_3D('',#11167,#11168,#11169);
#11171=PLANE('',#11170);
#11172=ORIENTED_EDGE('',*,*,#9448,.F.);
#11173=CARTESIAN_POINT('',(-105.,-230.,-30.));
#11174=DIRECTION('',(0.,1.,0.));
#11175=DIRECTION('',(0.,-0.,1.));
#11176=AXIS2_PLACEMENT_3D('',#11173,#11174,#11175);
#11177=CIRCLE('',#11176,2.6);
#11178=EDGE_CURVE('',#9441,#10493,#11177,.T.);
#11179=ORIENTED_EDGE('',*,*,#11178,.T.);
#11180=ORIENTED_EDGE('',*,*,#10498,.F.);
#11181=EDGE_LOOP('',(#11172,#11179,#11180));
#11182=FACE_BOUND('',#11181,.T.);
#11183=ADVANCED_FACE('',(#11182),#11171,.F.);
#11184=CARTESIAN_POINT('',(-122.5,-230.,0.));
#11185=DIRECTION('',(0.,1.,0.));
#11186=DIRECTION('',(-1.,0.,0.));
#11187=AXIS2_PLACEMENT_3D('',#11184,#11185,#11186);
#11188=PLANE('',#11187);
#11189=ORIENTED_EDGE('',*,*,#9526,.F.);
#11190=ORIENTED_EDGE('',*,*,#10504,.F.);
#11191=CARTESIAN_POINT('',(-105.,-230.,-30.));
#11192=DIRECTION('',(0.,1.,0.));
#11193=DIRECTION('',(0.,-0.,1.));
#11194=AXIS2_PLACEMENT_3D('',#11191,#11192,#11193);
#11195=CIRCLE('',#11194,2.6);
#11196=EDGE_CURVE('',#10493,#9489,#11195,.T.);
#11197=ORIENTED_EDGE('',*,*,#11196,.T.);
#11198=EDGE_LOOP('',(#11189,#11190,#11197));
#11199=FACE_BOUND('',#11198,.T.);
#11200=ADVANCED_FACE('',(#11199),#11188,.F.);
#11201=CARTESIAN_POINT('',(-132.5,-230.,0.));
#11202=DIRECTION('',(0.,1.,0.));
#11203=DIRECTION('',(-1.,0.,0.));
#11204=AXIS2_PLACEMENT_3D('',#11201,#11202,#11203);
#11205=PLANE('',#11204);
#11206=ORIENTED_EDGE('',*,*,#9592,.F.);
#11207=CARTESIAN_POINT('',(-135.,-230.,-30.));
#11208=DIRECTION('',(0.,1.,0.));
#11209=DIRECTION('',(0.,-0.,1.));
#11210=AXIS2_PLACEMENT_3D('',#11207,#11208,#11209);
#11211=CIRCLE('',#11210,2.6);
#11212=EDGE_CURVE('',#9585,#9890,#11211,.T.);
#11213=ORIENTED_EDGE('',*,*,#11212,.T.);
#11214=ORIENTED_EDGE('',*,*,#9895,.F.);
#11215=EDGE_LOOP('',(#11206,#11213,#11214));
#11216=FACE_BOUND('',#11215,.T.);
#11217=ADVANCED_FACE('',(#11216),#11205,.F.);
#11218=CARTESIAN_POINT('',(-132.5,-230.,0.));
#11219=DIRECTION('',(0.,1.,0.));
#11220=DIRECTION('',(-1.,0.,0.));
#11221=AXIS2_PLACEMENT_3D('',#11218,#11219,#11220);
#11222=PLANE('',#11221);
#11223=ORIENTED_EDGE('',*,*,#9574,.F.);
#11224=ORIENTED_EDGE('',*,*,#9901,.F.);
#11225=CARTESIAN_POINT('',(-135.,-230.,-30.));
#11226=DIRECTION('',(0.,1.,0.));
#11227=DIRECTION('',(0.,-0.,1.));
#11228=AXIS2_PLACEMENT_3D('',#11225,#11226,#11227);
#11229=CIRCLE('',#11228,2.6);
#11230=EDGE_CURVE('',#9890,#9537,#11229,.T.);
#11231=ORIENTED_EDGE('',*,*,#11230,.T.);
#11232=EDGE_LOOP('',(#11223,#11224,#11231));
#11233=FACE_BOUND('',#11232,.T.);
#11234=ADVANCED_FACE('',(#11233),#11222,.F.);
#11235=CARTESIAN_POINT('',(-132.5,-230.,0.));
#11236=DIRECTION('',(0.,1.,0.));
#11237=DIRECTION('',(-1.,0.,0.));
#11238=AXIS2_PLACEMENT_3D('',#11235,#11236,#11237);
#11239=PLANE('',#11238);
#11240=ORIENTED_EDGE('',*,*,#9544,.F.);
#11241=CARTESIAN_POINT('',(-135.,-230.,-30.));
#11242=DIRECTION('',(0.,1.,0.));
#11243=DIRECTION('',(0.,-0.,1.));
#11244=AXIS2_PLACEMENT_3D('',#11241,#11242,#11243);
#11245=CIRCLE('',#11244,2.6);
#11246=EDGE_CURVE('',#9537,#9794,#11245,.T.);
#11247=ORIENTED_EDGE('',*,*,#11246,.T.);
#11248=ORIENTED_EDGE('',*,*,#9799,.F.);
#11249=EDGE_LOOP('',(#11240,#11247,#11248));
#11250=FACE_BOUND('',#11249,.T.);
#11251=ADVANCED_FACE('',(#11250),#11239,.F.);
#11252=CARTESIAN_POINT('',(-132.5,-230.,0.));
#11253=DIRECTION('',(0.,1.,0.));
#11254=DIRECTION('',(-1.,0.,0.));
#11255=AXIS2_PLACEMENT_3D('',#11252,#11253,#11254);
#11256=PLANE('',#11255);
#11257=ORIENTED_EDGE('',*,*,#9622,.F.);
#11258=ORIENTED_EDGE('',*,*,#9805,.F.);
#11259=CARTESIAN_POINT('',(-135.,-230.,-30.));
#11260=DIRECTION('',(0.,1.,0.));
#11261=DIRECTION('',(0.,-0.,1.));
#11262=AXIS2_PLACEMENT_3D('',#11259,#11260,#11261);
#11263=CIRCLE('',#11262,2.6);
#11264=EDGE_CURVE('',#9794,#9585,#11263,.T.);
#11265=ORIENTED_EDGE('',*,*,#11264,.T.);
#11266=EDGE_LOOP('',(#11257,#11258,#11265));
#11267=FACE_BOUND('',#11266,.T.);
#11268=ADVANCED_FACE('',(#11267),#11256,.F.);
#11269=CARTESIAN_POINT('',(-122.5,-230.,0.));
#11270=DIRECTION('',(0.,1.,0.));
#11271=DIRECTION('',(-1.,0.,0.));
#11272=AXIS2_PLACEMENT_3D('',#11269,#11270,#11271);
#11273=PLANE('',#11272);
#11274=ORIENTED_EDGE('',*,*,#9688,.F.);
#11275=CARTESIAN_POINT('',(-105.,-230.,-10.));
#11276=DIRECTION('',(0.,1.,0.));
#11277=DIRECTION('',(0.,-0.,1.));
#11278=AXIS2_PLACEMENT_3D('',#11275,#11276,#11277);
#11279=CIRCLE('',#11278,2.6);
#11280=EDGE_CURVE('',#9681,#10694,#11279,.T.);
#11281=ORIENTED_EDGE('',*,*,#11280,.T.);
#11282=ORIENTED_EDGE('',*,*,#10699,.F.);
#11283=EDGE_LOOP('',(#11274,#11281,#11282));
#11284=FACE_BOUND('',#11283,.T.);
#11285=ADVANCED_FACE('',(#11284),#11273,.F.);
#11286=CARTESIAN_POINT('',(-122.5,-230.,0.));
#11287=DIRECTION('',(0.,1.,0.));
#11288=DIRECTION('',(-1.,0.,0.));
#11289=AXIS2_PLACEMENT_3D('',#11286,#11287,#11288);
#11290=PLANE('',#11289);
#11291=ORIENTED_EDGE('',*,*,#9670,.F.);
#11292=ORIENTED_EDGE('',*,*,#10705,.F.);
#11293=CARTESIAN_POINT('',(-105.,-230.,-10.));
#11294=DIRECTION('',(0.,1.,0.));
#11295=DIRECTION('',(0.,-0.,1.));
#11296=AXIS2_PLACEMENT_3D('',#11293,#11294,#11295);
#11297=CIRCLE('',#11296,2.6);
#11298=EDGE_CURVE('',#10694,#9633,#11297,.T.);
#11299=ORIENTED_EDGE('',*,*,#11298,.T.);
#11300=EDGE_LOOP('',(#11291,#11292,#11299));
#11301=FACE_BOUND('',#11300,.T.);
#11302=ADVANCED_FACE('',(#11301),#11290,.F.);
#11303=CARTESIAN_POINT('',(-122.5,-230.,0.));
#11304=DIRECTION('',(0.,1.,0.));
#11305=DIRECTION('',(-1.,0.,0.));
#11306=AXIS2_PLACEMENT_3D('',#11303,#11304,#11305);
#11307=PLANE('',#11306);
#11308=ORIENTED_EDGE('',*,*,#9640,.F.);
#11309=CARTESIAN_POINT('',(-105.,-230.,-10.));
#11310=DIRECTION('',(0.,1.,0.));
#11311=DIRECTION('',(0.,-0.,1.));
#11312=AXIS2_PLACEMENT_3D('',#11309,#11310,#11311);
#11313=CIRCLE('',#11312,2.6);
#11314=EDGE_CURVE('',#9633,#10598,#11313,.T.);
#11315=ORIENTED_EDGE('',*,*,#11314,.T.);
#11316=ORIENTED_EDGE('',*,*,#10603,.F.);
#11317=EDGE_LOOP('',(#11308,#11315,#11316));
#11318=FACE_BOUND('',#11317,.T.);
#11319=ADVANCED_FACE('',(#11318),#11307,.F.);
#11320=CARTESIAN_POINT('',(-122.5,-230.,0.));
#11321=DIRECTION('',(0.,1.,0.));
#11322=DIRECTION('',(-1.,0.,0.));
#11323=AXIS2_PLACEMENT_3D('',#11320,#11321,#11322);
#11324=PLANE('',#11323);
#11325=ORIENTED_EDGE('',*,*,#9718,.F.);
#11326=ORIENTED_EDGE('',*,*,#10609,.F.);
#11327=CARTESIAN_POINT('',(-105.,-230.,-10.));
#11328=DIRECTION('',(0.,1.,0.));
#11329=DIRECTION('',(0.,-0.,1.));
#11330=AXIS2_PLACEMENT_3D('',#11327,#11328,#11329);
#11331=CIRCLE('',#11330,2.6);
#11332=EDGE_CURVE('',#10598,#9681,#11331,.T.);
#11333=ORIENTED_EDGE('',*,*,#11332,.T.);
#11334=EDGE_LOOP('',(#11325,#11326,#11333));
#11335=FACE_BOUND('',#11334,.T.);
#11336=ADVANCED_FACE('',(#11335),#11324,.F.);
#11337=CARTESIAN_POINT('',(-135.,-235.,-30.));
#11338=DIRECTION('',(0.,-1.,0.));
#11339=DIRECTION('',(-1.,0.,0.));
#11340=AXIS2_PLACEMENT_3D('',#11337,#11338,#11339);
#11341=CYLINDRICAL_SURFACE('',#11340,5.);
#11342=CARTESIAN_POINT('',(-140.,-234.4,-30.));
#11343=VERTEX_POINT('',#11342);
#11344=CARTESIAN_POINT('',(-140.,-234.4,-30.));
#11345=DIRECTION('',(-0.,1.,-0.));
#11346=VECTOR('',#11345,4.);
#11347=LINE('',#11344,#11346);
#11348=EDGE_CURVE('',#11343,#9739,#11347,.T.);
#11349=ORIENTED_EDGE('',*,*,#11348,.F.);
#11350=CARTESIAN_POINT('',(-135.,-234.4,-35.));
#11351=VERTEX_POINT('',#11350);
#11352=CARTESIAN_POINT('',(-135.,-234.4,-30.));
#11353=DIRECTION('',(0.,-1.,0.));
#11354=DIRECTION('',(0.,0.,-1.));
#11355=AXIS2_PLACEMENT_3D('',#11352,#11353,#11354);
#11356=CIRCLE('',#11355,5.);
#11357=EDGE_CURVE('',#11343,#11351,#11356,.T.);
#11358=ORIENTED_EDGE('',*,*,#11357,.T.);
#11359=CARTESIAN_POINT('',(-135.,-234.4,-30.));
#11360=DIRECTION('',(0.,-1.,0.));
#11361=DIRECTION('',(0.,0.,-1.));
#11362=AXIS2_PLACEMENT_3D('',#11359,#11360,#11361);
#11363=CIRCLE('',#11362,5.);
#11364=EDGE_CURVE('',#11351,#11343,#11363,.T.);
#11365=ORIENTED_EDGE('',*,*,#11364,.T.);
#11366=ORIENTED_EDGE('',*,*,#11348,.T.);
#11367=ORIENTED_EDGE('',*,*,#9745,.F.);
#11368=ORIENTED_EDGE('',*,*,#9775,.F.);
#11369=ORIENTED_EDGE('',*,*,#9918,.F.);
#11370=ORIENTED_EDGE('',*,*,#9880,.F.);
#11371=ORIENTED_EDGE('',*,*,#9855,.F.);
#11372=ORIENTED_EDGE('',*,*,#9871,.F.);
#11373=ORIENTED_EDGE('',*,*,#9824,.F.);
#11374=ORIENTED_EDGE('',*,*,#9784,.F.);
#11375=ORIENTED_EDGE('',*,*,#9752,.F.);
#11376=EDGE_LOOP('',(#11349,#11358,#11365,#11366,#11367,#11368,#11369,#11370,#11371,#11372,#11373,#11374,#11375));
#11377=FACE_BOUND('',#11376,.T.);
#11378=ADVANCED_FACE('',(#11377),#11341,.F.);
#11379=CARTESIAN_POINT('',(-135.,-235.,30.));
#11380=DIRECTION('',(0.,-1.,0.));
#11381=DIRECTION('',(-1.,0.,0.));
#11382=AXIS2_PLACEMENT_3D('',#11379,#11380,#11381);
#11383=CYLINDRICAL_SURFACE('',#11382,5.);
#11384=CARTESIAN_POINT('',(-140.,-234.4,30.));
#11385=VERTEX_POINT('',#11384);
#11386=CARTESIAN_POINT('',(-140.,-234.4,30.));
#11387=DIRECTION('',(-0.,1.,-0.));
#11388=VECTOR('',#11387,24.);
#11389=LINE('',#11386,#11388);
#11390=EDGE_CURVE('',#11385,#10043,#11389,.T.);
#11391=ORIENTED_EDGE('',*,*,#11390,.F.);
#11392=CARTESIAN_POINT('',(-135.,-234.4,25.));
#11393=VERTEX_POINT('',#11392);
#11394=CARTESIAN_POINT('',(-135.,-234.4,30.));
#11395=DIRECTION('',(0.,-1.,0.));
#11396=DIRECTION('',(0.,0.,-1.));
#11397=AXIS2_PLACEMENT_3D('',#11394,#11395,#11396);
#11398=CIRCLE('',#11397,5.);
#11399=EDGE_CURVE('',#11385,#11393,#11398,.T.);
#11400=ORIENTED_EDGE('',*,*,#11399,.T.);
#11401=CARTESIAN_POINT('',(-135.,-234.4,30.));
#11402=DIRECTION('',(0.,-1.,0.));
#11403=DIRECTION('',(0.,0.,-1.));
#11404=AXIS2_PLACEMENT_3D('',#11401,#11402,#11403);
#11405=CIRCLE('',#11404,5.);
#11406=EDGE_CURVE('',#11393,#11385,#11405,.T.);
#11407=ORIENTED_EDGE('',*,*,#11406,.T.);
#11408=ORIENTED_EDGE('',*,*,#11390,.T.);
#11409=ORIENTED_EDGE('',*,*,#10049,.F.);
#11410=ORIENTED_EDGE('',*,*,#10072,.F.);
#11411=ORIENTED_EDGE('',*,*,#10016,.F.);
#11412=ORIENTED_EDGE('',*,*,#9976,.F.);
#11413=ORIENTED_EDGE('',*,*,#9944,.F.);
#11414=ORIENTED_EDGE('',*,*,#9967,.F.);
#11415=ORIENTED_EDGE('',*,*,#10119,.F.);
#11416=ORIENTED_EDGE('',*,*,#10081,.F.);
#11417=ORIENTED_EDGE('',*,*,#10056,.F.);
#11418=EDGE_LOOP('',(#11391,#11400,#11407,#11408,#11409,#11410,#11411,#11412,#11413,#11414,#11415,#11416,#11417));
#11419=FACE_BOUND('',#11418,.T.);
#11420=ADVANCED_FACE('',(#11419),#11383,.F.);
#11421=CARTESIAN_POINT('',(-135.,-235.,-10.));
#11422=DIRECTION('',(0.,-1.,0.));
#11423=DIRECTION('',(-1.,0.,0.));
#11424=AXIS2_PLACEMENT_3D('',#11421,#11422,#11423);
#11425=CYLINDRICAL_SURFACE('',#11424,5.);
#11426=CARTESIAN_POINT('',(-140.,-234.4,-10.));
#11427=VERTEX_POINT('',#11426);
#11428=CARTESIAN_POINT('',(-140.,-234.4,-10.));
#11429=DIRECTION('',(-0.,1.,-0.));
#11430=VECTOR('',#11429,4.);
#11431=LINE('',#11428,#11430);
#11432=EDGE_CURVE('',#11427,#10244,#11431,.T.);
#11433=ORIENTED_EDGE('',*,*,#11432,.F.);
#11434=CARTESIAN_POINT('',(-135.,-234.4,-15.));
#11435=VERTEX_POINT('',#11434);
#11436=CARTESIAN_POINT('',(-135.,-234.4,-10.));
#11437=DIRECTION('',(0.,-1.,0.));
#11438=DIRECTION('',(0.,0.,-1.));
#11439=AXIS2_PLACEMENT_3D('',#11436,#11437,#11438);
#11440=CIRCLE('',#11439,5.);
#11441=EDGE_CURVE('',#11427,#11435,#11440,.T.);
#11442=ORIENTED_EDGE('',*,*,#11441,.T.);
#11443=CARTESIAN_POINT('',(-135.,-234.4,-10.));
#11444=DIRECTION('',(0.,-1.,0.));
#11445=DIRECTION('',(0.,0.,-1.));
#11446=AXIS2_PLACEMENT_3D('',#11443,#11444,#11445);
#11447=CIRCLE('',#11446,5.);
#11448=EDGE_CURVE('',#11435,#11427,#11447,.T.);
#11449=ORIENTED_EDGE('',*,*,#11448,.T.);
#11450=ORIENTED_EDGE('',*,*,#11432,.T.);
#11451=ORIENTED_EDGE('',*,*,#10250,.F.);
#11452=ORIENTED_EDGE('',*,*,#10273,.F.);
#11453=ORIENTED_EDGE('',*,*,#10217,.F.);
#11454=ORIENTED_EDGE('',*,*,#10177,.F.);
#11455=ORIENTED_EDGE('',*,*,#10145,.F.);
#11456=ORIENTED_EDGE('',*,*,#10168,.F.);
#11457=ORIENTED_EDGE('',*,*,#10320,.F.);
#11458=ORIENTED_EDGE('',*,*,#10282,.F.);
#11459=ORIENTED_EDGE('',*,*,#10257,.F.);
#11460=EDGE_LOOP('',(#11433,#11442,#11449,#11450,#11451,#11452,#11453,#11454,#11455,#11456,#11457,#11458,#11459));
#11461=FACE_BOUND('',#11460,.T.);
#11462=ADVANCED_FACE('',(#11461),#11425,.F.);
#11463=CARTESIAN_POINT('',(-105.,-235.,-30.));
#11464=DIRECTION('',(0.,-1.,0.));
#11465=DIRECTION('',(-1.,0.,0.));
#11466=AXIS2_PLACEMENT_3D('',#11463,#11464,#11465);
#11467=CYLINDRICAL_SURFACE('',#11466,5.);
#11468=CARTESIAN_POINT('',(-110.,-234.4,-30.));
#11469=VERTEX_POINT('',#11468);
#11470=CARTESIAN_POINT('',(-110.,-234.4,-30.));
#11471=DIRECTION('',(-0.,1.,-0.));
#11472=VECTOR('',#11471,4.);
#11473=LINE('',#11470,#11472);
#11474=EDGE_CURVE('',#11469,#10445,#11473,.T.);
#11475=ORIENTED_EDGE('',*,*,#11474,.F.);
#11476=CARTESIAN_POINT('',(-105.,-234.4,-35.));
#11477=VERTEX_POINT('',#11476);
#11478=CARTESIAN_POINT('',(-105.,-234.4,-30.));
#11479=DIRECTION('',(0.,-1.,0.));
#11480=DIRECTION('',(0.,0.,-1.));
#11481=AXIS2_PLACEMENT_3D('',#11478,#11479,#11480);
#11482=CIRCLE('',#11481,5.);
#11483=EDGE_CURVE('',#11469,#11477,#11482,.T.);
#11484=ORIENTED_EDGE('',*,*,#11483,.T.);
#11485=CARTESIAN_POINT('',(-105.,-234.4,-30.));
#11486=DIRECTION('',(0.,-1.,0.));
#11487=DIRECTION('',(0.,0.,-1.));
#11488=AXIS2_PLACEMENT_3D('',#11485,#11486,#11487);
#11489=CIRCLE('',#11488,5.);
#11490=EDGE_CURVE('',#11477,#11469,#11489,.T.);
#11491=ORIENTED_EDGE('',*,*,#11490,.T.);
#11492=ORIENTED_EDGE('',*,*,#11474,.T.);
#11493=ORIENTED_EDGE('',*,*,#10451,.F.);
#11494=ORIENTED_EDGE('',*,*,#10474,.F.);
#11495=ORIENTED_EDGE('',*,*,#10418,.F.);
#11496=ORIENTED_EDGE('',*,*,#10378,.F.);
#11497=ORIENTED_EDGE('',*,*,#10346,.F.);
#11498=ORIENTED_EDGE('',*,*,#10369,.F.);
#11499=ORIENTED_EDGE('',*,*,#10521,.F.);
#11500=ORIENTED_EDGE('',*,*,#10483,.F.);
#11501=ORIENTED_EDGE('',*,*,#10458,.F.);
#11502=EDGE_LOOP('',(#11475,#11484,#11491,#11492,#11493,#11494,#11495,#11496,#11497,#11498,#11499,#11500,#11501));
#11503=FACE_BOUND('',#11502,.T.);
#11504=ADVANCED_FACE('',(#11503),#11467,.F.);
#11505=CARTESIAN_POINT('',(-105.,-235.,-10.));
#11506=DIRECTION('',(0.,-1.,0.));
#11507=DIRECTION('',(-1.,0.,0.));
#11508=AXIS2_PLACEMENT_3D('',#11505,#11506,#11507);
#11509=CYLINDRICAL_SURFACE('',#11508,5.);
#11510=CARTESIAN_POINT('',(-110.,-234.4,-10.));
#11511=VERTEX_POINT('',#11510);
#11512=CARTESIAN_POINT('',(-110.,-234.4,-10.));
#11513=DIRECTION('',(-0.,1.,-0.));
#11514=VECTOR('',#11513,4.);
#11515=LINE('',#11512,#11514);
#11516=EDGE_CURVE('',#11511,#10543,#11515,.T.);
#11517=ORIENTED_EDGE('',*,*,#11516,.F.);
#11518=CARTESIAN_POINT('',(-105.,-234.4,-15.));
#11519=VERTEX_POINT('',#11518);
#11520=CARTESIAN_POINT('',(-105.,-234.4,-10.));
#11521=DIRECTION('',(0.,-1.,0.));
#11522=DIRECTION('',(0.,0.,-1.));
#11523=AXIS2_PLACEMENT_3D('',#11520,#11521,#11522);
#11524=CIRCLE('',#11523,5.);
#11525=EDGE_CURVE('',#11511,#11519,#11524,.T.);
#11526=ORIENTED_EDGE('',*,*,#11525,.T.);
#11527=CARTESIAN_POINT('',(-105.,-234.4,-10.));
#11528=DIRECTION('',(0.,-1.,0.));
#11529=DIRECTION('',(0.,0.,-1.));
#11530=AXIS2_PLACEMENT_3D('',#11527,#11528,#11529);
#11531=CIRCLE('',#11530,5.);
#11532=EDGE_CURVE('',#11519,#11511,#11531,.T.);
#11533=ORIENTED_EDGE('',*,*,#11532,.T.);
#11534=ORIENTED_EDGE('',*,*,#11516,.T.);
#11535=ORIENTED_EDGE('',*,*,#10549,.F.);
#11536=ORIENTED_EDGE('',*,*,#10579,.F.);
#11537=ORIENTED_EDGE('',*,*,#10722,.F.);
#11538=ORIENTED_EDGE('',*,*,#10684,.F.);
#11539=ORIENTED_EDGE('',*,*,#10659,.F.);
#11540=ORIENTED_EDGE('',*,*,#10675,.F.);
#11541=ORIENTED_EDGE('',*,*,#10628,.F.);
#11542=ORIENTED_EDGE('',*,*,#10588,.F.);
#11543=ORIENTED_EDGE('',*,*,#10556,.F.);
#11544=EDGE_LOOP('',(#11517,#11526,#11533,#11534,#11535,#11536,#11537,#11538,#11539,#11540,#11541,#11542,#11543));
#11545=FACE_BOUND('',#11544,.T.);
#11546=ADVANCED_FACE('',(#11545),#11509,.F.);
#11547=CARTESIAN_POINT('',(-135.,-235.,10.));
#11548=DIRECTION('',(0.,-1.,0.));
#11549=DIRECTION('',(-1.,0.,0.));
#11550=AXIS2_PLACEMENT_3D('',#11547,#11548,#11549);
#11551=CYLINDRICAL_SURFACE('',#11550,5.);
#11552=CARTESIAN_POINT('',(-140.,-234.4,10.));
#11553=VERTEX_POINT('',#11552);
#11554=CARTESIAN_POINT('',(-140.,-234.4,10.));
#11555=DIRECTION('',(-0.,1.,-0.));
#11556=VECTOR('',#11555,24.);
#11557=LINE('',#11554,#11556);
#11558=EDGE_CURVE('',#11553,#10744,#11557,.T.);
#11559=ORIENTED_EDGE('',*,*,#11558,.F.);
#11560=CARTESIAN_POINT('',(-135.,-234.4,5.));
#11561=VERTEX_POINT('',#11560);
#11562=CARTESIAN_POINT('',(-135.,-234.4,10.));
#11563=DIRECTION('',(0.,-1.,0.));
#11564=DIRECTION('',(0.,0.,-1.));
#11565=AXIS2_PLACEMENT_3D('',#11562,#11563,#11564);
#11566=CIRCLE('',#11565,5.);
#11567=EDGE_CURVE('',#11553,#11561,#11566,.T.);
#11568=ORIENTED_EDGE('',*,*,#11567,.T.);
#11569=CARTESIAN_POINT('',(-135.,-234.4,10.));
#11570=DIRECTION('',(0.,-1.,0.));
#11571=DIRECTION('',(0.,0.,-1.));
#11572=AXIS2_PLACEMENT_3D('',#11569,#11570,#11571);
#11573=CIRCLE('',#11572,5.);
#11574=EDGE_CURVE('',#11561,#11553,#11573,.T.);
#11575=ORIENTED_EDGE('',*,*,#11574,.T.);
#11576=ORIENTED_EDGE('',*,*,#11558,.T.);
#11577=ORIENTED_EDGE('',*,*,#10750,.F.);
#11578=ORIENTED_EDGE('',*,*,#10780,.F.);
#11579=ORIENTED_EDGE('',*,*,#10923,.F.);
#11580=ORIENTED_EDGE('',*,*,#10885,.F.);
#11581=ORIENTED_EDGE('',*,*,#10860,.F.);
#11582=ORIENTED_EDGE('',*,*,#10876,.F.);
#11583=ORIENTED_EDGE('',*,*,#10829,.F.);
#11584=ORIENTED_EDGE('',*,*,#10789,.F.);
#11585=ORIENTED_EDGE('',*,*,#10757,.F.);
#11586=EDGE_LOOP('',(#11559,#11568,#11575,#11576,#11577,#11578,#11579,#11580,#11581,#11582,#11583,#11584,#11585));
#11587=FACE_BOUND('',#11586,.T.);
#11588=ADVANCED_FACE('',(#11587),#11551,.F.);
#11589=CARTESIAN_POINT('',(-135.,-220.,30.));
#11590=DIRECTION('',(0.,1.,0.));
#11591=DIRECTION('',(-1.,0.,0.));
#11592=AXIS2_PLACEMENT_3D('',#11589,#11590,#11591);
#11593=CYLINDRICAL_SURFACE('',#11592,2.6);
#11594=CARTESIAN_POINT('',(-137.6,-200.,30.));
#11595=VERTEX_POINT('',#11594);
#11596=CARTESIAN_POINT('',(-137.6,-200.,30.));
#11597=DIRECTION('',(0.,-1.,-0.));
#11598=VECTOR('',#11597,10.);
#11599=LINE('',#11596,#11598);
#11600=EDGE_CURVE('',#11595,#10091,#11599,.T.);
#11601=ORIENTED_EDGE('',*,*,#11600,.F.);
#11602=CARTESIAN_POINT('',(-135.,-200.,32.6));
#11603=VERTEX_POINT('',#11602);
#11604=CARTESIAN_POINT('',(-135.,-200.,30.));
#11605=DIRECTION('',(0.,1.,0.));
#11606=DIRECTION('',(0.,-0.,1.));
#11607=AXIS2_PLACEMENT_3D('',#11604,#11605,#11606);
#11608=CIRCLE('',#11607,2.6);
#11609=EDGE_CURVE('',#11595,#11603,#11608,.T.);
#11610=ORIENTED_EDGE('',*,*,#11609,.T.);
#11611=CARTESIAN_POINT('',(-135.,-200.,30.));
#11612=DIRECTION('',(0.,1.,0.));
#11613=DIRECTION('',(0.,-0.,1.));
#11614=AXIS2_PLACEMENT_3D('',#11611,#11612,#11613);
#11615=CIRCLE('',#11614,2.6);
#11616=EDGE_CURVE('',#11603,#11595,#11615,.T.);
#11617=ORIENTED_EDGE('',*,*,#11616,.T.);
#11618=ORIENTED_EDGE('',*,*,#11600,.T.);
#11619=ORIENTED_EDGE('',*,*,#10974,.F.);
#11620=ORIENTED_EDGE('',*,*,#10958,.F.);
#11621=ORIENTED_EDGE('',*,*,#10940,.F.);
#11622=ORIENTED_EDGE('',*,*,#10992,.F.);
#11623=EDGE_LOOP('',(#11601,#11610,#11617,#11618,#11619,#11620,#11621,#11622));
#11624=FACE_BOUND('',#11623,.T.);
#11625=ADVANCED_FACE('',(#11624),#11593,.F.);
#11626=CARTESIAN_POINT('',(-135.,-220.,10.));
#11627=DIRECTION('',(0.,1.,0.));
#11628=DIRECTION('',(-1.,0.,0.));
#11629=AXIS2_PLACEMENT_3D('',#11626,#11627,#11628);
#11630=CYLINDRICAL_SURFACE('',#11629,2.6);
#11631=CARTESIAN_POINT('',(-137.6,-200.,10.));
#11632=VERTEX_POINT('',#11631);
#11633=CARTESIAN_POINT('',(-137.6,-200.,10.));
#11634=DIRECTION('',(0.,-1.,-0.));
#11635=VECTOR('',#11634,10.);
#11636=LINE('',#11633,#11635);
#11637=EDGE_CURVE('',#11632,#10799,#11636,.T.);
#11638=ORIENTED_EDGE('',*,*,#11637,.F.);
#11639=CARTESIAN_POINT('',(-135.,-200.,12.6));
#11640=VERTEX_POINT('',#11639);
#11641=CARTESIAN_POINT('',(-135.,-200.,10.));
#11642=DIRECTION('',(0.,1.,0.));
#11643=DIRECTION('',(0.,-0.,1.));
#11644=AXIS2_PLACEMENT_3D('',#11641,#11642,#11643);
#11645=CIRCLE('',#11644,2.6);
#11646=EDGE_CURVE('',#11632,#11640,#11645,.T.);
#11647=ORIENTED_EDGE('',*,*,#11646,.T.);
#11648=CARTESIAN_POINT('',(-135.,-200.,10.));
#11649=DIRECTION('',(0.,1.,0.));
#11650=DIRECTION('',(0.,-0.,1.));
#11651=AXIS2_PLACEMENT_3D('',#11648,#11649,#11650);
#11652=CIRCLE('',#11651,2.6);
#11653=EDGE_CURVE('',#11640,#11632,#11652,.T.);
#11654=ORIENTED_EDGE('',*,*,#11653,.T.);
#11655=ORIENTED_EDGE('',*,*,#11637,.T.);
#11656=ORIENTED_EDGE('',*,*,#11042,.F.);
#11657=ORIENTED_EDGE('',*,*,#11026,.F.);
#11658=ORIENTED_EDGE('',*,*,#11008,.F.);
#11659=ORIENTED_EDGE('',*,*,#11060,.F.);
#11660=EDGE_LOOP('',(#11638,#11647,#11654,#11655,#11656,#11657,#11658,#11659));
#11661=FACE_BOUND('',#11660,.T.);
#11662=ADVANCED_FACE('',(#11661),#11630,.F.);
#11663=CARTESIAN_POINT('',(-164.55,-233.,-10.5));
#11664=DIRECTION('',(0.,1.,0.));
#11665=DIRECTION('',(-1.,0.,0.));
#11666=AXIS2_PLACEMENT_3D('',#11663,#11664,#11665);
#11667=PLANE('',#11666);
#11668=CARTESIAN_POINT('',(-156.05,-233.,-1.5));
#11669=VERTEX_POINT('',#11668);
#11670=CARTESIAN_POINT('',(-167.1,-233.,-12.55));
#11671=VERTEX_POINT('',#11670);
#11672=CARTESIAN_POINT('',(-167.1,-233.,-1.5));
#11673=DIRECTION('',(0.,-1.,0.));
#11674=DIRECTION('',(0.,0.,-1.));
#11675=AXIS2_PLACEMENT_3D('',#11672,#11673,#11674);
#11676=CIRCLE('',#11675,11.05);
#11677=EDGE_CURVE('',#11669,#11671,#11676,.T.);
#11678=ORIENTED_EDGE('',*,*,#11677,.F.);
#11679=CARTESIAN_POINT('',(-167.1,-233.,-1.5));
#11680=DIRECTION('',(0.,-1.,0.));
#11681=DIRECTION('',(0.,0.,-1.));
#11682=AXIS2_PLACEMENT_3D('',#11679,#11680,#11681);
#11683=CIRCLE('',#11682,11.05);
#11684=EDGE_CURVE('',#11671,#11669,#11683,.T.);
#11685=ORIENTED_EDGE('',*,*,#11684,.F.);
#11686=EDGE_LOOP('',(#11678,#11685));
#11687=FACE_BOUND('',#11686,.T.);
#11688=CARTESIAN_POINT('',(-157.1,-233.,-1.5));
#11689=VERTEX_POINT('',#11688);
#11690=CARTESIAN_POINT('',(-167.1,-233.,-11.5));
#11691=VERTEX_POINT('',#11690);
#11692=CARTESIAN_POINT('',(-167.1,-233.,-1.5));
#11693=DIRECTION('',(-0.,1.,-0.));
#11694=DIRECTION('',(0.,0.,-1.));
#11695=AXIS2_PLACEMENT_3D('',#11692,#11693,#11694);
#11696=CIRCLE('',#11695,10.);
#11697=EDGE_CURVE('',#11689,#11691,#11696,.T.);
#11698=ORIENTED_EDGE('',*,*,#11697,.F.);
#11699=CARTESIAN_POINT('',(-167.1,-233.,-1.5));
#11700=DIRECTION('',(-0.,1.,-0.));
#11701=DIRECTION('',(0.,0.,-1.));
#11702=AXIS2_PLACEMENT_3D('',#11699,#11700,#11701);
#11703=CIRCLE('',#11702,10.);
#11704=EDGE_CURVE('',#11691,#11689,#11703,.T.);
#11705=ORIENTED_EDGE('',*,*,#11704,.F.);
#11706=EDGE_LOOP('',(#11698,#11705));
#11707=FACE_BOUND('',#11706,.T.);
#11708=ADVANCED_FACE('',(#11687,#11707),#11667,.T.);
#11709=CARTESIAN_POINT('',(-135.,-220.,-10.));
#11710=DIRECTION('',(0.,1.,0.));
#11711=DIRECTION('',(-1.,0.,0.));
#11712=AXIS2_PLACEMENT_3D('',#11709,#11710,#11711);
#11713=CYLINDRICAL_SURFACE('',#11712,2.6);
#11714=CARTESIAN_POINT('',(-137.6,-220.,-10.));
#11715=VERTEX_POINT('',#11714);
#11716=CARTESIAN_POINT('',(-137.6,-220.,-10.));
#11717=DIRECTION('',(0.,-1.,-0.));
#11718=VECTOR('',#11717,10.);
#11719=LINE('',#11716,#11718);
#11720=EDGE_CURVE('',#11715,#10292,#11719,.T.);
#11721=ORIENTED_EDGE('',*,*,#11720,.F.);
#11722=CARTESIAN_POINT('',(-135.,-220.,-7.4));
#11723=VERTEX_POINT('',#11722);
#11724=CARTESIAN_POINT('',(-135.,-220.,-10.));
#11725=DIRECTION('',(0.,1.,0.));
#11726=DIRECTION('',(0.,-0.,1.));
#11727=AXIS2_PLACEMENT_3D('',#11724,#11725,#11726);
#11728=CIRCLE('',#11727,2.6);
#11729=EDGE_CURVE('',#11715,#11723,#11728,.T.);
#11730=ORIENTED_EDGE('',*,*,#11729,.T.);
#11731=CARTESIAN_POINT('',(-135.,-220.,-10.));
#11732=DIRECTION('',(0.,1.,0.));
#11733=DIRECTION('',(0.,-0.,1.));
#11734=AXIS2_PLACEMENT_3D('',#11731,#11732,#11733);
#11735=CIRCLE('',#11734,2.6);
#11736=EDGE_CURVE('',#11723,#11715,#11735,.T.);
#11737=ORIENTED_EDGE('',*,*,#11736,.T.);
#11738=ORIENTED_EDGE('',*,*,#11720,.T.);
#11739=ORIENTED_EDGE('',*,*,#11110,.F.);
#11740=ORIENTED_EDGE('',*,*,#11094,.F.);
#11741=ORIENTED_EDGE('',*,*,#11076,.F.);
#11742=ORIENTED_EDGE('',*,*,#11128,.F.);
#11743=EDGE_LOOP('',(#11721,#11730,#11737,#11738,#11739,#11740,#11741,#11742));
#11744=FACE_BOUND('',#11743,.T.);
#11745=ADVANCED_FACE('',(#11744),#11713,.F.);
#11746=CARTESIAN_POINT('',(-105.,-220.,-30.));
#11747=DIRECTION('',(0.,1.,0.));
#11748=DIRECTION('',(-1.,0.,0.));
#11749=AXIS2_PLACEMENT_3D('',#11746,#11747,#11748);
#11750=CYLINDRICAL_SURFACE('',#11749,2.6);
#11751=CARTESIAN_POINT('',(-107.6,-220.,-30.));
#11752=VERTEX_POINT('',#11751);
#11753=CARTESIAN_POINT('',(-107.6,-220.,-30.));
#11754=DIRECTION('',(0.,-1.,-0.));
#11755=VECTOR('',#11754,10.);
#11756=LINE('',#11753,#11755);
#11757=EDGE_CURVE('',#11752,#10493,#11756,.T.);
#11758=ORIENTED_EDGE('',*,*,#11757,.F.);
#11759=CARTESIAN_POINT('',(-105.,-220.,-27.4));
#11760=VERTEX_POINT('',#11759);
#11761=CARTESIAN_POINT('',(-105.,-220.,-30.));
#11762=DIRECTION('',(0.,1.,0.));
#11763=DIRECTION('',(0.,-0.,1.));
#11764=AXIS2_PLACEMENT_3D('',#11761,#11762,#11763);
#11765=CIRCLE('',#11764,2.6);
#11766=EDGE_CURVE('',#11752,#11760,#11765,.T.);
#11767=ORIENTED_EDGE('',*,*,#11766,.T.);
#11768=CARTESIAN_POINT('',(-105.,-220.,-30.));
#11769=DIRECTION('',(0.,1.,0.));
#11770=DIRECTION('',(0.,-0.,1.));
#11771=AXIS2_PLACEMENT_3D('',#11768,#11769,#11770);
#11772=CIRCLE('',#11771,2.6);
#11773=EDGE_CURVE('',#11760,#11752,#11772,.T.);
#11774=ORIENTED_EDGE('',*,*,#11773,.T.);
#11775=ORIENTED_EDGE('',*,*,#11757,.T.);
#11776=ORIENTED_EDGE('',*,*,#11178,.F.);
#11777=ORIENTED_EDGE('',*,*,#11162,.F.);
#11778=ORIENTED_EDGE('',*,*,#11144,.F.);
#11779=ORIENTED_EDGE('',*,*,#11196,.F.);
#11780=EDGE_LOOP('',(#11758,#11767,#11774,#11775,#11776,#11777,#11778,#11779));
#11781=FACE_BOUND('',#11780,.T.);
#11782=ADVANCED_FACE('',(#11781),#11750,.F.);
#11783=CARTESIAN_POINT('',(-135.,-220.,-30.));
#11784=DIRECTION('',(0.,1.,0.));
#11785=DIRECTION('',(-1.,0.,0.));
#11786=AXIS2_PLACEMENT_3D('',#11783,#11784,#11785);
#11787=CYLINDRICAL_SURFACE('',#11786,2.6);
#11788=CARTESIAN_POINT('',(-137.6,-220.,-30.));
#11789=VERTEX_POINT('',#11788);
#11790=CARTESIAN_POINT('',(-137.6,-220.,-30.));
#11791=DIRECTION('',(0.,-1.,-0.));
#11792=VECTOR('',#11791,10.);
#11793=LINE('',#11790,#11792);
#11794=EDGE_CURVE('',#11789,#9794,#11793,.T.);
#11795=ORIENTED_EDGE('',*,*,#11794,.F.);
#11796=CARTESIAN_POINT('',(-135.,-220.,-27.4));
#11797=VERTEX_POINT('',#11796);
#11798=CARTESIAN_POINT('',(-135.,-220.,-30.));
#11799=DIRECTION('',(0.,1.,0.));
#11800=DIRECTION('',(0.,-0.,1.));
#11801=AXIS2_PLACEMENT_3D('',#11798,#11799,#11800);
#11802=CIRCLE('',#11801,2.6);
#11803=EDGE_CURVE('',#11789,#11797,#11802,.T.);
#11804=ORIENTED_EDGE('',*,*,#11803,.T.);
#11805=CARTESIAN_POINT('',(-135.,-220.,-30.));
#11806=DIRECTION('',(0.,1.,0.));
#11807=DIRECTION('',(0.,-0.,1.));
#11808=AXIS2_PLACEMENT_3D('',#11805,#11806,#11807);
#11809=CIRCLE('',#11808,2.6);
#11810=EDGE_CURVE('',#11797,#11789,#11809,.T.);
#11811=ORIENTED_EDGE('',*,*,#11810,.T.);
#11812=ORIENTED_EDGE('',*,*,#11794,.T.);
#11813=ORIENTED_EDGE('',*,*,#11246,.F.);
#11814=ORIENTED_EDGE('',*,*,#11230,.F.);
#11815=ORIENTED_EDGE('',*,*,#11212,.F.);
#11816=ORIENTED_EDGE('',*,*,#11264,.F.);
#11817=EDGE_LOOP('',(#11795,#11804,#11811,#11812,#11813,#11814,#11815,#11816));
#11818=FACE_BOUND('',#11817,.T.);
#11819=ADVANCED_FACE('',(#11818),#11787,.F.);
#11820=CARTESIAN_POINT('',(-105.,-220.,-10.));
#11821=DIRECTION('',(0.,1.,0.));
#11822=DIRECTION('',(-1.,0.,0.));
#11823=AXIS2_PLACEMENT_3D('',#11820,#11821,#11822);
#11824=CYLINDRICAL_SURFACE('',#11823,2.6);
#11825=CARTESIAN_POINT('',(-107.6,-220.,-10.));
#11826=VERTEX_POINT('',#11825);
#11827=CARTESIAN_POINT('',(-107.6,-220.,-10.));
#11828=DIRECTION('',(0.,-1.,-0.));
#11829=VECTOR('',#11828,10.);
#11830=LINE('',#11827,#11829);
#11831=EDGE_CURVE('',#11826,#10598,#11830,.T.);
#11832=ORIENTED_EDGE('',*,*,#11831,.F.);
#11833=CARTESIAN_POINT('',(-105.,-220.,-7.4));
#11834=VERTEX_POINT('',#11833);
#11835=CARTESIAN_POINT('',(-105.,-220.,-10.));
#11836=DIRECTION('',(0.,1.,0.));
#11837=DIRECTION('',(0.,-0.,1.));
#11838=AXIS2_PLACEMENT_3D('',#11835,#11836,#11837);
#11839=CIRCLE('',#11838,2.6);
#11840=EDGE_CURVE('',#11826,#11834,#11839,.T.);
#11841=ORIENTED_EDGE('',*,*,#11840,.T.);
#11842=CARTESIAN_POINT('',(-105.,-220.,-10.));
#11843=DIRECTION('',(0.,1.,0.));
#11844=DIRECTION('',(0.,-0.,1.));
#11845=AXIS2_PLACEMENT_3D('',#11842,#11843,#11844);
#11846=CIRCLE('',#11845,2.6);
#11847=EDGE_CURVE('',#11834,#11826,#11846,.T.);
#11848=ORIENTED_EDGE('',*,*,#11847,.T.);
#11849=ORIENTED_EDGE('',*,*,#11831,.T.);
#11850=ORIENTED_EDGE('',*,*,#11314,.F.);
#11851=ORIENTED_EDGE('',*,*,#11298,.F.);
#11852=ORIENTED_EDGE('',*,*,#11280,.F.);
#11853=ORIENTED_EDGE('',*,*,#11332,.F.);
#11854=EDGE_LOOP('',(#11832,#11841,#11848,#11849,#11850,#11851,#11852,#11853));
#11855=FACE_BOUND('',#11854,.T.);
#11856=ADVANCED_FACE('',(#11855),#11824,.F.);
#11857=CARTESIAN_POINT('',(-135.,-234.7,-30.));
#11858=DIRECTION('',(0.,-1.,0.));
#11859=DIRECTION('',(-1.,0.,0.));
#11860=AXIS2_PLACEMENT_3D('',#11857,#11858,#11859);
#11861=CONICAL_SURFACE('',#11860,5.3,44.999999949);
#11862=CARTESIAN_POINT('',(-140.599999999,-235.,-30.));
#11863=DIRECTION('',(0.707106781,0.707106782,-0.));
#11864=VECTOR('',#11863,0.848528137);
#11865=LINE('',#11862,#11864);
#11866=EDGE_CURVE('',#7932,#11343,#11865,.T.);
#11867=ORIENTED_EDGE('',*,*,#11866,.F.);
#11868=ORIENTED_EDGE('',*,*,#7938,.F.);
#11869=ORIENTED_EDGE('',*,*,#7945,.F.);
#11870=ORIENTED_EDGE('',*,*,#11866,.T.);
#11871=ORIENTED_EDGE('',*,*,#11364,.F.);
#11872=ORIENTED_EDGE('',*,*,#11357,.F.);
#11873=EDGE_LOOP('',(#11867,#11868,#11869,#11870,#11871,#11872));
#11874=FACE_BOUND('',#11873,.T.);
#11875=ADVANCED_FACE('',(#11874),#11861,.F.);
#11876=CARTESIAN_POINT('',(-135.,-234.7,30.));
#11877=DIRECTION('',(0.,-1.,0.));
#11878=DIRECTION('',(-1.,0.,0.));
#11879=AXIS2_PLACEMENT_3D('',#11876,#11877,#11878);
#11880=CONICAL_SURFACE('',#11879,5.3,44.999999949);
#11881=CARTESIAN_POINT('',(-140.599999999,-235.,30.));
#11882=DIRECTION('',(0.707106781,0.707106782,-0.));
#11883=VECTOR('',#11882,0.848528137);
#11884=LINE('',#11881,#11883);
#11885=EDGE_CURVE('',#7912,#11385,#11884,.T.);
#11886=ORIENTED_EDGE('',*,*,#11885,.F.);
#11887=ORIENTED_EDGE('',*,*,#7918,.F.);
#11888=ORIENTED_EDGE('',*,*,#7925,.F.);
#11889=ORIENTED_EDGE('',*,*,#11885,.T.);
#11890=ORIENTED_EDGE('',*,*,#11406,.F.);
#11891=ORIENTED_EDGE('',*,*,#11399,.F.);
#11892=EDGE_LOOP('',(#11886,#11887,#11888,#11889,#11890,#11891));
#11893=FACE_BOUND('',#11892,.T.);
#11894=ADVANCED_FACE('',(#11893),#11880,.F.);
#11895=CARTESIAN_POINT('',(-135.,-234.7,-10.));
#11896=DIRECTION('',(0.,-1.,0.));
#11897=DIRECTION('',(-1.,0.,0.));
#11898=AXIS2_PLACEMENT_3D('',#11895,#11896,#11897);
#11899=CONICAL_SURFACE('',#11898,5.3,44.999999949);
#11900=CARTESIAN_POINT('',(-140.599999999,-235.,-10.));
#11901=DIRECTION('',(0.707106781,0.707106782,-0.));
#11902=VECTOR('',#11901,0.848528137);
#11903=LINE('',#11900,#11902);
#11904=EDGE_CURVE('',#7892,#11427,#11903,.T.);
#11905=ORIENTED_EDGE('',*,*,#11904,.F.);
#11906=ORIENTED_EDGE('',*,*,#7898,.F.);
#11907=ORIENTED_EDGE('',*,*,#7905,.F.);
#11908=ORIENTED_EDGE('',*,*,#11904,.T.);
#11909=ORIENTED_EDGE('',*,*,#11448,.F.);
#11910=ORIENTED_EDGE('',*,*,#11441,.F.);
#11911=EDGE_LOOP('',(#11905,#11906,#11907,#11908,#11909,#11910));
#11912=FACE_BOUND('',#11911,.T.);
#11913=ADVANCED_FACE('',(#11912),#11899,.F.);
#11914=CARTESIAN_POINT('',(-105.,-234.7,-30.));
#11915=DIRECTION('',(0.,-1.,0.));
#11916=DIRECTION('',(-1.,0.,0.));
#11917=AXIS2_PLACEMENT_3D('',#11914,#11915,#11916);
#11918=CONICAL_SURFACE('',#11917,5.3,44.999999949);
#11919=CARTESIAN_POINT('',(-110.599999999,-235.,-30.));
#11920=DIRECTION('',(0.707106781,0.707106782,-0.));
#11921=VECTOR('',#11920,0.848528137);
#11922=LINE('',#11919,#11921);
#11923=EDGE_CURVE('',#7872,#11469,#11922,.T.);
#11924=ORIENTED_EDGE('',*,*,#11923,.F.);
#11925=ORIENTED_EDGE('',*,*,#7878,.F.);
#11926=ORIENTED_EDGE('',*,*,#7885,.F.);
#11927=ORIENTED_EDGE('',*,*,#11923,.T.);
#11928=ORIENTED_EDGE('',*,*,#11490,.F.);
#11929=ORIENTED_EDGE('',*,*,#11483,.F.);
#11930=EDGE_LOOP('',(#11924,#11925,#11926,#11927,#11928,#11929));
#11931=FACE_BOUND('',#11930,.T.);
#11932=ADVANCED_FACE('',(#11931),#11918,.F.);
#11933=CARTESIAN_POINT('',(-105.,-234.7,-10.));
#11934=DIRECTION('',(0.,-1.,0.));
#11935=DIRECTION('',(-1.,0.,0.));
#11936=AXIS2_PLACEMENT_3D('',#11933,#11934,#11935);
#11937=CONICAL_SURFACE('',#11936,5.3,44.999999949);
#11938=CARTESIAN_POINT('',(-110.599999999,-235.,-10.));
#11939=DIRECTION('',(0.707106781,0.707106782,-0.));
#11940=VECTOR('',#11939,0.848528137);
#11941=LINE('',#11938,#11940);
#11942=EDGE_CURVE('',#7852,#11511,#11941,.T.);
#11943=ORIENTED_EDGE('',*,*,#11942,.F.);
#11944=ORIENTED_EDGE('',*,*,#7858,.F.);
#11945=ORIENTED_EDGE('',*,*,#7865,.F.);
#11946=ORIENTED_EDGE('',*,*,#11942,.T.);
#11947=ORIENTED_EDGE('',*,*,#11532,.F.);
#11948=ORIENTED_EDGE('',*,*,#11525,.F.);
#11949=EDGE_LOOP('',(#11943,#11944,#11945,#11946,#11947,#11948));
#11950=FACE_BOUND('',#11949,.T.);
#11951=ADVANCED_FACE('',(#11950),#11937,.F.);
#11952=CARTESIAN_POINT('',(-135.,-234.7,10.));
#11953=DIRECTION('',(0.,-1.,0.));
#11954=DIRECTION('',(-1.,0.,0.));
#11955=AXIS2_PLACEMENT_3D('',#11952,#11953,#11954);
#11956=CONICAL_SURFACE('',#11955,5.3,44.999999949);
#11957=CARTESIAN_POINT('',(-140.599999999,-235.,10.));
#11958=DIRECTION('',(0.707106781,0.707106782,-0.));
#11959=VECTOR('',#11958,0.848528137);
#11960=LINE('',#11957,#11959);
#11961=EDGE_CURVE('',#7832,#11553,#11960,.T.);
#11962=ORIENTED_EDGE('',*,*,#11961,.F.);
#11963=ORIENTED_EDGE('',*,*,#7838,.F.);
#11964=ORIENTED_EDGE('',*,*,#7845,.F.);
#11965=ORIENTED_EDGE('',*,*,#11961,.T.);
#11966=ORIENTED_EDGE('',*,*,#11574,.F.);
#11967=ORIENTED_EDGE('',*,*,#11567,.F.);
#11968=EDGE_LOOP('',(#11962,#11963,#11964,#11965,#11966,#11967));
#11969=FACE_BOUND('',#11968,.T.);
#11970=ADVANCED_FACE('',(#11969),#11956,.F.);
#11971=CARTESIAN_POINT('',(-126.500003493,-233.5,4.999996163));
#11972=DIRECTION('',(0.707106781,-0.707106781,0.));
#11973=DIRECTION('',(0.,0.,-1.));
#11974=AXIS2_PLACEMENT_3D('',#11971,#11972,#11973);
#11975=PLANE('',#11974);
#11976=CARTESIAN_POINT('',(-125.000003493,-232.,-0.000010014));
#11977=VERTEX_POINT('',#11976);
#11978=CARTESIAN_POINT('',(-125.000003493,-232.,40.));
#11979=VERTEX_POINT('',#11978);
#11980=CARTESIAN_POINT('',(-125.000003493,-232.,-0.000010014));
#11981=DIRECTION('',(-0.,-0.,1.));
#11982=VECTOR('',#11981,40.000010014);
#11983=LINE('',#11980,#11982);
#11984=EDGE_CURVE('',#11977,#11979,#11983,.T.);
#11985=ORIENTED_EDGE('',*,*,#11984,.T.);
#11986=CARTESIAN_POINT('',(-128.000003493,-235.,37.));
#11987=DIRECTION('',(0.577350269,0.577350269,0.577350269));
#11988=VECTOR('',#11987,5.196152423);
#11989=LINE('',#11986,#11988);
#11990=EDGE_CURVE('',#7789,#11979,#11989,.T.);
#11991=ORIENTED_EDGE('',*,*,#11990,.F.);
#11992=ORIENTED_EDGE('',*,*,#7794,.T.);
#11993=CARTESIAN_POINT('',(-128.000003493,-235.,-3.000010599));
#11994=DIRECTION('',(0.577350232,0.577350232,0.577350344));
#11995=VECTOR('',#11994,5.19615276);
#11996=LINE('',#11993,#11995);
#11997=EDGE_CURVE('',#7781,#11977,#11996,.T.);
#11998=ORIENTED_EDGE('',*,*,#11997,.T.);
#11999=EDGE_LOOP('',(#11985,#11991,#11992,#11998));
#12000=FACE_BOUND('',#11999,.T.);
#12001=ADVANCED_FACE('',(#12000),#11975,.T.);
#12002=CARTESIAN_POINT('',(-167.1,-207.300028141,-1.5));
#12003=DIRECTION('',(0.,-1.,0.));
#12004=DIRECTION('',(1.,0.,0.));
#12005=AXIS2_PLACEMENT_3D('',#12002,#12003,#12004);
#12006=CYLINDRICAL_SURFACE('',#12005,10.);
#12007=CARTESIAN_POINT('',(-157.1,-235.,-1.5));
#12008=DIRECTION('',(-0.,1.,-0.));
#12009=VECTOR('',#12008,2.);
#12010=LINE('',#12007,#12009);
#12011=EDGE_CURVE('',#7812,#11689,#12010,.T.);
#12012=ORIENTED_EDGE('',*,*,#12011,.F.);
#12013=ORIENTED_EDGE('',*,*,#7818,.F.);
#12014=ORIENTED_EDGE('',*,*,#7825,.F.);
#12015=ORIENTED_EDGE('',*,*,#12011,.T.);
#12016=ORIENTED_EDGE('',*,*,#11697,.T.);
#12017=ORIENTED_EDGE('',*,*,#11704,.T.);
#12018=EDGE_LOOP('',(#12012,#12013,#12014,#12015,#12016,#12017));
#12019=FACE_BOUND('',#12018,.T.);
#12020=ADVANCED_FACE('',(#12019),#12006,.F.);
#12021=CARTESIAN_POINT('',(-100.000001746,-233.5,-1.500010307));
#12022=DIRECTION('',(0.,0.70710685,-0.707106712));
#12023=DIRECTION('',(-1.,0.,0.));
#12024=AXIS2_PLACEMENT_3D('',#12021,#12022,#12023);
#12025=PLANE('',#12024);
#12026=ORIENTED_EDGE('',*,*,#7786,.F.);
#12027=CARTESIAN_POINT('',(-85.,-232.,-0.000010014));
#12028=VERTEX_POINT('',#12027);
#12029=CARTESIAN_POINT('',(-85.,-232.,-0.000010014));
#12030=DIRECTION('',(-0.577350232,-0.577350232,-0.577350344));
#12031=VECTOR('',#12030,5.19615276);
#12032=LINE('',#12029,#12031);
#12033=EDGE_CURVE('',#12028,#7773,#12032,.T.);
#12034=ORIENTED_EDGE('',*,*,#12033,.F.);
#12035=CARTESIAN_POINT('',(-125.000003493,-232.,-0.000010015));
#12036=DIRECTION('',(1.,-0.,-0.));
#12037=VECTOR('',#12036,40.000003493);
#12038=LINE('',#12035,#12037);
#12039=EDGE_CURVE('',#11977,#12028,#12038,.T.);
#12040=ORIENTED_EDGE('',*,*,#12039,.F.);
#12041=ORIENTED_EDGE('',*,*,#11997,.F.);
#12042=EDGE_LOOP('',(#12026,#12034,#12040,#12041));
#12043=FACE_BOUND('',#12042,.T.);
#12044=ADVANCED_FACE('',(#12043),#12025,.F.);
#12045=CARTESIAN_POINT('',(-85.000003493,-220.000013646,-0.000007675));
#12046=DIRECTION('',(0.,-0.000000195,1.));
#12047=DIRECTION('',(-1.,0.,0.));
#12048=AXIS2_PLACEMENT_3D('',#12045,#12046,#12047);
#12049=PLANE('',#12048);
#12050=CARTESIAN_POINT('',(-85.,-220.,-0.000007675));
#12051=VERTEX_POINT('',#12050);
#12052=CARTESIAN_POINT('',(-85.,-232.,-0.000010015));
#12053=DIRECTION('',(-0.,1.,0.000000195));
#12054=VECTOR('',#12053,12.);
#12055=LINE('',#12052,#12054);
#12056=EDGE_CURVE('',#12028,#12051,#12055,.T.);
#12057=ORIENTED_EDGE('',*,*,#12056,.T.);
#12058=CARTESIAN_POINT('',(-125.00000291,-220.,-0.000003837));
#12059=VERTEX_POINT('',#12058);
#12060=CARTESIAN_POINT('',(-85.,-220.,-0.000007675));
#12061=DIRECTION('',(-1.,0.,0.));
#12062=VECTOR('',#12061,40.000002328);
#12063=LINE('',#12060,#12062);
#12064=EDGE_CURVE('',#12051,#12059,#12063,.T.);
#12065=ORIENTED_EDGE('',*,*,#12064,.T.);
#12066=CARTESIAN_POINT('',(-125.000003493,-220.,-0.000007675));
#12067=DIRECTION('',(0.,-1.,-0.000000195));
#12068=VECTOR('',#12067,12.);
#12069=LINE('',#12066,#12068);
#12070=EDGE_CURVE('',#12059,#11977,#12069,.T.);
#12071=ORIENTED_EDGE('',*,*,#12070,.T.);
#12072=ORIENTED_EDGE('',*,*,#12039,.T.);
#12073=EDGE_LOOP('',(#12057,#12065,#12071,#12072));
#12074=FACE_BOUND('',#12073,.T.);
#12075=ADVANCED_FACE('',(#12074),#12049,.T.);
#12076=CARTESIAN_POINT('',(-125.000003493,-220.000015596,9.999992325));
#12077=DIRECTION('',(1.,0.,0.));
#12078=DIRECTION('',(0.,0.,1.));
#12079=AXIS2_PLACEMENT_3D('',#12076,#12077,#12078);
#12080=PLANE('',#12079);
#12081=ORIENTED_EDGE('',*,*,#11984,.F.);
#12082=ORIENTED_EDGE('',*,*,#12070,.F.);
#12083=CARTESIAN_POINT('',(-125.000003493,-200.,0.));
#12084=VERTEX_POINT('',#12083);
#12085=CARTESIAN_POINT('',(-125.000003493,-220.,0.));
#12086=DIRECTION('',(0.,1.,0.));
#12087=VECTOR('',#12086,20.);
#12088=LINE('',#12085,#12087);
#12089=EDGE_CURVE('',#12059,#12084,#12088,.T.);
#12090=ORIENTED_EDGE('',*,*,#12089,.T.);
#12091=CARTESIAN_POINT('',(-125.000003493,-200.,40.));
#12092=VERTEX_POINT('',#12091);
#12093=CARTESIAN_POINT('',(-125.000003493,-200.,0.));
#12094=DIRECTION('',(0.,0.,1.));
#12095=VECTOR('',#12094,40.);
#12096=LINE('',#12093,#12095);
#12097=EDGE_CURVE('',#12084,#12092,#12096,.T.);
#12098=ORIENTED_EDGE('',*,*,#12097,.T.);
#12099=CARTESIAN_POINT('',(-125.000003493,-200.,40.));
#12100=DIRECTION('',(0.,-1.,0.));
#12101=VECTOR('',#12100,32.);
#12102=LINE('',#12099,#12101);
#12103=EDGE_CURVE('',#12092,#11979,#12102,.T.);
#12104=ORIENTED_EDGE('',*,*,#12103,.T.);
#12105=EDGE_LOOP('',(#12081,#12082,#12090,#12098,#12104));
#12106=FACE_BOUND('',#12105,.T.);
#12107=ADVANCED_FACE('',(#12106),#12080,.T.);
#12108=CARTESIAN_POINT('',(-156.,-207.5,0.));
#12109=DIRECTION('',(1.,0.,0.));
#12110=DIRECTION('',(0.,1.,0.));
#12111=AXIS2_PLACEMENT_3D('',#12108,#12109,#12110);
#12112=PLANE('',#12111);
#12113=CARTESIAN_POINT('',(-156.,-210.,-25.));
#12114=VERTEX_POINT('',#12113);
#12115=CARTESIAN_POINT('',(-156.,-205.,-30.));
#12116=VERTEX_POINT('',#12115);
#12117=CARTESIAN_POINT('',(-156.,-210.,-30.));
#12118=DIRECTION('',(-1.,0.,0.));
#12119=DIRECTION('',(0.,0.,1.));
#12120=AXIS2_PLACEMENT_3D('',#12117,#12118,#12119);
#12121=CIRCLE('',#12120,5.);
#12122=EDGE_CURVE('',#12114,#12116,#12121,.T.);
#12123=ORIENTED_EDGE('',*,*,#12122,.T.);
#12124=CARTESIAN_POINT('',(-156.,-210.,-30.));
#12125=DIRECTION('',(-1.,0.,0.));
#12126=DIRECTION('',(0.,0.,1.));
#12127=AXIS2_PLACEMENT_3D('',#12124,#12125,#12126);
#12128=CIRCLE('',#12127,5.);
#12129=EDGE_CURVE('',#12116,#12114,#12128,.T.);
#12130=ORIENTED_EDGE('',*,*,#12129,.T.);
#12131=EDGE_LOOP('',(#12123,#12130));
#12132=FACE_BOUND('',#12131,.T.);
#12133=CARTESIAN_POINT('',(-156.,-207.35,-30.));
#12134=VERTEX_POINT('',#12133);
#12135=CARTESIAN_POINT('',(-156.,-210.,-32.65));
#12136=VERTEX_POINT('',#12135);
#12137=CARTESIAN_POINT('',(-156.,-210.,-30.));
#12138=DIRECTION('',(-1.,-0.,-0.));
#12139=DIRECTION('',(0.,0.,-1.));
#12140=AXIS2_PLACEMENT_3D('',#12137,#12138,#12139);
#12141=CIRCLE('',#12140,2.65);
#12142=EDGE_CURVE('',#12134,#12136,#12141,.T.);
#12143=ORIENTED_EDGE('',*,*,#12142,.F.);
#12144=CARTESIAN_POINT('',(-156.,-210.,-30.));
#12145=DIRECTION('',(-1.,-0.,-0.));
#12146=DIRECTION('',(0.,0.,-1.));
#12147=AXIS2_PLACEMENT_3D('',#12144,#12145,#12146);
#12148=CIRCLE('',#12147,2.65);
#12149=EDGE_CURVE('',#12136,#12134,#12148,.T.);
#12150=ORIENTED_EDGE('',*,*,#12149,.F.);
#12151=EDGE_LOOP('',(#12143,#12150));
#12152=FACE_BOUND('',#12151,.T.);
#12153=ADVANCED_FACE('',(#12132,#12152),#12112,.F.);
#12154=CARTESIAN_POINT('',(-156.,-207.5,0.));
#12155=DIRECTION('',(1.,0.,0.));
#12156=DIRECTION('',(0.,1.,0.));
#12157=AXIS2_PLACEMENT_3D('',#12154,#12155,#12156);
#12158=PLANE('',#12157);
#12159=CARTESIAN_POINT('',(-156.,-190.,-25.));
#12160=VERTEX_POINT('',#12159);
#12161=CARTESIAN_POINT('',(-156.,-185.,-30.));
#12162=VERTEX_POINT('',#12161);
#12163=CARTESIAN_POINT('',(-156.,-190.,-30.));
#12164=DIRECTION('',(-1.,0.,0.));
#12165=DIRECTION('',(0.,0.,1.));
#12166=AXIS2_PLACEMENT_3D('',#12163,#12164,#12165);
#12167=CIRCLE('',#12166,5.);
#12168=EDGE_CURVE('',#12160,#12162,#12167,.T.);
#12169=ORIENTED_EDGE('',*,*,#12168,.T.);
#12170=CARTESIAN_POINT('',(-156.,-190.,-30.));
#12171=DIRECTION('',(-1.,0.,0.));
#12172=DIRECTION('',(0.,0.,1.));
#12173=AXIS2_PLACEMENT_3D('',#12170,#12171,#12172);
#12174=CIRCLE('',#12173,5.);
#12175=EDGE_CURVE('',#12162,#12160,#12174,.T.);
#12176=ORIENTED_EDGE('',*,*,#12175,.T.);
#12177=EDGE_LOOP('',(#12169,#12176));
#12178=FACE_BOUND('',#12177,.T.);
#12179=CARTESIAN_POINT('',(-156.,-187.35,-30.));
#12180=VERTEX_POINT('',#12179);
#12181=CARTESIAN_POINT('',(-156.,-190.,-32.65));
#12182=VERTEX_POINT('',#12181);
#12183=CARTESIAN_POINT('',(-156.,-190.,-30.));
#12184=DIRECTION('',(-1.,-0.,-0.));
#12185=DIRECTION('',(0.,0.,-1.));
#12186=AXIS2_PLACEMENT_3D('',#12183,#12184,#12185);
#12187=CIRCLE('',#12186,2.65);
#12188=EDGE_CURVE('',#12180,#12182,#12187,.T.);
#12189=ORIENTED_EDGE('',*,*,#12188,.F.);
#12190=CARTESIAN_POINT('',(-156.,-190.,-30.));
#12191=DIRECTION('',(-1.,-0.,-0.));
#12192=DIRECTION('',(0.,0.,-1.));
#12193=AXIS2_PLACEMENT_3D('',#12190,#12191,#12192);
#12194=CIRCLE('',#12193,2.65);
#12195=EDGE_CURVE('',#12182,#12180,#12194,.T.);
#12196=ORIENTED_EDGE('',*,*,#12195,.F.);
#12197=EDGE_LOOP('',(#12189,#12196));
#12198=FACE_BOUND('',#12197,.T.);
#12199=ADVANCED_FACE('',(#12178,#12198),#12158,.F.);
#12200=CARTESIAN_POINT('',(-145.,-210.,-30.));
#12201=DIRECTION('',(1.,0.,0.));
#12202=DIRECTION('',(-0.,1.,0.));
#12203=AXIS2_PLACEMENT_3D('',#12200,#12201,#12202);
#12204=CYLINDRICAL_SURFACE('',#12203,2.65);
#12205=CARTESIAN_POINT('',(-145.,-207.35,-30.));
#12206=DIRECTION('',(-1.,-0.,-0.));
#12207=VECTOR('',#12206,11.);
#12208=LINE('',#12205,#12207);
#12209=EDGE_CURVE('',#8616,#12134,#12208,.T.);
#12210=ORIENTED_EDGE('',*,*,#12209,.F.);
#12211=ORIENTED_EDGE('',*,*,#8624,.T.);
#12212=ORIENTED_EDGE('',*,*,#8631,.T.);
#12213=ORIENTED_EDGE('',*,*,#12209,.T.);
#12214=ORIENTED_EDGE('',*,*,#12142,.T.);
#12215=ORIENTED_EDGE('',*,*,#12149,.T.);
#12216=EDGE_LOOP('',(#12210,#12211,#12212,#12213,#12214,#12215));
#12217=FACE_BOUND('',#12216,.T.);
#12218=ADVANCED_FACE('',(#12217),#12204,.F.);
#12219=CARTESIAN_POINT('',(-145.,-190.,-30.));
#12220=DIRECTION('',(1.,0.,0.));
#12221=DIRECTION('',(-0.,1.,0.));
#12222=AXIS2_PLACEMENT_3D('',#12219,#12220,#12221);
#12223=CYLINDRICAL_SURFACE('',#12222,2.65);
#12224=CARTESIAN_POINT('',(-145.,-187.35,-30.));
#12225=DIRECTION('',(-1.,-0.,-0.));
#12226=VECTOR('',#12225,11.);
#12227=LINE('',#12224,#12226);
#12228=EDGE_CURVE('',#8596,#12180,#12227,.T.);
#12229=ORIENTED_EDGE('',*,*,#12228,.F.);
#12230=ORIENTED_EDGE('',*,*,#8604,.T.);
#12231=ORIENTED_EDGE('',*,*,#8611,.T.);
#12232=ORIENTED_EDGE('',*,*,#12228,.T.);
#12233=ORIENTED_EDGE('',*,*,#12188,.T.);
#12234=ORIENTED_EDGE('',*,*,#12195,.T.);
#12235=EDGE_LOOP('',(#12229,#12230,#12231,#12232,#12233,#12234));
#12236=FACE_BOUND('',#12235,.T.);
#12237=ADVANCED_FACE('',(#12236),#12223,.F.);
#12238=CARTESIAN_POINT('',(-145.,-220.,0.));
#12239=DIRECTION('',(0.,0.,1.));
#12240=DIRECTION('',(1.,0.,0.));
#12241=AXIS2_PLACEMENT_3D('',#12238,#12239,#12240);
#12242=PLANE('',#12241);
#12243=CARTESIAN_POINT('',(-145.,-200.,0.));
#12244=DIRECTION('',(1.,0.,-0.));
#12245=VECTOR('',#12244,19.999996507);
#12246=LINE('',#12243,#12245);
#12247=EDGE_CURVE('',#8555,#12084,#12246,.T.);
#12248=ORIENTED_EDGE('',*,*,#12247,.T.);
#12249=ORIENTED_EDGE('',*,*,#12089,.F.);
#12250=CARTESIAN_POINT('',(-125.000002328,-220.,0.));
#12251=DIRECTION('',(-1.,-0.,0.));
#12252=VECTOR('',#12251,19.999997672);
#12253=LINE('',#12250,#12252);
#12254=EDGE_CURVE('',#12059,#8563,#12253,.T.);
#12255=ORIENTED_EDGE('',*,*,#12254,.T.);
#12256=ORIENTED_EDGE('',*,*,#8568,.T.);
#12257=EDGE_LOOP('',(#12248,#12249,#12255,#12256));
#12258=FACE_BOUND('',#12257,.T.);
#12259=ADVANCED_FACE('',(#12258),#12242,.F.);
#12260=CARTESIAN_POINT('',(-116.,-200.,0.));
#12261=DIRECTION('',(0.,-1.,0.));
#12262=DIRECTION('',(1.,0.,0.));
#12263=AXIS2_PLACEMENT_3D('',#12260,#12261,#12262);
#12264=PLANE('',#12263);
#12265=CARTESIAN_POINT('',(-125.000003493,-200.,40.));
#12266=DIRECTION('',(-1.,-0.,0.));
#12267=VECTOR('',#12266,19.999996507);
#12268=LINE('',#12265,#12267);
#12269=EDGE_CURVE('',#12092,#8485,#12268,.T.);
#12270=ORIENTED_EDGE('',*,*,#12269,.F.);
#12271=ORIENTED_EDGE('',*,*,#12097,.F.);
#12272=ORIENTED_EDGE('',*,*,#12247,.F.);
#12273=ORIENTED_EDGE('',*,*,#8560,.T.);
#12274=ORIENTED_EDGE('',*,*,#8529,.T.);
#12275=ORIENTED_EDGE('',*,*,#8496,.T.);
#12276=EDGE_LOOP('',(#12270,#12271,#12272,#12273,#12274,#12275));
#12277=FACE_BOUND('',#12276,.T.);
#12278=ORIENTED_EDGE('',*,*,#11646,.F.);
#12279=ORIENTED_EDGE('',*,*,#11653,.F.);
#12280=EDGE_LOOP('',(#12278,#12279));
#12281=FACE_BOUND('',#12280,.T.);
#12282=ORIENTED_EDGE('',*,*,#11609,.F.);
#12283=ORIENTED_EDGE('',*,*,#11616,.F.);
#12284=EDGE_LOOP('',(#12282,#12283));
#12285=FACE_BOUND('',#12284,.T.);
#12286=ADVANCED_FACE('',(#12277,#12281,#12285),#12264,.F.);
#12287=CARTESIAN_POINT('',(-167.1,-41.985025018,-1.5));
#12288=DIRECTION('',(0.,-1.,0.));
#12289=DIRECTION('',(1.,0.,0.));
#12290=AXIS2_PLACEMENT_3D('',#12287,#12288,#12289);
#12291=CYLINDRICAL_SURFACE('',#12290,11.05);
#12292=CARTESIAN_POINT('',(-156.05,-224.6,-1.5));
#12293=VERTEX_POINT('',#12292);
#12294=CARTESIAN_POINT('',(-156.05,-233.,-1.5));
#12295=DIRECTION('',(-0.,1.,-0.));
#12296=VECTOR('',#12295,8.4);
#12297=LINE('',#12294,#12296);
#12298=EDGE_CURVE('',#11669,#12293,#12297,.T.);
#12299=ORIENTED_EDGE('',*,*,#12298,.F.);
#12300=ORIENTED_EDGE('',*,*,#11677,.T.);
#12301=ORIENTED_EDGE('',*,*,#11684,.T.);
#12302=ORIENTED_EDGE('',*,*,#12298,.T.);
#12303=CARTESIAN_POINT('',(-167.1,-224.6,-12.55));
#12304=VERTEX_POINT('',#12303);
#12305=CARTESIAN_POINT('',(-167.1,-224.6,-1.5));
#12306=DIRECTION('',(0.,-1.,0.));
#12307=DIRECTION('',(0.,0.,-1.));
#12308=AXIS2_PLACEMENT_3D('',#12305,#12306,#12307);
#12309=CIRCLE('',#12308,11.05);
#12310=EDGE_CURVE('',#12304,#12293,#12309,.T.);
#12311=ORIENTED_EDGE('',*,*,#12310,.F.);
#12312=CARTESIAN_POINT('',(-167.1,-224.6,9.55));
#12313=VERTEX_POINT('',#12312);
#12314=CARTESIAN_POINT('',(-167.1,-224.6,-1.5));
#12315=DIRECTION('',(0.,-1.,0.));
#12316=DIRECTION('',(0.,0.,-1.));
#12317=AXIS2_PLACEMENT_3D('',#12314,#12315,#12316);
#12318=CIRCLE('',#12317,11.05);
#12319=EDGE_CURVE('',#12313,#12304,#12318,.T.);
#12320=ORIENTED_EDGE('',*,*,#12319,.F.);
#12321=CARTESIAN_POINT('',(-167.1,-224.6,-1.5));
#12322=DIRECTION('',(0.,-1.,0.));
#12323=DIRECTION('',(0.,0.,-1.));
#12324=AXIS2_PLACEMENT_3D('',#12321,#12322,#12323);
#12325=CIRCLE('',#12324,11.05);
#12326=EDGE_CURVE('',#12293,#12313,#12325,.T.);
#12327=ORIENTED_EDGE('',*,*,#12326,.F.);
#12328=EDGE_LOOP('',(#12299,#12300,#12301,#12302,#12311,#12320,#12327));
#12329=FACE_BOUND('',#12328,.T.);
#12330=ADVANCED_FACE('',(#12329),#12291,.F.);
#12331=CARTESIAN_POINT('',(-130.,-233.5,38.5));
#12332=DIRECTION('',(0.,-0.707106781,0.707106781));
#12333=DIRECTION('',(1.,0.,0.));
#12334=AXIS2_PLACEMENT_3D('',#12331,#12332,#12333);
#12335=PLANE('',#12334);
#12336=ORIENTED_EDGE('',*,*,#11990,.T.);
#12337=CARTESIAN_POINT('',(-125.000003493,-232.,40.));
#12338=DIRECTION('',(-1.,-0.,0.));
#12339=VECTOR('',#12338,53.85735582);
#12340=LINE('',#12337,#12339);
#12341=EDGE_CURVE('',#11979,#7425,#12340,.T.);
#12342=ORIENTED_EDGE('',*,*,#12341,.T.);
#12343=ORIENTED_EDGE('',*,*,#7430,.T.);
#12344=ORIENTED_EDGE('',*,*,#7800,.T.);
#12345=EDGE_LOOP('',(#12336,#12342,#12343,#12344));
#12346=FACE_BOUND('',#12345,.T.);
#12347=ADVANCED_FACE('',(#12346),#12335,.T.);
#12348=CARTESIAN_POINT('',(-115.,-220.,0.));
#12349=DIRECTION('',(0.,-1.,0.));
#12350=DIRECTION('',(-1.,0.,0.));
#12351=AXIS2_PLACEMENT_3D('',#12348,#12349,#12350);
#12352=PLANE('',#12351);
#12353=CARTESIAN_POINT('',(-85.,-220.,-40.));
#12354=VERTEX_POINT('',#12353);
#12355=CARTESIAN_POINT('',(-85.,-220.,-40.));
#12356=DIRECTION('',(-1.,0.,0.));
#12357=VECTOR('',#12356,60.);
#12358=LINE('',#12355,#12357);
#12359=EDGE_CURVE('',#12354,#8571,#12358,.T.);
#12360=ORIENTED_EDGE('',*,*,#12359,.T.);
#12361=ORIENTED_EDGE('',*,*,#8576,.T.);
#12362=ORIENTED_EDGE('',*,*,#12254,.F.);
#12363=ORIENTED_EDGE('',*,*,#12064,.F.);
#12364=CARTESIAN_POINT('',(-85.,-220.,-0.000007675));
#12365=DIRECTION('',(0.,0.,-1.));
#12366=VECTOR('',#12365,39.999992325);
#12367=LINE('',#12364,#12366);
#12368=EDGE_CURVE('',#12051,#12354,#12367,.T.);
#12369=ORIENTED_EDGE('',*,*,#12368,.T.);
#12370=EDGE_LOOP('',(#12360,#12361,#12362,#12363,#12369));
#12371=FACE_BOUND('',#12370,.T.);
#12372=ORIENTED_EDGE('',*,*,#11840,.F.);
#12373=ORIENTED_EDGE('',*,*,#11847,.F.);
#12374=EDGE_LOOP('',(#12372,#12373));
#12375=FACE_BOUND('',#12374,.T.);
#12376=ORIENTED_EDGE('',*,*,#11803,.F.);
#12377=ORIENTED_EDGE('',*,*,#11810,.F.);
#12378=EDGE_LOOP('',(#12376,#12377));
#12379=FACE_BOUND('',#12378,.T.);
#12380=ORIENTED_EDGE('',*,*,#11766,.F.);
#12381=ORIENTED_EDGE('',*,*,#11773,.F.);
#12382=EDGE_LOOP('',(#12380,#12381));
#12383=FACE_BOUND('',#12382,.T.);
#12384=ORIENTED_EDGE('',*,*,#11729,.F.);
#12385=ORIENTED_EDGE('',*,*,#11736,.F.);
#12386=EDGE_LOOP('',(#12384,#12385));
#12387=FACE_BOUND('',#12386,.T.);
#12388=ADVANCED_FACE('',(#12371,#12375,#12379,#12383,#12387),#12352,.F.);
#12389=CARTESIAN_POINT('',(-86.5,-233.5,0.));
#12390=DIRECTION('',(-0.707106781,0.707106781,0.));
#12391=DIRECTION('',(0.,0.,1.));
#12392=AXIS2_PLACEMENT_3D('',#12389,#12390,#12391);
#12393=PLANE('',#12392);
#12394=ORIENTED_EDGE('',*,*,#12033,.T.);
#12395=ORIENTED_EDGE('',*,*,#7778,.F.);
#12396=CARTESIAN_POINT('',(-85.,-232.,-40.));
#12397=VERTEX_POINT('',#12396);
#12398=CARTESIAN_POINT('',(-85.,-232.,-40.));
#12399=DIRECTION('',(-0.707106781,-0.707106781,0.));
#12400=VECTOR('',#12399,4.242640687);
#12401=LINE('',#12398,#12400);
#12402=EDGE_CURVE('',#12397,#7765,#12401,.T.);
#12403=ORIENTED_EDGE('',*,*,#12402,.F.);
#12404=CARTESIAN_POINT('',(-85.,-232.,-0.000010014));
#12405=DIRECTION('',(0.,0.,-1.));
#12406=VECTOR('',#12405,39.999989986);
#12407=LINE('',#12404,#12406);
#12408=EDGE_CURVE('',#12028,#12397,#12407,.T.);
#12409=ORIENTED_EDGE('',*,*,#12408,.F.);
#12410=EDGE_LOOP('',(#12394,#12395,#12403,#12409));
#12411=FACE_BOUND('',#12410,.T.);
#12412=ADVANCED_FACE('',(#12411),#12393,.F.);
#12413=CARTESIAN_POINT('',(-85.,-220.,0.));
#12414=DIRECTION('',(-1.,0.,0.));
#12415=DIRECTION('',(0.,0.,-1.));
#12416=AXIS2_PLACEMENT_3D('',#12413,#12414,#12415);
#12417=PLANE('',#12416);
#12418=CARTESIAN_POINT('',(-85.,-220.,-40.));
#12419=DIRECTION('',(0.,-1.,0.));
#12420=VECTOR('',#12419,12.);
#12421=LINE('',#12418,#12420);
#12422=EDGE_CURVE('',#12354,#12397,#12421,.T.);
#12423=ORIENTED_EDGE('',*,*,#12422,.F.);
#12424=ORIENTED_EDGE('',*,*,#12368,.F.);
#12425=ORIENTED_EDGE('',*,*,#12056,.F.);
#12426=ORIENTED_EDGE('',*,*,#12408,.T.);
#12427=EDGE_LOOP('',(#12423,#12424,#12425,#12426));
#12428=FACE_BOUND('',#12427,.T.);
#12429=ADVANCED_FACE('',(#12428),#12417,.F.);
#12430=CARTESIAN_POINT('',(-145.,-220.,40.));
#12431=DIRECTION('',(0.,0.,-1.));
#12432=DIRECTION('',(1.,0.,0.));
#12433=AXIS2_PLACEMENT_3D('',#12430,#12431,#12432);
#12434=PLANE('',#12433);
#12435=ORIENTED_EDGE('',*,*,#8490,.F.);
#12436=ORIENTED_EDGE('',*,*,#8045,.T.);
#12437=CARTESIAN_POINT('',(-185.1,-225.757359313,40.));
#12438=DIRECTION('',(0.,1.,0.));
#12439=VECTOR('',#12438,45.757359313);
#12440=LINE('',#12437,#12439);
#12441=EDGE_CURVE('',#7433,#8032,#12440,.T.);
#12442=ORIENTED_EDGE('',*,*,#12441,.F.);
#12443=ORIENTED_EDGE('',*,*,#7438,.F.);
#12444=ORIENTED_EDGE('',*,*,#12341,.F.);
#12445=ORIENTED_EDGE('',*,*,#12103,.F.);
#12446=ORIENTED_EDGE('',*,*,#12269,.T.);
#12447=EDGE_LOOP('',(#12435,#12436,#12442,#12443,#12444,#12445,#12446));
#12448=FACE_BOUND('',#12447,.T.);
#12449=ADVANCED_FACE('',(#12448),#12434,.F.);
#12450=CARTESIAN_POINT('',(-160.,-210.,-30.));
#12451=DIRECTION('',(-1.,0.,0.));
#12452=DIRECTION('',(0.,1.,0.));
#12453=AXIS2_PLACEMENT_3D('',#12450,#12451,#12452);
#12454=CYLINDRICAL_SURFACE('',#12453,5.);
#12455=CARTESIAN_POINT('',(-187.499999999,-205.,-30.));
#12456=VERTEX_POINT('',#12455);
#12457=CARTESIAN_POINT('',(-187.499999999,-205.,-30.));
#12458=DIRECTION('',(1.,-0.,-0.));
#12459=VECTOR('',#12458,31.499999999);
#12460=LINE('',#12457,#12459);
#12461=EDGE_CURVE('',#12456,#12116,#12460,.T.);
#12462=ORIENTED_EDGE('',*,*,#12461,.F.);
#12463=CARTESIAN_POINT('',(-187.499999999,-210.,-25.));
#12464=VERTEX_POINT('',#12463);
#12465=CARTESIAN_POINT('',(-187.499999999,-210.,-30.));
#12466=DIRECTION('',(1.,-0.,-0.));
#12467=DIRECTION('',(0.,0.,1.));
#12468=AXIS2_PLACEMENT_3D('',#12465,#12466,#12467);
#12469=CIRCLE('',#12468,5.);
#12470=EDGE_CURVE('',#12464,#12456,#12469,.T.);
#12471=ORIENTED_EDGE('',*,*,#12470,.F.);
#12472=CARTESIAN_POINT('',(-187.499999999,-210.,-30.));
#12473=DIRECTION('',(1.,-0.,-0.));
#12474=DIRECTION('',(0.,0.,1.));
#12475=AXIS2_PLACEMENT_3D('',#12472,#12473,#12474);
#12476=CIRCLE('',#12475,5.);
#12477=EDGE_CURVE('',#12456,#12464,#12476,.T.);
#12478=ORIENTED_EDGE('',*,*,#12477,.F.);
#12479=ORIENTED_EDGE('',*,*,#12461,.T.);
#12480=ORIENTED_EDGE('',*,*,#12122,.F.);
#12481=ORIENTED_EDGE('',*,*,#12129,.F.);
#12482=EDGE_LOOP('',(#12462,#12471,#12478,#12479,#12480,#12481));
#12483=FACE_BOUND('',#12482,.T.);
#12484=ADVANCED_FACE('',(#12483),#12454,.F.);
#12485=CARTESIAN_POINT('',(-160.,-190.,-30.));
#12486=DIRECTION('',(-1.,0.,0.));
#12487=DIRECTION('',(0.,1.,0.));
#12488=AXIS2_PLACEMENT_3D('',#12485,#12486,#12487);
#12489=CYLINDRICAL_SURFACE('',#12488,5.);
#12490=CARTESIAN_POINT('',(-187.5,-185.,-30.));
#12491=VERTEX_POINT('',#12490);
#12492=CARTESIAN_POINT('',(-187.5,-185.,-30.));
#12493=DIRECTION('',(1.,-0.,-0.));
#12494=VECTOR('',#12493,31.5);
#12495=LINE('',#12492,#12494);
#12496=EDGE_CURVE('',#12491,#12162,#12495,.T.);
#12497=ORIENTED_EDGE('',*,*,#12496,.F.);
#12498=CARTESIAN_POINT('',(-187.5,-190.,-25.));
#12499=VERTEX_POINT('',#12498);
#12500=CARTESIAN_POINT('',(-187.5,-190.,-30.));
#12501=DIRECTION('',(1.,-0.,-0.));
#12502=DIRECTION('',(0.,0.,1.));
#12503=AXIS2_PLACEMENT_3D('',#12500,#12501,#12502);
#12504=CIRCLE('',#12503,5.);
#12505=EDGE_CURVE('',#12499,#12491,#12504,.T.);
#12506=ORIENTED_EDGE('',*,*,#12505,.F.);
#12507=CARTESIAN_POINT('',(-187.5,-190.,-30.));
#12508=DIRECTION('',(1.,-0.,-0.));
#12509=DIRECTION('',(0.,0.,1.));
#12510=AXIS2_PLACEMENT_3D('',#12507,#12508,#12509);
#12511=CIRCLE('',#12510,5.);
#12512=EDGE_CURVE('',#12491,#12499,#12511,.T.);
#12513=ORIENTED_EDGE('',*,*,#12512,.F.);
#12514=ORIENTED_EDGE('',*,*,#12496,.T.);
#12515=ORIENTED_EDGE('',*,*,#12168,.F.);
#12516=ORIENTED_EDGE('',*,*,#12175,.F.);
#12517=EDGE_LOOP('',(#12497,#12506,#12513,#12514,#12515,#12516));
#12518=FACE_BOUND('',#12517,.T.);
#12519=ADVANCED_FACE('',(#12518),#12489,.F.);
#12520=CARTESIAN_POINT('',(-167.1,-224.6,-1.5));
#12521=DIRECTION('',(0.,-1.,0.));
#12522=DIRECTION('',(0.,0.,1.));
#12523=AXIS2_PLACEMENT_3D('',#12520,#12521,#12522);
#12524=TOROIDAL_SURFACE('',#12523,11.65,0.6);
#12525=CARTESIAN_POINT('',(-167.1,-224.,10.15));
#12526=VERTEX_POINT('',#12525);
#12527=CARTESIAN_POINT('',(-167.1,-224.6,10.15));
#12528=DIRECTION('',(-1.,-0.,0.));
#12529=DIRECTION('',(0.,0.,1.));
#12530=AXIS2_PLACEMENT_3D('',#12527,#12528,#12529);
#12531=CIRCLE('',#12530,0.6);
#12532=EDGE_CURVE('',#12526,#12313,#12531,.T.);
#12533=ORIENTED_EDGE('',*,*,#12532,.T.);
#12534=ORIENTED_EDGE('',*,*,#12319,.T.);
#12535=ORIENTED_EDGE('',*,*,#12310,.T.);
#12536=ORIENTED_EDGE('',*,*,#12326,.T.);
#12537=ORIENTED_EDGE('',*,*,#12532,.F.);
#12538=CARTESIAN_POINT('',(-167.1,-224.,-13.15));
#12539=VERTEX_POINT('',#12538);
#12540=CARTESIAN_POINT('',(-167.1,-224.,-1.5));
#12541=DIRECTION('',(-0.,1.,-0.));
#12542=DIRECTION('',(0.,0.,-1.));
#12543=AXIS2_PLACEMENT_3D('',#12540,#12541,#12542);
#12544=CIRCLE('',#12543,11.65);
#12545=EDGE_CURVE('',#12526,#12539,#12544,.T.);
#12546=ORIENTED_EDGE('',*,*,#12545,.T.);
#12547=CARTESIAN_POINT('',(-167.1,-224.,-1.5));
#12548=DIRECTION('',(-0.,1.,-0.));
#12549=DIRECTION('',(0.,0.,-1.));
#12550=AXIS2_PLACEMENT_3D('',#12547,#12548,#12549);
#12551=CIRCLE('',#12550,11.65);
#12552=EDGE_CURVE('',#12539,#12526,#12551,.T.);
#12553=ORIENTED_EDGE('',*,*,#12552,.T.);
#12554=EDGE_LOOP('',(#12533,#12534,#12535,#12536,#12537,#12546,#12553));
#12555=FACE_BOUND('',#12554,.T.);
#12556=ADVANCED_FACE('',(#12555),#12524,.T.);
#12557=CARTESIAN_POINT('',(-186.6,-215.,38.5));
#12558=DIRECTION('',(-0.707106781,0.,0.707106781));
#12559=DIRECTION('',(0.707106781,0.,0.707106781));
#12560=AXIS2_PLACEMENT_3D('',#12557,#12558,#12559);
#12561=PLANE('',#12560);
#12562=CARTESIAN_POINT('',(-188.1,-180.,37.));
#12563=DIRECTION('',(-0.,-1.,-0.));
#12564=VECTOR('',#12563,47.);
#12565=LINE('',#12562,#12564);
#12566=EDGE_CURVE('',#8024,#7401,#12565,.T.);
#12567=ORIENTED_EDGE('',*,*,#12566,.T.);
#12568=ORIENTED_EDGE('',*,*,#7444,.T.);
#12569=ORIENTED_EDGE('',*,*,#12441,.T.);
#12570=ORIENTED_EDGE('',*,*,#8037,.T.);
#12571=EDGE_LOOP('',(#12567,#12568,#12569,#12570));
#12572=FACE_BOUND('',#12571,.T.);
#12573=ADVANCED_FACE('',(#12572),#12561,.T.);
#12574=CARTESIAN_POINT('',(-184.514213562,-231.414213562,0.));
#12575=DIRECTION('',(-0.707106781,-0.707106781,0.));
#12576=DIRECTION('',(0.,0.,1.));
#12577=AXIS2_PLACEMENT_3D('',#12574,#12575,#12576);
#12578=PLANE('',#12577);
#12579=ORIENTED_EDGE('',*,*,#7414,.F.);
#12580=CARTESIAN_POINT('',(-188.1,-227.828427124,-40.));
#12581=VERTEX_POINT('',#12580);
#12582=CARTESIAN_POINT('',(-188.099999999,-227.828427125,36.414213562));
#12583=DIRECTION('',(-0.,-0.,-1.));
#12584=VECTOR('',#12583,76.414213562);
#12585=LINE('',#12582,#12584);
#12586=EDGE_CURVE('',#7399,#12581,#12585,.T.);
#12587=ORIENTED_EDGE('',*,*,#12586,.T.);
#12588=CARTESIAN_POINT('',(-188.1,-227.828427124,-40.));
#12589=DIRECTION('',(0.707106781,-0.707106781,-0.));
#12590=VECTOR('',#12589,10.142135624);
#12591=LINE('',#12588,#12590);
#12592=EDGE_CURVE('',#12581,#7757,#12591,.T.);
#12593=ORIENTED_EDGE('',*,*,#12592,.T.);
#12594=ORIENTED_EDGE('',*,*,#7762,.T.);
#12595=EDGE_LOOP('',(#12579,#12587,#12593,#12594));
#12596=FACE_BOUND('',#12595,.T.);
#12597=ADVANCED_FACE('',(#12596),#12578,.T.);
#12598=CARTESIAN_POINT('',(-85.,-220.,-40.));
#12599=DIRECTION('',(0.,0.,1.));
#12600=DIRECTION('',(-1.,0.,0.));
#12601=AXIS2_PLACEMENT_3D('',#12598,#12599,#12600);
#12602=PLANE('',#12601);
#12603=CARTESIAN_POINT('',(-188.1,-182.5,-40.));
#12604=VERTEX_POINT('',#12603);
#12605=CARTESIAN_POINT('',(-188.1,-227.828427124,-40.));
#12606=DIRECTION('',(-0.,1.,-0.));
#12607=VECTOR('',#12606,45.328427124);
#12608=LINE('',#12605,#12607);
#12609=EDGE_CURVE('',#12581,#12604,#12608,.T.);
#12610=ORIENTED_EDGE('',*,*,#12609,.T.);
#12611=CARTESIAN_POINT('',(-188.1,-182.5,-40.));
#12612=DIRECTION('',(1.,-0.,-0.));
#12613=VECTOR('',#12612,43.1);
#12614=LINE('',#12611,#12613);
#12615=EDGE_CURVE('',#12604,#8579,#12614,.T.);
#12616=ORIENTED_EDGE('',*,*,#12615,.T.);
#12617=ORIENTED_EDGE('',*,*,#8584,.T.);
#12618=ORIENTED_EDGE('',*,*,#12359,.F.);
#12619=ORIENTED_EDGE('',*,*,#12422,.T.);
#12620=ORIENTED_EDGE('',*,*,#12402,.T.);
#12621=ORIENTED_EDGE('',*,*,#7770,.T.);
#12622=ORIENTED_EDGE('',*,*,#12592,.F.);
#12623=EDGE_LOOP('',(#12610,#12616,#12617,#12618,#12619,#12620,#12621,#12622));
#12624=FACE_BOUND('',#12623,.T.);
#12625=ADVANCED_FACE('',(#12624),#12602,.F.);
#12626=CARTESIAN_POINT('',(-187.8,-210.,-30.));
#12627=DIRECTION('',(-1.,0.,0.));
#12628=DIRECTION('',(0.,1.,0.));
#12629=AXIS2_PLACEMENT_3D('',#12626,#12627,#12628);
#12630=CONICAL_SURFACE('',#12629,5.3,44.999999949);
#12631=CARTESIAN_POINT('',(-188.1,-204.400000001,-30.));
#12632=VERTEX_POINT('',#12631);
#12633=CARTESIAN_POINT('',(-188.1,-204.400000001,-30.));
#12634=DIRECTION('',(0.707106782,-0.707106781,-0.));
#12635=VECTOR('',#12634,0.848528137);
#12636=LINE('',#12633,#12635);
#12637=EDGE_CURVE('',#12632,#12456,#12636,.T.);
#12638=ORIENTED_EDGE('',*,*,#12637,.F.);
#12639=CARTESIAN_POINT('',(-188.1,-210.,-24.400000001));
#12640=VERTEX_POINT('',#12639);
#12641=CARTESIAN_POINT('',(-188.1,-210.,-30.));
#12642=DIRECTION('',(-1.,0.,0.));
#12643=DIRECTION('',(0.,0.,1.));
#12644=AXIS2_PLACEMENT_3D('',#12641,#12642,#12643);
#12645=CIRCLE('',#12644,5.599999999);
#12646=EDGE_CURVE('',#12632,#12640,#12645,.T.);
#12647=ORIENTED_EDGE('',*,*,#12646,.T.);
#12648=CARTESIAN_POINT('',(-188.1,-210.,-30.));
#12649=DIRECTION('',(-1.,0.,0.));
#12650=DIRECTION('',(0.,0.,1.));
#12651=AXIS2_PLACEMENT_3D('',#12648,#12649,#12650);
#12652=CIRCLE('',#12651,5.599999999);
#12653=EDGE_CURVE('',#12640,#12632,#12652,.T.);
#12654=ORIENTED_EDGE('',*,*,#12653,.T.);
#12655=ORIENTED_EDGE('',*,*,#12637,.T.);
#12656=ORIENTED_EDGE('',*,*,#12477,.T.);
#12657=ORIENTED_EDGE('',*,*,#12470,.T.);
#12658=EDGE_LOOP('',(#12638,#12647,#12654,#12655,#12656,#12657));
#12659=FACE_BOUND('',#12658,.T.);
#12660=ADVANCED_FACE('',(#12659),#12630,.F.);
#12661=CARTESIAN_POINT('',(-187.8,-190.,-30.));
#12662=DIRECTION('',(-1.,0.,0.));
#12663=DIRECTION('',(0.,1.,0.));
#12664=AXIS2_PLACEMENT_3D('',#12661,#12662,#12663);
#12665=CONICAL_SURFACE('',#12664,5.3,44.999999949);
#12666=CARTESIAN_POINT('',(-188.1,-184.400000001,-30.));
#12667=VERTEX_POINT('',#12666);
#12668=CARTESIAN_POINT('',(-188.1,-184.400000001,-30.));
#12669=DIRECTION('',(0.707106782,-0.707106781,-0.));
#12670=VECTOR('',#12669,0.848528137);
#12671=LINE('',#12668,#12670);
#12672=EDGE_CURVE('',#12667,#12491,#12671,.T.);
#12673=ORIENTED_EDGE('',*,*,#12672,.F.);
#12674=CARTESIAN_POINT('',(-188.1,-190.,-24.400000001));
#12675=VERTEX_POINT('',#12674);
#12676=CARTESIAN_POINT('',(-188.1,-190.,-30.));
#12677=DIRECTION('',(-1.,0.,0.));
#12678=DIRECTION('',(0.,0.,1.));
#12679=AXIS2_PLACEMENT_3D('',#12676,#12677,#12678);
#12680=CIRCLE('',#12679,5.599999999);
#12681=EDGE_CURVE('',#12667,#12675,#12680,.T.);
#12682=ORIENTED_EDGE('',*,*,#12681,.T.);
#12683=CARTESIAN_POINT('',(-188.1,-190.,-30.));
#12684=DIRECTION('',(-1.,0.,0.));
#12685=DIRECTION('',(0.,0.,1.));
#12686=AXIS2_PLACEMENT_3D('',#12683,#12684,#12685);
#12687=CIRCLE('',#12686,5.599999999);
#12688=EDGE_CURVE('',#12675,#12667,#12687,.T.);
#12689=ORIENTED_EDGE('',*,*,#12688,.T.);
#12690=ORIENTED_EDGE('',*,*,#12672,.T.);
#12691=ORIENTED_EDGE('',*,*,#12512,.T.);
#12692=ORIENTED_EDGE('',*,*,#12505,.T.);
#12693=EDGE_LOOP('',(#12673,#12682,#12689,#12690,#12691,#12692));
#12694=FACE_BOUND('',#12693,.T.);
#12695=ADVANCED_FACE('',(#12694),#12665,.F.);
#12696=CARTESIAN_POINT('',(-167.1,-181.5,-1.5));
#12697=DIRECTION('',(0.,1.,0.));
#12698=DIRECTION('',(-1.,0.,0.));
#12699=AXIS2_PLACEMENT_3D('',#12696,#12697,#12698);
#12700=CONICAL_SURFACE('',#12699,14.,44.999999949);
#12701=CARTESIAN_POINT('',(-179.6,-183.000000003,-1.5));
#12702=VERTEX_POINT('',#12701);
#12703=CARTESIAN_POINT('',(-182.599999997,-180.,-1.5));
#12704=DIRECTION('',(0.707106781,-0.707106782,-0.));
#12705=VECTOR('',#12704,4.242640687);
#12706=LINE('',#12703,#12705);
#12707=EDGE_CURVE('',#8080,#12702,#12706,.T.);
#12708=ORIENTED_EDGE('',*,*,#12707,.F.);
#12709=ORIENTED_EDGE('',*,*,#8088,.T.);
#12710=ORIENTED_EDGE('',*,*,#8095,.T.);
#12711=ORIENTED_EDGE('',*,*,#12707,.T.);
#12712=CARTESIAN_POINT('',(-167.1,-183.000000003,11.));
#12713=VERTEX_POINT('',#12712);
#12714=CARTESIAN_POINT('',(-167.1,-183.000000003,-1.5));
#12715=DIRECTION('',(-0.,-1.,-0.));
#12716=DIRECTION('',(0.,-0.,1.));
#12717=AXIS2_PLACEMENT_3D('',#12714,#12715,#12716);
#12718=CIRCLE('',#12717,12.5);
#12719=EDGE_CURVE('',#12702,#12713,#12718,.T.);
#12720=ORIENTED_EDGE('',*,*,#12719,.T.);
#12721=CARTESIAN_POINT('',(-167.1,-183.000000003,-1.5));
#12722=DIRECTION('',(-0.,-1.,-0.));
#12723=DIRECTION('',(0.,-0.,1.));
#12724=AXIS2_PLACEMENT_3D('',#12721,#12722,#12723);
#12725=CIRCLE('',#12724,12.5);
#12726=EDGE_CURVE('',#12713,#12702,#12725,.T.);
#12727=ORIENTED_EDGE('',*,*,#12726,.T.);
#12728=EDGE_LOOP('',(#12708,#12709,#12710,#12711,#12720,#12727));
#12729=FACE_BOUND('',#12728,.T.);
#12730=ADVANCED_FACE('',(#12729),#12700,.F.);
#12731=CARTESIAN_POINT('',(-164.55,-224.,-10.5));
#12732=DIRECTION('',(0.,1.,0.));
#12733=DIRECTION('',(-1.,0.,0.));
#12734=AXIS2_PLACEMENT_3D('',#12731,#12732,#12733);
#12735=PLANE('',#12734);
#12736=CARTESIAN_POINT('',(-179.6,-224.,-1.5));
#12737=VERTEX_POINT('',#12736);
#12738=CARTESIAN_POINT('',(-167.1,-224.,-14.));
#12739=VERTEX_POINT('',#12738);
#12740=CARTESIAN_POINT('',(-167.1,-224.,-1.5));
#12741=DIRECTION('',(0.,-1.,0.));
#12742=DIRECTION('',(0.,0.,-1.));
#12743=AXIS2_PLACEMENT_3D('',#12740,#12741,#12742);
#12744=CIRCLE('',#12743,12.5);
#12745=EDGE_CURVE('',#12737,#12739,#12744,.T.);
#12746=ORIENTED_EDGE('',*,*,#12745,.F.);
#12747=CARTESIAN_POINT('',(-167.1,-224.,-1.5));
#12748=DIRECTION('',(0.,-1.,0.));
#12749=DIRECTION('',(0.,0.,-1.));
#12750=AXIS2_PLACEMENT_3D('',#12747,#12748,#12749);
#12751=CIRCLE('',#12750,12.5);
#12752=EDGE_CURVE('',#12739,#12737,#12751,.T.);
#12753=ORIENTED_EDGE('',*,*,#12752,.F.);
#12754=EDGE_LOOP('',(#12746,#12753));
#12755=FACE_BOUND('',#12754,.T.);
#12756=ORIENTED_EDGE('',*,*,#12545,.F.);
#12757=ORIENTED_EDGE('',*,*,#12552,.F.);
#12758=EDGE_LOOP('',(#12756,#12757));
#12759=FACE_BOUND('',#12758,.T.);
#12760=ADVANCED_FACE('',(#12755,#12759),#12735,.T.);
#12761=CARTESIAN_POINT('',(-188.1,-210.,0.));
#12762=DIRECTION('',(-1.,0.,0.));
#12763=DIRECTION('',(0.,1.,0.));
#12764=AXIS2_PLACEMENT_3D('',#12761,#12762,#12763);
#12765=PLANE('',#12764);
#12766=ORIENTED_EDGE('',*,*,#7378,.F.);
#12767=ORIENTED_EDGE('',*,*,#7385,.F.);
#12768=EDGE_LOOP('',(#12766,#12767));
#12769=FACE_BOUND('',#12768,.T.);
#12770=ORIENTED_EDGE('',*,*,#12586,.F.);
#12771=ORIENTED_EDGE('',*,*,#7406,.T.);
#12772=ORIENTED_EDGE('',*,*,#12566,.F.);
#12773=ORIENTED_EDGE('',*,*,#8029,.T.);
#12774=CARTESIAN_POINT('',(-188.1,-182.5,-37.5));
#12775=DIRECTION('',(1.,-0.,-0.));
#12776=DIRECTION('',(0.,0.,1.));
#12777=AXIS2_PLACEMENT_3D('',#12774,#12775,#12776);
#12778=CIRCLE('',#12777,2.5);
#12779=EDGE_CURVE('',#12604,#8016,#12778,.T.);
#12780=ORIENTED_EDGE('',*,*,#12779,.F.);
#12781=ORIENTED_EDGE('',*,*,#12609,.F.);
#12782=EDGE_LOOP('',(#12770,#12771,#12772,#12773,#12780,#12781));
#12783=FACE_BOUND('',#12782,.T.);
#12784=ORIENTED_EDGE('',*,*,#12681,.F.);
#12785=ORIENTED_EDGE('',*,*,#12688,.F.);
#12786=EDGE_LOOP('',(#12784,#12785));
#12787=FACE_BOUND('',#12786,.T.);
#12788=CARTESIAN_POINT('',(-188.1,-204.400000001,-10.));
#12789=VERTEX_POINT('',#12788);
#12790=CARTESIAN_POINT('',(-188.1,-210.,-4.400000001));
#12791=VERTEX_POINT('',#12790);
#12792=CARTESIAN_POINT('',(-188.1,-210.,-10.));
#12793=DIRECTION('',(-1.,0.,0.));
#12794=DIRECTION('',(0.,0.,1.));
#12795=AXIS2_PLACEMENT_3D('',#12792,#12793,#12794);
#12796=CIRCLE('',#12795,5.599999999);
#12797=EDGE_CURVE('',#12789,#12791,#12796,.T.);
#12798=ORIENTED_EDGE('',*,*,#12797,.F.);
#12799=CARTESIAN_POINT('',(-188.1,-210.,-10.));
#12800=DIRECTION('',(-1.,0.,0.));
#12801=DIRECTION('',(0.,0.,1.));
#12802=AXIS2_PLACEMENT_3D('',#12799,#12800,#12801);
#12803=CIRCLE('',#12802,5.599999999);
#12804=EDGE_CURVE('',#12791,#12789,#12803,.T.);
#12805=ORIENTED_EDGE('',*,*,#12804,.F.);
#12806=EDGE_LOOP('',(#12798,#12805));
#12807=FACE_BOUND('',#12806,.T.);
#12808=ORIENTED_EDGE('',*,*,#12646,.F.);
#12809=ORIENTED_EDGE('',*,*,#12653,.F.);
#12810=EDGE_LOOP('',(#12808,#12809));
#12811=FACE_BOUND('',#12810,.T.);
#12812=ADVANCED_FACE('',(#12769,#12783,#12787,#12807,#12811),#12765,.T.);
#12813=CARTESIAN_POINT('',(-167.1,-180.,-1.5));
#12814=DIRECTION('',(0.,-1.,0.));
#12815=DIRECTION('',(-1.,0.,0.));
#12816=AXIS2_PLACEMENT_3D('',#12813,#12814,#12815);
#12817=CYLINDRICAL_SURFACE('',#12816,12.5);
#12818=CARTESIAN_POINT('',(-179.6,-224.,-1.5));
#12819=DIRECTION('',(-0.,1.,-0.));
#12820=VECTOR('',#12819,40.999999997);
#12821=LINE('',#12818,#12820);
#12822=EDGE_CURVE('',#12737,#12702,#12821,.T.);
#12823=ORIENTED_EDGE('',*,*,#12822,.F.);
#12824=ORIENTED_EDGE('',*,*,#12745,.T.);
#12825=ORIENTED_EDGE('',*,*,#12752,.T.);
#12826=ORIENTED_EDGE('',*,*,#12822,.T.);
#12827=ORIENTED_EDGE('',*,*,#12726,.F.);
#12828=ORIENTED_EDGE('',*,*,#12719,.F.);
#12829=EDGE_LOOP('',(#12823,#12824,#12825,#12826,#12827,#12828));
#12830=FACE_BOUND('',#12829,.T.);
#12831=ORIENTED_EDGE('',*,*,#7301,.T.);
#12832=ORIENTED_EDGE('',*,*,#7292,.F.);
#12833=ORIENTED_EDGE('',*,*,#7169,.T.);
#12834=CARTESIAN_POINT('',(-155.896296296,-195.448218142,-7.043196129));
#12835=DIRECTION('',(-0.,1.,-0.));
#12836=VECTOR('',#12835,10.896436284);
#12837=LINE('',#12834,#12836);
#12838=EDGE_CURVE('',#7295,#7154,#12837,.T.);
#12839=ORIENTED_EDGE('',*,*,#12838,.F.);
#12840=EDGE_LOOP('',(#12831,#12832,#12833,#12839));
#12841=FACE_BOUND('',#12840,.T.);
#12842=ORIENTED_EDGE('',*,*,#9134,.T.);
#12843=ORIENTED_EDGE('',*,*,#9125,.F.);
#12844=ORIENTED_EDGE('',*,*,#9002,.T.);
#12845=CARTESIAN_POINT('',(-155.896296296,-215.448218142,-7.043196129));
#12846=DIRECTION('',(-0.,1.,-0.));
#12847=VECTOR('',#12846,10.896436284);
#12848=LINE('',#12845,#12847);
#12849=EDGE_CURVE('',#9128,#8987,#12848,.T.);
#12850=ORIENTED_EDGE('',*,*,#12849,.F.);
#12851=EDGE_LOOP('',(#12842,#12843,#12844,#12850));
#12852=FACE_BOUND('',#12851,.T.);
#12853=ADVANCED_FACE('',(#12830,#12841,#12852),#12817,.F.);
#12854=CARTESIAN_POINT('',(-187.8,-210.,-10.));
#12855=DIRECTION('',(-1.,0.,0.));
#12856=DIRECTION('',(0.,1.,0.));
#12857=AXIS2_PLACEMENT_3D('',#12854,#12855,#12856);
#12858=CONICAL_SURFACE('',#12857,5.3,44.999999949);
#12859=CARTESIAN_POINT('',(-188.1,-204.400000001,-10.));
#12860=DIRECTION('',(0.707106782,-0.707106781,-0.));
#12861=VECTOR('',#12860,0.848528137);
#12862=LINE('',#12859,#12861);
#12863=EDGE_CURVE('',#12789,#8164,#12862,.T.);
#12864=ORIENTED_EDGE('',*,*,#12863,.F.);
#12865=ORIENTED_EDGE('',*,*,#12797,.T.);
#12866=ORIENTED_EDGE('',*,*,#12804,.T.);
#12867=ORIENTED_EDGE('',*,*,#12863,.T.);
#12868=ORIENTED_EDGE('',*,*,#8185,.T.);
#12869=ORIENTED_EDGE('',*,*,#8178,.T.);
#12870=EDGE_LOOP('',(#12864,#12865,#12866,#12867,#12868,#12869));
#12871=FACE_BOUND('',#12870,.T.);
#12872=ADVANCED_FACE('',(#12871),#12858,.F.);
#12873=CARTESIAN_POINT('',(-143.,-176.5,38.5));
#12874=DIRECTION('',(0.,0.,1.));
#12875=DIRECTION('',(0.,-1.,0.));
#12876=AXIS2_PLACEMENT_3D('',#12873,#12874,#12875);
#12877=PLANE('',#12876);
#12878=CARTESIAN_POINT('',(-172.7,-186.5,38.5));
#12879=VERTEX_POINT('',#12878);
#12880=CARTESIAN_POINT('',(-172.7,-180.35,38.5));
#12881=VERTEX_POINT('',#12880);
#12882=CARTESIAN_POINT('',(-172.7,-186.5,38.5));
#12883=DIRECTION('',(0.,1.,0.));
#12884=VECTOR('',#12883,6.15);
#12885=LINE('',#12882,#12884);
#12886=EDGE_CURVE('',#12879,#12881,#12885,.T.);
#12887=ORIENTED_EDGE('',*,*,#12886,.T.);
#12888=CARTESIAN_POINT('',(-166.7,-180.35,38.5));
#12889=VERTEX_POINT('',#12888);
#12890=CARTESIAN_POINT('',(-172.7,-180.35,38.5));
#12891=DIRECTION('',(1.,0.,-0.));
#12892=VECTOR('',#12891,6.);
#12893=LINE('',#12890,#12892);
#12894=EDGE_CURVE('',#12881,#12889,#12893,.T.);
#12895=ORIENTED_EDGE('',*,*,#12894,.T.);
#12896=CARTESIAN_POINT('',(-166.7,-186.5,38.5));
#12897=VERTEX_POINT('',#12896);
#12898=CARTESIAN_POINT('',(-166.7,-186.5,38.5));
#12899=DIRECTION('',(0.,1.,0.));
#12900=VECTOR('',#12899,6.15);
#12901=LINE('',#12898,#12900);
#12902=EDGE_CURVE('',#12897,#12889,#12901,.T.);
#12903=ORIENTED_EDGE('',*,*,#12902,.F.);
#12904=CARTESIAN_POINT('',(-172.7,-186.5,38.5));
#12905=DIRECTION('',(1.,0.,-0.));
#12906=VECTOR('',#12905,6.);
#12907=LINE('',#12904,#12906);
#12908=EDGE_CURVE('',#12879,#12897,#12907,.T.);
#12909=ORIENTED_EDGE('',*,*,#12908,.F.);
#12910=EDGE_LOOP('',(#12887,#12895,#12903,#12909));
#12911=FACE_BOUND('',#12910,.T.);
#12912=ADVANCED_FACE('',(#12911),#12877,.F.);
#12913=CARTESIAN_POINT('',(-166.7,-176.5,-40.));
#12914=DIRECTION('',(1.,0.,0.));
#12915=DIRECTION('',(0.,0.,-1.));
#12916=AXIS2_PLACEMENT_3D('',#12913,#12914,#12915);
#12917=PLANE('',#12916);
#12918=ORIENTED_EDGE('',*,*,#12902,.T.);
#12919=CARTESIAN_POINT('',(-166.7,-180.35,25.4));
#12920=VERTEX_POINT('',#12919);
#12921=CARTESIAN_POINT('',(-166.7,-180.35,38.5));
#12922=DIRECTION('',(0.,0.,-1.));
#12923=VECTOR('',#12922,13.1);
#12924=LINE('',#12921,#12923);
#12925=EDGE_CURVE('',#12889,#12920,#12924,.T.);
#12926=ORIENTED_EDGE('',*,*,#12925,.T.);
#12927=CARTESIAN_POINT('',(-166.7,-186.5,25.4));
#12928=VERTEX_POINT('',#12927);
#12929=CARTESIAN_POINT('',(-166.7,-186.5,25.4));
#12930=DIRECTION('',(0.,1.,0.));
#12931=VECTOR('',#12930,6.15);
#12932=LINE('',#12929,#12931);
#12933=EDGE_CURVE('',#12928,#12920,#12932,.T.);
#12934=ORIENTED_EDGE('',*,*,#12933,.F.);
#12935=CARTESIAN_POINT('',(-166.7,-186.5,38.5));
#12936=DIRECTION('',(0.,0.,-1.));
#12937=VECTOR('',#12936,13.1);
#12938=LINE('',#12935,#12937);
#12939=EDGE_CURVE('',#12897,#12928,#12938,.T.);
#12940=ORIENTED_EDGE('',*,*,#12939,.F.);
#12941=EDGE_LOOP('',(#12918,#12926,#12934,#12940));
#12942=FACE_BOUND('',#12941,.T.);
#12943=ADVANCED_FACE('',(#12942),#12917,.F.);
#12944=CARTESIAN_POINT('',(-143.,-176.5,25.4));
#12945=DIRECTION('',(0.,0.,1.));
#12946=DIRECTION('',(1.,0.,0.));
#12947=AXIS2_PLACEMENT_3D('',#12944,#12945,#12946);
#12948=PLANE('',#12947);
#12949=ORIENTED_EDGE('',*,*,#12933,.T.);
#12950=CARTESIAN_POINT('',(-172.7,-180.35,25.4));
#12951=VERTEX_POINT('',#12950);
#12952=CARTESIAN_POINT('',(-166.7,-180.35,25.4));
#12953=DIRECTION('',(-1.,0.,0.));
#12954=VECTOR('',#12953,6.);
#12955=LINE('',#12952,#12954);
#12956=EDGE_CURVE('',#12920,#12951,#12955,.T.);
#12957=ORIENTED_EDGE('',*,*,#12956,.T.);
#12958=CARTESIAN_POINT('',(-172.7,-186.5,25.4));
#12959=VERTEX_POINT('',#12958);
#12960=CARTESIAN_POINT('',(-172.7,-186.5,25.4));
#12961=DIRECTION('',(0.,1.,0.));
#12962=VECTOR('',#12961,6.15);
#12963=LINE('',#12960,#12962);
#12964=EDGE_CURVE('',#12959,#12951,#12963,.T.);
#12965=ORIENTED_EDGE('',*,*,#12964,.F.);
#12966=CARTESIAN_POINT('',(-172.7,-186.5,25.4));
#12967=DIRECTION('',(1.,0.,-0.));
#12968=VECTOR('',#12967,6.);
#12969=LINE('',#12966,#12968);
#12970=EDGE_CURVE('',#12959,#12928,#12969,.T.);
#12971=ORIENTED_EDGE('',*,*,#12970,.T.);
#12972=EDGE_LOOP('',(#12949,#12957,#12965,#12971));
#12973=FACE_BOUND('',#12972,.T.);
#12974=ADVANCED_FACE('',(#12973),#12948,.T.);
#12975=CARTESIAN_POINT('',(-172.7,-176.5,-40.));
#12976=DIRECTION('',(-1.,0.,0.));
#12977=DIRECTION('',(0.,0.,1.));
#12978=AXIS2_PLACEMENT_3D('',#12975,#12976,#12977);
#12979=PLANE('',#12978);
#12980=ORIENTED_EDGE('',*,*,#12964,.T.);
#12981=CARTESIAN_POINT('',(-172.7,-180.35,25.4));
#12982=DIRECTION('',(0.,0.,1.));
#12983=VECTOR('',#12982,13.1);
#12984=LINE('',#12981,#12983);
#12985=EDGE_CURVE('',#12951,#12881,#12984,.T.);
#12986=ORIENTED_EDGE('',*,*,#12985,.T.);
#12987=ORIENTED_EDGE('',*,*,#12886,.F.);
#12988=CARTESIAN_POINT('',(-172.7,-186.5,25.4));
#12989=DIRECTION('',(0.,0.,1.));
#12990=VECTOR('',#12989,13.1);
#12991=LINE('',#12988,#12990);
#12992=EDGE_CURVE('',#12959,#12879,#12991,.T.);
#12993=ORIENTED_EDGE('',*,*,#12992,.F.);
#12994=EDGE_LOOP('',(#12980,#12986,#12987,#12993));
#12995=FACE_BOUND('',#12994,.T.);
#12996=ADVANCED_FACE('',(#12995),#12979,.F.);
#12997=CARTESIAN_POINT('',(-143.,-186.5,-40.));
#12998=DIRECTION('',(0.,-1.,0.));
#12999=DIRECTION('',(0.,0.,1.));
#13000=AXIS2_PLACEMENT_3D('',#12997,#12998,#12999);
#13001=PLANE('',#13000);
#13002=ORIENTED_EDGE('',*,*,#12908,.T.);
#13003=ORIENTED_EDGE('',*,*,#12939,.T.);
#13004=ORIENTED_EDGE('',*,*,#12970,.F.);
#13005=ORIENTED_EDGE('',*,*,#12992,.T.);
#13006=EDGE_LOOP('',(#13002,#13003,#13004,#13005));
#13007=FACE_BOUND('',#13006,.T.);
#13008=ORIENTED_EDGE('',*,*,#7609,.F.);
#13009=ORIENTED_EDGE('',*,*,#7631,.F.);
#13010=ORIENTED_EDGE('',*,*,#7512,.F.);
#13011=ORIENTED_EDGE('',*,*,#7568,.F.);
#13012=ORIENTED_EDGE('',*,*,#7744,.F.);
#13013=ORIENTED_EDGE('',*,*,#7705,.F.);
#13014=ORIENTED_EDGE('',*,*,#7727,.F.);
#13015=ORIENTED_EDGE('',*,*,#7536,.F.);
#13016=ORIENTED_EDGE('',*,*,#7648,.F.);
#13017=EDGE_LOOP('',(#13008,#13009,#13010,#13011,#13012,#13013,#13014,#13015,#13016));
#13018=FACE_BOUND('',#13017,.T.);
#13019=ADVANCED_FACE('',(#13007,#13018),#13001,.F.);
#13020=CARTESIAN_POINT('',(-150.,-182.5,-37.5));
#13021=DIRECTION('',(-1.,0.,0.));
#13022=DIRECTION('',(0.,0.,1.));
#13023=AXIS2_PLACEMENT_3D('',#13020,#13021,#13022);
#13024=CYLINDRICAL_SURFACE('',#13023,2.5);
#13025=ORIENTED_EDGE('',*,*,#8591,.F.);
#13026=ORIENTED_EDGE('',*,*,#12615,.F.);
#13027=ORIENTED_EDGE('',*,*,#12779,.T.);
#13028=ORIENTED_EDGE('',*,*,#8021,.F.);
#13029=EDGE_LOOP('',(#13025,#13026,#13027,#13028));
#13030=FACE_BOUND('',#13029,.T.);
#13031=ADVANCED_FACE('',(#13030),#13024,.T.);
#13032=CARTESIAN_POINT('',(-150.,-180.,37.));
#13033=DIRECTION('',(0.,-0.707106781,0.707106781));
#13034=DIRECTION('',(-1.,0.,0.));
#13035=AXIS2_PLACEMENT_3D('',#13032,#13033,#13034);
#13036=PLANE('',#13035);
#13037=ORIENTED_EDGE('',*,*,#8481,.F.);
#13038=ORIENTED_EDGE('',*,*,#8444,.F.);
#13039=CARTESIAN_POINT('',(-152.207106782,-180.,37.));
#13040=DIRECTION('',(0.281084638,-0.678598345,-0.678598344));
#13041=VECTOR('',#13040,0.73681288);
#13042=LINE('',#13039,#13041);
#13043=EDGE_CURVE('',#8056,#8408,#13042,.T.);
#13044=ORIENTED_EDGE('',*,*,#13043,.F.);
#13045=ORIENTED_EDGE('',*,*,#8061,.F.);
#13046=EDGE_LOOP('',(#13037,#13038,#13044,#13045));
#13047=FACE_BOUND('',#13046,.T.);
#13048=ADVANCED_FACE('',(#13047),#13036,.F.);
#13049=CARTESIAN_POINT('',(-189.603553391,-180.,-0.396446609));
#13050=DIRECTION('',(-0.5,-0.707106781,0.5));
#13051=DIRECTION('',(-0.707106781,0.,-0.707106781));
#13052=AXIS2_PLACEMENT_3D('',#13049,#13050,#13051);
#13053=PLANE('',#13052);
#13054=ORIENTED_EDGE('',*,*,#13043,.T.);
#13055=ORIENTED_EDGE('',*,*,#8413,.F.);
#13056=CARTESIAN_POINT('',(-153.5,-180.,35.707106781));
#13057=DIRECTION('',(0.678598345,-0.678598345,-0.281084637));
#13058=VECTOR('',#13057,0.736812879);
#13059=LINE('',#13056,#13058);
#13060=EDGE_CURVE('',#8064,#8377,#13059,.T.);
#13061=ORIENTED_EDGE('',*,*,#13060,.F.);
#13062=ORIENTED_EDGE('',*,*,#8069,.F.);
#13063=EDGE_LOOP('',(#13054,#13055,#13061,#13062));
#13064=FACE_BOUND('',#13063,.T.);
#13065=ADVANCED_FACE('',(#13064),#13053,.F.);
#13066=CARTESIAN_POINT('',(-153.5,-180.,-40.));
#13067=DIRECTION('',(-0.707106781,-0.707106781,0.));
#13068=DIRECTION('',(0.,0.,-1.));
#13069=AXIS2_PLACEMENT_3D('',#13066,#13067,#13068);
#13070=PLANE('',#13069);
#13071=ORIENTED_EDGE('',*,*,#13060,.T.);
#13072=ORIENTED_EDGE('',*,*,#8382,.F.);
#13073=CARTESIAN_POINT('',(-153.5,-180.,24.292893219));
#13074=DIRECTION('',(0.678598344,-0.678598345,0.281084638));
#13075=VECTOR('',#13074,0.736812879);
#13076=LINE('',#13073,#13075);
#13077=EDGE_CURVE('',#7990,#8346,#13076,.T.);
#13078=ORIENTED_EDGE('',*,*,#13077,.F.);
#13079=ORIENTED_EDGE('',*,*,#8075,.F.);
#13080=EDGE_LOOP('',(#13071,#13072,#13078,#13079));
#13081=FACE_BOUND('',#13080,.T.);
#13082=ADVANCED_FACE('',(#13081),#13070,.F.);
#13083=CARTESIAN_POINT('',(-119.603553391,-180.,-9.603553391));
#13084=DIRECTION('',(-0.5,-0.707106781,-0.5));
#13085=DIRECTION('',(0.707106781,0.,-0.707106781));
#13086=AXIS2_PLACEMENT_3D('',#13083,#13084,#13085);
#13087=PLANE('',#13086);
#13088=ORIENTED_EDGE('',*,*,#13077,.T.);
#13089=ORIENTED_EDGE('',*,*,#8351,.F.);
#13090=CARTESIAN_POINT('',(-152.207106782,-180.,23.));
#13091=DIRECTION('',(0.281084637,-0.678598345,0.678598345));
#13092=VECTOR('',#13091,0.736812879);
#13093=LINE('',#13090,#13092);
#13094=EDGE_CURVE('',#7992,#8307,#13093,.T.);
#13095=ORIENTED_EDGE('',*,*,#13094,.F.);
#13096=ORIENTED_EDGE('',*,*,#7997,.F.);
#13097=EDGE_LOOP('',(#13088,#13089,#13095,#13096));
#13098=FACE_BOUND('',#13097,.T.);
#13099=ADVANCED_FACE('',(#13098),#13087,.F.);
#13100=CARTESIAN_POINT('',(-152.500000001,-180.5,23.5));
#13101=DIRECTION('',(0.,-0.707106781,-0.707106781));
#13102=DIRECTION('',(-1.,0.,0.));
#13103=AXIS2_PLACEMENT_3D('',#13100,#13101,#13102);
#13104=PLANE('',#13103);
#13105=ORIENTED_EDGE('',*,*,#8551,.F.);
#13106=ORIENTED_EDGE('',*,*,#8005,.F.);
#13107=ORIENTED_EDGE('',*,*,#13094,.T.);
#13108=ORIENTED_EDGE('',*,*,#8312,.F.);
#13109=EDGE_LOOP('',(#13105,#13106,#13107,#13108));
#13110=FACE_BOUND('',#13109,.T.);
#13111=ADVANCED_FACE('',(#13110),#13104,.F.);
#13112=CARTESIAN_POINT('',(-172.55,-180.5,-40.));
#13113=DIRECTION('',(-0.707106781,-0.707106781,0.));
#13114=DIRECTION('',(0.,0.,1.));
#13115=AXIS2_PLACEMENT_3D('',#13112,#13113,#13114);
#13116=PLANE('',#13115);
#13117=CARTESIAN_POINT('',(-172.7,-180.35,38.5));
#13118=DIRECTION('',(-0.577350269,0.577350269,0.577350269));
#13119=VECTOR('',#13118,0.606217783);
#13120=LINE('',#13117,#13119);
#13121=EDGE_CURVE('',#12881,#7974,#13120,.T.);
#13122=ORIENTED_EDGE('',*,*,#13121,.F.);
#13123=ORIENTED_EDGE('',*,*,#12985,.F.);
#13124=CARTESIAN_POINT('',(-173.05,-180.,25.05));
#13125=DIRECTION('',(0.577350269,-0.577350269,0.577350269));
#13126=VECTOR('',#13125,0.606217783);
#13127=LINE('',#13124,#13126);
#13128=EDGE_CURVE('',#7956,#12951,#13127,.T.);
#13129=ORIENTED_EDGE('',*,*,#13128,.F.);
#13130=ORIENTED_EDGE('',*,*,#7985,.F.);
#13131=EDGE_LOOP('',(#13122,#13123,#13129,#13130));
#13132=FACE_BOUND('',#13131,.T.);
#13133=ADVANCED_FACE('',(#13132),#13116,.F.);
#13134=CARTESIAN_POINT('',(-143.,-180.5,25.55));
#13135=DIRECTION('',(0.,0.707106781,0.707106781));
#13136=DIRECTION('',(1.,0.,0.));
#13137=AXIS2_PLACEMENT_3D('',#13134,#13135,#13136);
#13138=PLANE('',#13137);
#13139=ORIENTED_EDGE('',*,*,#13128,.T.);
#13140=ORIENTED_EDGE('',*,*,#12956,.F.);
#13141=CARTESIAN_POINT('',(-166.35,-180.,25.05));
#13142=DIRECTION('',(-0.577350269,-0.577350269,0.577350269));
#13143=VECTOR('',#13142,0.606217783);
#13144=LINE('',#13141,#13143);
#13145=EDGE_CURVE('',#7958,#12920,#13144,.T.);
#13146=ORIENTED_EDGE('',*,*,#13145,.F.);
#13147=ORIENTED_EDGE('',*,*,#7963,.F.);
#13148=EDGE_LOOP('',(#13139,#13140,#13146,#13147));
#13149=FACE_BOUND('',#13148,.T.);
#13150=ADVANCED_FACE('',(#13149),#13138,.T.);
#13151=CARTESIAN_POINT('',(-150.,-180.,38.85));
#13152=DIRECTION('',(0.,-0.707106781,0.707106781));
#13153=DIRECTION('',(-1.,0.,0.));
#13154=AXIS2_PLACEMENT_3D('',#13151,#13152,#13153);
#13155=PLANE('',#13154);
#13156=ORIENTED_EDGE('',*,*,#13121,.T.);
#13157=ORIENTED_EDGE('',*,*,#7979,.F.);
#13158=CARTESIAN_POINT('',(-166.7,-180.35,38.5));
#13159=DIRECTION('',(0.577350269,0.577350269,0.577350269));
#13160=VECTOR('',#13159,0.606217783);
#13161=LINE('',#13158,#13160);
#13162=EDGE_CURVE('',#12889,#7966,#13161,.T.);
#13163=ORIENTED_EDGE('',*,*,#13162,.F.);
#13164=ORIENTED_EDGE('',*,*,#12894,.F.);
#13165=EDGE_LOOP('',(#13156,#13157,#13163,#13164));
#13166=FACE_BOUND('',#13165,.T.);
#13167=ADVANCED_FACE('',(#13166),#13155,.F.);
#13168=CARTESIAN_POINT('',(-166.35,-180.,-40.));
#13169=DIRECTION('',(0.707106781,-0.707106781,0.));
#13170=DIRECTION('',(0.,0.,1.));
#13171=AXIS2_PLACEMENT_3D('',#13168,#13169,#13170);
#13172=PLANE('',#13171);
#13173=ORIENTED_EDGE('',*,*,#13145,.T.);
#13174=ORIENTED_EDGE('',*,*,#12925,.F.);
#13175=ORIENTED_EDGE('',*,*,#13162,.T.);
#13176=ORIENTED_EDGE('',*,*,#7971,.F.);
#13177=EDGE_LOOP('',(#13173,#13174,#13175,#13176));
#13178=FACE_BOUND('',#13177,.T.);
#13179=ADVANCED_FACE('',(#13178),#13172,.F.);
#13180=CARTESIAN_POINT('',(-155.,-160.,-7.486651819));
#13181=DIRECTION('',(0.,-1.,0.));
#13182=DIRECTION('',(-0.973728991,0.,0.227710017));
#13183=AXIS2_PLACEMENT_3D('',#13180,#13181,#13182);
#13184=CYLINDRICAL_SURFACE('',#13183,1.);
#13185=ORIENTED_EDGE('',*,*,#6742,.F.);
#13186=ORIENTED_EDGE('',*,*,#7308,.T.);
#13187=ORIENTED_EDGE('',*,*,#12838,.T.);
#13188=ORIENTED_EDGE('',*,*,#7160,.T.);
#13189=EDGE_LOOP('',(#13185,#13186,#13187,#13188));
#13190=FACE_BOUND('',#13189,.T.);
#13191=ADVANCED_FACE('',(#13190),#13184,.T.);
#13192=CARTESIAN_POINT('',(-160.,-190.,-10.));
#13193=DIRECTION('',(-1.,0.,0.));
#13194=DIRECTION('',(0.,1.,0.));
#13195=AXIS2_PLACEMENT_3D('',#13192,#13193,#13194);
#13196=CYLINDRICAL_SURFACE('',#13195,5.);
#13197=ORIENTED_EDGE('',*,*,#7323,.T.);
#13198=ORIENTED_EDGE('',*,*,#6808,.F.);
#13199=ORIENTED_EDGE('',*,*,#7149,.F.);
#13200=EDGE_LOOP('',(#13197,#13198,#13199));
#13201=FACE_BOUND('',#13200,.T.);
#13202=ADVANCED_FACE('',(#13201),#13196,.F.);
#13203=CARTESIAN_POINT('',(-160.,-210.,-10.));
#13204=DIRECTION('',(-1.,0.,0.));
#13205=DIRECTION('',(0.,1.,0.));
#13206=AXIS2_PLACEMENT_3D('',#13203,#13204,#13205);
#13207=CYLINDRICAL_SURFACE('',#13206,5.);
#13208=ORIENTED_EDGE('',*,*,#8113,.T.);
#13209=ORIENTED_EDGE('',*,*,#8766,.F.);
#13210=ORIENTED_EDGE('',*,*,#8982,.F.);
#13211=EDGE_LOOP('',(#13208,#13209,#13210));
#13212=FACE_BOUND('',#13211,.T.);
#13213=ADVANCED_FACE('',(#13212),#13207,.F.);
#13214=CARTESIAN_POINT('',(-155.,-180.,-7.486651819));
#13215=DIRECTION('',(0.,-1.,0.));
#13216=DIRECTION('',(-0.973728991,0.,0.227710017));
#13217=AXIS2_PLACEMENT_3D('',#13214,#13215,#13216);
#13218=CYLINDRICAL_SURFACE('',#13217,1.);
#13219=ORIENTED_EDGE('',*,*,#8669,.F.);
#13220=ORIENTED_EDGE('',*,*,#9141,.T.);
#13221=ORIENTED_EDGE('',*,*,#12849,.T.);
#13222=ORIENTED_EDGE('',*,*,#8993,.T.);
#13223=EDGE_LOOP('',(#13219,#13220,#13221,#13222));
#13224=FACE_BOUND('',#13223,.T.);
#13225=ADVANCED_FACE('',(#13224),#13218,.T.);
#13226=CLOSED_SHELL('',(#6728,#6778,#6832,#7313,#7357,#7392,#7448,#7489,#7589,#7620,#7637,#7654,#7685,#7716,#7733,#7750,#7949,#8099,#8290,#8338,#8369,#8400,#8431,#8470,#8500,#8519,
#8536,#8655,#8724,#8782,#8802,#9146,#9194,#9242,#9290,#9338,#9386,#9434,#9482,#9530,#9578,#9626,#9674,#9722,#9756,#9809,#9834,#9859,#9905,#9923,#9948,
#10001,#10026,#10060,#10106,#10124,#10149,#10202,#10227,#10261,#10307,#10325,#10350,#10403,#10428,#10462,#10508,#10526,#10560,#10613,#10638,#10663,#10709,#10727,#10761,#10814,
#10839,#10864,#10910,#10928,#10945,#10962,#10979,#10996,#11013,#11030,#11047,#11064,#11081,#11098,#11115,#11132,#11149,#11166,#11183,#11200,#11217,#11234,#11251,#11268,#11285,
#11302,#11319,#11336,#11378,#11420,#11462,#11504,#11546,#11588,#11625,#11662,#11708,#11745,#11782,#11819,#11856,#11875,#11894,#11913,#11932,#11951,#11970,#12001,#12020,#12044,
#12075,#12107,#12153,#12199,#12218,#12237,#12259,#12286,#12330,#12347,#12388,#12412,#12429,#12449,#12484,#12519,#12556,#12573,#12597,#12625,#12660,#12695,#12730,#12760,#12812,
#12853,#12872,#12912,#12943,#12974,#12996,#13019,#13031,#13048,#13065,#13082,#13099,#13111,#13133,#13150,#13167,#13179,#13191,#13202,#13213,#13225));
#13227=MANIFOLD_SOLID_BREP('FRONT LEFT CORNER 360mm',#13226);
#6656=STYLED_ITEM('',(#6655),#13227);
#63=SHAPE_REPRESENTATION('FRONT CORNER 360MM',(#15),#61);
#64=ADVANCED_BREP_SHAPE_REPRESENTATION('FRONT CORNER 360MM',(#6648,#13227),#61);
#13235=SHAPE_REPRESENTATION_RELATIONSHIP('','',#63,#64);
#13236=CARTESIAN_POINT('',(0.,0.,0.));
#13237=DIRECTION('',(0.,0.,1.));
#13238=DIRECTION('',(1.,0.,0.));
#13239=AXIS2_PLACEMENT_3D('',#13236,#13237,#13238);
#13241=MAPPED_ITEM('',#13240,#13239);
#13240=REPRESENTATION_MAP(#13239,#63);
#13242=APPLICATION_CONTEXT('Managed model based 3d engineering');
#13243=APPLICATION_PROTOCOL_DEFINITION('international standard','ap242_managed_model_based_3d_engineering',2014,#13242);
#13244=PRODUCT_CONTEXT('',#13242,'mechanical');
#13245=PRODUCT_DEFINITION_CONTEXT('part definition',#13242,'design');
#71=PRODUCT('FRONT CORNER 360MM','FRONT CORNER 360MM','',(#13244));
#13246=PRODUCT_RELATED_PRODUCT_CATEGORY('part','',(#71));
#13247=PRODUCT_DEFINITION_FORMATION_WITH_SPECIFIED_SOURCE('','',#71,.NOT_KNOWN.);
#72=PRODUCT_DEFINITION('design','',#13247,#13245);
#70=PRODUCT_DEFINITION_SHAPE('','',#72);
#13248=SHAPE_DEFINITION_REPRESENTATION(#70,#63);
#62=DRAUGHTING_MODEL('',(#13241),#61);
#35=SHAPE_REPRESENTATION('ALTERNATE PARTS',(#15,#76),#33);
#13249=CARTESIAN_POINT('',(0.,0.,0.));
#13250=DIRECTION('',(0.,0.,1.));
#13251=DIRECTION('',(1.,0.,0.));
#13252=AXIS2_PLACEMENT_3D('',#13249,#13250,#13251);
#13254=MAPPED_ITEM('',#13253,#13252);
#13253=REPRESENTATION_MAP(#13252,#35);
#43=PRODUCT('ALTERNATE PARTS','ALTERNATE PARTS','',(#13244));
#13255=PRODUCT_RELATED_PRODUCT_CATEGORY('part','',(#43));
#13256=PRODUCT_DEFINITION_FORMATION_WITH_SPECIFIED_SOURCE('','',#43,.NOT_KNOWN.);
#44=PRODUCT_DEFINITION('design','',#13256,#13245);
#42=PRODUCT_DEFINITION_SHAPE('','',#44);
#13257=SHAPE_DEFINITION_REPRESENTATION(#42,#35);
#34=DRAUGHTING_MODEL('',(#13254),#33);
#16=SHAPE_REPRESENTATION('root',(#15,#48),#10);
#13258=CARTESIAN_POINT('',(0.,0.,0.));
#13259=DIRECTION('',(0.,0.,1.));
#13260=DIRECTION('',(1.,0.,0.));
#13261=AXIS2_PLACEMENT_3D('',#13258,#13259,#13260);
#13263=MAPPED_ITEM('',#13262,#13261);
#13262=REPRESENTATION_MAP(#13261,#16);
#24=PRODUCT('root','root','',(#13244));
#13264=PRODUCT_RELATED_PRODUCT_CATEGORY('part','',(#24));
#13265=PRODUCT_DEFINITION_FORMATION_WITH_SPECIFIED_SOURCE('','',#24,.NOT_KNOWN.);
#25=PRODUCT_DEFINITION('design','',#13265,#13245);
#23=PRODUCT_DEFINITION_SHAPE('','',#25);
#13266=SHAPE_DEFINITION_REPRESENTATION(#23,#16);
#11=DRAUGHTING_MODEL('',(#13263),#10);
#13267=DESCRIPTIVE_REPRESENTATION_ITEM('KEY','C:\\Users\\Lande\\AppData\\Local\\Packages\\Shapr3D.Shapr3D_j403pzjkqtqbj\\TempState\\66f72ccd-aca0-469c-b9d2-a0cb15ec57e7.tmp');
#13268=PROPERTY_DEFINITION('KEY','',#25);
#13269=REPRESENTATION('',(#13267),#10);
#13270=PROPERTY_DEFINITION_REPRESENTATION(#13268,#13269);
#13271=GENERAL_PROPERTY('','KEY','');
#13272=GENERAL_PROPERTY_ASSOCIATION('','',#13271,#13268);
#1=MECHANICAL_DESIGN_GEOMETRIC_PRESENTATION_REPRESENTATION('',(#82,#6656),#10);
ENDSEC;
END-ISO-10303-21;
