ISO-10303-21;
HEADER;

/* File generated by Shapr3D Version 26.50.10685.0 */

FILE_DESCRIPTION(('HOOPS Exchange Step'),'2;1');

FILE_NAME('C:\\Users\\Lande\\AppData\\Local\\Packages\\Shapr3D.Shapr3D_j403pzjkqtqbj\\TempState\\export\\temp_export',
'2026-04-14T16:28:40-04:00',
('Lande'),
('Shapr3D Limited'),
'HOOPS Exchange 2025.9',
'Shapr3D',
'Authorized');

FILE_SCHEMA( ('AP242_MANAGED_MODEL_BASED_3D_ENGINEERING_MIM_LF {1 0 10303 442 1 1 4}') );

ENDSEC;

DATA;
#3=(NAMED_UNIT(*)PLANE_ANGLE_UNIT()SI_UNIT($,.RADIAN.));
#4=PLANE_ANGLE_MEASURE_WITH_UNIT(PLANE_ANGLE_MEASURE(0.0174532925),#3);
#5=(CONVERSION_BASED_UNIT('DEGREE',#4)NAMED_UNIT(#6)PLANE_ANGLE_UNIT());
#6=DIMENSIONAL_EXPONENTS(0.,0.,0.,0.,0.,0.,0.);
#7=(NAMED_UNIT(*)SI_UNIT($,.STERADIAN.)SOLID_ANGLE_UNIT());
#8=(LENGTH_UNIT()NAMED_UNIT(*)SI_UNIT(.MILLI.,.METRE.));
#9=UNCERTAINTY_MEASURE_WITH_UNIT(LENGTH_MEASURE(1.000000E-03),#8,'DISTANCE_ACCURACY_VALUE','Maximum Tolerance applied to model');
#10=(GEOMETRIC_REPRESENTATION_CONTEXT(3)GLOBAL_UNCERTAINTY_ASSIGNED_CONTEXT((#9))GLOBAL_UNIT_ASSIGNED_CONTEXT((#8,#5,#7))REPRESENTATION_CONTEXT('','root'));
#12=CARTESIAN_POINT('',(0.,0.,0.));
#13=DIRECTION('',(0.,0.,1.));
#14=DIRECTION('',(1.,0.,0.));
#15=AXIS2_PLACEMENT_3D('',#12,#13,#14);
#26=(NAMED_UNIT(*)PLANE_ANGLE_UNIT()SI_UNIT($,.RADIAN.));
#27=PLANE_ANGLE_MEASURE_WITH_UNIT(PLANE_ANGLE_MEASURE(0.0174532925),#26);
#28=(CONVERSION_BASED_UNIT('DEGREE',#27)NAMED_UNIT(#29)PLANE_ANGLE_UNIT());
#29=DIMENSIONAL_EXPONENTS(0.,0.,0.,0.,0.,0.,0.);
#30=(NAMED_UNIT(*)SI_UNIT($,.STERADIAN.)SOLID_ANGLE_UNIT());
#31=(LENGTH_UNIT()NAMED_UNIT(*)SI_UNIT(.MILLI.,.METRE.));
#32=UNCERTAINTY_MEASURE_WITH_UNIT(LENGTH_MEASURE(1.000000E-05),#31,'DISTANCE_ACCURACY_VALUE','Maximum Tolerance applied to model');
#33=(GEOMETRIC_REPRESENTATION_CONTEXT(3)GLOBAL_UNCERTAINTY_ASSIGNED_CONTEXT((#32))GLOBAL_UNIT_ASSIGNED_CONTEXT((#31,#28,#30))REPRESENTATION_CONTEXT('','LIGHTENED Y GANTRY'));
#45=CARTESIAN_POINT('',(0.,0.,0.));
#46=DIRECTION('',(0.,0.,1.));
#47=DIRECTION('',(1.,0.,-0.));
#48=AXIS2_PLACEMENT_3D('',#45,#46,#47);
#49=ITEM_DEFINED_TRANSFORMATION('','',#48,#15);
#50=(REPRESENTATION_RELATIONSHIP('','',#35,#16)REPRESENTATION_RELATIONSHIP_WITH_TRANSFORMATION(#49)SHAPE_REPRESENTATION_RELATIONSHIP());
#51=NEXT_ASSEMBLY_USAGE_OCCURRENCE('LIGHTENED Y GANTRY_1','LIGHTENED Y GANTRY','LIGHTENED Y GANTRY',#25,#44,$);
#52=PRODUCT_DEFINITION_SHAPE('','',#51);
#53=CONTEXT_DEPENDENT_SHAPE_REPRESENTATION(#50,#52);
#55=CARTESIAN_POINT('',(-156.166479996,29.899971859,133.5));
#56=DIRECTION('',(0.,0.,1.));
#57=DIRECTION('',(1.,0.,0.));
#58=AXIS2_PLACEMENT_3D('',#55,#56,#57);
#59=PLANE('',#58);
#60=CARTESIAN_POINT('',(-150.5,29.999971859,133.5));
#61=VERTEX_POINT('',#60);
#62=CARTESIAN_POINT('',(-150.5,27.901386066,133.5));
#63=VERTEX_POINT('',#62);
#64=CARTESIAN_POINT('',(-150.5,29.999971859,133.5));
#65=DIRECTION('',(-0.,-1.,-0.));
#66=VECTOR('',#65,2.098585793);
#67=LINE('',#64,#66);
#68=EDGE_CURVE('',#61,#63,#67,.T.);
#69=ORIENTED_EDGE('',*,*,#68,.T.);
#70=CARTESIAN_POINT('',(-156.500480807,27.901386066,133.5));
#71=VERTEX_POINT('',#70);
#72=CARTESIAN_POINT('',(-150.5,27.901386066,133.5));
#73=DIRECTION('',(-1.,0.,0.));
#74=VECTOR('',#73,6.000480807);
#75=LINE('',#72,#74);
#76=EDGE_CURVE('',#63,#71,#75,.T.);
#77=ORIENTED_EDGE('',*,*,#76,.T.);
#78=CARTESIAN_POINT('',(-156.500480807,29.999971859,133.5));
#79=VERTEX_POINT('',#78);
#80=CARTESIAN_POINT('',(-156.500480807,29.999971859,133.5));
#81=DIRECTION('',(-0.,-1.,-0.));
#82=VECTOR('',#81,2.098585793);
#83=LINE('',#80,#82);
#84=EDGE_CURVE('',#79,#71,#83,.T.);
#85=ORIENTED_EDGE('',*,*,#84,.F.);
#86=CARTESIAN_POINT('',(-156.500480807,29.999971859,133.5));
#87=DIRECTION('',(1.,0.,-0.));
#88=VECTOR('',#87,6.000480807);
#89=LINE('',#86,#88);
#90=EDGE_CURVE('',#79,#61,#89,.T.);
#91=ORIENTED_EDGE('',*,*,#90,.T.);
#92=EDGE_LOOP('',(#69,#77,#85,#91));
#93=FACE_BOUND('',#92,.T.);
#94=ADVANCED_FACE('',(#93),#59,.F.);
#95=CARTESIAN_POINT('',(-184.2,51.014974982,109.));
#96=DIRECTION('',(-1.,0.,0.));
#97=DIRECTION('',(0.,0.,1.));
#98=AXIS2_PLACEMENT_3D('',#95,#96,#97);
#99=PLANE('',#98);
#100=CARTESIAN_POINT('',(-184.2,26.999999389,133.749999314));
#101=VERTEX_POINT('',#100);
#102=CARTESIAN_POINT('',(-184.2,25.249999389,131.999999314));
#103=VERTEX_POINT('',#102);
#104=CARTESIAN_POINT('',(-184.2,26.999999389,131.999999314));
#105=DIRECTION('',(1.,-0.,-0.));
#106=DIRECTION('',(0.,0.,1.));
#107=AXIS2_PLACEMENT_3D('',#104,#105,#106);
#108=CIRCLE('',#107,1.75);
#109=EDGE_CURVE('',#101,#103,#108,.T.);
#110=ORIENTED_EDGE('',*,*,#109,.T.);
#111=CARTESIAN_POINT('',(-184.2,26.999999389,131.999999314));
#112=DIRECTION('',(1.,-0.,-0.));
#113=DIRECTION('',(0.,0.,1.));
#114=AXIS2_PLACEMENT_3D('',#111,#112,#113);
#115=CIRCLE('',#114,1.75);
#116=EDGE_CURVE('',#103,#101,#115,.T.);
#117=ORIENTED_EDGE('',*,*,#116,.T.);
#118=EDGE_LOOP('',(#110,#117));
#119=FACE_BOUND('',#118,.T.);
#120=CARTESIAN_POINT('',(-184.2,-38.985025018,-10.171572876));
#121=VERTEX_POINT('',#120);
#122=CARTESIAN_POINT('',(-184.200000001,-31.985025018,-17.171572876));
#123=VERTEX_POINT('',#122);
#124=CARTESIAN_POINT('',(-184.200000001,-38.985025018,-10.171572876));
#125=DIRECTION('',(-0.,0.707106781,-0.707106781));
#126=VECTOR('',#125,9.899494937);
#127=LINE('',#124,#126);
#128=EDGE_CURVE('',#121,#123,#127,.T.);
#129=ORIENTED_EDGE('',*,*,#128,.F.);
#130=CARTESIAN_POINT('',(-184.200000001,-38.985025017,49.81398738));
#131=VERTEX_POINT('',#130);
#132=CARTESIAN_POINT('',(-184.2,-38.985025018,-10.171572876));
#133=DIRECTION('',(0.,0.,1.));
#134=VECTOR('',#133,59.985560256);
#135=LINE('',#132,#134);
#136=EDGE_CURVE('',#121,#131,#135,.T.);
#137=ORIENTED_EDGE('',*,*,#136,.T.);
#138=CARTESIAN_POINT('',(-184.200000003,-37.690977072,56.31960573));
#139=VERTEX_POINT('',#138);
#140=CARTESIAN_POINT('',(-184.200000003,-21.985025018,49.81398738));
#141=DIRECTION('',(-1.,-0.,-0.));
#142=DIRECTION('',(0.,0.,-1.));
#143=AXIS2_PLACEMENT_3D('',#140,#141,#142);
#144=CIRCLE('',#143,17.000000003);
#145=EDGE_CURVE('',#131,#139,#144,.T.);
#146=ORIENTED_EDGE('',*,*,#145,.T.);
#147=CARTESIAN_POINT('',(-184.200000001,-14.159685521,113.129168922));
#148=VERTEX_POINT('',#147);
#149=CARTESIAN_POINT('',(-184.2,-37.690977071,56.31960573));
#150=DIRECTION('',(0.,0.382683432,0.923879533));
#151=VECTOR('',#150,61.490228102);
#152=LINE('',#149,#151);
#153=EDGE_CURVE('',#139,#148,#152,.T.);
#154=ORIENTED_EDGE('',*,*,#153,.T.);
#155=CARTESIAN_POINT('',(-184.200000001,-6.056880935,123.00246488));
#156=VERTEX_POINT('',#155);
#157=CARTESIAN_POINT('',(-184.200000001,6.165664191,104.71013341));
#158=DIRECTION('',(-1.,-0.,-0.));
#159=DIRECTION('',(0.,0.,-1.));
#160=AXIS2_PLACEMENT_3D('',#157,#158,#159);
#161=CIRCLE('',#160,21.999999999);
#162=EDGE_CURVE('',#148,#156,#161,.T.);
#163=ORIENTED_EDGE('',*,*,#162,.T.);
#164=CARTESIAN_POINT('',(-184.200000001,22.260364653,141.92344347));
#165=VERTEX_POINT('',#164);
#166=CARTESIAN_POINT('',(-184.2,-6.056880935,123.00246488));
#167=DIRECTION('',(0.,0.831469612,0.555570233));
#168=VECTOR('',#167,34.056861695);
#169=LINE('',#166,#168);
#170=EDGE_CURVE('',#156,#165,#169,.T.);
#171=ORIENTED_EDGE('',*,*,#170,.T.);
#172=CARTESIAN_POINT('',(-184.199999999,44.189223778,147.348528136));
#173=VERTEX_POINT('',#172);
#174=CARTESIAN_POINT('',(-184.199999999,44.189223778,147.348528136));
#175=DIRECTION('',(-0.,-0.97073464,-0.240154656));
#176=VECTOR('',#175,22.589962509);
#177=LINE('',#174,#176);
#178=EDGE_CURVE('',#173,#165,#177,.T.);
#179=ORIENTED_EDGE('',*,*,#178,.F.);
#180=CARTESIAN_POINT('',(-184.2,88.014974982,147.348528137));
#181=VERTEX_POINT('',#180);
#182=CARTESIAN_POINT('',(-184.2,44.189223778,147.348528137));
#183=DIRECTION('',(0.,1.,0.));
#184=VECTOR('',#183,43.825751204);
#185=LINE('',#182,#184);
#186=EDGE_CURVE('',#173,#181,#185,.T.);
#187=ORIENTED_EDGE('',*,*,#186,.T.);
#188=CARTESIAN_POINT('',(-184.2,88.014974982,107.869494427));
#189=VERTEX_POINT('',#188);
#190=CARTESIAN_POINT('',(-184.2,88.014974982,147.348528137));
#191=DIRECTION('',(-0.,-0.,-1.));
#192=VECTOR('',#191,39.47903371);
#193=LINE('',#190,#192);
#194=EDGE_CURVE('',#181,#189,#193,.T.);
#195=ORIENTED_EDGE('',*,*,#194,.T.);
#196=CARTESIAN_POINT('',(-184.2,75.071624775,98.592183694));
#197=VERTEX_POINT('',#196);
#198=CARTESIAN_POINT('',(-184.2,109.659196879,64.00461159));
#199=DIRECTION('',(1.,-0.,-0.));
#200=DIRECTION('',(0.,0.,1.));
#201=AXIS2_PLACEMENT_3D('',#198,#199,#200);
#202=CIRCLE('',#201,48.914213556);
#203=EDGE_CURVE('',#189,#197,#202,.T.);
#204=ORIENTED_EDGE('',*,*,#203,.T.);
#205=CARTESIAN_POINT('',(-184.2,59.962936782,83.483495705));
#206=VERTEX_POINT('',#205);
#207=CARTESIAN_POINT('',(-184.2,75.071624773,98.592183696));
#208=DIRECTION('',(0.,-0.707106781,-0.707106781));
#209=VECTOR('',#208,21.366911466);
#210=LINE('',#207,#209);
#211=EDGE_CURVE('',#197,#206,#210,.T.);
#212=ORIENTED_EDGE('',*,*,#211,.T.);
#213=CARTESIAN_POINT('',(-184.2,47.100761423,52.431457504));
#214=VERTEX_POINT('',#213);
#215=CARTESIAN_POINT('',(-184.2,91.014974982,52.431457505));
#216=DIRECTION('',(1.,-0.,-0.));
#217=DIRECTION('',(0.,0.,1.));
#218=AXIS2_PLACEMENT_3D('',#215,#216,#217);
#219=CIRCLE('',#218,43.914213556);
#220=EDGE_CURVE('',#206,#214,#219,.T.);
#221=ORIENTED_EDGE('',*,*,#220,.T.);
#222=CARTESIAN_POINT('',(-184.200000001,47.10076142,-10.612058978));
#223=VERTEX_POINT('',#222);
#224=CARTESIAN_POINT('',(-184.2,47.10076142,52.431457504));
#225=DIRECTION('',(-0.,-0.,-1.));
#226=VECTOR('',#225,63.043516482);
#227=LINE('',#224,#226);
#228=EDGE_CURVE('',#214,#223,#227,.T.);
#229=ORIENTED_EDGE('',*,*,#228,.T.);
#230=CARTESIAN_POINT('',(-184.200000001,35.739350075,-17.171572876));
#231=VERTEX_POINT('',#230);
#232=CARTESIAN_POINT('',(-184.200000004,35.739350076,-17.171572877));
#233=DIRECTION('',(0.,0.866025404,0.5));
#234=VECTOR('',#233,13.119027797);
#235=LINE('',#232,#234);
#236=EDGE_CURVE('',#231,#223,#235,.T.);
#237=ORIENTED_EDGE('',*,*,#236,.F.);
#238=CARTESIAN_POINT('',(-184.2,-31.985025018,-17.171572876));
#239=DIRECTION('',(0.,1.,0.));
#240=VECTOR('',#239,67.724375093);
#241=LINE('',#238,#240);
#242=EDGE_CURVE('',#123,#231,#241,.T.);
#243=ORIENTED_EDGE('',*,*,#242,.F.);
#244=EDGE_LOOP('',(#129,#137,#146,#154,#163,#171,#179,#187,#195,#204,#212,#221,#229,#237,#243));
#245=FACE_BOUND('',#244,.T.);
#246=CARTESIAN_POINT('',(-184.2,8.,84.386948409));
#247=VERTEX_POINT('',#246);
#248=CARTESIAN_POINT('',(-184.2,7.999999997,97.));
#249=VERTEX_POINT('',#248);
#250=CARTESIAN_POINT('',(-184.2,8.,84.386948409));
#251=DIRECTION('',(0.,0.,1.));
#252=VECTOR('',#251,12.613051591);
#253=LINE('',#250,#252);
#254=EDGE_CURVE('',#247,#249,#253,.T.);
#255=ORIENTED_EDGE('',*,*,#254,.T.);
#256=CARTESIAN_POINT('',(-184.2,1.999999998,102.999999997));
#257=VERTEX_POINT('',#256);
#258=CARTESIAN_POINT('',(-184.2,2.,97.));
#259=DIRECTION('',(1.,-0.,-0.));
#260=DIRECTION('',(0.,0.,1.));
#261=AXIS2_PLACEMENT_3D('',#258,#259,#260);
#262=CIRCLE('',#261,5.999999995);
#263=EDGE_CURVE('',#249,#257,#262,.T.);
#264=ORIENTED_EDGE('',*,*,#263,.T.);
#265=CARTESIAN_POINT('',(-184.2,-0.968901116,103.));
#266=VERTEX_POINT('',#265);
#267=CARTESIAN_POINT('',(-184.2,1.999999998,103.));
#268=DIRECTION('',(-0.,-1.,-0.));
#269=VECTOR('',#268,2.968901114);
#270=LINE('',#267,#269);
#271=EDGE_CURVE('',#257,#266,#270,.T.);
#272=ORIENTED_EDGE('',*,*,#271,.T.);
#273=CARTESIAN_POINT('',(-184.2,-6.539761259,99.228344056));
#274=VERTEX_POINT('',#273);
#275=CARTESIAN_POINT('',(-184.2,-0.968901116,97.));
#276=DIRECTION('',(1.,-0.,-0.));
#277=DIRECTION('',(0.,0.,1.));
#278=AXIS2_PLACEMENT_3D('',#275,#276,#277);
#279=CIRCLE('',#278,5.999999995);
#280=EDGE_CURVE('',#266,#274,#279,.T.);
#281=ORIENTED_EDGE('',*,*,#280,.T.);
#282=CARTESIAN_POINT('',(-184.2,-24.139761267,55.22834406));
#283=VERTEX_POINT('',#282);
#284=CARTESIAN_POINT('',(-184.2,-6.539761262,99.228344057));
#285=DIRECTION('',(0.,-0.371390676,-0.928476691));
#286=VECTOR('',#285,47.389450302);
#287=LINE('',#284,#286);
#288=EDGE_CURVE('',#274,#283,#287,.T.);
#289=ORIENTED_EDGE('',*,*,#288,.T.);
#290=CARTESIAN_POINT('',(-184.2,-18.568901113,47.000000003));
#291=VERTEX_POINT('',#290);
#292=CARTESIAN_POINT('',(-184.2,-18.568901116,53.));
#293=DIRECTION('',(1.,-0.,-0.));
#294=DIRECTION('',(0.,0.,1.));
#295=AXIS2_PLACEMENT_3D('',#292,#293,#294);
#296=CIRCLE('',#295,5.999999995);
#297=EDGE_CURVE('',#283,#291,#296,.T.);
#298=ORIENTED_EDGE('',*,*,#297,.T.);
#299=CARTESIAN_POINT('',(-184.2,-10.25936991,47.));
#300=VERTEX_POINT('',#299);
#301=CARTESIAN_POINT('',(-184.2,-18.568901113,47.));
#302=DIRECTION('',(0.,1.,0.));
#303=VECTOR('',#302,8.309531203);
#304=LINE('',#301,#303);
#305=EDGE_CURVE('',#291,#300,#304,.T.);
#306=ORIENTED_EDGE('',*,*,#305,.T.);
#307=CARTESIAN_POINT('',(-184.2,-4.71609272,50.703899408));
#308=VERTEX_POINT('',#307);
#309=CARTESIAN_POINT('',(-184.2,-10.25936991,53.));
#310=DIRECTION('',(1.,-0.,-0.));
#311=DIRECTION('',(0.,0.,1.));
#312=AXIS2_PLACEMENT_3D('',#309,#310,#311);
#313=CIRCLE('',#312,6.);
#314=EDGE_CURVE('',#300,#308,#313,.T.);
#315=ORIENTED_EDGE('',*,*,#314,.T.);
#316=CARTESIAN_POINT('',(-184.2,6.858192988,78.646696923));
#317=VERTEX_POINT('',#316);
#318=CARTESIAN_POINT('',(-184.2,-4.716092715,50.703899406));
#319=DIRECTION('',(0.,0.382683432,0.923879533));
#320=VECTOR('',#319,30.245066087);
#321=LINE('',#318,#320);
#322=EDGE_CURVE('',#308,#317,#321,.T.);
#323=ORIENTED_EDGE('',*,*,#322,.T.);
#324=CARTESIAN_POINT('',(-184.2,-7.,84.386948409));
#325=DIRECTION('',(1.,-0.,-0.));
#326=DIRECTION('',(0.,0.,1.));
#327=AXIS2_PLACEMENT_3D('',#324,#325,#326);
#328=CIRCLE('',#327,15.);
#329=EDGE_CURVE('',#317,#247,#328,.T.);
#330=ORIENTED_EDGE('',*,*,#329,.T.);
#331=EDGE_LOOP('',(#255,#264,#272,#281,#289,#298,#306,#315,#323,#330));
#332=FACE_BOUND('',#331,.T.);
#333=CARTESIAN_POINT('',(-184.2,14.660187636,4.750497717));
#334=VERTEX_POINT('',#333);
#335=CARTESIAN_POINT('',(-184.2,16.160187636,6.250497717));
#336=VERTEX_POINT('',#335);
#337=CARTESIAN_POINT('',(-184.2,16.160187636,4.750497717));
#338=DIRECTION('',(-1.,0.,0.));
#339=DIRECTION('',(0.,0.,1.));
#340=AXIS2_PLACEMENT_3D('',#337,#338,#339);
#341=CIRCLE('',#340,1.5);
#342=EDGE_CURVE('',#334,#336,#341,.T.);
#343=ORIENTED_EDGE('',*,*,#342,.F.);
#344=CARTESIAN_POINT('',(-184.2,16.160187636,4.750497717));
#345=DIRECTION('',(-1.,0.,0.));
#346=DIRECTION('',(0.,0.,1.));
#347=AXIS2_PLACEMENT_3D('',#344,#345,#346);
#348=CIRCLE('',#347,1.5);
#349=EDGE_CURVE('',#336,#334,#348,.T.);
#350=ORIENTED_EDGE('',*,*,#349,.F.);
#351=EDGE_LOOP('',(#343,#350));
#352=FACE_BOUND('',#351,.T.);
#353=CARTESIAN_POINT('',(-184.2,-4.339812364,4.750497717));
#354=VERTEX_POINT('',#353);
#355=CARTESIAN_POINT('',(-184.2,-2.839812364,6.250497717));
#356=VERTEX_POINT('',#355);
#357=CARTESIAN_POINT('',(-184.2,-2.839812364,4.750497717));
#358=DIRECTION('',(-1.,0.,0.));
#359=DIRECTION('',(0.,0.,1.));
#360=AXIS2_PLACEMENT_3D('',#357,#358,#359);
#361=CIRCLE('',#360,1.5);
#362=EDGE_CURVE('',#354,#356,#361,.T.);
#363=ORIENTED_EDGE('',*,*,#362,.F.);
#364=CARTESIAN_POINT('',(-184.2,-2.839812364,4.750497717));
#365=DIRECTION('',(-1.,0.,0.));
#366=DIRECTION('',(0.,0.,1.));
#367=AXIS2_PLACEMENT_3D('',#364,#365,#366);
#368=CIRCLE('',#367,1.5);
#369=EDGE_CURVE('',#356,#354,#368,.T.);
#370=ORIENTED_EDGE('',*,*,#369,.F.);
#371=EDGE_LOOP('',(#363,#370));
#372=FACE_BOUND('',#371,.T.);
#373=CARTESIAN_POINT('',(-184.2,-12.7,20.));
#374=VERTEX_POINT('',#373);
#375=CARTESIAN_POINT('',(-184.2,-9.3,23.4));
#376=VERTEX_POINT('',#375);
#377=CARTESIAN_POINT('',(-184.2,-9.3,20.));
#378=DIRECTION('',(-1.,0.,0.));
#379=DIRECTION('',(0.,0.,1.));
#380=AXIS2_PLACEMENT_3D('',#377,#378,#379);
#381=CIRCLE('',#380,3.4);
#382=EDGE_CURVE('',#374,#376,#381,.T.);
#383=ORIENTED_EDGE('',*,*,#382,.F.);
#384=CARTESIAN_POINT('',(-184.2,-9.3,20.));
#385=DIRECTION('',(-1.,0.,0.));
#386=DIRECTION('',(0.,0.,1.));
#387=AXIS2_PLACEMENT_3D('',#384,#385,#386);
#388=CIRCLE('',#387,3.4);
#389=EDGE_CURVE('',#376,#374,#388,.T.);
#390=ORIENTED_EDGE('',*,*,#389,.F.);
#391=EDGE_LOOP('',(#383,#390));
#392=FACE_BOUND('',#391,.T.);
#393=CARTESIAN_POINT('',(-184.2,-32.7,40.));
#394=VERTEX_POINT('',#393);
#395=CARTESIAN_POINT('',(-184.2,-29.3,43.4));
#396=VERTEX_POINT('',#395);
#397=CARTESIAN_POINT('',(-184.2,-29.3,40.));
#398=DIRECTION('',(-1.,0.,0.));
#399=DIRECTION('',(0.,0.,1.));
#400=AXIS2_PLACEMENT_3D('',#397,#398,#399);
#401=CIRCLE('',#400,3.4);
#402=EDGE_CURVE('',#394,#396,#401,.T.);
#403=ORIENTED_EDGE('',*,*,#402,.F.);
#404=CARTESIAN_POINT('',(-184.2,-29.3,40.));
#405=DIRECTION('',(-1.,0.,0.));
#406=DIRECTION('',(0.,0.,1.));
#407=AXIS2_PLACEMENT_3D('',#404,#405,#406);
#408=CIRCLE('',#407,3.4);
#409=EDGE_CURVE('',#396,#394,#408,.T.);
#410=ORIENTED_EDGE('',*,*,#409,.F.);
#411=EDGE_LOOP('',(#403,#410));
#412=FACE_BOUND('',#411,.T.);
#413=CARTESIAN_POINT('',(-184.2,14.8,40.));
#414=VERTEX_POINT('',#413);
#415=CARTESIAN_POINT('',(-184.2,18.2,43.4));
#416=VERTEX_POINT('',#415);
#417=CARTESIAN_POINT('',(-184.2,18.2,40.));
#418=DIRECTION('',(-1.,0.,0.));
#419=DIRECTION('',(0.,0.,1.));
#420=AXIS2_PLACEMENT_3D('',#417,#418,#419);
#421=CIRCLE('',#420,3.4);
#422=EDGE_CURVE('',#414,#416,#421,.T.);
#423=ORIENTED_EDGE('',*,*,#422,.F.);
#424=CARTESIAN_POINT('',(-184.2,18.2,40.));
#425=DIRECTION('',(-1.,0.,0.));
#426=DIRECTION('',(0.,0.,1.));
#427=AXIS2_PLACEMENT_3D('',#424,#425,#426);
#428=CIRCLE('',#427,3.4);
#429=EDGE_CURVE('',#416,#414,#428,.T.);
#430=ORIENTED_EDGE('',*,*,#429,.F.);
#431=EDGE_LOOP('',(#423,#430));
#432=FACE_BOUND('',#431,.T.);
#433=CARTESIAN_POINT('',(-184.2,34.8,20.));
#434=VERTEX_POINT('',#433);
#435=CARTESIAN_POINT('',(-184.2,38.2,23.4));
#436=VERTEX_POINT('',#435);
#437=CARTESIAN_POINT('',(-184.2,38.2,20.));
#438=DIRECTION('',(-1.,0.,0.));
#439=DIRECTION('',(0.,0.,1.));
#440=AXIS2_PLACEMENT_3D('',#437,#438,#439);
#441=CIRCLE('',#440,3.4);
#442=EDGE_CURVE('',#434,#436,#441,.T.);
#443=ORIENTED_EDGE('',*,*,#442,.F.);
#444=CARTESIAN_POINT('',(-184.2,38.2,20.));
#445=DIRECTION('',(-1.,0.,0.));
#446=DIRECTION('',(0.,0.,1.));
#447=AXIS2_PLACEMENT_3D('',#444,#445,#446);
#448=CIRCLE('',#447,3.4);
#449=EDGE_CURVE('',#436,#434,#448,.T.);
#450=ORIENTED_EDGE('',*,*,#449,.F.);
#451=EDGE_LOOP('',(#443,#450));
#452=FACE_BOUND('',#451,.T.);
#453=CARTESIAN_POINT('',(-184.2,14.8,20.));
#454=VERTEX_POINT('',#453);
#455=CARTESIAN_POINT('',(-184.2,18.2,23.4));
#456=VERTEX_POINT('',#455);
#457=CARTESIAN_POINT('',(-184.2,18.2,20.));
#458=DIRECTION('',(-1.,0.,0.));
#459=DIRECTION('',(0.,0.,1.));
#460=AXIS2_PLACEMENT_3D('',#457,#458,#459);
#461=CIRCLE('',#460,3.4);
#462=EDGE_CURVE('',#454,#456,#461,.T.);
#463=ORIENTED_EDGE('',*,*,#462,.F.);
#464=CARTESIAN_POINT('',(-184.2,18.2,20.));
#465=DIRECTION('',(-1.,0.,0.));
#466=DIRECTION('',(0.,0.,1.));
#467=AXIS2_PLACEMENT_3D('',#464,#465,#466);
#468=CIRCLE('',#467,3.4);
#469=EDGE_CURVE('',#456,#454,#468,.T.);
#470=ORIENTED_EDGE('',*,*,#469,.F.);
#471=EDGE_LOOP('',(#463,#470));
#472=FACE_BOUND('',#471,.T.);
#473=CARTESIAN_POINT('',(-184.2,34.8,40.));
#474=VERTEX_POINT('',#473);
#475=CARTESIAN_POINT('',(-184.2,38.2,43.4));
#476=VERTEX_POINT('',#475);
#477=CARTESIAN_POINT('',(-184.2,38.2,40.));
#478=DIRECTION('',(-1.,0.,0.));
#479=DIRECTION('',(0.,0.,1.));
#480=AXIS2_PLACEMENT_3D('',#477,#478,#479);
#481=CIRCLE('',#480,3.4);
#482=EDGE_CURVE('',#474,#476,#481,.T.);
#483=ORIENTED_EDGE('',*,*,#482,.F.);
#484=CARTESIAN_POINT('',(-184.2,38.2,40.));
#485=DIRECTION('',(-1.,0.,0.));
#486=DIRECTION('',(0.,0.,1.));
#487=AXIS2_PLACEMENT_3D('',#484,#485,#486);
#488=CIRCLE('',#487,3.4);
#489=EDGE_CURVE('',#476,#474,#488,.T.);
#490=ORIENTED_EDGE('',*,*,#489,.F.);
#491=EDGE_LOOP('',(#483,#490));
#492=FACE_BOUND('',#491,.T.);
#493=CARTESIAN_POINT('',(-184.2,-12.7,40.));
#494=VERTEX_POINT('',#493);
#495=CARTESIAN_POINT('',(-184.2,-9.3,43.4));
#496=VERTEX_POINT('',#495);
#497=CARTESIAN_POINT('',(-184.2,-9.3,40.));
#498=DIRECTION('',(-1.,0.,0.));
#499=DIRECTION('',(0.,0.,1.));
#500=AXIS2_PLACEMENT_3D('',#497,#498,#499);
#501=CIRCLE('',#500,3.4);
#502=EDGE_CURVE('',#494,#496,#501,.T.);
#503=ORIENTED_EDGE('',*,*,#502,.F.);
#504=CARTESIAN_POINT('',(-184.2,-9.3,40.));
#505=DIRECTION('',(-1.,0.,0.));
#506=DIRECTION('',(0.,0.,1.));
#507=AXIS2_PLACEMENT_3D('',#504,#505,#506);
#508=CIRCLE('',#507,3.4);
#509=EDGE_CURVE('',#496,#494,#508,.T.);
#510=ORIENTED_EDGE('',*,*,#509,.F.);
#511=EDGE_LOOP('',(#503,#510));
#512=FACE_BOUND('',#511,.T.);
#513=CARTESIAN_POINT('',(-184.2,-32.7,20.));
#514=VERTEX_POINT('',#513);
#515=CARTESIAN_POINT('',(-184.2,-29.3,23.4));
#516=VERTEX_POINT('',#515);
#517=CARTESIAN_POINT('',(-184.2,-29.3,20.));
#518=DIRECTION('',(-1.,0.,0.));
#519=DIRECTION('',(0.,0.,1.));
#520=AXIS2_PLACEMENT_3D('',#517,#518,#519);
#521=CIRCLE('',#520,3.4);
#522=EDGE_CURVE('',#514,#516,#521,.T.);
#523=ORIENTED_EDGE('',*,*,#522,.F.);
#524=CARTESIAN_POINT('',(-184.2,-29.3,20.));
#525=DIRECTION('',(-1.,0.,0.));
#526=DIRECTION('',(0.,0.,1.));
#527=AXIS2_PLACEMENT_3D('',#524,#525,#526);
#528=CIRCLE('',#527,3.4);
#529=EDGE_CURVE('',#516,#514,#528,.T.);
#530=ORIENTED_EDGE('',*,*,#529,.F.);
#531=EDGE_LOOP('',(#523,#530));
#532=FACE_BOUND('',#531,.T.);
#533=CARTESIAN_POINT('',(-184.2,75.41497186,139.));
#534=VERTEX_POINT('',#533);
#535=CARTESIAN_POINT('',(-184.2,81.014971859,144.599999999));
#536=VERTEX_POINT('',#535);
#537=CARTESIAN_POINT('',(-184.2,81.014971859,139.));
#538=DIRECTION('',(-1.,0.,0.));
#539=DIRECTION('',(0.,0.,1.));
#540=AXIS2_PLACEMENT_3D('',#537,#538,#539);
#541=CIRCLE('',#540,5.599999999);
#542=EDGE_CURVE('',#534,#536,#541,.T.);
#543=ORIENTED_EDGE('',*,*,#542,.F.);
#544=CARTESIAN_POINT('',(-184.2,81.014971859,139.));
#545=DIRECTION('',(-1.,0.,0.));
#546=DIRECTION('',(0.,0.,1.));
#547=AXIS2_PLACEMENT_3D('',#544,#545,#546);
#548=CIRCLE('',#547,5.599999999);
#549=EDGE_CURVE('',#536,#534,#548,.T.);
#550=ORIENTED_EDGE('',*,*,#549,.F.);
#551=EDGE_LOOP('',(#543,#550));
#552=FACE_BOUND('',#551,.T.);
#553=CARTESIAN_POINT('',(-184.2,75.41497186,119.));
#554=VERTEX_POINT('',#553);
#555=CARTESIAN_POINT('',(-184.2,81.014971859,124.599999999));
#556=VERTEX_POINT('',#555);
#557=CARTESIAN_POINT('',(-184.2,81.014971859,119.));
#558=DIRECTION('',(-1.,0.,0.));
#559=DIRECTION('',(0.,0.,1.));
#560=AXIS2_PLACEMENT_3D('',#557,#558,#559);
#561=CIRCLE('',#560,5.599999999);
#562=EDGE_CURVE('',#554,#556,#561,.T.);
#563=ORIENTED_EDGE('',*,*,#562,.F.);
#564=CARTESIAN_POINT('',(-184.2,81.014971859,119.));
#565=DIRECTION('',(-1.,0.,0.));
#566=DIRECTION('',(0.,0.,1.));
#567=AXIS2_PLACEMENT_3D('',#564,#565,#566);
#568=CIRCLE('',#567,5.599999999);
#569=EDGE_CURVE('',#556,#554,#568,.T.);
#570=ORIENTED_EDGE('',*,*,#569,.F.);
#571=EDGE_LOOP('',(#563,#570));
#572=FACE_BOUND('',#571,.T.);
#573=CARTESIAN_POINT('',(-184.2,55.41497186,139.));
#574=VERTEX_POINT('',#573);
#575=CARTESIAN_POINT('',(-184.2,61.014971859,144.599999999));
#576=VERTEX_POINT('',#575);
#577=CARTESIAN_POINT('',(-184.2,61.014971859,139.));
#578=DIRECTION('',(-1.,0.,0.));
#579=DIRECTION('',(0.,0.,1.));
#580=AXIS2_PLACEMENT_3D('',#577,#578,#579);
#581=CIRCLE('',#580,5.599999999);
#582=EDGE_CURVE('',#574,#576,#581,.T.);
#583=ORIENTED_EDGE('',*,*,#582,.F.);
#584=CARTESIAN_POINT('',(-184.2,61.014971859,139.));
#585=DIRECTION('',(-1.,0.,0.));
#586=DIRECTION('',(0.,0.,1.));
#587=AXIS2_PLACEMENT_3D('',#584,#585,#586);
#588=CIRCLE('',#587,5.599999999);
#589=EDGE_CURVE('',#576,#574,#588,.T.);
#590=ORIENTED_EDGE('',*,*,#589,.F.);
#591=EDGE_LOOP('',(#583,#590));
#592=FACE_BOUND('',#591,.T.);
#593=CARTESIAN_POINT('',(-184.2,18.499971859,107.9));
#594=VERTEX_POINT('',#593);
#595=CARTESIAN_POINT('',(-184.2,20.099971859,109.5));
#596=VERTEX_POINT('',#595);
#597=CARTESIAN_POINT('',(-184.2,18.499971859,109.5));
#598=DIRECTION('',(1.,0.,0.));
#599=DIRECTION('',(0.,0.,-1.));
#600=AXIS2_PLACEMENT_3D('',#597,#598,#599);
#601=CIRCLE('',#600,1.6);
#602=EDGE_CURVE('',#594,#596,#601,.T.);
#603=ORIENTED_EDGE('',*,*,#602,.T.);
#604=CARTESIAN_POINT('',(-184.2,18.499971859,109.5));
#605=DIRECTION('',(1.,0.,0.));
#606=DIRECTION('',(0.,0.,-1.));
#607=AXIS2_PLACEMENT_3D('',#604,#605,#606);
#608=CIRCLE('',#607,1.6);
#609=EDGE_CURVE('',#596,#594,#608,.T.);
#610=ORIENTED_EDGE('',*,*,#609,.T.);
#611=EDGE_LOOP('',(#603,#610));
#612=FACE_BOUND('',#611,.T.);
#613=CARTESIAN_POINT('',(-184.2,18.499971859,76.9));
#614=VERTEX_POINT('',#613);
#615=CARTESIAN_POINT('',(-184.2,20.099971859,78.5));
#616=VERTEX_POINT('',#615);
#617=CARTESIAN_POINT('',(-184.2,18.499971859,78.5));
#618=DIRECTION('',(1.,0.,0.));
#619=DIRECTION('',(0.,0.,-1.));
#620=AXIS2_PLACEMENT_3D('',#617,#618,#619);
#621=CIRCLE('',#620,1.6);
#622=EDGE_CURVE('',#614,#616,#621,.T.);
#623=ORIENTED_EDGE('',*,*,#622,.T.);
#624=CARTESIAN_POINT('',(-184.2,18.499971859,78.5));
#625=DIRECTION('',(1.,0.,0.));
#626=DIRECTION('',(0.,0.,-1.));
#627=AXIS2_PLACEMENT_3D('',#624,#625,#626);
#628=CIRCLE('',#627,1.6);
#629=EDGE_CURVE('',#616,#614,#628,.T.);
#630=ORIENTED_EDGE('',*,*,#629,.T.);
#631=EDGE_LOOP('',(#623,#630));
#632=FACE_BOUND('',#631,.T.);
#633=CARTESIAN_POINT('',(-184.2,49.499971859,107.9));
#634=VERTEX_POINT('',#633);
#635=CARTESIAN_POINT('',(-184.2,51.099971859,109.5));
#636=VERTEX_POINT('',#635);
#637=CARTESIAN_POINT('',(-184.2,49.499971859,109.5));
#638=DIRECTION('',(1.,0.,0.));
#639=DIRECTION('',(0.,0.,-1.));
#640=AXIS2_PLACEMENT_3D('',#637,#638,#639);
#641=CIRCLE('',#640,1.6);
#642=EDGE_CURVE('',#634,#636,#641,.T.);
#643=ORIENTED_EDGE('',*,*,#642,.T.);
#644=CARTESIAN_POINT('',(-184.2,49.499971859,109.5));
#645=DIRECTION('',(1.,0.,0.));
#646=DIRECTION('',(0.,0.,-1.));
#647=AXIS2_PLACEMENT_3D('',#644,#645,#646);
#648=CIRCLE('',#647,1.6);
#649=EDGE_CURVE('',#636,#634,#648,.T.);
#650=ORIENTED_EDGE('',*,*,#649,.T.);
#651=EDGE_LOOP('',(#643,#650));
#652=FACE_BOUND('',#651,.T.);
#653=CARTESIAN_POINT('',(-184.2,49.499971859,76.9));
#654=VERTEX_POINT('',#653);
#655=CARTESIAN_POINT('',(-184.2,51.099971859,78.5));
#656=VERTEX_POINT('',#655);
#657=CARTESIAN_POINT('',(-184.2,49.499971859,78.5));
#658=DIRECTION('',(1.,0.,0.));
#659=DIRECTION('',(0.,0.,-1.));
#660=AXIS2_PLACEMENT_3D('',#657,#658,#659);
#661=CIRCLE('',#660,1.6);
#662=EDGE_CURVE('',#654,#656,#661,.T.);
#663=ORIENTED_EDGE('',*,*,#662,.T.);
#664=CARTESIAN_POINT('',(-184.2,49.499971859,78.5));
#665=DIRECTION('',(1.,0.,0.));
#666=DIRECTION('',(0.,0.,-1.));
#667=AXIS2_PLACEMENT_3D('',#664,#665,#666);
#668=CIRCLE('',#667,1.6);
#669=EDGE_CURVE('',#656,#654,#668,.T.);
#670=ORIENTED_EDGE('',*,*,#669,.T.);
#671=EDGE_LOOP('',(#663,#670));
#672=FACE_BOUND('',#671,.T.);
#673=CARTESIAN_POINT('',(-184.2,33.999971859,106.4));
#674=VERTEX_POINT('',#673);
#675=CARTESIAN_POINT('',(-184.2,21.599971859,94.));
#676=VERTEX_POINT('',#675);
#677=CARTESIAN_POINT('',(-184.2,33.999971859,94.));
#678=DIRECTION('',(1.,-0.,-0.));
#679=DIRECTION('',(0.,0.,1.));
#680=AXIS2_PLACEMENT_3D('',#677,#678,#679);
#681=CIRCLE('',#680,12.4);
#682=EDGE_CURVE('',#674,#676,#681,.T.);
#683=ORIENTED_EDGE('',*,*,#682,.T.);
#684=CARTESIAN_POINT('',(-184.2,33.999971859,94.));
#685=DIRECTION('',(1.,-0.,-0.));
#686=DIRECTION('',(0.,0.,1.));
#687=AXIS2_PLACEMENT_3D('',#684,#685,#686);
#688=CIRCLE('',#687,12.4);
#689=EDGE_CURVE('',#676,#674,#688,.T.);
#690=ORIENTED_EDGE('',*,*,#689,.T.);
#691=EDGE_LOOP('',(#683,#690));
#692=FACE_BOUND('',#691,.T.);
#693=CARTESIAN_POINT('',(-184.2,27.015670474,123.608873259));
#694=VERTEX_POINT('',#693);
#695=CARTESIAN_POINT('',(-184.2,25.265670474,121.858873259));
#696=VERTEX_POINT('',#695);
#697=CARTESIAN_POINT('',(-184.2,27.015670474,121.858873259));
#698=DIRECTION('',(1.,-0.,-0.));
#699=DIRECTION('',(0.,0.,1.));
#700=AXIS2_PLACEMENT_3D('',#697,#698,#699);
#701=CIRCLE('',#700,1.75);
#702=EDGE_CURVE('',#694,#696,#701,.T.);
#703=ORIENTED_EDGE('',*,*,#702,.T.);
#704=CARTESIAN_POINT('',(-184.2,27.015670474,121.858873259));
#705=DIRECTION('',(1.,-0.,-0.));
#706=DIRECTION('',(0.,0.,1.));
#707=AXIS2_PLACEMENT_3D('',#704,#705,#706);
#708=CIRCLE('',#707,1.75);
#709=EDGE_CURVE('',#696,#694,#708,.T.);
#710=ORIENTED_EDGE('',*,*,#709,.T.);
#711=EDGE_LOOP('',(#703,#710));
#712=FACE_BOUND('',#711,.T.);
#713=CARTESIAN_POINT('',(-184.2,55.41497186,119.));
#714=VERTEX_POINT('',#713);
#715=CARTESIAN_POINT('',(-184.2,61.014971859,124.599999999));
#716=VERTEX_POINT('',#715);
#717=CARTESIAN_POINT('',(-184.2,61.014971859,119.));
#718=DIRECTION('',(-1.,0.,0.));
#719=DIRECTION('',(0.,0.,1.));
#720=AXIS2_PLACEMENT_3D('',#717,#718,#719);
#721=CIRCLE('',#720,5.599999999);
#722=EDGE_CURVE('',#714,#716,#721,.T.);
#723=ORIENTED_EDGE('',*,*,#722,.F.);
#724=CARTESIAN_POINT('',(-184.2,61.014971859,119.));
#725=DIRECTION('',(-1.,0.,0.));
#726=DIRECTION('',(0.,0.,1.));
#727=AXIS2_PLACEMENT_3D('',#724,#725,#726);
#728=CIRCLE('',#727,5.599999999);
#729=EDGE_CURVE('',#716,#714,#728,.T.);
#730=ORIENTED_EDGE('',*,*,#729,.F.);
#731=EDGE_LOOP('',(#723,#730));
#732=FACE_BOUND('',#731,.T.);
#733=ADVANCED_FACE('',(#119,#245,#332,#352,#372,#392,#412,#432,#452,#472,#492,#512,#532,#552,#572,#592,#612,#632,#652,#672,#692,#712,#732),#99,.T.);
#734=CARTESIAN_POINT('',(-150.,46.264974982,39.092));
#735=DIRECTION('',(1.,0.,0.));
#736=DIRECTION('',(0.,0.,1.));
#737=AXIS2_PLACEMENT_3D('',#734,#735,#736);
#738=PLANE('',#737);
#739=CARTESIAN_POINT('',(-150.,-24.139761267,55.22834406));
#740=VERTEX_POINT('',#739);
#741=CARTESIAN_POINT('',(-150.,-6.539761259,99.228344057));
#742=VERTEX_POINT('',#741);
#743=CARTESIAN_POINT('',(-150.,-24.139761261,55.228344058));
#744=DIRECTION('',(0.,0.371390676,0.928476691));
#745=VECTOR('',#744,47.389450303);
#746=LINE('',#743,#745);
#747=EDGE_CURVE('',#740,#742,#746,.T.);
#748=ORIENTED_EDGE('',*,*,#747,.T.);
#749=CARTESIAN_POINT('',(-150.,-0.968901114,102.999999997));
#750=VERTEX_POINT('',#749);
#751=CARTESIAN_POINT('',(-150.,-0.968901116,97.));
#752=DIRECTION('',(-1.,-0.,-0.));
#753=DIRECTION('',(0.,0.,-1.));
#754=AXIS2_PLACEMENT_3D('',#751,#752,#753);
#755=CIRCLE('',#754,5.999999995);
#756=EDGE_CURVE('',#742,#750,#755,.T.);
#757=ORIENTED_EDGE('',*,*,#756,.T.);
#758=CARTESIAN_POINT('',(-150.,2.,103.));
#759=VERTEX_POINT('',#758);
#760=CARTESIAN_POINT('',(-150.,-0.968901114,103.));
#761=DIRECTION('',(-0.,1.,-0.));
#762=VECTOR('',#761,2.968901114);
#763=LINE('',#760,#762);
#764=EDGE_CURVE('',#750,#759,#763,.T.);
#765=ORIENTED_EDGE('',*,*,#764,.T.);
#766=CARTESIAN_POINT('',(-150.,7.999999997,96.999999998));
#767=VERTEX_POINT('',#766);
#768=CARTESIAN_POINT('',(-150.,2.,97.));
#769=DIRECTION('',(-1.,-0.,-0.));
#770=DIRECTION('',(0.,0.,-1.));
#771=AXIS2_PLACEMENT_3D('',#768,#769,#770);
#772=CIRCLE('',#771,5.999999995);
#773=EDGE_CURVE('',#759,#767,#772,.T.);
#774=ORIENTED_EDGE('',*,*,#773,.T.);
#775=CARTESIAN_POINT('',(-150.,8.,84.386948409));
#776=VERTEX_POINT('',#775);
#777=CARTESIAN_POINT('',(-150.,8.,96.999999998));
#778=DIRECTION('',(-0.,-0.,-1.));
#779=VECTOR('',#778,12.613051589);
#780=LINE('',#777,#779);
#781=EDGE_CURVE('',#767,#776,#780,.T.);
#782=ORIENTED_EDGE('',*,*,#781,.T.);
#783=CARTESIAN_POINT('',(-150.,6.858192988,78.646696923));
#784=VERTEX_POINT('',#783);
#785=CARTESIAN_POINT('',(-150.,-7.,84.386948409));
#786=DIRECTION('',(-1.,-0.,-0.));
#787=DIRECTION('',(0.,0.,-1.));
#788=AXIS2_PLACEMENT_3D('',#785,#786,#787);
#789=CIRCLE('',#788,15.);
#790=EDGE_CURVE('',#776,#784,#789,.T.);
#791=ORIENTED_EDGE('',*,*,#790,.T.);
#792=CARTESIAN_POINT('',(-150.,-4.716092715,50.703899406));
#793=VERTEX_POINT('',#792);
#794=CARTESIAN_POINT('',(-150.,6.858192988,78.646696923));
#795=DIRECTION('',(0.,-0.382683432,-0.923879533));
#796=VECTOR('',#795,30.245066087);
#797=LINE('',#794,#796);
#798=EDGE_CURVE('',#784,#793,#797,.T.);
#799=ORIENTED_EDGE('',*,*,#798,.T.);
#800=CARTESIAN_POINT('',(-150.,-10.25936991,47.));
#801=VERTEX_POINT('',#800);
#802=CARTESIAN_POINT('',(-150.,-10.25936991,53.));
#803=DIRECTION('',(-1.,-0.,-0.));
#804=DIRECTION('',(0.,0.,-1.));
#805=AXIS2_PLACEMENT_3D('',#802,#803,#804);
#806=CIRCLE('',#805,6.);
#807=EDGE_CURVE('',#793,#801,#806,.T.);
#808=ORIENTED_EDGE('',*,*,#807,.T.);
#809=CARTESIAN_POINT('',(-150.,-18.568901116,47.000000003));
#810=VERTEX_POINT('',#809);
#811=CARTESIAN_POINT('',(-150.,-10.25936991,47.));
#812=DIRECTION('',(0.,-1.,0.));
#813=VECTOR('',#812,8.309531206);
#814=LINE('',#811,#813);
#815=EDGE_CURVE('',#801,#810,#814,.T.);
#816=ORIENTED_EDGE('',*,*,#815,.T.);
#817=CARTESIAN_POINT('',(-150.,-18.568901116,53.));
#818=DIRECTION('',(-1.,-0.,-0.));
#819=DIRECTION('',(0.,0.,-1.));
#820=AXIS2_PLACEMENT_3D('',#817,#818,#819);
#821=CIRCLE('',#820,5.999999995);
#822=EDGE_CURVE('',#810,#740,#821,.T.);
#823=ORIENTED_EDGE('',*,*,#822,.T.);
#824=EDGE_LOOP('',(#748,#757,#765,#774,#782,#791,#799,#808,#816,#823));
#825=FACE_BOUND('',#824,.T.);
#826=CARTESIAN_POINT('',(-150.,-38.985025018,49.81398738));
#827=VERTEX_POINT('',#826);
#828=CARTESIAN_POINT('',(-150.,-38.985025018,44.55));
#829=VERTEX_POINT('',#828);
#830=CARTESIAN_POINT('',(-150.,-38.985025018,49.81398738));
#831=DIRECTION('',(-0.,-0.,-1.));
#832=VECTOR('',#831,5.26398738);
#833=LINE('',#830,#832);
#834=EDGE_CURVE('',#827,#829,#833,.T.);
#835=ORIENTED_EDGE('',*,*,#834,.T.);
#836=CARTESIAN_POINT('',(-150.,48.514974982,44.55));
#837=VERTEX_POINT('',#836);
#838=CARTESIAN_POINT('',(-150.,-38.985025018,44.55));
#839=DIRECTION('',(-0.,1.,-0.));
#840=VECTOR('',#839,87.5);
#841=LINE('',#838,#840);
#842=EDGE_CURVE('',#829,#837,#841,.T.);
#843=ORIENTED_EDGE('',*,*,#842,.T.);
#844=CARTESIAN_POINT('',(-150.,48.514974982,52.431457505));
#845=VERTEX_POINT('',#844);
#846=CARTESIAN_POINT('',(-150.,48.514974982,44.55));
#847=DIRECTION('',(0.,0.,1.));
#848=VECTOR('',#847,7.881457505);
#849=LINE('',#846,#848);
#850=EDGE_CURVE('',#837,#845,#849,.T.);
#851=ORIENTED_EDGE('',*,*,#850,.T.);
#852=CARTESIAN_POINT('',(-150.,60.962936782,82.483495706));
#853=VERTEX_POINT('',#852);
#854=CARTESIAN_POINT('',(-150.,91.014974982,52.431457505));
#855=DIRECTION('',(-1.,-0.,-0.));
#856=DIRECTION('',(0.,0.,-1.));
#857=AXIS2_PLACEMENT_3D('',#854,#855,#856);
#858=CIRCLE('',#857,42.5);
#859=EDGE_CURVE('',#845,#853,#858,.T.);
#860=ORIENTED_EDGE('',*,*,#859,.T.);
#861=CARTESIAN_POINT('',(-150.,76.071624773,97.592183697));
#862=VERTEX_POINT('',#861);
#863=CARTESIAN_POINT('',(-150.,60.962936782,82.483495706));
#864=DIRECTION('',(0.,0.707106781,0.707106781));
#865=VECTOR('',#864,21.366911467);
#866=LINE('',#863,#865);
#867=EDGE_CURVE('',#853,#862,#866,.T.);
#868=ORIENTED_EDGE('',*,*,#867,.T.);
#869=CARTESIAN_POINT('',(-150.,91.014974982,107.692630427));
#870=VERTEX_POINT('',#869);
#871=CARTESIAN_POINT('',(-150.,109.659196879,64.00461159));
#872=DIRECTION('',(-1.,-0.,-0.));
#873=DIRECTION('',(0.,0.,-1.));
#874=AXIS2_PLACEMENT_3D('',#871,#872,#873);
#875=CIRCLE('',#874,47.5);
#876=EDGE_CURVE('',#862,#870,#875,.T.);
#877=ORIENTED_EDGE('',*,*,#876,.T.);
#878=CARTESIAN_POINT('',(-150.,91.014974982,147.348528137));
#879=VERTEX_POINT('',#878);
#880=CARTESIAN_POINT('',(-150.,91.014974982,107.692630427));
#881=DIRECTION('',(0.,0.,1.));
#882=VECTOR('',#881,39.65589771);
#883=LINE('',#880,#882);
#884=EDGE_CURVE('',#870,#879,#883,.T.);
#885=ORIENTED_EDGE('',*,*,#884,.T.);
#886=CARTESIAN_POINT('',(-150.,88.679441076,149.));
#887=VERTEX_POINT('',#886);
#888=CARTESIAN_POINT('',(-150.,91.014974982,147.348528137));
#889=DIRECTION('',(0.,-0.816496581,0.577350269));
#890=VECTOR('',#889,2.860433174);
#891=LINE('',#888,#890);
#892=EDGE_CURVE('',#879,#887,#891,.T.);
#893=ORIENTED_EDGE('',*,*,#892,.T.);
#894=CARTESIAN_POINT('',(-150.000000002,50.864676061,148.999999996));
#895=VERTEX_POINT('',#894);
#896=CARTESIAN_POINT('',(-150.,50.864676061,149.));
#897=DIRECTION('',(0.,1.,0.));
#898=VECTOR('',#897,37.814765015);
#899=LINE('',#896,#898);
#900=EDGE_CURVE('',#895,#887,#899,.T.);
#901=ORIENTED_EDGE('',*,*,#900,.F.);
#902=CARTESIAN_POINT('',(-149.999999999,22.260364651,141.923443468));
#903=VERTEX_POINT('',#902);
#904=CARTESIAN_POINT('',(-149.999999999,22.260364651,141.923443468));
#905=DIRECTION('',(-0.,0.97073464,0.240154656));
#906=VECTOR('',#905,29.466663936);
#907=LINE('',#904,#906);
#908=EDGE_CURVE('',#903,#895,#907,.T.);
#909=ORIENTED_EDGE('',*,*,#908,.F.);
#910=CARTESIAN_POINT('',(-150.,-6.056880935,123.00246488));
#911=VERTEX_POINT('',#910);
#912=CARTESIAN_POINT('',(-150.,22.260364652,141.923443467));
#913=DIRECTION('',(0.,-0.831469612,-0.555570233));
#914=VECTOR('',#913,34.056861692);
#915=LINE('',#912,#914);
#916=EDGE_CURVE('',#903,#911,#915,.T.);
#917=ORIENTED_EDGE('',*,*,#916,.T.);
#918=CARTESIAN_POINT('',(-150.,-14.159685521,113.129168921));
#919=VERTEX_POINT('',#918);
#920=CARTESIAN_POINT('',(-150.,6.165664191,104.71013341));
#921=DIRECTION('',(1.,-0.,-0.));
#922=DIRECTION('',(0.,0.,1.));
#923=AXIS2_PLACEMENT_3D('',#920,#921,#922);
#924=CIRCLE('',#923,22.);
#925=EDGE_CURVE('',#911,#919,#924,.T.);
#926=ORIENTED_EDGE('',*,*,#925,.T.);
#927=CARTESIAN_POINT('',(-150.,-37.690977071,56.31960573));
#928=VERTEX_POINT('',#927);
#929=CARTESIAN_POINT('',(-150.,-14.159685524,113.129168922));
#930=DIRECTION('',(0.,-0.382683432,-0.923879533));
#931=VECTOR('',#930,61.490228101);
#932=LINE('',#929,#931);
#933=EDGE_CURVE('',#919,#928,#932,.T.);
#934=ORIENTED_EDGE('',*,*,#933,.T.);
#935=CARTESIAN_POINT('',(-150.,-21.985025018,49.81398738));
#936=DIRECTION('',(1.,-0.,-0.));
#937=DIRECTION('',(0.,0.,1.));
#938=AXIS2_PLACEMENT_3D('',#935,#936,#937);
#939=CIRCLE('',#938,17.);
#940=EDGE_CURVE('',#928,#827,#939,.T.);
#941=ORIENTED_EDGE('',*,*,#940,.T.);
#942=EDGE_LOOP('',(#835,#843,#851,#860,#868,#877,#885,#893,#901,#909,#917,#926,#934,#941));
#943=FACE_BOUND('',#942,.T.);
#944=CARTESIAN_POINT('',(-150.,61.014971859,121.6));
#945=VERTEX_POINT('',#944);
#946=CARTESIAN_POINT('',(-150.,63.614971859,119.));
#947=VERTEX_POINT('',#946);
#948=CARTESIAN_POINT('',(-150.,61.014971859,119.));
#949=DIRECTION('',(-1.,0.,0.));
#950=DIRECTION('',(0.,0.,1.));
#951=AXIS2_PLACEMENT_3D('',#948,#949,#950);
#952=CIRCLE('',#951,2.6);
#953=EDGE_CURVE('',#945,#947,#952,.T.);
#954=ORIENTED_EDGE('',*,*,#953,.T.);
#955=CARTESIAN_POINT('',(-150.,61.014971859,119.));
#956=DIRECTION('',(-1.,0.,0.));
#957=DIRECTION('',(0.,0.,1.));
#958=AXIS2_PLACEMENT_3D('',#955,#956,#957);
#959=CIRCLE('',#958,2.6);
#960=EDGE_CURVE('',#947,#945,#959,.T.);
#961=ORIENTED_EDGE('',*,*,#960,.T.);
#962=EDGE_LOOP('',(#954,#961));
#963=FACE_BOUND('',#962,.T.);
#964=CARTESIAN_POINT('',(-150.,81.014971859,121.6));
#965=VERTEX_POINT('',#964);
#966=CARTESIAN_POINT('',(-150.,83.614971859,119.));
#967=VERTEX_POINT('',#966);
#968=CARTESIAN_POINT('',(-150.,81.014971859,119.));
#969=DIRECTION('',(-1.,0.,0.));
#970=DIRECTION('',(0.,0.,1.));
#971=AXIS2_PLACEMENT_3D('',#968,#969,#970);
#972=CIRCLE('',#971,2.6);
#973=EDGE_CURVE('',#965,#967,#972,.T.);
#974=ORIENTED_EDGE('',*,*,#973,.T.);
#975=CARTESIAN_POINT('',(-150.,81.014971859,119.));
#976=DIRECTION('',(-1.,0.,0.));
#977=DIRECTION('',(0.,0.,1.));
#978=AXIS2_PLACEMENT_3D('',#975,#976,#977);
#979=CIRCLE('',#978,2.6);
#980=EDGE_CURVE('',#967,#965,#979,.T.);
#981=ORIENTED_EDGE('',*,*,#980,.T.);
#982=EDGE_LOOP('',(#974,#981));
#983=FACE_BOUND('',#982,.T.);
#984=CARTESIAN_POINT('',(-150.,61.014971859,141.6));
#985=VERTEX_POINT('',#984);
#986=CARTESIAN_POINT('',(-150.,63.614971859,139.));
#987=VERTEX_POINT('',#986);
#988=CARTESIAN_POINT('',(-150.,61.014971859,139.));
#989=DIRECTION('',(-1.,0.,0.));
#990=DIRECTION('',(0.,0.,1.));
#991=AXIS2_PLACEMENT_3D('',#988,#989,#990);
#992=CIRCLE('',#991,2.6);
#993=EDGE_CURVE('',#985,#987,#992,.T.);
#994=ORIENTED_EDGE('',*,*,#993,.T.);
#995=CARTESIAN_POINT('',(-150.,61.014971859,139.));
#996=DIRECTION('',(-1.,0.,0.));
#997=DIRECTION('',(0.,0.,1.));
#998=AXIS2_PLACEMENT_3D('',#995,#996,#997);
#999=CIRCLE('',#998,2.6);
#1000=EDGE_CURVE('',#987,#985,#999,.T.);
#1001=ORIENTED_EDGE('',*,*,#1000,.T.);
#1002=EDGE_LOOP('',(#994,#1001));
#1003=FACE_BOUND('',#1002,.T.);
#1004=CARTESIAN_POINT('',(-150.,81.014971859,141.6));
#1005=VERTEX_POINT('',#1004);
#1006=CARTESIAN_POINT('',(-150.,83.614971859,139.));
#1007=VERTEX_POINT('',#1006);
#1008=CARTESIAN_POINT('',(-150.,81.014971859,139.));
#1009=DIRECTION('',(-1.,0.,0.));
#1010=DIRECTION('',(0.,0.,1.));
#1011=AXIS2_PLACEMENT_3D('',#1008,#1009,#1010);
#1012=CIRCLE('',#1011,2.6);
#1013=EDGE_CURVE('',#1005,#1007,#1012,.T.);
#1014=ORIENTED_EDGE('',*,*,#1013,.T.);
#1015=CARTESIAN_POINT('',(-150.,81.014971859,139.));
#1016=DIRECTION('',(-1.,0.,0.));
#1017=DIRECTION('',(0.,0.,1.));
#1018=AXIS2_PLACEMENT_3D('',#1015,#1016,#1017);
#1019=CIRCLE('',#1018,2.6);
#1020=EDGE_CURVE('',#1007,#1005,#1019,.T.);
#1021=ORIENTED_EDGE('',*,*,#1020,.T.);
#1022=EDGE_LOOP('',(#1014,#1021));
#1023=FACE_BOUND('',#1022,.T.);
#1024=CARTESIAN_POINT('',(-150.,49.499971859,81.5));
#1025=VERTEX_POINT('',#1024);
#1026=CARTESIAN_POINT('',(-150.,52.499971859,78.5));
#1027=VERTEX_POINT('',#1026);
#1028=CARTESIAN_POINT('',(-150.,49.499971859,78.5));
#1029=DIRECTION('',(-1.,0.,0.));
#1030=DIRECTION('',(0.,0.,1.));
#1031=AXIS2_PLACEMENT_3D('',#1028,#1029,#1030);
#1032=CIRCLE('',#1031,3.);
#1033=EDGE_CURVE('',#1025,#1027,#1032,.T.);
#1034=ORIENTED_EDGE('',*,*,#1033,.T.);
#1035=CARTESIAN_POINT('',(-150.,49.499971859,78.5));
#1036=DIRECTION('',(-1.,0.,0.));
#1037=DIRECTION('',(0.,0.,1.));
#1038=AXIS2_PLACEMENT_3D('',#1035,#1036,#1037);
#1039=CIRCLE('',#1038,3.);
#1040=EDGE_CURVE('',#1027,#1025,#1039,.T.);
#1041=ORIENTED_EDGE('',*,*,#1040,.T.);
#1042=EDGE_LOOP('',(#1034,#1041));
#1043=FACE_BOUND('',#1042,.T.);
#1044=CARTESIAN_POINT('',(-150.,49.499971859,112.5));
#1045=VERTEX_POINT('',#1044);
#1046=CARTESIAN_POINT('',(-150.,52.499971859,109.5));
#1047=VERTEX_POINT('',#1046);
#1048=CARTESIAN_POINT('',(-150.,49.499971859,109.5));
#1049=DIRECTION('',(-1.,0.,0.));
#1050=DIRECTION('',(0.,0.,1.));
#1051=AXIS2_PLACEMENT_3D('',#1048,#1049,#1050);
#1052=CIRCLE('',#1051,3.);
#1053=EDGE_CURVE('',#1045,#1047,#1052,.T.);
#1054=ORIENTED_EDGE('',*,*,#1053,.T.);
#1055=CARTESIAN_POINT('',(-150.,49.499971859,109.5));
#1056=DIRECTION('',(-1.,0.,0.));
#1057=DIRECTION('',(0.,0.,1.));
#1058=AXIS2_PLACEMENT_3D('',#1055,#1056,#1057);
#1059=CIRCLE('',#1058,3.);
#1060=EDGE_CURVE('',#1047,#1045,#1059,.T.);
#1061=ORIENTED_EDGE('',*,*,#1060,.T.);
#1062=EDGE_LOOP('',(#1054,#1061));
#1063=FACE_BOUND('',#1062,.T.);
#1064=CARTESIAN_POINT('',(-150.,18.499971859,81.5));
#1065=VERTEX_POINT('',#1064);
#1066=CARTESIAN_POINT('',(-150.,21.499971859,78.5));
#1067=VERTEX_POINT('',#1066);
#1068=CARTESIAN_POINT('',(-150.,18.499971859,78.5));
#1069=DIRECTION('',(-1.,0.,0.));
#1070=DIRECTION('',(0.,0.,1.));
#1071=AXIS2_PLACEMENT_3D('',#1068,#1069,#1070);
#1072=CIRCLE('',#1071,3.);
#1073=EDGE_CURVE('',#1065,#1067,#1072,.T.);
#1074=ORIENTED_EDGE('',*,*,#1073,.T.);
#1075=CARTESIAN_POINT('',(-150.,18.499971859,78.5));
#1076=DIRECTION('',(-1.,0.,0.));
#1077=DIRECTION('',(0.,0.,1.));
#1078=AXIS2_PLACEMENT_3D('',#1075,#1076,#1077);
#1079=CIRCLE('',#1078,3.);
#1080=EDGE_CURVE('',#1067,#1065,#1079,.T.);
#1081=ORIENTED_EDGE('',*,*,#1080,.T.);
#1082=EDGE_LOOP('',(#1074,#1081));
#1083=FACE_BOUND('',#1082,.T.);
#1084=CARTESIAN_POINT('',(-150.,18.499971859,112.5));
#1085=VERTEX_POINT('',#1084);
#1086=CARTESIAN_POINT('',(-150.,21.499971859,109.5));
#1087=VERTEX_POINT('',#1086);
#1088=CARTESIAN_POINT('',(-150.,18.499971859,109.5));
#1089=DIRECTION('',(-1.,0.,0.));
#1090=DIRECTION('',(0.,0.,1.));
#1091=AXIS2_PLACEMENT_3D('',#1088,#1089,#1090);
#1092=CIRCLE('',#1091,3.);
#1093=EDGE_CURVE('',#1085,#1087,#1092,.T.);
#1094=ORIENTED_EDGE('',*,*,#1093,.T.);
#1095=CARTESIAN_POINT('',(-150.,18.499971859,109.5));
#1096=DIRECTION('',(-1.,0.,0.));
#1097=DIRECTION('',(0.,0.,1.));
#1098=AXIS2_PLACEMENT_3D('',#1095,#1096,#1097);
#1099=CIRCLE('',#1098,3.);
#1100=EDGE_CURVE('',#1087,#1085,#1099,.T.);
#1101=ORIENTED_EDGE('',*,*,#1100,.T.);
#1102=EDGE_LOOP('',(#1094,#1101));
#1103=FACE_BOUND('',#1102,.T.);
#1104=CARTESIAN_POINT('',(-150.,33.999971859,106.4));
#1105=VERTEX_POINT('',#1104);
#1106=CARTESIAN_POINT('',(-150.,21.599971859,94.));
#1107=VERTEX_POINT('',#1106);
#1108=CARTESIAN_POINT('',(-150.,33.999971859,94.));
#1109=DIRECTION('',(-1.,0.,0.));
#1110=DIRECTION('',(0.,0.,1.));
#1111=AXIS2_PLACEMENT_3D('',#1108,#1109,#1110);
#1112=CIRCLE('',#1111,12.4);
#1113=EDGE_CURVE('',#1105,#1107,#1112,.T.);
#1114=ORIENTED_EDGE('',*,*,#1113,.T.);
#1115=CARTESIAN_POINT('',(-150.,33.999971859,94.));
#1116=DIRECTION('',(-1.,0.,0.));
#1117=DIRECTION('',(0.,0.,1.));
#1118=AXIS2_PLACEMENT_3D('',#1115,#1116,#1117);
#1119=CIRCLE('',#1118,12.4);
#1120=EDGE_CURVE('',#1107,#1105,#1119,.T.);
#1121=ORIENTED_EDGE('',*,*,#1120,.T.);
#1122=EDGE_LOOP('',(#1114,#1121));
#1123=FACE_BOUND('',#1122,.T.);
#1124=CARTESIAN_POINT('',(-150.,54.,110.));
#1125=VERTEX_POINT('',#1124);
#1126=CARTESIAN_POINT('',(-150.,68.,110.));
#1127=VERTEX_POINT('',#1126);
#1128=CARTESIAN_POINT('',(-150.,54.,110.));
#1129=DIRECTION('',(-0.,1.,-0.));
#1130=VECTOR('',#1129,14.);
#1131=LINE('',#1128,#1130);
#1132=EDGE_CURVE('',#1125,#1127,#1131,.T.);
#1133=ORIENTED_EDGE('',*,*,#1132,.T.);
#1134=CARTESIAN_POINT('',(-150.,68.,100.));
#1135=VERTEX_POINT('',#1134);
#1136=CARTESIAN_POINT('',(-150.,68.,110.));
#1137=DIRECTION('',(-0.,-0.,-1.));
#1138=VECTOR('',#1137,10.);
#1139=LINE('',#1136,#1138);
#1140=EDGE_CURVE('',#1127,#1135,#1139,.T.);
#1141=ORIENTED_EDGE('',*,*,#1140,.T.);
#1142=CARTESIAN_POINT('',(-150.,54.,100.));
#1143=VERTEX_POINT('',#1142);
#1144=CARTESIAN_POINT('',(-150.,68.,100.));
#1145=DIRECTION('',(0.,-1.,0.));
#1146=VECTOR('',#1145,14.);
#1147=LINE('',#1144,#1146);
#1148=EDGE_CURVE('',#1135,#1143,#1147,.T.);
#1149=ORIENTED_EDGE('',*,*,#1148,.T.);
#1150=CARTESIAN_POINT('',(-150.,54.,100.));
#1151=DIRECTION('',(0.,0.,1.));
#1152=VECTOR('',#1151,10.);
#1153=LINE('',#1150,#1152);
#1154=EDGE_CURVE('',#1143,#1125,#1153,.T.);
#1155=ORIENTED_EDGE('',*,*,#1154,.T.);
#1156=EDGE_LOOP('',(#1133,#1141,#1149,#1155));
#1157=FACE_BOUND('',#1156,.T.);
#1158=CARTESIAN_POINT('',(-150.,30.499971859,120.));
#1159=VERTEX_POINT('',#1158);
#1160=CARTESIAN_POINT('',(-150.,23.499971859,120.));
#1161=VERTEX_POINT('',#1160);
#1162=CARTESIAN_POINT('',(-150.,30.499971859,120.));
#1163=DIRECTION('',(0.,-1.,0.));
#1164=VECTOR('',#1163,7.);
#1165=LINE('',#1162,#1164);
#1166=EDGE_CURVE('',#1159,#1161,#1165,.T.);
#1167=ORIENTED_EDGE('',*,*,#1166,.T.);
#1168=CARTESIAN_POINT('',(-150.,23.499971859,134.));
#1169=VERTEX_POINT('',#1168);
#1170=CARTESIAN_POINT('',(-150.,23.499971859,120.));
#1171=DIRECTION('',(0.,0.,1.));
#1172=VECTOR('',#1171,14.);
#1173=LINE('',#1170,#1172);
#1174=EDGE_CURVE('',#1161,#1169,#1173,.T.);
#1175=ORIENTED_EDGE('',*,*,#1174,.T.);
#1176=CARTESIAN_POINT('',(-150.,30.499971859,134.));
#1177=VERTEX_POINT('',#1176);
#1178=CARTESIAN_POINT('',(-150.,23.499971859,134.));
#1179=DIRECTION('',(-0.,1.,-0.));
#1180=VECTOR('',#1179,7.);
#1181=LINE('',#1178,#1180);
#1182=EDGE_CURVE('',#1169,#1177,#1181,.T.);
#1183=ORIENTED_EDGE('',*,*,#1182,.T.);
#1184=CARTESIAN_POINT('',(-150.,30.499971859,134.));
#1185=DIRECTION('',(-0.,-0.,-1.));
#1186=VECTOR('',#1185,14.);
#1187=LINE('',#1184,#1186);
#1188=EDGE_CURVE('',#1177,#1159,#1187,.T.);
#1189=ORIENTED_EDGE('',*,*,#1188,.T.);
#1190=EDGE_LOOP('',(#1167,#1175,#1183,#1189));
#1191=FACE_BOUND('',#1190,.T.);
#1192=ADVANCED_FACE('',(#825,#943,#963,#983,#1003,#1023,#1043,#1063,#1083,#1103,#1123,#1157,#1191),#738,.T.);
#1193=CARTESIAN_POINT('',(-179.7,20.764974982,149.));
#1194=DIRECTION('',(0.,0.,1.));
#1195=DIRECTION('',(1.,0.,0.));
#1196=AXIS2_PLACEMENT_3D('',#1193,#1194,#1195);
#1197=PLANE('',#1196);
#1198=ORIENTED_EDGE('',*,*,#900,.T.);
#1199=CARTESIAN_POINT('',(-154.684062043,93.363503119,149.));
#1200=VERTEX_POINT('',#1199);
#1201=CARTESIAN_POINT('',(-150.,88.679441076,149.));
#1202=DIRECTION('',(-0.707106781,0.707106781,0.));
#1203=VECTOR('',#1202,6.624264068);
#1204=LINE('',#1201,#1203);
#1205=EDGE_CURVE('',#887,#1200,#1204,.T.);
#1206=ORIENTED_EDGE('',*,*,#1205,.T.);
#1207=CARTESIAN_POINT('',(-176.515937957,93.363503119,149.));
#1208=VERTEX_POINT('',#1207);
#1209=CARTESIAN_POINT('',(-154.684062043,93.363503119,149.));
#1210=DIRECTION('',(-1.,-0.,0.));
#1211=VECTOR('',#1210,21.831875914);
#1212=LINE('',#1209,#1211);
#1213=EDGE_CURVE('',#1200,#1208,#1212,.T.);
#1214=ORIENTED_EDGE('',*,*,#1213,.T.);
#1215=CARTESIAN_POINT('',(-182.548528137,87.330912939,149.));
#1216=VERTEX_POINT('',#1215);
#1217=CARTESIAN_POINT('',(-176.515937957,93.363503119,149.));
#1218=DIRECTION('',(-0.707106781,-0.707106781,0.));
#1219=VECTOR('',#1218,8.531370849);
#1220=LINE('',#1217,#1219);
#1221=EDGE_CURVE('',#1208,#1216,#1220,.T.);
#1222=ORIENTED_EDGE('',*,*,#1221,.T.);
#1223=CARTESIAN_POINT('',(-182.548528136,47.892105229,148.999999996));
#1224=VERTEX_POINT('',#1223);
#1225=CARTESIAN_POINT('',(-182.548528137,87.330912939,149.));
#1226=DIRECTION('',(-0.,-1.,-0.));
#1227=VECTOR('',#1226,39.43880771);
#1228=LINE('',#1225,#1227);
#1229=EDGE_CURVE('',#1216,#1224,#1228,.T.);
#1230=ORIENTED_EDGE('',*,*,#1229,.T.);
#1231=CARTESIAN_POINT('',(-171.19223777,27.451322601,148.999999998));
#1232=VERTEX_POINT('',#1231);
#1233=CARTESIAN_POINT('',(-171.19223777,27.451322601,148.999999996));
#1234=DIRECTION('',(-0.485652735,0.874151829,-0.));
#1235=VECTOR('',#1234,23.383561007);
#1236=LINE('',#1233,#1235);
#1237=EDGE_CURVE('',#1232,#1224,#1236,.T.);
#1238=ORIENTED_EDGE('',*,*,#1237,.F.);
#1239=CARTESIAN_POINT('',(-163.007762231,27.451322601,148.999999997));
#1240=VERTEX_POINT('',#1239);
#1241=CARTESIAN_POINT('',(-163.007762231,27.451322599,149.000000003));
#1242=DIRECTION('',(-1.,-0.,0.));
#1243=VECTOR('',#1242,8.184475538);
#1244=LINE('',#1241,#1243);
#1245=EDGE_CURVE('',#1240,#1232,#1244,.T.);
#1246=ORIENTED_EDGE('',*,*,#1245,.F.);
#1247=CARTESIAN_POINT('',(-149.999999997,50.864676058,148.999999993));
#1248=DIRECTION('',(-0.485652735,-0.874151829,0.));
#1249=VECTOR('',#1248,26.784081064);
#1250=LINE('',#1247,#1249);
#1251=EDGE_CURVE('',#895,#1240,#1250,.T.);
#1252=ORIENTED_EDGE('',*,*,#1251,.F.);
#1253=EDGE_LOOP('',(#1198,#1206,#1214,#1222,#1230,#1238,#1246,#1252));
#1254=FACE_BOUND('',#1253,.T.);
#1255=CARTESIAN_POINT('',(-175.690170125,87.648393215,149.));
#1256=VERTEX_POINT('',#1255);
#1257=CARTESIAN_POINT('',(-170.990170125,87.648393215,149.));
#1258=VERTEX_POINT('',#1257);
#1259=CARTESIAN_POINT('',(-173.340170125,87.648393215,149.));
#1260=DIRECTION('',(0.,0.,1.));
#1261=DIRECTION('',(1.,0.,-0.));
#1262=AXIS2_PLACEMENT_3D('',#1259,#1260,#1261);
#1263=CIRCLE('',#1262,2.35);
#1264=EDGE_CURVE('',#1256,#1258,#1263,.T.);
#1265=ORIENTED_EDGE('',*,*,#1264,.F.);
#1266=CARTESIAN_POINT('',(-173.340170125,87.648393215,149.));
#1267=DIRECTION('',(0.,0.,1.));
#1268=DIRECTION('',(1.,0.,-0.));
#1269=AXIS2_PLACEMENT_3D('',#1266,#1267,#1268);
#1270=CIRCLE('',#1269,2.35);
#1271=EDGE_CURVE('',#1258,#1256,#1270,.T.);
#1272=ORIENTED_EDGE('',*,*,#1271,.F.);
#1273=EDGE_LOOP('',(#1265,#1272));
#1274=FACE_BOUND('',#1273,.T.);
#1275=CARTESIAN_POINT('',(-167.690170125,84.148393215,149.));
#1276=VERTEX_POINT('',#1275);
#1277=CARTESIAN_POINT('',(-165.340170125,84.148393215,149.));
#1278=DIRECTION('',(-0.,-0.,1.));
#1279=DIRECTION('',(-1.,0.,0.));
#1280=AXIS2_PLACEMENT_3D('',#1277,#1278,#1279);
#1281=CIRCLE('',#1280,2.35);
#1282=EDGE_CURVE('',#1276,#1276,#1281,.T.);
#1283=ORIENTED_EDGE('',*,*,#1282,.F.);
#1284=EDGE_LOOP('',(#1283));
#1285=FACE_BOUND('',#1284,.T.);
#1286=ADVANCED_FACE('',(#1254,#1274,#1285),#1197,.T.);
#1287=CARTESIAN_POINT('',(-157.55,109.659196879,64.00461159));
#1288=DIRECTION('',(1.,0.,0.));
#1289=DIRECTION('',(0.,0.,-1.));
#1290=AXIS2_PLACEMENT_3D('',#1287,#1288,#1289);
#1291=CYLINDRICAL_SURFACE('',#1290,45.);
#1292=CARTESIAN_POINT('',(-177.379723841,90.048906595,104.506914179));
#1293=VERTEX_POINT('',#1292);
#1294=CARTESIAN_POINT('',(-180.285786443,88.473336042,103.705484387));
#1295=VERTEX_POINT('',#1294);
#1296=CARTESIAN_POINT('',(-177.379723842,90.048906597,104.506914183));
#1297=CARTESIAN_POINT('',(-178.861415311,89.253249377,104.121675126));
#1298=CARTESIAN_POINT('',(-180.285786447,88.47333604,103.705484386));
#1299=(BOUNDED_CURVE()
B_SPLINE_CURVE(2,(#1296,#1297,#1298),.UNSPECIFIED.,.F.,.F.)
B_SPLINE_CURVE_WITH_KNOTS((3,3),(133.990504565,136.241336477),.UNSPECIFIED.)
CURVE()
GEOMETRIC_REPRESENTATION_ITEM()
RATIONAL_B_SPLINE_CURVE((1.,0.999807098,1.))
REPRESENTATION_ITEM(''));
#1300=EDGE_CURVE('',#1293,#1295,#1299,.T.);
#1301=ORIENTED_EDGE('',*,*,#1300,.F.);
#1302=CARTESIAN_POINT('',(-152.500000002,90.048906595,104.506914179));
#1303=VERTEX_POINT('',#1302);
#1304=CARTESIAN_POINT('',(-177.379723841,90.048906593,104.506914178));
#1305=DIRECTION('',(1.,0.,-0.));
#1306=VECTOR('',#1305,24.879723839);
#1307=LINE('',#1304,#1306);
#1308=EDGE_CURVE('',#1293,#1303,#1307,.T.);
#1309=ORIENTED_EDGE('',*,*,#1308,.T.);
#1310=CARTESIAN_POINT('',(-152.5,77.839391726,95.824416744));
#1311=VERTEX_POINT('',#1310);
#1312=CARTESIAN_POINT('',(-152.5,109.659196879,64.00461159));
#1313=DIRECTION('',(1.,0.,0.));
#1314=DIRECTION('',(0.,0.,-1.));
#1315=AXIS2_PLACEMENT_3D('',#1312,#1313,#1314);
#1316=CIRCLE('',#1315,45.);
#1317=EDGE_CURVE('',#1303,#1311,#1316,.T.);
#1318=ORIENTED_EDGE('',*,*,#1317,.T.);
#1319=CARTESIAN_POINT('',(-180.285786438,77.839391726,95.824416744));
#1320=VERTEX_POINT('',#1319);
#1321=CARTESIAN_POINT('',(-180.285786438,77.839391726,95.824416744));
#1322=DIRECTION('',(1.,-0.,-0.));
#1323=VECTOR('',#1322,27.785786437);
#1324=LINE('',#1321,#1323);
#1325=EDGE_CURVE('',#1320,#1311,#1324,.T.);
#1326=ORIENTED_EDGE('',*,*,#1325,.F.);
#1327=CARTESIAN_POINT('',(-180.285786438,109.659196879,64.00461159));
#1328=DIRECTION('',(-1.,-0.,-0.));
#1329=DIRECTION('',(0.,0.,-1.));
#1330=AXIS2_PLACEMENT_3D('',#1327,#1328,#1329);
#1331=CIRCLE('',#1330,45.);
#1332=EDGE_CURVE('',#1320,#1295,#1331,.T.);
#1333=ORIENTED_EDGE('',*,*,#1332,.T.);
#1334=EDGE_LOOP('',(#1301,#1309,#1318,#1326,#1333));
#1335=FACE_BOUND('',#1334,.T.);
#1336=ADVANCED_FACE('',(#1335),#1291,.F.);
#1337=CARTESIAN_POINT('',(-184.624264069,51.014974982,146.924264069));
#1338=DIRECTION('',(0.707106781,0.,-0.707106781));
#1339=DIRECTION('',(0.,1.,0.));
#1340=AXIS2_PLACEMENT_3D('',#1337,#1338,#1339);
#1341=PLANE('',#1340);
#1342=ORIENTED_EDGE('',*,*,#1229,.F.);
#1343=CARTESIAN_POINT('',(-182.548528138,87.330912939,149.));
#1344=DIRECTION('',(-0.678598345,0.281084638,-0.678598345));
#1345=VECTOR('',#1344,2.433651476);
#1346=LINE('',#1343,#1345);
#1347=EDGE_CURVE('',#1216,#181,#1346,.T.);
#1348=ORIENTED_EDGE('',*,*,#1347,.T.);
#1349=ORIENTED_EDGE('',*,*,#186,.F.);
#1350=CARTESIAN_POINT('',(-182.548528134,47.892105229,148.999999995));
#1351=DIRECTION('',(-0.377228828,-0.84581134,-0.377228827));
#1352=VECTOR('',#1351,4.377904712);
#1353=LINE('',#1350,#1352);
#1354=EDGE_CURVE('',#1224,#173,#1353,.T.);
#1355=ORIENTED_EDGE('',*,*,#1354,.F.);
#1356=EDGE_LOOP('',(#1342,#1348,#1349,#1355));
#1357=FACE_BOUND('',#1356,.T.);
#1358=ADVANCED_FACE('',(#1357),#1341,.F.);
#1359=CARTESIAN_POINT('',(-150.,109.659196879,64.00461159));
#1360=DIRECTION('',(1.,0.,0.));
#1361=DIRECTION('',(0.,0.,-1.));
#1362=AXIS2_PLACEMENT_3D('',#1359,#1360,#1361);
#1363=CONICAL_SURFACE('',#1362,47.5,44.999999949);
#1364=CARTESIAN_POINT('',(-150.672344399,91.687319381,107.246269147));
#1365=VERTEX_POINT('',#1364);
#1366=CARTESIAN_POINT('',(-150.,91.014974982,107.692630427));
#1367=CARTESIAN_POINT('',(-150.224323801,91.239298783,107.544465369));
#1368=CARTESIAN_POINT('',(-150.448440364,91.463415346,107.395683525));
#1369=CARTESIAN_POINT('',(-150.672344399,91.687319381,107.246269147));
#1370=B_SPLINE_CURVE_WITH_KNOTS('',3,(#1366,#1367,#1368,#1369),.UNSPECIFIED.,.F.,.F.,(4,4),(0.003482784,0.004533171),.UNSPECIFIED.);
#1371=EDGE_CURVE('',#870,#1365,#1370,.T.);
#1372=ORIENTED_EDGE('',*,*,#1371,.F.);
#1373=ORIENTED_EDGE('',*,*,#876,.F.);
#1374=CARTESIAN_POINT('',(-152.500000001,77.839391726,95.824416744));
#1375=DIRECTION('',(0.707106781,-0.5,0.5));
#1376=VECTOR('',#1375,3.535533906);
#1377=LINE('',#1374,#1376);
#1378=EDGE_CURVE('',#1311,#862,#1377,.T.);
#1379=ORIENTED_EDGE('',*,*,#1378,.F.);
#1380=ORIENTED_EDGE('',*,*,#1317,.F.);
#1381=CARTESIAN_POINT('',(-152.500000003,90.048906598,104.506914181));
#1382=CARTESIAN_POINT('',(-151.910080958,90.600716436,105.429516248));
#1383=CARTESIAN_POINT('',(-151.299738987,91.146523845,106.342082515));
#1384=CARTESIAN_POINT('',(-150.6723444,91.687319381,107.246269148));
#1385=B_SPLINE_CURVE_WITH_KNOTS('',3,(#1381,#1382,#1383,#1384),.UNSPECIFIED.,.F.,.F.,(4,4),(0.,0.00367815),.UNSPECIFIED.);
#1386=EDGE_CURVE('',#1303,#1365,#1385,.T.);
#1387=ORIENTED_EDGE('',*,*,#1386,.T.);
#1388=EDGE_LOOP('',(#1372,#1373,#1379,#1380,#1387));
#1389=FACE_BOUND('',#1388,.T.);
#1390=ADVANCED_FACE('',(#1389),#1363,.F.);
#1391=CARTESIAN_POINT('',(-180.992893219,109.659196879,64.00461159));
#1392=DIRECTION('',(-1.,0.,0.));
#1393=DIRECTION('',(0.,0.,1.));
#1394=AXIS2_PLACEMENT_3D('',#1391,#1392,#1393);
#1395=CONICAL_SURFACE('',#1394,45.707106781,44.999999949);
#1396=CARTESIAN_POINT('',(-184.126038212,88.088936771,107.823489619));
#1397=VERTEX_POINT('',#1396);
#1398=CARTESIAN_POINT('',(-184.2,88.014974981,107.869494427));
#1399=CARTESIAN_POINT('',(-184.175343974,88.039631007,107.854166229));
#1400=CARTESIAN_POINT('',(-184.150690043,88.064284939,107.838831298));
#1401=CARTESIAN_POINT('',(-184.126038211,88.088936771,107.823489617));
#1402=B_SPLINE_CURVE_WITH_KNOTS('',3,(#1398,#1399,#1400,#1401),.UNSPECIFIED.,.F.,.F.,(4,4),(0.,0.000114268),.UNSPECIFIED.);
#1403=EDGE_CURVE('',#189,#1397,#1402,.T.);
#1404=ORIENTED_EDGE('',*,*,#1403,.T.);
#1405=CARTESIAN_POINT('',(-184.126038212,88.088936771,107.82348962));
#1406=CARTESIAN_POINT('',(-182.840785784,88.221108816,106.456018125));
#1407=CARTESIAN_POINT('',(-181.560121187,88.349695678,105.083933578));
#1408=CARTESIAN_POINT('',(-180.285786439,88.473336044,103.705484387));
#1409=B_SPLINE_CURVE_WITH_KNOTS('',3,(#1405,#1406,#1407,#1408),.UNSPECIFIED.,.F.,.F.,(4,4),(0.,0.00564387),.UNSPECIFIED.);
#1410=EDGE_CURVE('',#1397,#1295,#1409,.T.);
#1411=ORIENTED_EDGE('',*,*,#1410,.T.);
#1412=ORIENTED_EDGE('',*,*,#1332,.F.);
#1413=CARTESIAN_POINT('',(-180.285786437,77.839391726,95.824416744));
#1414=CARTESIAN_POINT('',(-181.590524292,76.916802743,96.747005727));
#1415=CARTESIAN_POINT('',(-182.895262146,75.99421376,97.669594709));
#1416=CARTESIAN_POINT('',(-184.2,75.071624777,98.592183692));
#1417=B_SPLINE_CURVE_WITH_KNOTS('',3,(#1413,#1414,#1415,#1416),.UNSPECIFIED.,.F.,.F.,(4,4),(0.,5.535533906),.UNSPECIFIED.);
#1418=EDGE_CURVE('',#1320,#197,#1417,.T.);
#1419=ORIENTED_EDGE('',*,*,#1418,.T.);
#1420=ORIENTED_EDGE('',*,*,#203,.F.);
#1421=EDGE_LOOP('',(#1404,#1411,#1412,#1419,#1420));
#1422=FACE_BOUND('',#1421,.T.);
#1423=ADVANCED_FACE('',(#1422),#1395,.F.);
#1424=CARTESIAN_POINT('',(-168.85,-41.985025018,52.092));
#1425=DIRECTION('',(0.,1.,0.));
#1426=DIRECTION('',(0.,0.,1.));
#1427=AXIS2_PLACEMENT_3D('',#1424,#1425,#1426);
#1428=PLANE('',#1427);
#1429=CARTESIAN_POINT('',(-158.,-41.985025018,43.55));
#1430=VERTEX_POINT('',#1429);
#1431=CARTESIAN_POINT('',(-153.,-41.985025018,43.55));
#1432=VERTEX_POINT('',#1431);
#1433=CARTESIAN_POINT('',(-158.,-41.985025018,43.55));
#1434=DIRECTION('',(1.,0.,-0.));
#1435=VECTOR('',#1434,5.);
#1436=LINE('',#1433,#1435);
#1437=EDGE_CURVE('',#1430,#1432,#1436,.T.);
#1438=ORIENTED_EDGE('',*,*,#1437,.T.);
#1439=CARTESIAN_POINT('',(-153.,-41.985025018,49.81398738));
#1440=VERTEX_POINT('',#1439);
#1441=CARTESIAN_POINT('',(-153.,-41.985025018,43.55));
#1442=DIRECTION('',(0.,0.,1.));
#1443=VECTOR('',#1442,6.26398738);
#1444=LINE('',#1441,#1443);
#1445=EDGE_CURVE('',#1432,#1440,#1444,.T.);
#1446=ORIENTED_EDGE('',*,*,#1445,.T.);
#1447=CARTESIAN_POINT('',(-181.2,-41.985025018,49.81398738));
#1448=VERTEX_POINT('',#1447);
#1449=CARTESIAN_POINT('',(-153.,-41.985025018,49.81398738));
#1450=DIRECTION('',(-1.,-0.,0.));
#1451=VECTOR('',#1450,28.2);
#1452=LINE('',#1449,#1451);
#1453=EDGE_CURVE('',#1440,#1448,#1452,.T.);
#1454=ORIENTED_EDGE('',*,*,#1453,.T.);
#1455=CARTESIAN_POINT('',(-181.2,-41.985025018,-11.414213562));
#1456=VERTEX_POINT('',#1455);
#1457=CARTESIAN_POINT('',(-181.2,-41.985025018,49.81398738));
#1458=DIRECTION('',(-0.,-0.,-1.));
#1459=VECTOR('',#1458,61.228200942);
#1460=LINE('',#1457,#1459);
#1461=EDGE_CURVE('',#1448,#1456,#1460,.T.);
#1462=ORIENTED_EDGE('',*,*,#1461,.T.);
#1463=CARTESIAN_POINT('',(-176.54314575,-41.985025018,-18.));
#1464=VERTEX_POINT('',#1463);
#1465=CARTESIAN_POINT('',(-176.54314575,-41.985025017,-18.));
#1466=DIRECTION('',(-0.577350269,-0.,0.816496581));
#1467=VECTOR('',#1466,8.065908164);
#1468=LINE('',#1465,#1467);
#1469=EDGE_CURVE('',#1464,#1456,#1468,.T.);
#1470=ORIENTED_EDGE('',*,*,#1469,.F.);
#1471=CARTESIAN_POINT('',(-160.15685425,-41.985025018,-18.));
#1472=VERTEX_POINT('',#1471);
#1473=CARTESIAN_POINT('',(-160.15685425,-41.985025018,-18.));
#1474=DIRECTION('',(-1.,-0.,0.));
#1475=VECTOR('',#1474,16.3862915);
#1476=LINE('',#1473,#1475);
#1477=EDGE_CURVE('',#1472,#1464,#1476,.T.);
#1478=ORIENTED_EDGE('',*,*,#1477,.F.);
#1479=CARTESIAN_POINT('',(-154.6,-41.985025018,-10.141421356));
#1480=VERTEX_POINT('',#1479);
#1481=CARTESIAN_POINT('',(-154.6,-41.985025018,-10.141421356));
#1482=DIRECTION('',(-0.577350269,0.,-0.816496581));
#1483=VECTOR('',#1482,9.62475389);
#1484=LINE('',#1481,#1483);
#1485=EDGE_CURVE('',#1480,#1472,#1484,.T.);
#1486=ORIENTED_EDGE('',*,*,#1485,.F.);
#1487=CARTESIAN_POINT('',(-154.6,-41.985025018,2.704400204));
#1488=VERTEX_POINT('',#1487);
#1489=CARTESIAN_POINT('',(-154.6,-41.985025018,-10.141421356));
#1490=DIRECTION('',(0.,0.,1.));
#1491=VECTOR('',#1490,12.84582156);
#1492=LINE('',#1489,#1491);
#1493=EDGE_CURVE('',#1480,#1488,#1492,.T.);
#1494=ORIENTED_EDGE('',*,*,#1493,.T.);
#1495=CARTESIAN_POINT('',(-153.724501123,-41.985025018,4.828915571));
#1496=VERTEX_POINT('',#1495);
#1497=CARTESIAN_POINT('',(-154.6,-41.985025018,2.704400204));
#1498=CARTESIAN_POINT('',(-154.600419124,-41.985025018,2.902498447));
#1499=CARTESIAN_POINT('',(-154.580766485,-41.985025018,3.097214748));
#1500=CARTESIAN_POINT('',(-154.542579202,-41.985025018,3.2888081));
#1501=CARTESIAN_POINT('',(-154.523485561,-41.985025018,3.384604776));
#1502=CARTESIAN_POINT('',(-154.4997158,-41.985025018,3.479613561));
#1503=CARTESIAN_POINT('',(-154.471215095,-41.985025018,3.573825217));
#1504=CARTESIAN_POINT('',(-154.442714389,-41.985025018,3.668036873));
#1505=CARTESIAN_POINT('',(-154.409353513,-41.985025018,3.761623542));
#1506=CARTESIAN_POINT('',(-154.371949055,-41.985025018,3.852440213));
#1507=CARTESIAN_POINT('',(-154.297140138,-41.985025018,4.034073554));
#1508=CARTESIAN_POINT('',(-154.205797651,-41.985025018,4.206708625));
#1509=CARTESIAN_POINT('',(-154.09778016,-41.985025018,4.37026845));
#1510=CARTESIAN_POINT('',(-153.989762669,-41.985025018,4.533828276));
#1511=CARTESIAN_POINT('',(-153.864337812,-41.985025018,4.68865765));
#1512=CARTESIAN_POINT('',(-153.724501127,-41.985025018,4.828915575));
#1513=B_SPLINE_CURVE_WITH_KNOTS('',3,(#1497,#1498,#1499,#1500,#1501,#1502,#1503,#1504,#1505,#1506,#1507,#1508,#1509,#1510,#1511,#1512),.UNSPECIFIED.,.F.,.F.,(4,3,3,3,3,4),(0.,0.000585825,0.000878738,0.001171651,0.001757476,0.002343301),.UNSPECIFIED.);
#1514=EDGE_CURVE('',#1488,#1496,#1513,.T.);
#1515=ORIENTED_EDGE('',*,*,#1514,.T.);
#1516=CARTESIAN_POINT('',(-151.296074001,-41.985025019,7.257391619));
#1517=VERTEX_POINT('',#1516);
#1518=CARTESIAN_POINT('',(-153.724501127,-41.985025018,4.828915575));
#1519=DIRECTION('',(0.707099659,0.,0.707113903));
#1520=VECTOR('',#1519,3.434349167);
#1521=LINE('',#1518,#1520);
#1522=EDGE_CURVE('',#1496,#1517,#1521,.T.);
#1523=ORIENTED_EDGE('',*,*,#1522,.T.);
#1524=CARTESIAN_POINT('',(-151.,-41.985025018,7.96136035));
#1525=VERTEX_POINT('',#1524);
#1526=CARTESIAN_POINT('',(-151.296074002,-41.985025018,7.25739162));
#1527=CARTESIAN_POINT('',(-151.202629956,-41.985025018,7.349998743));
#1528=CARTESIAN_POINT('',(-151.130603291,-41.985025018,7.45853134));
#1529=CARTESIAN_POINT('',(-151.07961929,-41.985025018,7.57938527));
#1530=CARTESIAN_POINT('',(-151.028635289,-41.985025018,7.700239199));
#1531=CARTESIAN_POINT('',(-151.000834539,-41.985025018,7.829872184));
#1532=CARTESIAN_POINT('',(-151.,-41.985025018,7.96136035));
#1533=B_SPLINE_CURVE_WITH_KNOTS('',3,(#1526,#1527,#1528,#1529,#1530,#1531,#1532),.UNSPECIFIED.,.F.,.F.,(4,3,4),(0.,0.000388055,0.000776111),.UNSPECIFIED.);
#1534=EDGE_CURVE('',#1517,#1525,#1533,.T.);
#1535=ORIENTED_EDGE('',*,*,#1534,.T.);
#1536=CARTESIAN_POINT('',(-151.,-41.985025018,16.45));
#1537=VERTEX_POINT('',#1536);
#1538=CARTESIAN_POINT('',(-151.,-41.985025018,7.96136035));
#1539=DIRECTION('',(0.,0.,1.));
#1540=VECTOR('',#1539,8.48863965);
#1541=LINE('',#1538,#1540);
#1542=EDGE_CURVE('',#1525,#1537,#1541,.T.);
#1543=ORIENTED_EDGE('',*,*,#1542,.T.);
#1544=CARTESIAN_POINT('',(-158.,-41.985025018,16.45));
#1545=VERTEX_POINT('',#1544);
#1546=CARTESIAN_POINT('',(-151.,-41.985025018,16.45));
#1547=DIRECTION('',(-1.,-0.,0.));
#1548=VECTOR('',#1547,7.);
#1549=LINE('',#1546,#1548);
#1550=EDGE_CURVE('',#1537,#1545,#1549,.T.);
#1551=ORIENTED_EDGE('',*,*,#1550,.T.);
#1552=CARTESIAN_POINT('',(-158.,-41.985025018,16.45));
#1553=DIRECTION('',(0.,0.,1.));
#1554=VECTOR('',#1553,27.1);
#1555=LINE('',#1552,#1554);
#1556=EDGE_CURVE('',#1545,#1430,#1555,.T.);
#1557=ORIENTED_EDGE('',*,*,#1556,.T.);
#1558=EDGE_LOOP('',(#1438,#1446,#1454,#1462,#1470,#1478,#1486,#1494,#1515,#1523,#1535,#1543,#1551,#1557));
#1559=FACE_BOUND('',#1558,.T.);
#1560=CARTESIAN_POINT('',(-167.1,-41.985025018,10.));
#1561=VERTEX_POINT('',#1560);
#1562=CARTESIAN_POINT('',(-167.1,-41.985025018,-13.));
#1563=VERTEX_POINT('',#1562);
#1564=CARTESIAN_POINT('',(-167.1,-41.985025018,-1.5));
#1565=DIRECTION('',(0.,1.,0.));
#1566=DIRECTION('',(0.,-0.,1.));
#1567=AXIS2_PLACEMENT_3D('',#1564,#1565,#1566);
#1568=CIRCLE('',#1567,11.5);
#1569=EDGE_CURVE('',#1561,#1563,#1568,.T.);
#1570=ORIENTED_EDGE('',*,*,#1569,.T.);
#1571=CARTESIAN_POINT('',(-167.1,-41.985025018,-1.5));
#1572=DIRECTION('',(0.,1.,0.));
#1573=DIRECTION('',(0.,-0.,1.));
#1574=AXIS2_PLACEMENT_3D('',#1571,#1572,#1573);
#1575=CIRCLE('',#1574,11.5);
#1576=EDGE_CURVE('',#1563,#1561,#1575,.T.);
#1577=ORIENTED_EDGE('',*,*,#1576,.T.);
#1578=EDGE_LOOP('',(#1570,#1577));
#1579=FACE_BOUND('',#1578,.T.);
#1580=ADVANCED_FACE('',(#1559,#1579),#1428,.F.);
#1581=CARTESIAN_POINT('',(-167.1,-38.48502463,-1.5));
#1582=DIRECTION('',(0.,-1.,0.));
#1583=DIRECTION('',(0.,0.,1.));
#1584=AXIS2_PLACEMENT_3D('',#1581,#1582,#1583);
#1585=PLANE('',#1584);
#1586=CARTESIAN_POINT('',(-175.1,-38.48502463,-2.9));
#1587=VERTEX_POINT('',#1586);
#1588=CARTESIAN_POINT('',(-175.1,-38.48502463,-0.1));
#1589=VERTEX_POINT('',#1588);
#1590=CARTESIAN_POINT('',(-175.1,-38.48502463,-1.5));
#1591=DIRECTION('',(-0.,1.,-0.));
#1592=DIRECTION('',(0.,0.,-1.));
#1593=AXIS2_PLACEMENT_3D('',#1590,#1591,#1592);
#1594=CIRCLE('',#1593,1.4);
#1595=EDGE_CURVE('',#1587,#1589,#1594,.T.);
#1596=ORIENTED_EDGE('',*,*,#1595,.T.);
#1597=CARTESIAN_POINT('',(-175.1,-38.48502463,-1.5));
#1598=DIRECTION('',(-0.,1.,-0.));
#1599=DIRECTION('',(0.,0.,-1.));
#1600=AXIS2_PLACEMENT_3D('',#1597,#1598,#1599);
#1601=CIRCLE('',#1600,1.4);
#1602=EDGE_CURVE('',#1589,#1587,#1601,.T.);
#1603=ORIENTED_EDGE('',*,*,#1602,.T.);
#1604=EDGE_LOOP('',(#1596,#1603));
#1605=FACE_BOUND('',#1604,.T.);
#1606=CARTESIAN_POINT('',(-159.1,-38.48502463,-2.9));
#1607=VERTEX_POINT('',#1606);
#1608=CARTESIAN_POINT('',(-159.1,-38.48502463,-0.1));
#1609=VERTEX_POINT('',#1608);
#1610=CARTESIAN_POINT('',(-159.1,-38.48502463,-1.5));
#1611=DIRECTION('',(-0.,1.,-0.));
#1612=DIRECTION('',(0.,0.,-1.));
#1613=AXIS2_PLACEMENT_3D('',#1610,#1611,#1612);
#1614=CIRCLE('',#1613,1.4);
#1615=EDGE_CURVE('',#1607,#1609,#1614,.T.);
#1616=ORIENTED_EDGE('',*,*,#1615,.T.);
#1617=CARTESIAN_POINT('',(-159.1,-38.48502463,-1.5));
#1618=DIRECTION('',(-0.,1.,-0.));
#1619=DIRECTION('',(0.,0.,-1.));
#1620=AXIS2_PLACEMENT_3D('',#1617,#1618,#1619);
#1621=CIRCLE('',#1620,1.4);
#1622=EDGE_CURVE('',#1609,#1607,#1621,.T.);
#1623=ORIENTED_EDGE('',*,*,#1622,.T.);
#1624=EDGE_LOOP('',(#1616,#1623));
#1625=FACE_BOUND('',#1624,.T.);
#1626=CARTESIAN_POINT('',(-167.1,-38.48502463,-11.85));
#1627=VERTEX_POINT('',#1626);
#1628=CARTESIAN_POINT('',(-169.45,-38.48502463,-9.5));
#1629=VERTEX_POINT('',#1628);
#1630=CARTESIAN_POINT('',(-167.1,-38.48502463,-9.5));
#1631=DIRECTION('',(-0.,1.,-0.));
#1632=DIRECTION('',(0.,0.,-1.));
#1633=AXIS2_PLACEMENT_3D('',#1630,#1631,#1632);
#1634=CIRCLE('',#1633,2.35);
#1635=EDGE_CURVE('',#1627,#1629,#1634,.T.);
#1636=ORIENTED_EDGE('',*,*,#1635,.T.);
#1637=CARTESIAN_POINT('',(-167.1,-38.48502463,-9.5));
#1638=DIRECTION('',(-0.,1.,-0.));
#1639=DIRECTION('',(0.,0.,-1.));
#1640=AXIS2_PLACEMENT_3D('',#1637,#1638,#1639);
#1641=CIRCLE('',#1640,2.35);
#1642=EDGE_CURVE('',#1629,#1627,#1641,.T.);
#1643=ORIENTED_EDGE('',*,*,#1642,.T.);
#1644=EDGE_LOOP('',(#1636,#1643));
#1645=FACE_BOUND('',#1644,.T.);
#1646=CARTESIAN_POINT('',(-167.100019112,-38.48502463,4.15));
#1647=VERTEX_POINT('',#1646);
#1648=CARTESIAN_POINT('',(-164.750019112,-38.48502463,6.5));
#1649=VERTEX_POINT('',#1648);
#1650=CARTESIAN_POINT('',(-167.100019112,-38.48502463,6.5));
#1651=DIRECTION('',(-0.,1.,-0.));
#1652=DIRECTION('',(0.,0.,-1.));
#1653=AXIS2_PLACEMENT_3D('',#1650,#1651,#1652);
#1654=CIRCLE('',#1653,2.35);
#1655=EDGE_CURVE('',#1647,#1649,#1654,.T.);
#1656=ORIENTED_EDGE('',*,*,#1655,.T.);
#1657=CARTESIAN_POINT('',(-167.100019112,-38.48502463,6.5));
#1658=DIRECTION('',(-0.,1.,-0.));
#1659=DIRECTION('',(0.,0.,-1.));
#1660=AXIS2_PLACEMENT_3D('',#1657,#1658,#1659);
#1661=CIRCLE('',#1660,2.35);
#1662=EDGE_CURVE('',#1649,#1647,#1661,.T.);
#1663=ORIENTED_EDGE('',*,*,#1662,.T.);
#1664=EDGE_LOOP('',(#1656,#1663));
#1665=FACE_BOUND('',#1664,.T.);
#1666=CARTESIAN_POINT('',(-167.1,-38.48502463,10.));
#1667=VERTEX_POINT('',#1666);
#1668=CARTESIAN_POINT('',(-167.1,-38.48502463,-13.));
#1669=VERTEX_POINT('',#1668);
#1670=CARTESIAN_POINT('',(-167.1,-38.48502463,-1.5));
#1671=DIRECTION('',(-0.,-1.,-0.));
#1672=DIRECTION('',(0.,-0.,1.));
#1673=AXIS2_PLACEMENT_3D('',#1670,#1671,#1672);
#1674=CIRCLE('',#1673,11.5);
#1675=EDGE_CURVE('',#1667,#1669,#1674,.T.);
#1676=ORIENTED_EDGE('',*,*,#1675,.T.);
#1677=CARTESIAN_POINT('',(-167.1,-38.48502463,-1.5));
#1678=DIRECTION('',(-0.,-1.,-0.));
#1679=DIRECTION('',(0.,-0.,1.));
#1680=AXIS2_PLACEMENT_3D('',#1677,#1678,#1679);
#1681=CIRCLE('',#1680,11.5);
#1682=EDGE_CURVE('',#1669,#1667,#1681,.T.);
#1683=ORIENTED_EDGE('',*,*,#1682,.T.);
#1684=EDGE_LOOP('',(#1676,#1683));
#1685=FACE_BOUND('',#1684,.T.);
#1686=CARTESIAN_POINT('',(-172.35,-38.48502463,-1.5));
#1687=VERTEX_POINT('',#1686);
#1688=CARTESIAN_POINT('',(-167.1,-38.48502463,-6.75));
#1689=VERTEX_POINT('',#1688);
#1690=CARTESIAN_POINT('',(-167.1,-38.48502463,-1.5));
#1691=DIRECTION('',(0.,-1.,0.));
#1692=DIRECTION('',(0.,0.,-1.));
#1693=AXIS2_PLACEMENT_3D('',#1690,#1691,#1692);
#1694=CIRCLE('',#1693,5.25);
#1695=EDGE_CURVE('',#1687,#1689,#1694,.T.);
#1696=ORIENTED_EDGE('',*,*,#1695,.F.);
#1697=CARTESIAN_POINT('',(-167.1,-38.48502463,-1.5));
#1698=DIRECTION('',(0.,-1.,0.));
#1699=DIRECTION('',(0.,0.,-1.));
#1700=AXIS2_PLACEMENT_3D('',#1697,#1698,#1699);
#1701=CIRCLE('',#1700,5.25);
#1702=EDGE_CURVE('',#1689,#1687,#1701,.T.);
#1703=ORIENTED_EDGE('',*,*,#1702,.F.);
#1704=EDGE_LOOP('',(#1696,#1703));
#1705=FACE_BOUND('',#1704,.T.);
#1706=ADVANCED_FACE('',(#1605,#1625,#1645,#1665,#1685,#1705),#1585,.T.);
#1707=CARTESIAN_POINT('',(-167.1,-61.985025018,-1.5));
#1708=DIRECTION('',(0.,-1.,0.));
#1709=DIRECTION('',(-1.,0.,0.));
#1710=AXIS2_PLACEMENT_3D('',#1707,#1708,#1709);
#1711=CYLINDRICAL_SURFACE('',#1710,5.25);
#1712=CARTESIAN_POINT('',(-172.35,47.514974982,-1.5));
#1713=VERTEX_POINT('',#1712);
#1714=CARTESIAN_POINT('',(-172.35,-38.48502463,-1.5));
#1715=DIRECTION('',(-0.,1.,-0.));
#1716=VECTOR('',#1715,85.999999612);
#1717=LINE('',#1714,#1716);
#1718=EDGE_CURVE('',#1687,#1713,#1717,.T.);
#1719=ORIENTED_EDGE('',*,*,#1718,.F.);
#1720=ORIENTED_EDGE('',*,*,#1695,.T.);
#1721=ORIENTED_EDGE('',*,*,#1702,.T.);
#1722=ORIENTED_EDGE('',*,*,#1718,.T.);
#1723=CARTESIAN_POINT('',(-167.1,47.514974982,-6.75));
#1724=VERTEX_POINT('',#1723);
#1725=CARTESIAN_POINT('',(-167.1,47.514974982,-1.5));
#1726=DIRECTION('',(-0.,1.,-0.));
#1727=DIRECTION('',(0.,0.,-1.));
#1728=AXIS2_PLACEMENT_3D('',#1725,#1726,#1727);
#1729=CIRCLE('',#1728,5.25);
#1730=EDGE_CURVE('',#1713,#1724,#1729,.T.);
#1731=ORIENTED_EDGE('',*,*,#1730,.T.);
#1732=CARTESIAN_POINT('',(-167.1,47.514974982,-1.5));
#1733=DIRECTION('',(-0.,1.,-0.));
#1734=DIRECTION('',(0.,0.,-1.));
#1735=AXIS2_PLACEMENT_3D('',#1732,#1733,#1734);
#1736=CIRCLE('',#1735,5.25);
#1737=EDGE_CURVE('',#1724,#1713,#1736,.T.);
#1738=ORIENTED_EDGE('',*,*,#1737,.T.);
#1739=EDGE_LOOP('',(#1719,#1720,#1721,#1722,#1731,#1738));
#1740=FACE_BOUND('',#1739,.T.);
#1741=ADVANCED_FACE('',(#1740),#1711,.F.);
#1742=CARTESIAN_POINT('',(-167.100019112,-16.48502463,6.5));
#1743=DIRECTION('',(0.,-1.,0.));
#1744=DIRECTION('',(1.,0.,0.));
#1745=AXIS2_PLACEMENT_3D('',#1742,#1743,#1744);
#1746=CYLINDRICAL_SURFACE('',#1745,2.35);
#1747=CARTESIAN_POINT('',(-164.750019112,47.514974982,6.5));
#1748=VERTEX_POINT('',#1747);
#1749=CARTESIAN_POINT('',(-164.750019112,-38.48502463,6.5));
#1750=DIRECTION('',(-0.,1.,-0.));
#1751=VECTOR('',#1750,85.999999612);
#1752=LINE('',#1749,#1751);
#1753=EDGE_CURVE('',#1649,#1748,#1752,.T.);
#1754=ORIENTED_EDGE('',*,*,#1753,.F.);
#1755=ORIENTED_EDGE('',*,*,#1655,.F.);
#1756=ORIENTED_EDGE('',*,*,#1662,.F.);
#1757=ORIENTED_EDGE('',*,*,#1753,.T.);
#1758=CARTESIAN_POINT('',(-167.100019112,47.514974982,4.15));
#1759=VERTEX_POINT('',#1758);
#1760=CARTESIAN_POINT('',(-167.100019112,47.514974982,6.5));
#1761=DIRECTION('',(0.,-1.,0.));
#1762=DIRECTION('',(0.,0.,-1.));
#1763=AXIS2_PLACEMENT_3D('',#1760,#1761,#1762);
#1764=CIRCLE('',#1763,2.35);
#1765=EDGE_CURVE('',#1759,#1748,#1764,.T.);
#1766=ORIENTED_EDGE('',*,*,#1765,.F.);
#1767=CARTESIAN_POINT('',(-167.100019112,47.514974982,6.5));
#1768=DIRECTION('',(0.,-1.,0.));
#1769=DIRECTION('',(0.,0.,-1.));
#1770=AXIS2_PLACEMENT_3D('',#1767,#1768,#1769);
#1771=CIRCLE('',#1770,2.35);
#1772=EDGE_CURVE('',#1748,#1759,#1771,.T.);
#1773=ORIENTED_EDGE('',*,*,#1772,.F.);
#1774=EDGE_LOOP('',(#1754,#1755,#1756,#1757,#1766,#1773));
#1775=FACE_BOUND('',#1774,.T.);
#1776=ADVANCED_FACE('',(#1775),#1746,.F.);
#1777=CARTESIAN_POINT('',(-167.1,-9.48502463,-9.5));
#1778=DIRECTION('',(0.,-1.,0.));
#1779=DIRECTION('',(-1.,0.,0.));
#1780=AXIS2_PLACEMENT_3D('',#1777,#1778,#1779);
#1781=CYLINDRICAL_SURFACE('',#1780,2.35);
#1782=CARTESIAN_POINT('',(-169.45,47.514974982,-9.5));
#1783=VERTEX_POINT('',#1782);
#1784=CARTESIAN_POINT('',(-169.45,-38.48502463,-9.5));
#1785=DIRECTION('',(-0.,1.,-0.));
#1786=VECTOR('',#1785,85.999999612);
#1787=LINE('',#1784,#1786);
#1788=EDGE_CURVE('',#1629,#1783,#1787,.T.);
#1789=ORIENTED_EDGE('',*,*,#1788,.F.);
#1790=ORIENTED_EDGE('',*,*,#1635,.F.);
#1791=ORIENTED_EDGE('',*,*,#1642,.F.);
#1792=ORIENTED_EDGE('',*,*,#1788,.T.);
#1793=CARTESIAN_POINT('',(-167.1,47.514974982,-11.85));
#1794=VERTEX_POINT('',#1793);
#1795=CARTESIAN_POINT('',(-167.1,47.514974982,-9.5));
#1796=DIRECTION('',(0.,-1.,0.));
#1797=DIRECTION('',(0.,0.,-1.));
#1798=AXIS2_PLACEMENT_3D('',#1795,#1796,#1797);
#1799=CIRCLE('',#1798,2.35);
#1800=EDGE_CURVE('',#1794,#1783,#1799,.T.);
#1801=ORIENTED_EDGE('',*,*,#1800,.F.);
#1802=CARTESIAN_POINT('',(-167.1,47.514974982,-9.5));
#1803=DIRECTION('',(0.,-1.,0.));
#1804=DIRECTION('',(0.,0.,-1.));
#1805=AXIS2_PLACEMENT_3D('',#1802,#1803,#1804);
#1806=CIRCLE('',#1805,2.35);
#1807=EDGE_CURVE('',#1783,#1794,#1806,.T.);
#1808=ORIENTED_EDGE('',*,*,#1807,.F.);
#1809=EDGE_LOOP('',(#1789,#1790,#1791,#1792,#1801,#1808));
#1810=FACE_BOUND('',#1809,.T.);
#1811=ADVANCED_FACE('',(#1810),#1781,.F.);
#1812=CARTESIAN_POINT('',(-159.1,-28.48502463,-1.5));
#1813=DIRECTION('',(0.,-1.,0.));
#1814=DIRECTION('',(0.,0.,1.));
#1815=AXIS2_PLACEMENT_3D('',#1812,#1813,#1814);
#1816=CYLINDRICAL_SURFACE('',#1815,1.4);
#1817=CARTESIAN_POINT('',(-159.1,47.514974982,-0.1));
#1818=VERTEX_POINT('',#1817);
#1819=CARTESIAN_POINT('',(-159.1,-38.48502463,-0.1));
#1820=DIRECTION('',(-0.,1.,-0.));
#1821=VECTOR('',#1820,85.999999612);
#1822=LINE('',#1819,#1821);
#1823=EDGE_CURVE('',#1609,#1818,#1822,.T.);
#1824=ORIENTED_EDGE('',*,*,#1823,.F.);
#1825=ORIENTED_EDGE('',*,*,#1615,.F.);
#1826=ORIENTED_EDGE('',*,*,#1622,.F.);
#1827=ORIENTED_EDGE('',*,*,#1823,.T.);
#1828=CARTESIAN_POINT('',(-159.1,47.514974982,-2.9));
#1829=VERTEX_POINT('',#1828);
#1830=CARTESIAN_POINT('',(-159.1,47.514974982,-1.5));
#1831=DIRECTION('',(0.,-1.,0.));
#1832=DIRECTION('',(0.,0.,-1.));
#1833=AXIS2_PLACEMENT_3D('',#1830,#1831,#1832);
#1834=CIRCLE('',#1833,1.4);
#1835=EDGE_CURVE('',#1829,#1818,#1834,.T.);
#1836=ORIENTED_EDGE('',*,*,#1835,.F.);
#1837=CARTESIAN_POINT('',(-159.1,47.514974982,-1.5));
#1838=DIRECTION('',(0.,-1.,0.));
#1839=DIRECTION('',(0.,0.,-1.));
#1840=AXIS2_PLACEMENT_3D('',#1837,#1838,#1839);
#1841=CIRCLE('',#1840,1.4);
#1842=EDGE_CURVE('',#1818,#1829,#1841,.T.);
#1843=ORIENTED_EDGE('',*,*,#1842,.F.);
#1844=EDGE_LOOP('',(#1824,#1825,#1826,#1827,#1836,#1843));
#1845=FACE_BOUND('',#1844,.T.);
#1846=ADVANCED_FACE('',(#1845),#1816,.F.);
#1847=CARTESIAN_POINT('',(-175.1,-28.48502463,-1.5));
#1848=DIRECTION('',(0.,-1.,0.));
#1849=DIRECTION('',(0.,0.,1.));
#1850=AXIS2_PLACEMENT_3D('',#1847,#1848,#1849);
#1851=CYLINDRICAL_SURFACE('',#1850,1.4);
#1852=CARTESIAN_POINT('',(-175.1,47.514974982,-0.1));
#1853=VERTEX_POINT('',#1852);
#1854=CARTESIAN_POINT('',(-175.1,-38.48502463,-0.1));
#1855=DIRECTION('',(-0.,1.,-0.));
#1856=VECTOR('',#1855,85.999999612);
#1857=LINE('',#1854,#1856);
#1858=EDGE_CURVE('',#1589,#1853,#1857,.T.);
#1859=ORIENTED_EDGE('',*,*,#1858,.F.);
#1860=ORIENTED_EDGE('',*,*,#1595,.F.);
#1861=ORIENTED_EDGE('',*,*,#1602,.F.);
#1862=ORIENTED_EDGE('',*,*,#1858,.T.);
#1863=CARTESIAN_POINT('',(-175.1,47.514974982,-2.9));
#1864=VERTEX_POINT('',#1863);
#1865=CARTESIAN_POINT('',(-175.1,47.514974982,-1.5));
#1866=DIRECTION('',(0.,-1.,0.));
#1867=DIRECTION('',(0.,0.,-1.));
#1868=AXIS2_PLACEMENT_3D('',#1865,#1866,#1867);
#1869=CIRCLE('',#1868,1.4);
#1870=EDGE_CURVE('',#1864,#1853,#1869,.T.);
#1871=ORIENTED_EDGE('',*,*,#1870,.F.);
#1872=CARTESIAN_POINT('',(-175.1,47.514974982,-1.5));
#1873=DIRECTION('',(0.,-1.,0.));
#1874=DIRECTION('',(0.,0.,-1.));
#1875=AXIS2_PLACEMENT_3D('',#1872,#1873,#1874);
#1876=CIRCLE('',#1875,1.4);
#1877=EDGE_CURVE('',#1853,#1864,#1876,.T.);
#1878=ORIENTED_EDGE('',*,*,#1877,.F.);
#1879=EDGE_LOOP('',(#1859,#1860,#1861,#1862,#1871,#1878));
#1880=FACE_BOUND('',#1879,.T.);
#1881=ADVANCED_FACE('',(#1880),#1851,.F.);
#1882=CARTESIAN_POINT('',(-167.1,-41.98502463,-1.5));
#1883=DIRECTION('',(0.,1.,0.));
#1884=DIRECTION('',(0.,0.,-1.));
#1885=AXIS2_PLACEMENT_3D('',#1882,#1883,#1884);
#1886=CYLINDRICAL_SURFACE('',#1885,11.5);
#1887=CARTESIAN_POINT('',(-167.1,-38.48502463,-13.));
#1888=DIRECTION('',(-0.,-1.,-0.));
#1889=VECTOR('',#1888,3.500000388);
#1890=LINE('',#1887,#1889);
#1891=EDGE_CURVE('',#1669,#1563,#1890,.T.);
#1892=ORIENTED_EDGE('',*,*,#1891,.F.);
#1893=ORIENTED_EDGE('',*,*,#1675,.F.);
#1894=ORIENTED_EDGE('',*,*,#1682,.F.);
#1895=ORIENTED_EDGE('',*,*,#1891,.T.);
#1896=ORIENTED_EDGE('',*,*,#1569,.F.);
#1897=ORIENTED_EDGE('',*,*,#1576,.F.);
#1898=EDGE_LOOP('',(#1892,#1893,#1894,#1895,#1896,#1897));
#1899=FACE_BOUND('',#1898,.T.);
#1900=ADVANCED_FACE('',(#1899),#1886,.F.);
#1901=CARTESIAN_POINT('',(-167.1,47.514974982,-1.5));
#1902=DIRECTION('',(0.,1.,0.));
#1903=DIRECTION('',(0.,0.,1.));
#1904=AXIS2_PLACEMENT_3D('',#1901,#1902,#1903);
#1905=PLANE('',#1904);
#1906=ORIENTED_EDGE('',*,*,#1870,.T.);
#1907=ORIENTED_EDGE('',*,*,#1877,.T.);
#1908=EDGE_LOOP('',(#1906,#1907));
#1909=FACE_BOUND('',#1908,.T.);
#1910=ORIENTED_EDGE('',*,*,#1835,.T.);
#1911=ORIENTED_EDGE('',*,*,#1842,.T.);
#1912=EDGE_LOOP('',(#1910,#1911));
#1913=FACE_BOUND('',#1912,.T.);
#1914=ORIENTED_EDGE('',*,*,#1800,.T.);
#1915=ORIENTED_EDGE('',*,*,#1807,.T.);
#1916=EDGE_LOOP('',(#1914,#1915));
#1917=FACE_BOUND('',#1916,.T.);
#1918=ORIENTED_EDGE('',*,*,#1765,.T.);
#1919=ORIENTED_EDGE('',*,*,#1772,.T.);
#1920=EDGE_LOOP('',(#1918,#1919));
#1921=FACE_BOUND('',#1920,.T.);
#1922=CARTESIAN_POINT('',(-167.1,47.514974982,-13.));
#1923=VERTEX_POINT('',#1922);
#1924=CARTESIAN_POINT('',(-167.1,47.514974982,-1.5));
#1925=DIRECTION('',(-0.,1.,-0.));
#1926=DIRECTION('',(0.,0.,-1.));
#1927=AXIS2_PLACEMENT_3D('',#1924,#1925,#1926);
#1928=CIRCLE('',#1927,11.5);
#1929=EDGE_CURVE('',#1923,#1923,#1928,.T.);
#1930=ORIENTED_EDGE('',*,*,#1929,.T.);
#1931=EDGE_LOOP('',(#1930));
#1932=FACE_BOUND('',#1931,.T.);
#1933=ORIENTED_EDGE('',*,*,#1730,.F.);
#1934=ORIENTED_EDGE('',*,*,#1737,.F.);
#1935=EDGE_LOOP('',(#1933,#1934));
#1936=FACE_BOUND('',#1935,.T.);
#1937=ADVANCED_FACE('',(#1909,#1913,#1917,#1921,#1932,#1936),#1905,.T.);
#1938=CARTESIAN_POINT('',(-153.914213562,-63.,-18.585786438));
#1939=DIRECTION('',(0.707106781,0.,-0.707106781));
#1940=DIRECTION('',(0.,1.,0.));
#1941=AXIS2_PLACEMENT_3D('',#1938,#1939,#1940);
#1942=PLANE('',#1941);
#1943=CARTESIAN_POINT('',(-157.328427124,37.033123219,-22.));
#1944=VERTEX_POINT('',#1943);
#1945=CARTESIAN_POINT('',(-153.600000003,36.034094169,-18.271572876));
#1946=VERTEX_POINT('',#1945);
#1947=CARTESIAN_POINT('',(-157.328427124,37.03312322,-22.));
#1948=DIRECTION('',(0.694746591,-0.186156788,0.694746591));
#1949=VECTOR('',#1948,5.366600103);
#1950=LINE('',#1947,#1949);
#1951=EDGE_CURVE('',#1944,#1946,#1950,.T.);
#1952=ORIENTED_EDGE('',*,*,#1951,.T.);
#1953=CARTESIAN_POINT('',(-153.6,-32.440659937,-18.271572876));
#1954=VERTEX_POINT('',#1953);
#1955=CARTESIAN_POINT('',(-153.599999999,36.034094169,-18.271572876));
#1956=DIRECTION('',(-0.,-1.,-0.));
#1957=VECTOR('',#1956,68.474754106);
#1958=LINE('',#1955,#1957);
#1959=EDGE_CURVE('',#1946,#1954,#1958,.T.);
#1960=ORIENTED_EDGE('',*,*,#1959,.T.);
#1961=CARTESIAN_POINT('',(-157.328427124,-33.985025018,-22.));
#1962=VERTEX_POINT('',#1961);
#1963=CARTESIAN_POINT('',(-153.6,-32.440659937,-18.271572876));
#1964=DIRECTION('',(-0.678598345,-0.281084638,-0.678598345));
#1965=VECTOR('',#1964,5.494306249);
#1966=LINE('',#1963,#1965);
#1967=EDGE_CURVE('',#1954,#1962,#1966,.T.);
#1968=ORIENTED_EDGE('',*,*,#1967,.T.);
#1969=CARTESIAN_POINT('',(-157.328427124,-33.985025018,-22.000000001));
#1970=DIRECTION('',(0.,1.,0.));
#1971=VECTOR('',#1970,71.018148237);
#1972=LINE('',#1969,#1971);
#1973=EDGE_CURVE('',#1962,#1944,#1972,.T.);
#1974=ORIENTED_EDGE('',*,*,#1973,.T.);
#1975=EDGE_LOOP('',(#1952,#1960,#1968,#1974));
#1976=FACE_BOUND('',#1975,.T.);
#1977=ADVANCED_FACE('',(#1976),#1942,.T.);
#1978=CARTESIAN_POINT('',(-181.85,46.264974982,-22.));
#1979=DIRECTION('',(0.,0.,1.));
#1980=DIRECTION('',(1.,0.,0.));
#1981=AXIS2_PLACEMENT_3D('',#1978,#1979,#1980);
#1982=PLANE('',#1981);
#1983=CARTESIAN_POINT('',(-176.54314575,-37.985025018,-22.));
#1984=VERTEX_POINT('',#1983);
#1985=CARTESIAN_POINT('',(-160.156854249,-37.985025018,-22.));
#1986=VERTEX_POINT('',#1985);
#1987=CARTESIAN_POINT('',(-176.54314575,-37.985025018,-22.));
#1988=DIRECTION('',(1.,0.,-0.));
#1989=VECTOR('',#1988,16.386291501);
#1990=LINE('',#1987,#1989);
#1991=EDGE_CURVE('',#1984,#1986,#1990,.T.);
#1992=ORIENTED_EDGE('',*,*,#1991,.F.);
#1993=CARTESIAN_POINT('',(-179.371572875,-33.985025018,-22.));
#1994=VERTEX_POINT('',#1993);
#1995=CARTESIAN_POINT('',(-179.371572875,-33.985025018,-22.));
#1996=DIRECTION('',(0.577350269,-0.816496581,0.));
#1997=VECTOR('',#1996,4.898979486);
#1998=LINE('',#1995,#1997);
#1999=EDGE_CURVE('',#1994,#1984,#1998,.T.);
#2000=ORIENTED_EDGE('',*,*,#1999,.F.);
#2001=CARTESIAN_POINT('',(-179.371572875,37.033123222,-22.000000001));
#2002=VERTEX_POINT('',#2001);
#2003=CARTESIAN_POINT('',(-179.371572875,37.033123222,-22.000000001));
#2004=DIRECTION('',(-0.,-1.,-0.));
#2005=VECTOR('',#2004,71.018148239);
#2006=LINE('',#2003,#2005);
#2007=EDGE_CURVE('',#2002,#1994,#2006,.T.);
#2008=ORIENTED_EDGE('',*,*,#2007,.F.);
#2009=CARTESIAN_POINT('',(-176.54314575,42.689977471,-21.999999999));
#2010=VERTEX_POINT('',#2009);
#2011=CARTESIAN_POINT('',(-176.54314575,42.689977471,-21.999999999));
#2012=DIRECTION('',(-0.447213596,-0.894427191,-0.));
#2013=VECTOR('',#2012,6.32455532);
#2014=LINE('',#2011,#2013);
#2015=EDGE_CURVE('',#2010,#2002,#2014,.T.);
#2016=ORIENTED_EDGE('',*,*,#2015,.F.);
#2017=CARTESIAN_POINT('',(-160.156854258,42.689977469,-21.999999996));
#2018=VERTEX_POINT('',#2017);
#2019=CARTESIAN_POINT('',(-160.156854258,42.689977471,-22.));
#2020=DIRECTION('',(-1.,-0.,0.));
#2021=VECTOR('',#2020,16.386291492);
#2022=LINE('',#2019,#2021);
#2023=EDGE_CURVE('',#2018,#2010,#2022,.T.);
#2024=ORIENTED_EDGE('',*,*,#2023,.F.);
#2025=CARTESIAN_POINT('',(-160.15685425,42.689977473,-22.));
#2026=DIRECTION('',(0.447213595,-0.894427191,0.));
#2027=VECTOR('',#2026,6.324555324);
#2028=LINE('',#2025,#2027);
#2029=EDGE_CURVE('',#2018,#1944,#2028,.T.);
#2030=ORIENTED_EDGE('',*,*,#2029,.T.);
#2031=ORIENTED_EDGE('',*,*,#1973,.F.);
#2032=CARTESIAN_POINT('',(-157.328427125,-33.985025018,-22.));
#2033=DIRECTION('',(-0.577350269,-0.816496581,0.));
#2034=VECTOR('',#2033,4.898979486);
#2035=LINE('',#2032,#2034);
#2036=EDGE_CURVE('',#1962,#1986,#2035,.T.);
#2037=ORIENTED_EDGE('',*,*,#2036,.T.);
#2038=EDGE_LOOP('',(#1992,#2000,#2008,#2016,#2024,#2030,#2031,#2037));
#2039=FACE_BOUND('',#2038,.T.);
#2040=ADVANCED_FACE('',(#2039),#1982,.F.);
#2041=CARTESIAN_POINT('',(175.35,-39.985025018,-20.));
#2042=DIRECTION('',(0.,0.707106781,0.707106781));
#2043=DIRECTION('',(1.,0.,0.));
#2044=AXIS2_PLACEMENT_3D('',#2041,#2042,#2043);
#2045=PLANE('',#2044);
#2046=ORIENTED_EDGE('',*,*,#1477,.T.);
#2047=CARTESIAN_POINT('',(-176.54314575,-37.985025018,-21.999999999));
#2048=DIRECTION('',(0.,-0.707106781,0.707106781));
#2049=VECTOR('',#2048,5.656854249);
#2050=LINE('',#2047,#2049);
#2051=EDGE_CURVE('',#1984,#1464,#2050,.T.);
#2052=ORIENTED_EDGE('',*,*,#2051,.F.);
#2053=ORIENTED_EDGE('',*,*,#1991,.T.);
#2054=CARTESIAN_POINT('',(-160.15685425,-41.985025017,-18.));
#2055=DIRECTION('',(0.,0.707106781,-0.707106781));
#2056=VECTOR('',#2055,5.656854249);
#2057=LINE('',#2054,#2056);
#2058=EDGE_CURVE('',#1472,#1986,#2057,.T.);
#2059=ORIENTED_EDGE('',*,*,#2058,.F.);
#2060=EDGE_LOOP('',(#2046,#2052,#2053,#2059));
#2061=FACE_BOUND('',#2060,.T.);
#2062=ADVANCED_FACE('',(#2061),#2045,.F.);
#2063=CARTESIAN_POINT('',(-155.328427125,-57.078298947,3.921701053));
#2064=DIRECTION('',(0.707106781,-0.5,-0.5));
#2065=DIRECTION('',(0.,0.707106781,-0.707106781));
#2066=AXIS2_PLACEMENT_3D('',#2063,#2064,#2065);
#2067=PLANE('',#2066);
#2068=CARTESIAN_POINT('',(-153.6,-40.985025018,-9.727207794));
#2069=VERTEX_POINT('',#2068);
#2070=CARTESIAN_POINT('',(-153.6,-32.440659937,-18.271572875));
#2071=DIRECTION('',(-0.,-0.707106781,0.707106781));
#2072=VECTOR('',#2071,12.08355698);
#2073=LINE('',#2070,#2072);
#2074=EDGE_CURVE('',#1954,#2069,#2073,.T.);
#2075=ORIENTED_EDGE('',*,*,#2074,.T.);
#2076=CARTESIAN_POINT('',(-153.6,-40.985025018,-9.727207794));
#2077=DIRECTION('',(-0.678598345,-0.678598345,-0.281084637));
#2078=VECTOR('',#2077,1.473625758);
#2079=LINE('',#2076,#2078);
#2080=EDGE_CURVE('',#2069,#1480,#2079,.T.);
#2081=ORIENTED_EDGE('',*,*,#2080,.T.);
#2082=ORIENTED_EDGE('',*,*,#1485,.T.);
#2083=ORIENTED_EDGE('',*,*,#2058,.T.);
#2084=ORIENTED_EDGE('',*,*,#2036,.F.);
#2085=ORIENTED_EDGE('',*,*,#1967,.F.);
#2086=EDGE_LOOP('',(#2075,#2081,#2082,#2083,#2084,#2085));
#2087=FACE_BOUND('',#2086,.T.);
#2088=ADVANCED_FACE('',(#2087),#2067,.T.);
#2089=CARTESIAN_POINT('',(-180.785786438,46.264974982,-20.585786438));
#2090=DIRECTION('',(-0.707106781,0.,-0.707106781));
#2091=DIRECTION('',(0.,1.,0.));
#2092=AXIS2_PLACEMENT_3D('',#2089,#2090,#2091);
#2093=PLANE('',#2092);
#2094=CARTESIAN_POINT('',(-184.2,35.739350072,-17.171572876));
#2095=DIRECTION('',(0.694746591,0.186156788,-0.694746591));
#2096=VECTOR('',#2095,6.94991122);
#2097=LINE('',#2094,#2096);
#2098=EDGE_CURVE('',#231,#2002,#2097,.T.);
#2099=ORIENTED_EDGE('',*,*,#2098,.T.);
#2100=ORIENTED_EDGE('',*,*,#2007,.T.);
#2101=CARTESIAN_POINT('',(-179.371572876,-33.985025018,-22.));
#2102=DIRECTION('',(-0.678598345,0.281084638,0.678598345));
#2103=VECTOR('',#2102,7.115294583);
#2104=LINE('',#2101,#2103);
#2105=EDGE_CURVE('',#1994,#123,#2104,.T.);
#2106=ORIENTED_EDGE('',*,*,#2105,.T.);
#2107=ORIENTED_EDGE('',*,*,#242,.T.);
#2108=EDGE_LOOP('',(#2099,#2100,#2106,#2107));
#2109=FACE_BOUND('',#2108,.T.);
#2110=ADVANCED_FACE('',(#2109),#2093,.T.);
#2111=CARTESIAN_POINT('',(-167.1,51.014974982,-1.5));
#2112=DIRECTION('',(0.,-1.,0.));
#2113=DIRECTION('',(0.,0.,-1.));
#2114=AXIS2_PLACEMENT_3D('',#2111,#2112,#2113);
#2115=CYLINDRICAL_SURFACE('',#2114,11.5);
#2116=CARTESIAN_POINT('',(-167.1,51.014974982,-13.));
#2117=VERTEX_POINT('',#2116);
#2118=CARTESIAN_POINT('',(-167.1,47.514974982,-13.));
#2119=DIRECTION('',(-0.,1.,-0.));
#2120=VECTOR('',#2119,3.5);
#2121=LINE('',#2118,#2120);
#2122=EDGE_CURVE('',#1923,#2117,#2121,.T.);
#2123=ORIENTED_EDGE('',*,*,#2122,.F.);
#2124=ORIENTED_EDGE('',*,*,#1929,.F.);
#2125=ORIENTED_EDGE('',*,*,#2122,.T.);
#2126=CARTESIAN_POINT('',(-167.1,51.014974982,-1.5));
#2127=DIRECTION('',(0.,-1.,0.));
#2128=DIRECTION('',(0.,0.,-1.));
#2129=AXIS2_PLACEMENT_3D('',#2126,#2127,#2128);
#2130=CIRCLE('',#2129,11.5);
#2131=EDGE_CURVE('',#2117,#2117,#2130,.T.);
#2132=ORIENTED_EDGE('',*,*,#2131,.F.);
#2133=EDGE_LOOP('',(#2123,#2124,#2125,#2132));
#2134=FACE_BOUND('',#2133,.T.);
#2135=ADVANCED_FACE('',(#2134),#2115,.F.);
#2136=CARTESIAN_POINT('',(-155.328427125,-30.331465167,-58.583562153));
#2137=DIRECTION('',(0.707106781,0.353553391,-0.612372436));
#2138=DIRECTION('',(-0.,0.866025404,0.5));
#2139=AXIS2_PLACEMENT_3D('',#2136,#2137,#2138);
#2140=PLANE('',#2139);
#2141=CARTESIAN_POINT('',(-160.156854277,51.014974974,-17.193560438));
#2142=VERTEX_POINT('',#2141);
#2143=CARTESIAN_POINT('',(-154.600000009,51.014974975,-10.777057828));
#2144=VERTEX_POINT('',#2143);
#2145=CARTESIAN_POINT('',(-160.156854277,51.014974972,-17.193560438));
#2146=DIRECTION('',(0.654653671,0.,0.755928946));
#2147=VECTOR('',#2146,8.4882351);
#2148=LINE('',#2145,#2147);
#2149=EDGE_CURVE('',#2142,#2144,#2148,.T.);
#2150=ORIENTED_EDGE('',*,*,#2149,.T.);
#2151=CARTESIAN_POINT('',(-153.600000013,50.014974978,-10.199707567));
#2152=VERTEX_POINT('',#2151);
#2153=CARTESIAN_POINT('',(-154.600000013,51.014974967,-10.777057835));
#2154=DIRECTION('',(0.654653671,-0.654653671,0.377964473));
#2155=VECTOR('',#2154,1.527525224);
#2156=LINE('',#2153,#2155);
#2157=EDGE_CURVE('',#2144,#2152,#2156,.T.);
#2158=ORIENTED_EDGE('',*,*,#2157,.T.);
#2159=CARTESIAN_POINT('',(-153.600000018,50.014974978,-10.199707567));
#2160=DIRECTION('',(0.,-0.866025404,-0.5));
#2161=VECTOR('',#2160,16.143730602);
#2162=LINE('',#2159,#2161);
#2163=EDGE_CURVE('',#2152,#1946,#2162,.T.);
#2164=ORIENTED_EDGE('',*,*,#2163,.T.);
#2165=ORIENTED_EDGE('',*,*,#1951,.F.);
#2166=ORIENTED_EDGE('',*,*,#2029,.F.);
#2167=CARTESIAN_POINT('',(-160.156854268,42.689977462,-21.999999984));
#2168=DIRECTION('',(-0.,0.866025404,0.5));
#2169=VECTOR('',#2168,9.612879105);
#2170=LINE('',#2167,#2169);
#2171=EDGE_CURVE('',#2018,#2142,#2170,.T.);
#2172=ORIENTED_EDGE('',*,*,#2171,.T.);
#2173=EDGE_LOOP('',(#2150,#2158,#2164,#2165,#2166,#2172));
#2174=FACE_BOUND('',#2173,.T.);
#2175=ADVANCED_FACE('',(#2174),#2140,.T.);
#2176=CARTESIAN_POINT('',(175.35,46.057679239,-20.055656478));
#2177=DIRECTION('',(0.,-0.5,0.866025404));
#2178=DIRECTION('',(1.,0.,0.));
#2179=AXIS2_PLACEMENT_3D('',#2176,#2177,#2178);
#2180=PLANE('',#2179);
#2181=CARTESIAN_POINT('',(-176.543145747,51.014974981,-17.193560446));
#2182=VERTEX_POINT('',#2181);
#2183=CARTESIAN_POINT('',(-160.156854277,51.014974982,-17.193560447));
#2184=DIRECTION('',(-1.,-0.,0.));
#2185=VECTOR('',#2184,16.38629147);
#2186=LINE('',#2183,#2185);
#2187=EDGE_CURVE('',#2142,#2182,#2186,.T.);
#2188=ORIENTED_EDGE('',*,*,#2187,.F.);
#2189=ORIENTED_EDGE('',*,*,#2171,.F.);
#2190=ORIENTED_EDGE('',*,*,#2023,.T.);
#2191=CARTESIAN_POINT('',(-176.543145748,51.01497498,-17.193560445));
#2192=DIRECTION('',(-0.,-0.866025404,-0.5));
#2193=VECTOR('',#2192,9.612879107);
#2194=LINE('',#2191,#2193);
#2195=EDGE_CURVE('',#2182,#2010,#2194,.T.);
#2196=ORIENTED_EDGE('',*,*,#2195,.F.);
#2197=EDGE_LOOP('',(#2188,#2189,#2190,#2196));
#2198=FACE_BOUND('',#2197,.T.);
#2199=ADVANCED_FACE('',(#2198),#2180,.F.);
#2200=CARTESIAN_POINT('',(-153.6,-63.,-2.));
#2201=DIRECTION('',(1.,0.,0.));
#2202=DIRECTION('',(0.,-1.,0.));
#2203=AXIS2_PLACEMENT_3D('',#2200,#2201,#2202);
#2204=PLANE('',#2203);
#2205=ORIENTED_EDGE('',*,*,#2163,.F.);
#2206=CARTESIAN_POINT('',(-153.6,50.014974982,2.126788053));
#2207=VERTEX_POINT('',#2206);
#2208=CARTESIAN_POINT('',(-153.6,50.014974982,-10.199707567));
#2209=DIRECTION('',(-0.,-0.,1.));
#2210=VECTOR('',#2209,12.32649562);
#2211=LINE('',#2208,#2210);
#2212=EDGE_CURVE('',#2152,#2207,#2211,.T.);
#2213=ORIENTED_EDGE('',*,*,#2212,.T.);
#2214=CARTESIAN_POINT('',(-153.6,-40.985025018,2.704400186));
#2215=VERTEX_POINT('',#2214);
#2216=CARTESIAN_POINT('',(-153.6,50.014974982,2.126788053));
#2217=DIRECTION('',(0.,-0.999979856,0.006347258));
#2218=VECTOR('',#2217,91.001833145);
#2219=LINE('',#2216,#2218);
#2220=EDGE_CURVE('',#2207,#2215,#2219,.T.);
#2221=ORIENTED_EDGE('',*,*,#2220,.T.);
#2222=CARTESIAN_POINT('',(-153.6,-40.985025018,2.704400186));
#2223=DIRECTION('',(0.,0.,-1.));
#2224=VECTOR('',#2223,12.43160798);
#2225=LINE('',#2222,#2224);
#2226=EDGE_CURVE('',#2215,#2069,#2225,.T.);
#2227=ORIENTED_EDGE('',*,*,#2226,.T.);
#2228=ORIENTED_EDGE('',*,*,#2074,.F.);
#2229=ORIENTED_EDGE('',*,*,#1959,.F.);
#2230=EDGE_LOOP('',(#2205,#2213,#2221,#2227,#2228,#2229));
#2231=FACE_BOUND('',#2230,.T.);
#2232=ADVANCED_FACE('',(#2231),#2204,.T.);
#2233=CARTESIAN_POINT('',(-179.371572875,44.643465677,-17.606166735));
#2234=DIRECTION('',(-0.707106781,0.353553391,-0.612372436));
#2235=DIRECTION('',(0.,0.866025404,0.5));
#2236=AXIS2_PLACEMENT_3D('',#2233,#2234,#2235);
#2237=PLANE('',#2236);
#2238=ORIENTED_EDGE('',*,*,#236,.T.);
#2239=CARTESIAN_POINT('',(-180.285786437,51.014974981,-12.871931229));
#2240=VERTEX_POINT('',#2239);
#2241=CARTESIAN_POINT('',(-184.200000001,47.10076142,-10.612058978));
#2242=DIRECTION('',(0.654653671,0.654653671,-0.377964473));
#2243=VECTOR('',#2242,5.979059977);
#2244=LINE('',#2241,#2243);
#2245=EDGE_CURVE('',#223,#2240,#2244,.T.);
#2246=ORIENTED_EDGE('',*,*,#2245,.T.);
#2247=CARTESIAN_POINT('',(-180.285786437,51.014974981,-12.871931229));
#2248=DIRECTION('',(0.654653671,-0.,-0.755928946));
#2249=VECTOR('',#2248,5.716978085);
#2250=LINE('',#2247,#2249);
#2251=EDGE_CURVE('',#2240,#2182,#2250,.T.);
#2252=ORIENTED_EDGE('',*,*,#2251,.T.);
#2253=ORIENTED_EDGE('',*,*,#2195,.T.);
#2254=ORIENTED_EDGE('',*,*,#2015,.T.);
#2255=ORIENTED_EDGE('',*,*,#2098,.F.);
#2256=EDGE_LOOP('',(#2238,#2246,#2252,#2253,#2254,#2255));
#2257=FACE_BOUND('',#2256,.T.);
#2258=ADVANCED_FACE('',(#2257),#2237,.T.);
#2259=CARTESIAN_POINT('',(-181.371572875,-55.570811456,2.414213562));
#2260=DIRECTION('',(-0.707106781,-0.5,-0.5));
#2261=DIRECTION('',(0.,-0.707106781,0.707106781));
#2262=AXIS2_PLACEMENT_3D('',#2259,#2260,#2261);
#2263=PLANE('',#2262);
#2264=ORIENTED_EDGE('',*,*,#1469,.T.);
#2265=CARTESIAN_POINT('',(-181.2,-41.985025018,-11.414213562));
#2266=DIRECTION('',(-0.678598345,0.678598344,0.281084638));
#2267=VECTOR('',#2266,4.420877275);
#2268=LINE('',#2265,#2267);
#2269=EDGE_CURVE('',#1456,#121,#2268,.T.);
#2270=ORIENTED_EDGE('',*,*,#2269,.T.);
#2271=ORIENTED_EDGE('',*,*,#128,.T.);
#2272=ORIENTED_EDGE('',*,*,#2105,.F.);
#2273=ORIENTED_EDGE('',*,*,#1999,.T.);
#2274=ORIENTED_EDGE('',*,*,#2051,.T.);
#2275=EDGE_LOOP('',(#2264,#2270,#2271,#2272,#2273,#2274));
#2276=FACE_BOUND('',#2275,.T.);
#2277=ADVANCED_FACE('',(#2276),#2263,.T.);
#2278=CARTESIAN_POINT('',(-158.2,-35.5,16.45));
#2279=DIRECTION('',(0.,0.,-1.));
#2280=DIRECTION('',(1.,0.,0.));
#2281=AXIS2_PLACEMENT_3D('',#2278,#2279,#2280);
#2282=PLANE('',#2281);
#2283=ORIENTED_EDGE('',*,*,#1550,.F.);
#2284=CARTESIAN_POINT('',(-151.,51.014974982,16.45));
#2285=VERTEX_POINT('',#2284);
#2286=CARTESIAN_POINT('',(-151.,-41.985025018,16.45));
#2287=DIRECTION('',(-0.,1.,-0.));
#2288=VECTOR('',#2287,93.);
#2289=LINE('',#2286,#2288);
#2290=EDGE_CURVE('',#1537,#2285,#2289,.T.);
#2291=ORIENTED_EDGE('',*,*,#2290,.T.);
#2292=CARTESIAN_POINT('',(-158.,51.014974982,16.45));
#2293=VERTEX_POINT('',#2292);
#2294=CARTESIAN_POINT('',(-158.,51.014974982,16.45));
#2295=DIRECTION('',(1.,0.,-0.));
#2296=VECTOR('',#2295,7.);
#2297=LINE('',#2294,#2296);
#2298=EDGE_CURVE('',#2293,#2285,#2297,.T.);
#2299=ORIENTED_EDGE('',*,*,#2298,.F.);
#2300=CARTESIAN_POINT('',(-158.,-41.985025018,16.45));
#2301=DIRECTION('',(-0.,1.,-0.));
#2302=VECTOR('',#2301,93.);
#2303=LINE('',#2300,#2302);
#2304=EDGE_CURVE('',#1545,#2293,#2303,.T.);
#2305=ORIENTED_EDGE('',*,*,#2304,.F.);
#2306=EDGE_LOOP('',(#2283,#2291,#2299,#2305));
#2307=FACE_BOUND('',#2306,.T.);
#2308=ADVANCED_FACE('',(#2307),#2282,.F.);
#2309=CARTESIAN_POINT('',(-168.85,51.014974982,67.092));
#2310=DIRECTION('',(0.,1.,0.));
#2311=DIRECTION('',(0.,0.,1.));
#2312=AXIS2_PLACEMENT_3D('',#2309,#2310,#2311);
#2313=PLANE('',#2312);
#2314=ORIENTED_EDGE('',*,*,#2251,.F.);
#2315=CARTESIAN_POINT('',(-180.285786438,51.014974982,52.431457505));
#2316=VERTEX_POINT('',#2315);
#2317=CARTESIAN_POINT('',(-180.285786438,51.014974982,-12.871931229));
#2318=DIRECTION('',(0.,0.,1.));
#2319=VECTOR('',#2318,65.303388734);
#2320=LINE('',#2317,#2319);
#2321=EDGE_CURVE('',#2240,#2316,#2320,.T.);
#2322=ORIENTED_EDGE('',*,*,#2321,.T.);
#2323=CARTESIAN_POINT('',(-152.5,51.014974982,52.431457505));
#2324=VERTEX_POINT('',#2323);
#2325=CARTESIAN_POINT('',(-180.285786438,51.014974982,52.431457505));
#2326=DIRECTION('',(1.,0.,-0.));
#2327=VECTOR('',#2326,27.785786438);
#2328=LINE('',#2325,#2327);
#2329=EDGE_CURVE('',#2316,#2324,#2328,.T.);
#2330=ORIENTED_EDGE('',*,*,#2329,.T.);
#2331=CARTESIAN_POINT('',(-152.5,51.014974982,43.55));
#2332=VERTEX_POINT('',#2331);
#2333=CARTESIAN_POINT('',(-152.5,51.014974982,52.431457505));
#2334=DIRECTION('',(-0.,-0.,-1.));
#2335=VECTOR('',#2334,8.881457505);
#2336=LINE('',#2333,#2335);
#2337=EDGE_CURVE('',#2324,#2332,#2336,.T.);
#2338=ORIENTED_EDGE('',*,*,#2337,.T.);
#2339=CARTESIAN_POINT('',(-158.,51.014974982,43.55));
#2340=VERTEX_POINT('',#2339);
#2341=CARTESIAN_POINT('',(-152.5,51.014974982,43.55));
#2342=DIRECTION('',(-1.,-0.,0.));
#2343=VECTOR('',#2342,5.5);
#2344=LINE('',#2341,#2343);
#2345=EDGE_CURVE('',#2332,#2340,#2344,.T.);
#2346=ORIENTED_EDGE('',*,*,#2345,.T.);
#2347=CARTESIAN_POINT('',(-158.,51.014974982,43.55));
#2348=DIRECTION('',(-0.,-0.,-1.));
#2349=VECTOR('',#2348,27.1);
#2350=LINE('',#2347,#2349);
#2351=EDGE_CURVE('',#2340,#2293,#2350,.T.);
#2352=ORIENTED_EDGE('',*,*,#2351,.T.);
#2353=ORIENTED_EDGE('',*,*,#2298,.T.);
#2354=CARTESIAN_POINT('',(-151.,51.014974982,7.383748199));
#2355=VERTEX_POINT('',#2354);
#2356=CARTESIAN_POINT('',(-151.,51.014974982,16.45));
#2357=DIRECTION('',(-0.,-0.,-1.));
#2358=VECTOR('',#2357,9.066251801);
#2359=LINE('',#2356,#2358);
#2360=EDGE_CURVE('',#2285,#2355,#2359,.T.);
#2361=ORIENTED_EDGE('',*,*,#2360,.T.);
#2362=CARTESIAN_POINT('',(-151.289726677,51.014974982,6.673432143));
#2363=VERTEX_POINT('',#2362);
#2364=CARTESIAN_POINT('',(-151.,51.014974982,7.383748199));
#2365=CARTESIAN_POINT('',(-150.99916101,51.014974982,7.251558724));
#2366=CARTESIAN_POINT('',(-151.024993341,51.014974982,7.123250949));
#2367=CARTESIAN_POINT('',(-151.074633704,51.014974982,7.001164265));
#2368=CARTESIAN_POINT('',(-151.124274067,51.014974982,6.879077582));
#2369=CARTESIAN_POINT('',(-151.196721237,51.014974982,6.767274332));
#2370=CARTESIAN_POINT('',(-151.28972668,51.014974982,6.673432146));
#2371=B_SPLINE_CURVE_WITH_KNOTS('',3,(#2364,#2365,#2366,#2367,#2368,#2369,#2370),.UNSPECIFIED.,.F.,.F.,(4,3,4),(0.,0.000389868,0.000779736),.UNSPECIFIED.);
#2372=EDGE_CURVE('',#2355,#2363,#2371,.T.);
#2373=ORIENTED_EDGE('',*,*,#2372,.T.);
#2374=CARTESIAN_POINT('',(-153.718153803,51.014974983,4.244956101));
#2375=VERTEX_POINT('',#2374);
#2376=CARTESIAN_POINT('',(-151.28972668,51.014974982,6.673432146));
#2377=DIRECTION('',(-0.707099659,0.,-0.707113903));
#2378=VECTOR('',#2377,3.434349166);
#2379=LINE('',#2376,#2378);
#2380=EDGE_CURVE('',#2363,#2375,#2379,.T.);
#2381=ORIENTED_EDGE('',*,*,#2380,.T.);
#2382=CARTESIAN_POINT('',(-154.6,51.014974982,2.126788053));
#2383=VERTEX_POINT('',#2382);
#2384=CARTESIAN_POINT('',(-153.718153804,51.014974982,4.244956102));
#2385=CARTESIAN_POINT('',(-153.858219079,51.014974982,4.105307112));
#2386=CARTESIAN_POINT('',(-153.981744296,51.014974982,3.953903522));
#2387=CARTESIAN_POINT('',(-154.089996379,51.014974982,3.791645703));
#2388=CARTESIAN_POINT('',(-154.144122421,51.014974982,3.710516793));
#2389=CARTESIAN_POINT('',(-154.194395266,51.014974982,3.626649515));
#2390=CARTESIAN_POINT('',(-154.240770282,51.014974982,3.540012148));
#2391=CARTESIAN_POINT('',(-154.287145298,51.014974982,3.453374781));
#2392=CARTESIAN_POINT('',(-154.329658721,51.014974982,3.363743247));
#2393=CARTESIAN_POINT('',(-154.367368735,51.014974982,3.27321305));
#2394=CARTESIAN_POINT('',(-154.442788764,51.014974982,3.092152656));
#2395=CARTESIAN_POINT('',(-154.500203996,51.014974982,2.905790627));
#2396=CARTESIAN_POINT('',(-154.539468682,51.014974982,2.714084045));
#2397=CARTESIAN_POINT('',(-154.578733369,51.014974982,2.522377462));
#2398=CARTESIAN_POINT('',(-154.59958162,51.014974982,2.324534269));
#2399=CARTESIAN_POINT('',(-154.6,51.014974982,2.126788053));
#2400=B_SPLINE_CURVE_WITH_KNOTS('',3,(#2384,#2385,#2386,#2387,#2388,#2389,#2390,#2391,#2392,#2393,#2394,#2395,#2396,#2397,#2398,#2399),.UNSPECIFIED.,.F.,.F.,(4,3,3,3,3,4),(0.,0.000584908,0.000877361,0.001169815,0.001754723,0.00233963),.UNSPECIFIED.);
#2401=EDGE_CURVE('',#2375,#2383,#2400,.T.);
#2402=ORIENTED_EDGE('',*,*,#2401,.T.);
#2403=CARTESIAN_POINT('',(-154.6,51.014974982,2.126788053));
#2404=DIRECTION('',(-0.,-0.,-1.));
#2405=VECTOR('',#2404,12.903845881);
#2406=LINE('',#2403,#2405);
#2407=EDGE_CURVE('',#2383,#2144,#2406,.T.);
#2408=ORIENTED_EDGE('',*,*,#2407,.T.);
#2409=ORIENTED_EDGE('',*,*,#2149,.F.);
#2410=ORIENTED_EDGE('',*,*,#2187,.T.);
#2411=EDGE_LOOP('',(#2314,#2322,#2330,#2338,#2346,#2352,#2353,#2361,#2373,#2381,#2402,#2408,#2409,#2410));
#2412=FACE_BOUND('',#2411,.T.);
#2413=ORIENTED_EDGE('',*,*,#2131,.T.);
#2414=EDGE_LOOP('',(#2413));
#2415=FACE_BOUND('',#2414,.T.);
#2416=ADVANCED_FACE('',(#2412,#2415),#2313,.T.);
#2417=CARTESIAN_POINT('',(-156.166479996,24.099971859,120.5));
#2418=DIRECTION('',(0.,0.,-1.));
#2419=DIRECTION('',(-1.,0.,0.));
#2420=AXIS2_PLACEMENT_3D('',#2417,#2418,#2419);
#2421=PLANE('',#2420);
#2422=CARTESIAN_POINT('',(-150.5,25.912963139,120.5));
#2423=VERTEX_POINT('',#2422);
#2424=CARTESIAN_POINT('',(-156.500480807,25.912963139,120.5));
#2425=VERTEX_POINT('',#2424);
#2426=CARTESIAN_POINT('',(-150.5,25.912963139,120.5));
#2427=DIRECTION('',(-1.,0.,0.));
#2428=VECTOR('',#2427,6.000480807);
#2429=LINE('',#2426,#2428);
#2430=EDGE_CURVE('',#2423,#2425,#2429,.T.);
#2431=ORIENTED_EDGE('',*,*,#2430,.T.);
#2432=CARTESIAN_POINT('',(-156.500480807,23.999971859,120.5));
#2433=VERTEX_POINT('',#2432);
#2434=CARTESIAN_POINT('',(-156.500480807,23.999971859,120.5));
#2435=DIRECTION('',(0.,1.,0.));
#2436=VECTOR('',#2435,1.91299128);
#2437=LINE('',#2434,#2436);
#2438=EDGE_CURVE('',#2433,#2425,#2437,.T.);
#2439=ORIENTED_EDGE('',*,*,#2438,.F.);
#2440=CARTESIAN_POINT('',(-150.5,23.999971859,120.5));
#2441=VERTEX_POINT('',#2440);
#2442=CARTESIAN_POINT('',(-150.5,23.999971859,120.5));
#2443=DIRECTION('',(-1.,-0.,0.));
#2444=VECTOR('',#2443,6.000480807);
#2445=LINE('',#2442,#2444);
#2446=EDGE_CURVE('',#2441,#2433,#2445,.T.);
#2447=ORIENTED_EDGE('',*,*,#2446,.F.);
#2448=CARTESIAN_POINT('',(-150.5,23.999971859,120.5));
#2449=DIRECTION('',(0.,1.,0.));
#2450=VECTOR('',#2449,1.91299128);
#2451=LINE('',#2448,#2450);
#2452=EDGE_CURVE('',#2441,#2423,#2451,.T.);
#2453=ORIENTED_EDGE('',*,*,#2452,.T.);
#2454=EDGE_LOOP('',(#2431,#2439,#2447,#2453));
#2455=FACE_BOUND('',#2454,.T.);
#2456=ADVANCED_FACE('',(#2455),#2421,.F.);
#2457=CARTESIAN_POINT('',(-166.212502868,10.23899868,146.168828513));
#2458=DIRECTION('',(0.396783186,-0.220440927,0.891049326));
#2459=DIRECTION('',(0.91352166,-0.,-0.406790089));
#2460=AXIS2_PLACEMENT_3D('',#2457,#2458,#2459);
#2461=PLANE('',#2460);
#2462=CARTESIAN_POINT('',(-152.999999999,16.860507309,141.923443467));
#2463=VERTEX_POINT('',#2462);
#2464=CARTESIAN_POINT('',(-163.007762231,27.451322603,148.999999995));
#2465=DIRECTION('',(0.617812156,-0.653805943,-0.436859164));
#2466=VECTOR('',#2465,16.198713706);
#2467=LINE('',#2464,#2466);
#2468=EDGE_CURVE('',#1240,#2463,#2467,.T.);
#2469=ORIENTED_EDGE('',*,*,#2468,.T.);
#2470=CARTESIAN_POINT('',(-152.999999998,16.860507309,141.923443467));
#2471=DIRECTION('',(0.485652735,0.874151829,-0.));
#2472=VECTOR('',#2471,6.17725338);
#2473=LINE('',#2470,#2472);
#2474=EDGE_CURVE('',#2463,#903,#2473,.T.);
#2475=ORIENTED_EDGE('',*,*,#2474,.T.);
#2476=ORIENTED_EDGE('',*,*,#908,.T.);
#2477=ORIENTED_EDGE('',*,*,#1251,.T.);
#2478=EDGE_LOOP('',(#2469,#2475,#2476,#2477));
#2479=FACE_BOUND('',#2478,.T.);
#2480=ADVANCED_FACE('',(#2479),#2461,.T.);
#2481=CARTESIAN_POINT('',(-172.65,6.711071116,135.141807012));
#2482=DIRECTION('',(0.,-0.555570233,0.831469612));
#2483=DIRECTION('',(1.,0.,0.));
#2484=AXIS2_PLACEMENT_3D('',#2481,#2482,#2483);
#2485=PLANE('',#2484);
#2486=CARTESIAN_POINT('',(-181.2,-7.723591634,125.496873715));
#2487=VERTEX_POINT('',#2486);
#2488=CARTESIAN_POINT('',(-153.,-7.723591633,125.496873713));
#2489=VERTEX_POINT('',#2488);
#2490=CARTESIAN_POINT('',(-181.2,-7.723591633,125.496873714));
#2491=DIRECTION('',(1.,0.,-0.));
#2492=VECTOR('',#2491,28.2);
#2493=LINE('',#2490,#2492);
#2494=EDGE_CURVE('',#2487,#2489,#2493,.T.);
#2495=ORIENTED_EDGE('',*,*,#2494,.T.);
#2496=CARTESIAN_POINT('',(-153.,-7.723591634,125.496873714));
#2497=DIRECTION('',(0.,0.831469612,0.555570233));
#2498=VECTOR('',#2497,29.567044403);
#2499=LINE('',#2496,#2498);
#2500=EDGE_CURVE('',#2489,#2463,#2499,.T.);
#2501=ORIENTED_EDGE('',*,*,#2500,.T.);
#2502=ORIENTED_EDGE('',*,*,#2468,.F.);
#2503=ORIENTED_EDGE('',*,*,#1245,.T.);
#2504=CARTESIAN_POINT('',(-181.200000001,16.860507309,141.923443469));
#2505=VERTEX_POINT('',#2504);
#2506=CARTESIAN_POINT('',(-181.200000001,16.860507309,141.92344347));
#2507=DIRECTION('',(0.617812156,0.653805943,0.436859164));
#2508=VECTOR('',#2507,16.198713706);
#2509=LINE('',#2506,#2508);
#2510=EDGE_CURVE('',#2505,#1232,#2509,.T.);
#2511=ORIENTED_EDGE('',*,*,#2510,.F.);
#2512=CARTESIAN_POINT('',(-181.2,16.860507311,141.923443467));
#2513=DIRECTION('',(-0.,-0.831469612,-0.555570233));
#2514=VECTOR('',#2513,29.567044403);
#2515=LINE('',#2512,#2514);
#2516=EDGE_CURVE('',#2505,#2487,#2515,.T.);
#2517=ORIENTED_EDGE('',*,*,#2516,.T.);
#2518=EDGE_LOOP('',(#2495,#2501,#2502,#2503,#2511,#2517));
#2519=FACE_BOUND('',#2518,.T.);
#2520=ADVANCED_FACE('',(#2519),#2485,.T.);
#2521=CARTESIAN_POINT('',(-174.735245587,22.384625017,146.168828513));
#2522=DIRECTION('',(-0.396783186,-0.220440927,0.891049326));
#2523=DIRECTION('',(0.91352166,0.,0.406790089));
#2524=AXIS2_PLACEMENT_3D('',#2521,#2522,#2523);
#2525=PLANE('',#2524);
#2526=ORIENTED_EDGE('',*,*,#178,.T.);
#2527=CARTESIAN_POINT('',(-184.200000004,22.260364651,141.923443468));
#2528=DIRECTION('',(0.485652735,-0.874151829,0.));
#2529=VECTOR('',#2528,6.177253381);
#2530=LINE('',#2527,#2529);
#2531=EDGE_CURVE('',#165,#2505,#2530,.T.);
#2532=ORIENTED_EDGE('',*,*,#2531,.T.);
#2533=ORIENTED_EDGE('',*,*,#2510,.T.);
#2534=ORIENTED_EDGE('',*,*,#1237,.T.);
#2535=ORIENTED_EDGE('',*,*,#1354,.T.);
#2536=EDGE_LOOP('',(#2526,#2532,#2533,#2534,#2535));
#2537=FACE_BOUND('',#2536,.T.);
#2538=ADVANCED_FACE('',(#2537),#2525,.T.);
#2539=CARTESIAN_POINT('',(-165.6,-25.244307012,94.207903182));
#2540=DIRECTION('',(0.,-0.923879533,0.382683432));
#2541=DIRECTION('',(0.,-0.382683432,-0.923879533));
#2542=AXIS2_PLACEMENT_3D('',#2539,#2540,#2541);
#2543=PLANE('',#2542);
#2544=CARTESIAN_POINT('',(-181.2,-40.462615661,57.467656018));
#2545=VERTEX_POINT('',#2544);
#2546=CARTESIAN_POINT('',(-153.,-40.462615658,57.467656018));
#2547=VERTEX_POINT('',#2546);
#2548=CARTESIAN_POINT('',(-181.2,-40.462615649,57.467656019));
#2549=DIRECTION('',(1.,0.,-0.));
#2550=VECTOR('',#2549,28.2);
#2551=LINE('',#2548,#2550);
#2552=EDGE_CURVE('',#2545,#2547,#2551,.T.);
#2553=ORIENTED_EDGE('',*,*,#2552,.T.);
#2554=CARTESIAN_POINT('',(-153.000000008,-16.931324125,114.277219219));
#2555=VERTEX_POINT('',#2554);
#2556=CARTESIAN_POINT('',(-153.,-40.462615651,57.467656015));
#2557=DIRECTION('',(-0.,0.382683432,0.923879533));
#2558=VECTOR('',#2557,61.490228104);
#2559=LINE('',#2556,#2558);
#2560=EDGE_CURVE('',#2547,#2555,#2559,.T.);
#2561=ORIENTED_EDGE('',*,*,#2560,.T.);
#2562=CARTESIAN_POINT('',(-181.199999993,-16.931324126,114.277219221));
#2563=VERTEX_POINT('',#2562);
#2564=CARTESIAN_POINT('',(-153.000000008,-16.931324132,114.277219223));
#2565=DIRECTION('',(-1.,-0.,0.));
#2566=VECTOR('',#2565,28.199999984);
#2567=LINE('',#2564,#2566);
#2568=EDGE_CURVE('',#2555,#2563,#2567,.T.);
#2569=ORIENTED_EDGE('',*,*,#2568,.T.);
#2570=CARTESIAN_POINT('',(-181.2,-16.931324132,114.277219223));
#2571=DIRECTION('',(0.,-0.382683432,-0.923879533));
#2572=VECTOR('',#2571,61.490228106);
#2573=LINE('',#2570,#2572);
#2574=EDGE_CURVE('',#2563,#2545,#2573,.T.);
#2575=ORIENTED_EDGE('',*,*,#2574,.T.);
#2576=EDGE_LOOP('',(#2553,#2561,#2569,#2575));
#2577=FACE_BOUND('',#2576,.T.);
#2578=ADVANCED_FACE('',(#2577),#2543,.T.);
#2579=CARTESIAN_POINT('',(-157.55,71.014974982,89.));
#2580=DIRECTION('',(0.,0.707106781,-0.707106781));
#2581=DIRECTION('',(-1.,0.,0.));
#2582=AXIS2_PLACEMENT_3D('',#2579,#2580,#2581);
#2583=PLANE('',#2582);
#2584=CARTESIAN_POINT('',(-152.500000002,62.730703733,80.715728755));
#2585=VERTEX_POINT('',#2584);
#2586=CARTESIAN_POINT('',(-180.285786438,62.730703735,80.715728753));
#2587=VERTEX_POINT('',#2586);
#2588=CARTESIAN_POINT('',(-152.500000002,62.730703735,80.715728753));
#2589=DIRECTION('',(-1.,0.,0.));
#2590=VECTOR('',#2589,27.785786436);
#2591=LINE('',#2588,#2590);
#2592=EDGE_CURVE('',#2585,#2587,#2591,.T.);
#2593=ORIENTED_EDGE('',*,*,#2592,.T.);
#2594=CARTESIAN_POINT('',(-180.285786438,62.730703735,80.715728753));
#2595=DIRECTION('',(0.,0.707106781,0.707106781));
#2596=VECTOR('',#2595,21.366911467);
#2597=LINE('',#2594,#2596);
#2598=EDGE_CURVE('',#2587,#1320,#2597,.T.);
#2599=ORIENTED_EDGE('',*,*,#2598,.T.);
#2600=ORIENTED_EDGE('',*,*,#1325,.T.);
#2601=CARTESIAN_POINT('',(-152.5,77.839391726,95.824416744));
#2602=DIRECTION('',(-0.,-0.707106781,-0.707106781));
#2603=VECTOR('',#2602,21.366911466);
#2604=LINE('',#2601,#2603);
#2605=EDGE_CURVE('',#1311,#2585,#2604,.T.);
#2606=ORIENTED_EDGE('',*,*,#2605,.T.);
#2607=EDGE_LOOP('',(#2593,#2599,#2600,#2606));
#2608=FACE_BOUND('',#2607,.T.);
#2609=ADVANCED_FACE('',(#2608),#2583,.T.);
#2610=CARTESIAN_POINT('',(-183.9,81.014971859,139.));
#2611=DIRECTION('',(-1.,0.,0.));
#2612=DIRECTION('',(0.,-1.,0.));
#2613=AXIS2_PLACEMENT_3D('',#2610,#2611,#2612);
#2614=CONICAL_SURFACE('',#2613,5.3,44.999999949);
#2615=CARTESIAN_POINT('',(-183.599999999,76.014971859,139.));
#2616=VERTEX_POINT('',#2615);
#2617=CARTESIAN_POINT('',(-184.2,75.41497186,139.));
#2618=DIRECTION('',(0.707106782,0.707106781,-0.));
#2619=VECTOR('',#2618,0.848528137);
#2620=LINE('',#2617,#2619);
#2621=EDGE_CURVE('',#534,#2616,#2620,.T.);
#2622=ORIENTED_EDGE('',*,*,#2621,.F.);
#2623=ORIENTED_EDGE('',*,*,#542,.T.);
#2624=ORIENTED_EDGE('',*,*,#549,.T.);
#2625=ORIENTED_EDGE('',*,*,#2621,.T.);
#2626=CARTESIAN_POINT('',(-183.599999999,81.014971859,144.));
#2627=VERTEX_POINT('',#2626);
#2628=CARTESIAN_POINT('',(-183.599999999,81.014971859,139.));
#2629=DIRECTION('',(1.,-0.,-0.));
#2630=DIRECTION('',(0.,0.,1.));
#2631=AXIS2_PLACEMENT_3D('',#2628,#2629,#2630);
#2632=CIRCLE('',#2631,5.);
#2633=EDGE_CURVE('',#2616,#2627,#2632,.T.);
#2634=ORIENTED_EDGE('',*,*,#2633,.T.);
#2635=CARTESIAN_POINT('',(-183.599999999,81.014971859,139.));
#2636=DIRECTION('',(1.,-0.,-0.));
#2637=DIRECTION('',(0.,0.,1.));
#2638=AXIS2_PLACEMENT_3D('',#2635,#2636,#2637);
#2639=CIRCLE('',#2638,5.);
#2640=EDGE_CURVE('',#2627,#2616,#2639,.T.);
#2641=ORIENTED_EDGE('',*,*,#2640,.T.);
#2642=EDGE_LOOP('',(#2622,#2623,#2624,#2625,#2634,#2641));
#2643=FACE_BOUND('',#2642,.T.);
#2644=ADVANCED_FACE('',(#2643),#2614,.F.);
#2645=CARTESIAN_POINT('',(-176.8,81.014971859,139.));
#2646=DIRECTION('',(1.,0.,0.));
#2647=DIRECTION('',(0.,0.,-1.));
#2648=AXIS2_PLACEMENT_3D('',#2645,#2646,#2647);
#2649=TOROIDAL_SURFACE('',#2648,3.,0.4);
#2650=CARTESIAN_POINT('',(-177.2,81.014971859,136.));
#2651=VERTEX_POINT('',#2650);
#2652=CARTESIAN_POINT('',(-176.8,81.014971859,136.4));
#2653=VERTEX_POINT('',#2652);
#2654=CARTESIAN_POINT('',(-176.8,81.014971859,136.));
#2655=DIRECTION('',(-0.,1.,-0.));
#2656=DIRECTION('',(0.,0.,-1.));
#2657=AXIS2_PLACEMENT_3D('',#2654,#2655,#2656);
#2658=CIRCLE('',#2657,0.4);
#2659=EDGE_CURVE('',#2651,#2653,#2658,.T.);
#2660=ORIENTED_EDGE('',*,*,#2659,.T.);
#2661=CARTESIAN_POINT('',(-176.8,83.614971859,139.));
#2662=VERTEX_POINT('',#2661);
#2663=CARTESIAN_POINT('',(-176.8,81.014971859,139.));
#2664=DIRECTION('',(1.,0.,0.));
#2665=DIRECTION('',(0.,0.,-1.));
#2666=AXIS2_PLACEMENT_3D('',#2663,#2664,#2665);
#2667=CIRCLE('',#2666,2.6);
#2668=EDGE_CURVE('',#2653,#2662,#2667,.T.);
#2669=ORIENTED_EDGE('',*,*,#2668,.T.);
#2670=CARTESIAN_POINT('',(-176.8,81.014971859,139.));
#2671=DIRECTION('',(1.,0.,0.));
#2672=DIRECTION('',(0.,0.,-1.));
#2673=AXIS2_PLACEMENT_3D('',#2670,#2671,#2672);
#2674=CIRCLE('',#2673,2.6);
#2675=EDGE_CURVE('',#2662,#2653,#2674,.T.);
#2676=ORIENTED_EDGE('',*,*,#2675,.T.);
#2677=ORIENTED_EDGE('',*,*,#2659,.F.);
#2678=CARTESIAN_POINT('',(-177.2,81.014971859,139.));
#2679=DIRECTION('',(-1.,-0.,-0.));
#2680=DIRECTION('',(0.,0.,-1.));
#2681=AXIS2_PLACEMENT_3D('',#2678,#2679,#2680);
#2682=CIRCLE('',#2681,3.);
#2683=EDGE_CURVE('',#2651,#2651,#2682,.T.);
#2684=ORIENTED_EDGE('',*,*,#2683,.T.);
#2685=EDGE_LOOP('',(#2660,#2669,#2676,#2677,#2684));
#2686=FACE_BOUND('',#2685,.T.);
#2687=ADVANCED_FACE('',(#2686),#2649,.T.);
#2688=CARTESIAN_POINT('',(-177.2,47.014974982,62.));
#2689=DIRECTION('',(-1.,0.,0.));
#2690=DIRECTION('',(0.,-1.,0.));
#2691=AXIS2_PLACEMENT_3D('',#2688,#2689,#2690);
#2692=PLANE('',#2691);
#2693=CARTESIAN_POINT('',(-177.2,76.014971859,139.));
#2694=VERTEX_POINT('',#2693);
#2695=CARTESIAN_POINT('',(-177.2,81.014971859,134.));
#2696=VERTEX_POINT('',#2695);
#2697=CARTESIAN_POINT('',(-177.2,81.014971859,139.));
#2698=DIRECTION('',(1.,0.,0.));
#2699=DIRECTION('',(0.,0.,-1.));
#2700=AXIS2_PLACEMENT_3D('',#2697,#2698,#2699);
#2701=CIRCLE('',#2700,5.);
#2702=EDGE_CURVE('',#2694,#2696,#2701,.T.);
#2703=ORIENTED_EDGE('',*,*,#2702,.F.);
#2704=CARTESIAN_POINT('',(-177.2,81.014971859,139.));
#2705=DIRECTION('',(1.,0.,0.));
#2706=DIRECTION('',(0.,0.,-1.));
#2707=AXIS2_PLACEMENT_3D('',#2704,#2705,#2706);
#2708=CIRCLE('',#2707,5.);
#2709=EDGE_CURVE('',#2696,#2694,#2708,.T.);
#2710=ORIENTED_EDGE('',*,*,#2709,.F.);
#2711=EDGE_LOOP('',(#2703,#2710));
#2712=FACE_BOUND('',#2711,.T.);
#2713=ORIENTED_EDGE('',*,*,#2683,.F.);
#2714=EDGE_LOOP('',(#2713));
#2715=FACE_BOUND('',#2714,.T.);
#2716=ADVANCED_FACE('',(#2712,#2715),#2692,.T.);
#2717=CARTESIAN_POINT('',(-150.,81.014971859,139.));
#2718=DIRECTION('',(-1.,0.,0.));
#2719=DIRECTION('',(0.,1.,0.));
#2720=AXIS2_PLACEMENT_3D('',#2717,#2718,#2719);
#2721=CYLINDRICAL_SURFACE('',#2720,2.6);
#2722=CARTESIAN_POINT('',(-176.8,83.614971859,139.));
#2723=DIRECTION('',(1.,-0.,-0.));
#2724=VECTOR('',#2723,26.8);
#2725=LINE('',#2722,#2724);
#2726=EDGE_CURVE('',#2662,#1007,#2725,.T.);
#2727=ORIENTED_EDGE('',*,*,#2726,.F.);
#2728=ORIENTED_EDGE('',*,*,#2668,.F.);
#2729=ORIENTED_EDGE('',*,*,#2675,.F.);
#2730=ORIENTED_EDGE('',*,*,#2726,.T.);
#2731=ORIENTED_EDGE('',*,*,#1013,.F.);
#2732=ORIENTED_EDGE('',*,*,#1020,.F.);
#2733=EDGE_LOOP('',(#2727,#2728,#2729,#2730,#2731,#2732));
#2734=FACE_BOUND('',#2733,.T.);
#2735=ADVANCED_FACE('',(#2734),#2721,.F.);
#2736=CARTESIAN_POINT('',(-184.200479996,18.499971859,109.5));
#2737=DIRECTION('',(1.,0.,0.));
#2738=DIRECTION('',(-0.,1.,0.));
#2739=AXIS2_PLACEMENT_3D('',#2736,#2737,#2738);
#2740=CYLINDRICAL_SURFACE('',#2739,1.6);
#2741=CARTESIAN_POINT('',(-179.,20.099971859,109.5));
#2742=VERTEX_POINT('',#2741);
#2743=CARTESIAN_POINT('',(-179.,20.099971859,109.5));
#2744=DIRECTION('',(-1.,-0.,-0.));
#2745=VECTOR('',#2744,5.2);
#2746=LINE('',#2743,#2745);
#2747=EDGE_CURVE('',#2742,#596,#2746,.T.);
#2748=ORIENTED_EDGE('',*,*,#2747,.F.);
#2749=CARTESIAN_POINT('',(-179.,18.499971859,107.9));
#2750=VERTEX_POINT('',#2749);
#2751=CARTESIAN_POINT('',(-179.,18.499971859,109.5));
#2752=DIRECTION('',(-1.,-0.,-0.));
#2753=DIRECTION('',(0.,0.,-1.));
#2754=AXIS2_PLACEMENT_3D('',#2751,#2752,#2753);
#2755=CIRCLE('',#2754,1.6);
#2756=EDGE_CURVE('',#2750,#2742,#2755,.T.);
#2757=ORIENTED_EDGE('',*,*,#2756,.F.);
#2758=CARTESIAN_POINT('',(-179.,18.499971859,109.5));
#2759=DIRECTION('',(-1.,-0.,-0.));
#2760=DIRECTION('',(0.,0.,-1.));
#2761=AXIS2_PLACEMENT_3D('',#2758,#2759,#2760);
#2762=CIRCLE('',#2761,1.6);
#2763=EDGE_CURVE('',#2742,#2750,#2762,.T.);
#2764=ORIENTED_EDGE('',*,*,#2763,.F.);
#2765=ORIENTED_EDGE('',*,*,#2747,.T.);
#2766=ORIENTED_EDGE('',*,*,#602,.F.);
#2767=ORIENTED_EDGE('',*,*,#609,.F.);
#2768=EDGE_LOOP('',(#2748,#2757,#2764,#2765,#2766,#2767));
#2769=FACE_BOUND('',#2768,.T.);
#2770=ADVANCED_FACE('',(#2769),#2740,.F.);
#2771=CARTESIAN_POINT('',(-184.200479996,18.499971859,78.5));
#2772=DIRECTION('',(1.,0.,0.));
#2773=DIRECTION('',(-0.,1.,0.));
#2774=AXIS2_PLACEMENT_3D('',#2771,#2772,#2773);
#2775=CYLINDRICAL_SURFACE('',#2774,1.6);
#2776=CARTESIAN_POINT('',(-179.,20.099971859,78.5));
#2777=VERTEX_POINT('',#2776);
#2778=CARTESIAN_POINT('',(-179.,20.099971859,78.5));
#2779=DIRECTION('',(-1.,-0.,-0.));
#2780=VECTOR('',#2779,5.2);
#2781=LINE('',#2778,#2780);
#2782=EDGE_CURVE('',#2777,#616,#2781,.T.);
#2783=ORIENTED_EDGE('',*,*,#2782,.F.);
#2784=CARTESIAN_POINT('',(-179.,18.499971859,76.9));
#2785=VERTEX_POINT('',#2784);
#2786=CARTESIAN_POINT('',(-179.,18.499971859,78.5));
#2787=DIRECTION('',(-1.,-0.,-0.));
#2788=DIRECTION('',(0.,0.,-1.));
#2789=AXIS2_PLACEMENT_3D('',#2786,#2787,#2788);
#2790=CIRCLE('',#2789,1.6);
#2791=EDGE_CURVE('',#2785,#2777,#2790,.T.);
#2792=ORIENTED_EDGE('',*,*,#2791,.F.);
#2793=CARTESIAN_POINT('',(-179.,18.499971859,78.5));
#2794=DIRECTION('',(-1.,-0.,-0.));
#2795=DIRECTION('',(0.,0.,-1.));
#2796=AXIS2_PLACEMENT_3D('',#2793,#2794,#2795);
#2797=CIRCLE('',#2796,1.6);
#2798=EDGE_CURVE('',#2777,#2785,#2797,.T.);
#2799=ORIENTED_EDGE('',*,*,#2798,.F.);
#2800=ORIENTED_EDGE('',*,*,#2782,.T.);
#2801=ORIENTED_EDGE('',*,*,#622,.F.);
#2802=ORIENTED_EDGE('',*,*,#629,.F.);
#2803=EDGE_LOOP('',(#2783,#2792,#2799,#2800,#2801,#2802));
#2804=FACE_BOUND('',#2803,.T.);
#2805=ADVANCED_FACE('',(#2804),#2775,.F.);
#2806=CARTESIAN_POINT('',(-184.200479996,49.499971859,109.5));
#2807=DIRECTION('',(1.,0.,0.));
#2808=DIRECTION('',(-0.,1.,0.));
#2809=AXIS2_PLACEMENT_3D('',#2806,#2807,#2808);
#2810=CYLINDRICAL_SURFACE('',#2809,1.6);
#2811=CARTESIAN_POINT('',(-179.,51.099971859,109.5));
#2812=VERTEX_POINT('',#2811);
#2813=CARTESIAN_POINT('',(-179.,51.099971859,109.5));
#2814=DIRECTION('',(-1.,-0.,-0.));
#2815=VECTOR('',#2814,5.2);
#2816=LINE('',#2813,#2815);
#2817=EDGE_CURVE('',#2812,#636,#2816,.T.);
#2818=ORIENTED_EDGE('',*,*,#2817,.F.);
#2819=CARTESIAN_POINT('',(-179.,49.499971859,107.9));
#2820=VERTEX_POINT('',#2819);
#2821=CARTESIAN_POINT('',(-179.,49.499971859,109.5));
#2822=DIRECTION('',(-1.,-0.,-0.));
#2823=DIRECTION('',(0.,0.,-1.));
#2824=AXIS2_PLACEMENT_3D('',#2821,#2822,#2823);
#2825=CIRCLE('',#2824,1.6);
#2826=EDGE_CURVE('',#2820,#2812,#2825,.T.);
#2827=ORIENTED_EDGE('',*,*,#2826,.F.);
#2828=CARTESIAN_POINT('',(-179.,49.499971859,109.5));
#2829=DIRECTION('',(-1.,-0.,-0.));
#2830=DIRECTION('',(0.,0.,-1.));
#2831=AXIS2_PLACEMENT_3D('',#2828,#2829,#2830);
#2832=CIRCLE('',#2831,1.6);
#2833=EDGE_CURVE('',#2812,#2820,#2832,.T.);
#2834=ORIENTED_EDGE('',*,*,#2833,.F.);
#2835=ORIENTED_EDGE('',*,*,#2817,.T.);
#2836=ORIENTED_EDGE('',*,*,#642,.F.);
#2837=ORIENTED_EDGE('',*,*,#649,.F.);
#2838=EDGE_LOOP('',(#2818,#2827,#2834,#2835,#2836,#2837));
#2839=FACE_BOUND('',#2838,.T.);
#2840=ADVANCED_FACE('',(#2839),#2810,.F.);
#2841=CARTESIAN_POINT('',(-184.200479996,49.499971859,78.5));
#2842=DIRECTION('',(1.,0.,0.));
#2843=DIRECTION('',(-0.,1.,0.));
#2844=AXIS2_PLACEMENT_3D('',#2841,#2842,#2843);
#2845=CYLINDRICAL_SURFACE('',#2844,1.6);
#2846=CARTESIAN_POINT('',(-179.,51.099971859,78.5));
#2847=VERTEX_POINT('',#2846);
#2848=CARTESIAN_POINT('',(-179.,51.099971859,78.5));
#2849=DIRECTION('',(-1.,-0.,-0.));
#2850=VECTOR('',#2849,5.2);
#2851=LINE('',#2848,#2850);
#2852=EDGE_CURVE('',#2847,#656,#2851,.T.);
#2853=ORIENTED_EDGE('',*,*,#2852,.F.);
#2854=CARTESIAN_POINT('',(-179.,49.499971859,76.9));
#2855=VERTEX_POINT('',#2854);
#2856=CARTESIAN_POINT('',(-179.,49.499971859,78.5));
#2857=DIRECTION('',(-1.,-0.,-0.));
#2858=DIRECTION('',(0.,0.,-1.));
#2859=AXIS2_PLACEMENT_3D('',#2856,#2857,#2858);
#2860=CIRCLE('',#2859,1.6);
#2861=EDGE_CURVE('',#2855,#2847,#2860,.T.);
#2862=ORIENTED_EDGE('',*,*,#2861,.F.);
#2863=CARTESIAN_POINT('',(-179.,49.499971859,78.5));
#2864=DIRECTION('',(-1.,-0.,-0.));
#2865=DIRECTION('',(0.,0.,-1.));
#2866=AXIS2_PLACEMENT_3D('',#2863,#2864,#2865);
#2867=CIRCLE('',#2866,1.6);
#2868=EDGE_CURVE('',#2847,#2855,#2867,.T.);
#2869=ORIENTED_EDGE('',*,*,#2868,.F.);
#2870=ORIENTED_EDGE('',*,*,#2852,.T.);
#2871=ORIENTED_EDGE('',*,*,#662,.F.);
#2872=ORIENTED_EDGE('',*,*,#669,.F.);
#2873=EDGE_LOOP('',(#2853,#2862,#2869,#2870,#2871,#2872));
#2874=FACE_BOUND('',#2873,.T.);
#2875=ADVANCED_FACE('',(#2874),#2845,.F.);
#2876=CARTESIAN_POINT('',(-184.2,81.014971859,139.));
#2877=DIRECTION('',(1.,0.,0.));
#2878=DIRECTION('',(0.,-1.,0.));
#2879=AXIS2_PLACEMENT_3D('',#2876,#2877,#2878);
#2880=CYLINDRICAL_SURFACE('',#2879,5.);
#2881=CARTESIAN_POINT('',(-177.2,76.014971859,139.));
#2882=DIRECTION('',(-1.,-0.,-0.));
#2883=VECTOR('',#2882,6.399999999);
#2884=LINE('',#2881,#2883);
#2885=EDGE_CURVE('',#2694,#2616,#2884,.T.);
#2886=ORIENTED_EDGE('',*,*,#2885,.F.);
#2887=ORIENTED_EDGE('',*,*,#2702,.T.);
#2888=ORIENTED_EDGE('',*,*,#2709,.T.);
#2889=ORIENTED_EDGE('',*,*,#2885,.T.);
#2890=ORIENTED_EDGE('',*,*,#2640,.F.);
#2891=ORIENTED_EDGE('',*,*,#2633,.F.);
#2892=EDGE_LOOP('',(#2886,#2887,#2888,#2889,#2890,#2891));
#2893=FACE_BOUND('',#2892,.T.);
#2894=ADVANCED_FACE('',(#2893),#2880,.F.);
#2895=CARTESIAN_POINT('',(-179.,4.014974982,61.));
#2896=DIRECTION('',(1.,0.,0.));
#2897=DIRECTION('',(0.,1.,0.));
#2898=AXIS2_PLACEMENT_3D('',#2895,#2896,#2897);
#2899=PLANE('',#2898);
#2900=CARTESIAN_POINT('',(-179.,21.499971859,109.5));
#2901=VERTEX_POINT('',#2900);
#2902=CARTESIAN_POINT('',(-179.,18.499971859,112.5));
#2903=VERTEX_POINT('',#2902);
#2904=CARTESIAN_POINT('',(-179.,18.499971859,109.5));
#2905=DIRECTION('',(-1.,0.,0.));
#2906=DIRECTION('',(0.,0.,1.));
#2907=AXIS2_PLACEMENT_3D('',#2904,#2905,#2906);
#2908=CIRCLE('',#2907,3.);
#2909=EDGE_CURVE('',#2901,#2903,#2908,.T.);
#2910=ORIENTED_EDGE('',*,*,#2909,.F.);
#2911=CARTESIAN_POINT('',(-179.,18.499971859,109.5));
#2912=DIRECTION('',(-1.,0.,0.));
#2913=DIRECTION('',(0.,0.,1.));
#2914=AXIS2_PLACEMENT_3D('',#2911,#2912,#2913);
#2915=CIRCLE('',#2914,3.);
#2916=EDGE_CURVE('',#2903,#2901,#2915,.T.);
#2917=ORIENTED_EDGE('',*,*,#2916,.F.);
#2918=EDGE_LOOP('',(#2910,#2917));
#2919=FACE_BOUND('',#2918,.T.);
#2920=ORIENTED_EDGE('',*,*,#2756,.T.);
#2921=ORIENTED_EDGE('',*,*,#2763,.T.);
#2922=EDGE_LOOP('',(#2920,#2921));
#2923=FACE_BOUND('',#2922,.T.);
#2924=ADVANCED_FACE('',(#2919,#2923),#2899,.T.);
#2925=CARTESIAN_POINT('',(-179.,4.014974982,61.));
#2926=DIRECTION('',(1.,0.,0.));
#2927=DIRECTION('',(0.,1.,0.));
#2928=AXIS2_PLACEMENT_3D('',#2925,#2926,#2927);
#2929=PLANE('',#2928);
#2930=CARTESIAN_POINT('',(-179.,21.499971859,78.5));
#2931=VERTEX_POINT('',#2930);
#2932=CARTESIAN_POINT('',(-179.,18.499971859,81.5));
#2933=VERTEX_POINT('',#2932);
#2934=CARTESIAN_POINT('',(-179.,18.499971859,78.5));
#2935=DIRECTION('',(-1.,0.,0.));
#2936=DIRECTION('',(0.,0.,1.));
#2937=AXIS2_PLACEMENT_3D('',#2934,#2935,#2936);
#2938=CIRCLE('',#2937,3.);
#2939=EDGE_CURVE('',#2931,#2933,#2938,.T.);
#2940=ORIENTED_EDGE('',*,*,#2939,.F.);
#2941=CARTESIAN_POINT('',(-179.,18.499971859,78.5));
#2942=DIRECTION('',(-1.,0.,0.));
#2943=DIRECTION('',(0.,0.,1.));
#2944=AXIS2_PLACEMENT_3D('',#2941,#2942,#2943);
#2945=CIRCLE('',#2944,3.);
#2946=EDGE_CURVE('',#2933,#2931,#2945,.T.);
#2947=ORIENTED_EDGE('',*,*,#2946,.F.);
#2948=EDGE_LOOP('',(#2940,#2947));
#2949=FACE_BOUND('',#2948,.T.);
#2950=ORIENTED_EDGE('',*,*,#2791,.T.);
#2951=ORIENTED_EDGE('',*,*,#2798,.T.);
#2952=EDGE_LOOP('',(#2950,#2951));
#2953=FACE_BOUND('',#2952,.T.);
#2954=ADVANCED_FACE('',(#2949,#2953),#2929,.T.);
#2955=CARTESIAN_POINT('',(-179.,4.014974982,61.));
#2956=DIRECTION('',(1.,0.,0.));
#2957=DIRECTION('',(0.,1.,0.));
#2958=AXIS2_PLACEMENT_3D('',#2955,#2956,#2957);
#2959=PLANE('',#2958);
#2960=CARTESIAN_POINT('',(-179.,52.499971859,109.5));
#2961=VERTEX_POINT('',#2960);
#2962=CARTESIAN_POINT('',(-179.,49.499971859,112.5));
#2963=VERTEX_POINT('',#2962);
#2964=CARTESIAN_POINT('',(-179.,49.499971859,109.5));
#2965=DIRECTION('',(-1.,0.,0.));
#2966=DIRECTION('',(0.,0.,1.));
#2967=AXIS2_PLACEMENT_3D('',#2964,#2965,#2966);
#2968=CIRCLE('',#2967,3.);
#2969=EDGE_CURVE('',#2961,#2963,#2968,.T.);
#2970=ORIENTED_EDGE('',*,*,#2969,.F.);
#2971=CARTESIAN_POINT('',(-179.,49.499971859,109.5));
#2972=DIRECTION('',(-1.,0.,0.));
#2973=DIRECTION('',(0.,0.,1.));
#2974=AXIS2_PLACEMENT_3D('',#2971,#2972,#2973);
#2975=CIRCLE('',#2974,3.);
#2976=EDGE_CURVE('',#2963,#2961,#2975,.T.);
#2977=ORIENTED_EDGE('',*,*,#2976,.F.);
#2978=EDGE_LOOP('',(#2970,#2977));
#2979=FACE_BOUND('',#2978,.T.);
#2980=ORIENTED_EDGE('',*,*,#2826,.T.);
#2981=ORIENTED_EDGE('',*,*,#2833,.T.);
#2982=EDGE_LOOP('',(#2980,#2981));
#2983=FACE_BOUND('',#2982,.T.);
#2984=ADVANCED_FACE('',(#2979,#2983),#2959,.T.);
#2985=CARTESIAN_POINT('',(-179.,4.014974982,61.));
#2986=DIRECTION('',(1.,0.,0.));
#2987=DIRECTION('',(0.,1.,0.));
#2988=AXIS2_PLACEMENT_3D('',#2985,#2986,#2987);
#2989=PLANE('',#2988);
#2990=CARTESIAN_POINT('',(-179.,52.499971859,78.5));
#2991=VERTEX_POINT('',#2990);
#2992=CARTESIAN_POINT('',(-179.,49.499971859,81.5));
#2993=VERTEX_POINT('',#2992);
#2994=CARTESIAN_POINT('',(-179.,49.499971859,78.5));
#2995=DIRECTION('',(-1.,0.,0.));
#2996=DIRECTION('',(0.,0.,1.));
#2997=AXIS2_PLACEMENT_3D('',#2994,#2995,#2996);
#2998=CIRCLE('',#2997,3.);
#2999=EDGE_CURVE('',#2991,#2993,#2998,.T.);
#3000=ORIENTED_EDGE('',*,*,#2999,.F.);
#3001=CARTESIAN_POINT('',(-179.,49.499971859,78.5));
#3002=DIRECTION('',(-1.,0.,0.));
#3003=DIRECTION('',(0.,0.,1.));
#3004=AXIS2_PLACEMENT_3D('',#3001,#3002,#3003);
#3005=CIRCLE('',#3004,3.);
#3006=EDGE_CURVE('',#2993,#2991,#3005,.T.);
#3007=ORIENTED_EDGE('',*,*,#3006,.F.);
#3008=EDGE_LOOP('',(#3000,#3007));
#3009=FACE_BOUND('',#3008,.T.);
#3010=ORIENTED_EDGE('',*,*,#2861,.T.);
#3011=ORIENTED_EDGE('',*,*,#2868,.T.);
#3012=EDGE_LOOP('',(#3010,#3011));
#3013=FACE_BOUND('',#3012,.T.);
#3014=ADVANCED_FACE('',(#3009,#3013),#2989,.T.);
#3015=CARTESIAN_POINT('',(-37.666479996,33.999971859,94.));
#3016=DIRECTION('',(-1.,0.,0.));
#3017=DIRECTION('',(0.,-1.,0.));
#3018=AXIS2_PLACEMENT_3D('',#3015,#3016,#3017);
#3019=CYLINDRICAL_SURFACE('',#3018,12.4);
#3020=CARTESIAN_POINT('',(-184.2,21.599971859,94.));
#3021=DIRECTION('',(1.,-0.,-0.));
#3022=VECTOR('',#3021,34.2);
#3023=LINE('',#3020,#3022);
#3024=EDGE_CURVE('',#676,#1107,#3023,.T.);
#3025=ORIENTED_EDGE('',*,*,#3024,.F.);
#3026=ORIENTED_EDGE('',*,*,#682,.F.);
#3027=ORIENTED_EDGE('',*,*,#689,.F.);
#3028=ORIENTED_EDGE('',*,*,#3024,.T.);
#3029=ORIENTED_EDGE('',*,*,#1113,.F.);
#3030=ORIENTED_EDGE('',*,*,#1120,.F.);
#3031=EDGE_LOOP('',(#3025,#3026,#3027,#3028,#3029,#3030));
#3032=FACE_BOUND('',#3031,.T.);
#3033=ADVANCED_FACE('',(#3032),#3019,.F.);
#3034=CARTESIAN_POINT('',(-150.,18.499971859,109.5));
#3035=DIRECTION('',(-1.,0.,0.));
#3036=DIRECTION('',(0.,1.,0.));
#3037=AXIS2_PLACEMENT_3D('',#3034,#3035,#3036);
#3038=CYLINDRICAL_SURFACE('',#3037,3.);
#3039=CARTESIAN_POINT('',(-179.,21.499971859,109.5));
#3040=DIRECTION('',(1.,-0.,-0.));
#3041=VECTOR('',#3040,29.);
#3042=LINE('',#3039,#3041);
#3043=EDGE_CURVE('',#2901,#1087,#3042,.T.);
#3044=ORIENTED_EDGE('',*,*,#3043,.F.);
#3045=ORIENTED_EDGE('',*,*,#2909,.T.);
#3046=ORIENTED_EDGE('',*,*,#2916,.T.);
#3047=ORIENTED_EDGE('',*,*,#3043,.T.);
#3048=ORIENTED_EDGE('',*,*,#1093,.F.);
#3049=ORIENTED_EDGE('',*,*,#1100,.F.);
#3050=EDGE_LOOP('',(#3044,#3045,#3046,#3047,#3048,#3049));
#3051=FACE_BOUND('',#3050,.T.);
#3052=ADVANCED_FACE('',(#3051),#3038,.F.);
#3053=CARTESIAN_POINT('',(-150.,18.499971859,78.5));
#3054=DIRECTION('',(-1.,0.,0.));
#3055=DIRECTION('',(0.,1.,0.));
#3056=AXIS2_PLACEMENT_3D('',#3053,#3054,#3055);
#3057=CYLINDRICAL_SURFACE('',#3056,3.);
#3058=CARTESIAN_POINT('',(-179.,21.499971859,78.5));
#3059=DIRECTION('',(1.,-0.,-0.));
#3060=VECTOR('',#3059,29.);
#3061=LINE('',#3058,#3060);
#3062=EDGE_CURVE('',#2931,#1067,#3061,.T.);
#3063=ORIENTED_EDGE('',*,*,#3062,.F.);
#3064=ORIENTED_EDGE('',*,*,#2939,.T.);
#3065=ORIENTED_EDGE('',*,*,#2946,.T.);
#3066=ORIENTED_EDGE('',*,*,#3062,.T.);
#3067=ORIENTED_EDGE('',*,*,#1073,.F.);
#3068=ORIENTED_EDGE('',*,*,#1080,.F.);
#3069=EDGE_LOOP('',(#3063,#3064,#3065,#3066,#3067,#3068));
#3070=FACE_BOUND('',#3069,.T.);
#3071=ADVANCED_FACE('',(#3070),#3057,.F.);
#3072=CARTESIAN_POINT('',(-150.,49.499971859,109.5));
#3073=DIRECTION('',(-1.,0.,0.));
#3074=DIRECTION('',(0.,1.,0.));
#3075=AXIS2_PLACEMENT_3D('',#3072,#3073,#3074);
#3076=CYLINDRICAL_SURFACE('',#3075,3.);
#3077=CARTESIAN_POINT('',(-179.,52.499971859,109.5));
#3078=DIRECTION('',(1.,-0.,-0.));
#3079=VECTOR('',#3078,29.);
#3080=LINE('',#3077,#3079);
#3081=EDGE_CURVE('',#2961,#1047,#3080,.T.);
#3082=ORIENTED_EDGE('',*,*,#3081,.F.);
#3083=ORIENTED_EDGE('',*,*,#2969,.T.);
#3084=ORIENTED_EDGE('',*,*,#2976,.T.);
#3085=ORIENTED_EDGE('',*,*,#3081,.T.);
#3086=ORIENTED_EDGE('',*,*,#1053,.F.);
#3087=ORIENTED_EDGE('',*,*,#1060,.F.);
#3088=EDGE_LOOP('',(#3082,#3083,#3084,#3085,#3086,#3087));
#3089=FACE_BOUND('',#3088,.T.);
#3090=ADVANCED_FACE('',(#3089),#3076,.F.);
#3091=CARTESIAN_POINT('',(-150.,49.499971859,78.5));
#3092=DIRECTION('',(-1.,0.,0.));
#3093=DIRECTION('',(0.,1.,0.));
#3094=AXIS2_PLACEMENT_3D('',#3091,#3092,#3093);
#3095=CYLINDRICAL_SURFACE('',#3094,3.);
#3096=CARTESIAN_POINT('',(-179.,52.499971859,78.5));
#3097=DIRECTION('',(1.,-0.,-0.));
#3098=VECTOR('',#3097,29.);
#3099=LINE('',#3096,#3098);
#3100=EDGE_CURVE('',#2991,#1027,#3099,.T.);
#3101=ORIENTED_EDGE('',*,*,#3100,.F.);
#3102=ORIENTED_EDGE('',*,*,#2999,.T.);
#3103=ORIENTED_EDGE('',*,*,#3006,.T.);
#3104=ORIENTED_EDGE('',*,*,#3100,.T.);
#3105=ORIENTED_EDGE('',*,*,#1033,.F.);
#3106=ORIENTED_EDGE('',*,*,#1040,.F.);
#3107=EDGE_LOOP('',(#3101,#3102,#3103,#3104,#3105,#3106));
#3108=FACE_BOUND('',#3107,.T.);
#3109=ADVANCED_FACE('',(#3108),#3095,.F.);
#3110=CARTESIAN_POINT('',(-176.8,61.014971859,139.));
#3111=DIRECTION('',(1.,0.,0.));
#3112=DIRECTION('',(0.,0.,-1.));
#3113=AXIS2_PLACEMENT_3D('',#3110,#3111,#3112);
#3114=TOROIDAL_SURFACE('',#3113,3.,0.4);
#3115=CARTESIAN_POINT('',(-177.2,61.014971859,136.));
#3116=VERTEX_POINT('',#3115);
#3117=CARTESIAN_POINT('',(-176.8,61.014971859,136.4));
#3118=VERTEX_POINT('',#3117);
#3119=CARTESIAN_POINT('',(-176.8,61.014971859,136.));
#3120=DIRECTION('',(-0.,1.,-0.));
#3121=DIRECTION('',(0.,0.,-1.));
#3122=AXIS2_PLACEMENT_3D('',#3119,#3120,#3121);
#3123=CIRCLE('',#3122,0.4);
#3124=EDGE_CURVE('',#3116,#3118,#3123,.T.);
#3125=ORIENTED_EDGE('',*,*,#3124,.T.);
#3126=CARTESIAN_POINT('',(-176.8,63.614971859,139.));
#3127=VERTEX_POINT('',#3126);
#3128=CARTESIAN_POINT('',(-176.8,61.014971859,139.));
#3129=DIRECTION('',(1.,0.,0.));
#3130=DIRECTION('',(0.,0.,-1.));
#3131=AXIS2_PLACEMENT_3D('',#3128,#3129,#3130);
#3132=CIRCLE('',#3131,2.6);
#3133=EDGE_CURVE('',#3118,#3127,#3132,.T.);
#3134=ORIENTED_EDGE('',*,*,#3133,.T.);
#3135=CARTESIAN_POINT('',(-176.8,61.014971859,139.));
#3136=DIRECTION('',(1.,0.,0.));
#3137=DIRECTION('',(0.,0.,-1.));
#3138=AXIS2_PLACEMENT_3D('',#3135,#3136,#3137);
#3139=CIRCLE('',#3138,2.6);
#3140=EDGE_CURVE('',#3127,#3118,#3139,.T.);
#3141=ORIENTED_EDGE('',*,*,#3140,.T.);
#3142=ORIENTED_EDGE('',*,*,#3124,.F.);
#3143=CARTESIAN_POINT('',(-177.2,61.014971859,139.));
#3144=DIRECTION('',(-1.,-0.,-0.));
#3145=DIRECTION('',(0.,0.,-1.));
#3146=AXIS2_PLACEMENT_3D('',#3143,#3144,#3145);
#3147=CIRCLE('',#3146,3.);
#3148=EDGE_CURVE('',#3116,#3116,#3147,.T.);
#3149=ORIENTED_EDGE('',*,*,#3148,.T.);
#3150=EDGE_LOOP('',(#3125,#3134,#3141,#3142,#3149));
#3151=FACE_BOUND('',#3150,.T.);
#3152=ADVANCED_FACE('',(#3151),#3114,.T.);
#3153=CARTESIAN_POINT('',(-177.2,27.014974982,62.));
#3154=DIRECTION('',(-1.,0.,0.));
#3155=DIRECTION('',(0.,-1.,0.));
#3156=AXIS2_PLACEMENT_3D('',#3153,#3154,#3155);
#3157=PLANE('',#3156);
#3158=CARTESIAN_POINT('',(-177.2,56.014971859,139.));
#3159=VERTEX_POINT('',#3158);
#3160=CARTESIAN_POINT('',(-177.2,61.014971859,134.));
#3161=VERTEX_POINT('',#3160);
#3162=CARTESIAN_POINT('',(-177.2,61.014971859,139.));
#3163=DIRECTION('',(1.,0.,0.));
#3164=DIRECTION('',(0.,0.,-1.));
#3165=AXIS2_PLACEMENT_3D('',#3162,#3163,#3164);
#3166=CIRCLE('',#3165,5.);
#3167=EDGE_CURVE('',#3159,#3161,#3166,.T.);
#3168=ORIENTED_EDGE('',*,*,#3167,.F.);
#3169=CARTESIAN_POINT('',(-177.2,61.014971859,139.));
#3170=DIRECTION('',(1.,0.,0.));
#3171=DIRECTION('',(0.,0.,-1.));
#3172=AXIS2_PLACEMENT_3D('',#3169,#3170,#3171);
#3173=CIRCLE('',#3172,5.);
#3174=EDGE_CURVE('',#3161,#3159,#3173,.T.);
#3175=ORIENTED_EDGE('',*,*,#3174,.F.);
#3176=EDGE_LOOP('',(#3168,#3175));
#3177=FACE_BOUND('',#3176,.T.);
#3178=ORIENTED_EDGE('',*,*,#3148,.F.);
#3179=EDGE_LOOP('',(#3178));
#3180=FACE_BOUND('',#3179,.T.);
#3181=ADVANCED_FACE('',(#3177,#3180),#3157,.T.);
#3182=CARTESIAN_POINT('',(-150.,61.014971859,139.));
#3183=DIRECTION('',(-1.,0.,0.));
#3184=DIRECTION('',(0.,1.,0.));
#3185=AXIS2_PLACEMENT_3D('',#3182,#3183,#3184);
#3186=CYLINDRICAL_SURFACE('',#3185,2.6);
#3187=CARTESIAN_POINT('',(-176.8,63.614971859,139.));
#3188=DIRECTION('',(1.,-0.,-0.));
#3189=VECTOR('',#3188,26.8);
#3190=LINE('',#3187,#3189);
#3191=EDGE_CURVE('',#3127,#987,#3190,.T.);
#3192=ORIENTED_EDGE('',*,*,#3191,.F.);
#3193=ORIENTED_EDGE('',*,*,#3133,.F.);
#3194=ORIENTED_EDGE('',*,*,#3140,.F.);
#3195=ORIENTED_EDGE('',*,*,#3191,.T.);
#3196=ORIENTED_EDGE('',*,*,#993,.F.);
#3197=ORIENTED_EDGE('',*,*,#1000,.F.);
#3198=EDGE_LOOP('',(#3192,#3193,#3194,#3195,#3196,#3197));
#3199=FACE_BOUND('',#3198,.T.);
#3200=ADVANCED_FACE('',(#3199),#3186,.F.);
#3201=CARTESIAN_POINT('',(-183.9,61.014971859,139.));
#3202=DIRECTION('',(-1.,0.,0.));
#3203=DIRECTION('',(0.,-1.,0.));
#3204=AXIS2_PLACEMENT_3D('',#3201,#3202,#3203);
#3205=CONICAL_SURFACE('',#3204,5.3,44.999999949);
#3206=CARTESIAN_POINT('',(-183.599999999,56.014971859,139.));
#3207=VERTEX_POINT('',#3206);
#3208=CARTESIAN_POINT('',(-184.2,55.41497186,139.));
#3209=DIRECTION('',(0.707106782,0.707106781,-0.));
#3210=VECTOR('',#3209,0.848528137);
#3211=LINE('',#3208,#3210);
#3212=EDGE_CURVE('',#574,#3207,#3211,.T.);
#3213=ORIENTED_EDGE('',*,*,#3212,.F.);
#3214=ORIENTED_EDGE('',*,*,#582,.T.);
#3215=ORIENTED_EDGE('',*,*,#589,.T.);
#3216=ORIENTED_EDGE('',*,*,#3212,.T.);
#3217=CARTESIAN_POINT('',(-183.599999999,61.014971859,144.));
#3218=VERTEX_POINT('',#3217);
#3219=CARTESIAN_POINT('',(-183.599999999,61.014971859,139.));
#3220=DIRECTION('',(1.,-0.,-0.));
#3221=DIRECTION('',(0.,0.,1.));
#3222=AXIS2_PLACEMENT_3D('',#3219,#3220,#3221);
#3223=CIRCLE('',#3222,5.);
#3224=EDGE_CURVE('',#3207,#3218,#3223,.T.);
#3225=ORIENTED_EDGE('',*,*,#3224,.T.);
#3226=CARTESIAN_POINT('',(-183.599999999,61.014971859,139.));
#3227=DIRECTION('',(1.,-0.,-0.));
#3228=DIRECTION('',(0.,0.,1.));
#3229=AXIS2_PLACEMENT_3D('',#3226,#3227,#3228);
#3230=CIRCLE('',#3229,5.);
#3231=EDGE_CURVE('',#3218,#3207,#3230,.T.);
#3232=ORIENTED_EDGE('',*,*,#3231,.T.);
#3233=EDGE_LOOP('',(#3213,#3214,#3215,#3216,#3225,#3232));
#3234=FACE_BOUND('',#3233,.T.);
#3235=ADVANCED_FACE('',(#3234),#3205,.F.);
#3236=CARTESIAN_POINT('',(-184.2,61.014971859,139.));
#3237=DIRECTION('',(1.,0.,0.));
#3238=DIRECTION('',(0.,-1.,0.));
#3239=AXIS2_PLACEMENT_3D('',#3236,#3237,#3238);
#3240=CYLINDRICAL_SURFACE('',#3239,5.);
#3241=CARTESIAN_POINT('',(-177.2,56.014971859,139.));
#3242=DIRECTION('',(-1.,-0.,-0.));
#3243=VECTOR('',#3242,6.399999999);
#3244=LINE('',#3241,#3243);
#3245=EDGE_CURVE('',#3159,#3207,#3244,.T.);
#3246=ORIENTED_EDGE('',*,*,#3245,.F.);
#3247=ORIENTED_EDGE('',*,*,#3167,.T.);
#3248=ORIENTED_EDGE('',*,*,#3174,.T.);
#3249=ORIENTED_EDGE('',*,*,#3245,.T.);
#3250=ORIENTED_EDGE('',*,*,#3231,.F.);
#3251=ORIENTED_EDGE('',*,*,#3224,.F.);
#3252=EDGE_LOOP('',(#3246,#3247,#3248,#3249,#3250,#3251));
#3253=FACE_BOUND('',#3252,.T.);
#3254=ADVANCED_FACE('',(#3253),#3240,.F.);
#3255=CARTESIAN_POINT('',(-176.8,81.014971859,119.));
#3256=DIRECTION('',(1.,0.,0.));
#3257=DIRECTION('',(0.,0.,-1.));
#3258=AXIS2_PLACEMENT_3D('',#3255,#3256,#3257);
#3259=TOROIDAL_SURFACE('',#3258,3.,0.4);
#3260=CARTESIAN_POINT('',(-177.2,81.014971859,116.));
#3261=VERTEX_POINT('',#3260);
#3262=CARTESIAN_POINT('',(-176.8,81.014971859,116.4));
#3263=VERTEX_POINT('',#3262);
#3264=CARTESIAN_POINT('',(-176.8,81.014971859,116.));
#3265=DIRECTION('',(-0.,1.,-0.));
#3266=DIRECTION('',(0.,0.,-1.));
#3267=AXIS2_PLACEMENT_3D('',#3264,#3265,#3266);
#3268=CIRCLE('',#3267,0.4);
#3269=EDGE_CURVE('',#3261,#3263,#3268,.T.);
#3270=ORIENTED_EDGE('',*,*,#3269,.T.);
#3271=CARTESIAN_POINT('',(-176.8,83.614971859,119.));
#3272=VERTEX_POINT('',#3271);
#3273=CARTESIAN_POINT('',(-176.8,81.014971859,119.));
#3274=DIRECTION('',(1.,0.,0.));
#3275=DIRECTION('',(0.,0.,-1.));
#3276=AXIS2_PLACEMENT_3D('',#3273,#3274,#3275);
#3277=CIRCLE('',#3276,2.6);
#3278=EDGE_CURVE('',#3263,#3272,#3277,.T.);
#3279=ORIENTED_EDGE('',*,*,#3278,.T.);
#3280=CARTESIAN_POINT('',(-176.8,81.014971859,119.));
#3281=DIRECTION('',(1.,0.,0.));
#3282=DIRECTION('',(0.,0.,-1.));
#3283=AXIS2_PLACEMENT_3D('',#3280,#3281,#3282);
#3284=CIRCLE('',#3283,2.6);
#3285=EDGE_CURVE('',#3272,#3263,#3284,.T.);
#3286=ORIENTED_EDGE('',*,*,#3285,.T.);
#3287=ORIENTED_EDGE('',*,*,#3269,.F.);
#3288=CARTESIAN_POINT('',(-177.2,81.014971859,119.));
#3289=DIRECTION('',(-1.,-0.,-0.));
#3290=DIRECTION('',(0.,0.,-1.));
#3291=AXIS2_PLACEMENT_3D('',#3288,#3289,#3290);
#3292=CIRCLE('',#3291,3.);
#3293=EDGE_CURVE('',#3261,#3261,#3292,.T.);
#3294=ORIENTED_EDGE('',*,*,#3293,.T.);
#3295=EDGE_LOOP('',(#3270,#3279,#3286,#3287,#3294));
#3296=FACE_BOUND('',#3295,.T.);
#3297=ADVANCED_FACE('',(#3296),#3259,.T.);
#3298=CARTESIAN_POINT('',(-177.2,47.014974982,42.));
#3299=DIRECTION('',(-1.,0.,0.));
#3300=DIRECTION('',(0.,-1.,0.));
#3301=AXIS2_PLACEMENT_3D('',#3298,#3299,#3300);
#3302=PLANE('',#3301);
#3303=CARTESIAN_POINT('',(-177.2,76.014971859,119.));
#3304=VERTEX_POINT('',#3303);
#3305=CARTESIAN_POINT('',(-177.2,81.014971859,114.));
#3306=VERTEX_POINT('',#3305);
#3307=CARTESIAN_POINT('',(-177.2,81.014971859,119.));
#3308=DIRECTION('',(1.,0.,0.));
#3309=DIRECTION('',(0.,0.,-1.));
#3310=AXIS2_PLACEMENT_3D('',#3307,#3308,#3309);
#3311=CIRCLE('',#3310,5.);
#3312=EDGE_CURVE('',#3304,#3306,#3311,.T.);
#3313=ORIENTED_EDGE('',*,*,#3312,.F.);
#3314=CARTESIAN_POINT('',(-177.2,81.014971859,119.));
#3315=DIRECTION('',(1.,0.,0.));
#3316=DIRECTION('',(0.,0.,-1.));
#3317=AXIS2_PLACEMENT_3D('',#3314,#3315,#3316);
#3318=CIRCLE('',#3317,5.);
#3319=EDGE_CURVE('',#3306,#3304,#3318,.T.);
#3320=ORIENTED_EDGE('',*,*,#3319,.F.);
#3321=EDGE_LOOP('',(#3313,#3320));
#3322=FACE_BOUND('',#3321,.T.);
#3323=ORIENTED_EDGE('',*,*,#3293,.F.);
#3324=EDGE_LOOP('',(#3323));
#3325=FACE_BOUND('',#3324,.T.);
#3326=ADVANCED_FACE('',(#3322,#3325),#3302,.T.);
#3327=CARTESIAN_POINT('',(-150.,81.014971859,119.));
#3328=DIRECTION('',(-1.,0.,0.));
#3329=DIRECTION('',(0.,1.,0.));
#3330=AXIS2_PLACEMENT_3D('',#3327,#3328,#3329);
#3331=CYLINDRICAL_SURFACE('',#3330,2.6);
#3332=CARTESIAN_POINT('',(-176.8,83.614971859,119.));
#3333=DIRECTION('',(1.,-0.,-0.));
#3334=VECTOR('',#3333,26.8);
#3335=LINE('',#3332,#3334);
#3336=EDGE_CURVE('',#3272,#967,#3335,.T.);
#3337=ORIENTED_EDGE('',*,*,#3336,.F.);
#3338=ORIENTED_EDGE('',*,*,#3278,.F.);
#3339=ORIENTED_EDGE('',*,*,#3285,.F.);
#3340=ORIENTED_EDGE('',*,*,#3336,.T.);
#3341=ORIENTED_EDGE('',*,*,#973,.F.);
#3342=ORIENTED_EDGE('',*,*,#980,.F.);
#3343=EDGE_LOOP('',(#3337,#3338,#3339,#3340,#3341,#3342));
#3344=FACE_BOUND('',#3343,.T.);
#3345=ADVANCED_FACE('',(#3344),#3331,.F.);
#3346=CARTESIAN_POINT('',(-183.9,81.014971859,119.));
#3347=DIRECTION('',(-1.,0.,0.));
#3348=DIRECTION('',(0.,-1.,0.));
#3349=AXIS2_PLACEMENT_3D('',#3346,#3347,#3348);
#3350=CONICAL_SURFACE('',#3349,5.3,44.999999949);
#3351=CARTESIAN_POINT('',(-183.599999999,76.014971859,119.));
#3352=VERTEX_POINT('',#3351);
#3353=CARTESIAN_POINT('',(-184.2,75.41497186,119.));
#3354=DIRECTION('',(0.707106782,0.707106781,-0.));
#3355=VECTOR('',#3354,0.848528137);
#3356=LINE('',#3353,#3355);
#3357=EDGE_CURVE('',#554,#3352,#3356,.T.);
#3358=ORIENTED_EDGE('',*,*,#3357,.F.);
#3359=ORIENTED_EDGE('',*,*,#562,.T.);
#3360=ORIENTED_EDGE('',*,*,#569,.T.);
#3361=ORIENTED_EDGE('',*,*,#3357,.T.);
#3362=CARTESIAN_POINT('',(-183.599999999,81.014971859,124.));
#3363=VERTEX_POINT('',#3362);
#3364=CARTESIAN_POINT('',(-183.599999999,81.014971859,119.));
#3365=DIRECTION('',(1.,-0.,-0.));
#3366=DIRECTION('',(0.,0.,1.));
#3367=AXIS2_PLACEMENT_3D('',#3364,#3365,#3366);
#3368=CIRCLE('',#3367,5.);
#3369=EDGE_CURVE('',#3352,#3363,#3368,.T.);
#3370=ORIENTED_EDGE('',*,*,#3369,.T.);
#3371=CARTESIAN_POINT('',(-183.599999999,81.014971859,119.));
#3372=DIRECTION('',(1.,-0.,-0.));
#3373=DIRECTION('',(0.,0.,1.));
#3374=AXIS2_PLACEMENT_3D('',#3371,#3372,#3373);
#3375=CIRCLE('',#3374,5.);
#3376=EDGE_CURVE('',#3363,#3352,#3375,.T.);
#3377=ORIENTED_EDGE('',*,*,#3376,.T.);
#3378=EDGE_LOOP('',(#3358,#3359,#3360,#3361,#3370,#3377));
#3379=FACE_BOUND('',#3378,.T.);
#3380=ADVANCED_FACE('',(#3379),#3350,.F.);
#3381=CARTESIAN_POINT('',(-184.2,81.014971859,119.));
#3382=DIRECTION('',(1.,0.,0.));
#3383=DIRECTION('',(0.,-1.,0.));
#3384=AXIS2_PLACEMENT_3D('',#3381,#3382,#3383);
#3385=CYLINDRICAL_SURFACE('',#3384,5.);
#3386=CARTESIAN_POINT('',(-177.2,76.014971859,119.));
#3387=DIRECTION('',(-1.,-0.,-0.));
#3388=VECTOR('',#3387,6.399999999);
#3389=LINE('',#3386,#3388);
#3390=EDGE_CURVE('',#3304,#3352,#3389,.T.);
#3391=ORIENTED_EDGE('',*,*,#3390,.F.);
#3392=ORIENTED_EDGE('',*,*,#3312,.T.);
#3393=ORIENTED_EDGE('',*,*,#3319,.T.);
#3394=ORIENTED_EDGE('',*,*,#3390,.T.);
#3395=ORIENTED_EDGE('',*,*,#3376,.F.);
#3396=ORIENTED_EDGE('',*,*,#3369,.F.);
#3397=EDGE_LOOP('',(#3391,#3392,#3393,#3394,#3395,#3396));
#3398=FACE_BOUND('',#3397,.T.);
#3399=ADVANCED_FACE('',(#3398),#3385,.F.);
#3400=CARTESIAN_POINT('',(-176.8,61.014971859,119.));
#3401=DIRECTION('',(1.,0.,0.));
#3402=DIRECTION('',(0.,0.,-1.));
#3403=AXIS2_PLACEMENT_3D('',#3400,#3401,#3402);
#3404=TOROIDAL_SURFACE('',#3403,3.,0.4);
#3405=CARTESIAN_POINT('',(-177.2,61.014971859,116.));
#3406=VERTEX_POINT('',#3405);
#3407=CARTESIAN_POINT('',(-176.8,61.014971859,116.4));
#3408=VERTEX_POINT('',#3407);
#3409=CARTESIAN_POINT('',(-176.8,61.014971859,116.));
#3410=DIRECTION('',(-0.,1.,-0.));
#3411=DIRECTION('',(0.,0.,-1.));
#3412=AXIS2_PLACEMENT_3D('',#3409,#3410,#3411);
#3413=CIRCLE('',#3412,0.4);
#3414=EDGE_CURVE('',#3406,#3408,#3413,.T.);
#3415=ORIENTED_EDGE('',*,*,#3414,.T.);
#3416=CARTESIAN_POINT('',(-176.8,63.614971859,119.));
#3417=VERTEX_POINT('',#3416);
#3418=CARTESIAN_POINT('',(-176.8,61.014971859,119.));
#3419=DIRECTION('',(1.,0.,0.));
#3420=DIRECTION('',(0.,0.,-1.));
#3421=AXIS2_PLACEMENT_3D('',#3418,#3419,#3420);
#3422=CIRCLE('',#3421,2.6);
#3423=EDGE_CURVE('',#3408,#3417,#3422,.T.);
#3424=ORIENTED_EDGE('',*,*,#3423,.T.);
#3425=CARTESIAN_POINT('',(-176.8,61.014971859,119.));
#3426=DIRECTION('',(1.,0.,0.));
#3427=DIRECTION('',(0.,0.,-1.));
#3428=AXIS2_PLACEMENT_3D('',#3425,#3426,#3427);
#3429=CIRCLE('',#3428,2.6);
#3430=EDGE_CURVE('',#3417,#3408,#3429,.T.);
#3431=ORIENTED_EDGE('',*,*,#3430,.T.);
#3432=ORIENTED_EDGE('',*,*,#3414,.F.);
#3433=CARTESIAN_POINT('',(-177.2,61.014971859,119.));
#3434=DIRECTION('',(-1.,-0.,-0.));
#3435=DIRECTION('',(0.,0.,-1.));
#3436=AXIS2_PLACEMENT_3D('',#3433,#3434,#3435);
#3437=CIRCLE('',#3436,3.);
#3438=EDGE_CURVE('',#3406,#3406,#3437,.T.);
#3439=ORIENTED_EDGE('',*,*,#3438,.T.);
#3440=EDGE_LOOP('',(#3415,#3424,#3431,#3432,#3439));
#3441=FACE_BOUND('',#3440,.T.);
#3442=ADVANCED_FACE('',(#3441),#3404,.T.);
#3443=CARTESIAN_POINT('',(-177.2,27.014974982,42.));
#3444=DIRECTION('',(-1.,0.,0.));
#3445=DIRECTION('',(0.,-1.,0.));
#3446=AXIS2_PLACEMENT_3D('',#3443,#3444,#3445);
#3447=PLANE('',#3446);
#3448=CARTESIAN_POINT('',(-177.2,56.014971859,119.));
#3449=VERTEX_POINT('',#3448);
#3450=CARTESIAN_POINT('',(-177.2,61.014971859,114.));
#3451=VERTEX_POINT('',#3450);
#3452=CARTESIAN_POINT('',(-177.2,61.014971859,119.));
#3453=DIRECTION('',(1.,0.,0.));
#3454=DIRECTION('',(0.,0.,-1.));
#3455=AXIS2_PLACEMENT_3D('',#3452,#3453,#3454);
#3456=CIRCLE('',#3455,5.);
#3457=EDGE_CURVE('',#3449,#3451,#3456,.T.);
#3458=ORIENTED_EDGE('',*,*,#3457,.F.);
#3459=CARTESIAN_POINT('',(-177.2,61.014971859,119.));
#3460=DIRECTION('',(1.,0.,0.));
#3461=DIRECTION('',(0.,0.,-1.));
#3462=AXIS2_PLACEMENT_3D('',#3459,#3460,#3461);
#3463=CIRCLE('',#3462,5.);
#3464=EDGE_CURVE('',#3451,#3449,#3463,.T.);
#3465=ORIENTED_EDGE('',*,*,#3464,.F.);
#3466=EDGE_LOOP('',(#3458,#3465));
#3467=FACE_BOUND('',#3466,.T.);
#3468=ORIENTED_EDGE('',*,*,#3438,.F.);
#3469=EDGE_LOOP('',(#3468));
#3470=FACE_BOUND('',#3469,.T.);
#3471=ADVANCED_FACE('',(#3467,#3470),#3447,.T.);
#3472=CARTESIAN_POINT('',(-150.,61.014971859,119.));
#3473=DIRECTION('',(-1.,0.,0.));
#3474=DIRECTION('',(0.,1.,0.));
#3475=AXIS2_PLACEMENT_3D('',#3472,#3473,#3474);
#3476=CYLINDRICAL_SURFACE('',#3475,2.6);
#3477=CARTESIAN_POINT('',(-176.8,63.614971859,119.));
#3478=DIRECTION('',(1.,-0.,-0.));
#3479=VECTOR('',#3478,26.8);
#3480=LINE('',#3477,#3479);
#3481=EDGE_CURVE('',#3417,#947,#3480,.T.);
#3482=ORIENTED_EDGE('',*,*,#3481,.F.);
#3483=ORIENTED_EDGE('',*,*,#3423,.F.);
#3484=ORIENTED_EDGE('',*,*,#3430,.F.);
#3485=ORIENTED_EDGE('',*,*,#3481,.T.);
#3486=ORIENTED_EDGE('',*,*,#953,.F.);
#3487=ORIENTED_EDGE('',*,*,#960,.F.);
#3488=EDGE_LOOP('',(#3482,#3483,#3484,#3485,#3486,#3487));
#3489=FACE_BOUND('',#3488,.T.);
#3490=ADVANCED_FACE('',(#3489),#3476,.F.);
#3491=CARTESIAN_POINT('',(-183.9,61.014971859,119.));
#3492=DIRECTION('',(-1.,0.,0.));
#3493=DIRECTION('',(0.,-1.,0.));
#3494=AXIS2_PLACEMENT_3D('',#3491,#3492,#3493);
#3495=CONICAL_SURFACE('',#3494,5.3,44.999999949);
#3496=CARTESIAN_POINT('',(-183.599999999,56.014971859,119.));
#3497=VERTEX_POINT('',#3496);
#3498=CARTESIAN_POINT('',(-184.2,55.41497186,119.));
#3499=DIRECTION('',(0.707106782,0.707106781,-0.));
#3500=VECTOR('',#3499,0.848528137);
#3501=LINE('',#3498,#3500);
#3502=EDGE_CURVE('',#714,#3497,#3501,.T.);
#3503=ORIENTED_EDGE('',*,*,#3502,.F.);
#3504=ORIENTED_EDGE('',*,*,#722,.T.);
#3505=ORIENTED_EDGE('',*,*,#729,.T.);
#3506=ORIENTED_EDGE('',*,*,#3502,.T.);
#3507=CARTESIAN_POINT('',(-183.599999999,61.014971859,124.));
#3508=VERTEX_POINT('',#3507);
#3509=CARTESIAN_POINT('',(-183.599999999,61.014971859,119.));
#3510=DIRECTION('',(1.,-0.,-0.));
#3511=DIRECTION('',(0.,0.,1.));
#3512=AXIS2_PLACEMENT_3D('',#3509,#3510,#3511);
#3513=CIRCLE('',#3512,5.);
#3514=EDGE_CURVE('',#3497,#3508,#3513,.T.);
#3515=ORIENTED_EDGE('',*,*,#3514,.T.);
#3516=CARTESIAN_POINT('',(-183.599999999,61.014971859,119.));
#3517=DIRECTION('',(1.,-0.,-0.));
#3518=DIRECTION('',(0.,0.,1.));
#3519=AXIS2_PLACEMENT_3D('',#3516,#3517,#3518);
#3520=CIRCLE('',#3519,5.);
#3521=EDGE_CURVE('',#3508,#3497,#3520,.T.);
#3522=ORIENTED_EDGE('',*,*,#3521,.T.);
#3523=EDGE_LOOP('',(#3503,#3504,#3505,#3506,#3515,#3522));
#3524=FACE_BOUND('',#3523,.T.);
#3525=ADVANCED_FACE('',(#3524),#3495,.F.);
#3526=CARTESIAN_POINT('',(-184.2,61.014971859,119.));
#3527=DIRECTION('',(1.,0.,0.));
#3528=DIRECTION('',(0.,-1.,0.));
#3529=AXIS2_PLACEMENT_3D('',#3526,#3527,#3528);
#3530=CYLINDRICAL_SURFACE('',#3529,5.);
#3531=CARTESIAN_POINT('',(-177.2,56.014971859,119.));
#3532=DIRECTION('',(-1.,-0.,-0.));
#3533=VECTOR('',#3532,6.399999999);
#3534=LINE('',#3531,#3533);
#3535=EDGE_CURVE('',#3449,#3497,#3534,.T.);
#3536=ORIENTED_EDGE('',*,*,#3535,.F.);
#3537=ORIENTED_EDGE('',*,*,#3457,.T.);
#3538=ORIENTED_EDGE('',*,*,#3464,.T.);
#3539=ORIENTED_EDGE('',*,*,#3535,.T.);
#3540=ORIENTED_EDGE('',*,*,#3521,.F.);
#3541=ORIENTED_EDGE('',*,*,#3514,.F.);
#3542=EDGE_LOOP('',(#3536,#3537,#3538,#3539,#3540,#3541));
#3543=FACE_BOUND('',#3542,.T.);
#3544=ADVANCED_FACE('',(#3543),#3530,.F.);
#3545=CARTESIAN_POINT('',(-168.85,91.014974982,52.431457505));
#3546=DIRECTION('',(1.,0.,0.));
#3547=DIRECTION('',(0.,0.,-1.));
#3548=AXIS2_PLACEMENT_3D('',#3545,#3546,#3547);
#3549=CYLINDRICAL_SURFACE('',#3548,40.);
#3550=ORIENTED_EDGE('',*,*,#2329,.F.);
#3551=CARTESIAN_POINT('',(-180.285786438,91.014974982,52.431457505));
#3552=DIRECTION('',(-1.,-0.,-0.));
#3553=DIRECTION('',(0.,0.,-1.));
#3554=AXIS2_PLACEMENT_3D('',#3551,#3552,#3553);
#3555=CIRCLE('',#3554,40.);
#3556=EDGE_CURVE('',#2316,#2587,#3555,.T.);
#3557=ORIENTED_EDGE('',*,*,#3556,.T.);
#3558=ORIENTED_EDGE('',*,*,#2592,.F.);
#3559=CARTESIAN_POINT('',(-152.5,91.014974982,52.431457505));
#3560=DIRECTION('',(1.,0.,0.));
#3561=DIRECTION('',(0.,0.,-1.));
#3562=AXIS2_PLACEMENT_3D('',#3559,#3560,#3561);
#3563=CIRCLE('',#3562,40.);
#3564=EDGE_CURVE('',#2585,#2324,#3563,.T.);
#3565=ORIENTED_EDGE('',*,*,#3564,.T.);
#3566=EDGE_LOOP('',(#3550,#3557,#3558,#3565));
#3567=FACE_BOUND('',#3566,.T.);
#3568=ADVANCED_FACE('',(#3567),#3549,.F.);
#3569=CARTESIAN_POINT('',(-150.,31.918208029,53.438766953));
#3570=DIRECTION('',(-0.707106781,-0.5,0.5));
#3571=DIRECTION('',(0.,0.707106781,0.707106781));
#3572=AXIS2_PLACEMENT_3D('',#3569,#3570,#3571);
#3573=PLANE('',#3572);
#3574=ORIENTED_EDGE('',*,*,#1378,.T.);
#3575=ORIENTED_EDGE('',*,*,#867,.F.);
#3576=CARTESIAN_POINT('',(-152.500000002,62.730703733,80.715728755));
#3577=DIRECTION('',(0.707106782,-0.5,0.5));
#3578=VECTOR('',#3577,3.535533906);
#3579=LINE('',#3576,#3578);
#3580=EDGE_CURVE('',#2585,#853,#3579,.T.);
#3581=ORIENTED_EDGE('',*,*,#3580,.F.);
#3582=ORIENTED_EDGE('',*,*,#2605,.F.);
#3583=EDGE_LOOP('',(#3574,#3575,#3581,#3582));
#3584=FACE_BOUND('',#3583,.T.);
#3585=ADVANCED_FACE('',(#3584),#3573,.F.);
#3586=CARTESIAN_POINT('',(-150.,91.014974982,52.431457505));
#3587=DIRECTION('',(1.,0.,0.));
#3588=DIRECTION('',(0.,0.,-1.));
#3589=AXIS2_PLACEMENT_3D('',#3586,#3587,#3588);
#3590=CONICAL_SURFACE('',#3589,42.5,44.999999949);
#3591=ORIENTED_EDGE('',*,*,#3580,.T.);
#3592=ORIENTED_EDGE('',*,*,#859,.F.);
#3593=CARTESIAN_POINT('',(-152.5,51.014974982,52.431457505));
#3594=DIRECTION('',(0.707106781,-0.707106781,0.));
#3595=VECTOR('',#3594,3.535533906);
#3596=LINE('',#3593,#3595);
#3597=EDGE_CURVE('',#2324,#845,#3596,.T.);
#3598=ORIENTED_EDGE('',*,*,#3597,.F.);
#3599=ORIENTED_EDGE('',*,*,#3564,.F.);
#3600=EDGE_LOOP('',(#3591,#3592,#3598,#3599));
#3601=FACE_BOUND('',#3600,.T.);
#3602=ADVANCED_FACE('',(#3601),#3590,.F.);
#3603=CARTESIAN_POINT('',(-152.5,51.014974982,67.092));
#3604=DIRECTION('',(0.707106781,0.707106781,0.));
#3605=DIRECTION('',(0.,0.,1.));
#3606=AXIS2_PLACEMENT_3D('',#3603,#3604,#3605);
#3607=PLANE('',#3606);
#3608=ORIENTED_EDGE('',*,*,#850,.F.);
#3609=CARTESIAN_POINT('',(-151.,49.514974982,43.55));
#3610=VERTEX_POINT('',#3609);
#3611=CARTESIAN_POINT('',(-150.,48.514974982,44.55));
#3612=DIRECTION('',(-0.577350269,0.577350269,-0.577350269));
#3613=VECTOR('',#3612,1.732050808);
#3614=LINE('',#3611,#3613);
#3615=EDGE_CURVE('',#837,#3610,#3614,.T.);
#3616=ORIENTED_EDGE('',*,*,#3615,.T.);
#3617=CARTESIAN_POINT('',(-152.5,51.014974982,43.55));
#3618=DIRECTION('',(0.707106781,-0.707106781,0.));
#3619=VECTOR('',#3618,2.121320344);
#3620=LINE('',#3617,#3619);
#3621=EDGE_CURVE('',#2332,#3610,#3620,.T.);
#3622=ORIENTED_EDGE('',*,*,#3621,.F.);
#3623=ORIENTED_EDGE('',*,*,#2337,.F.);
#3624=ORIENTED_EDGE('',*,*,#3597,.T.);
#3625=EDGE_LOOP('',(#3608,#3616,#3622,#3623,#3624));
#3626=FACE_BOUND('',#3625,.T.);
#3627=ADVANCED_FACE('',(#3626),#3607,.T.);
#3628=CARTESIAN_POINT('',(-164.2,-9.3,20.));
#3629=DIRECTION('',(1.,0.,0.));
#3630=DIRECTION('',(0.,1.,0.));
#3631=AXIS2_PLACEMENT_3D('',#3628,#3629,#3630);
#3632=PLANE('',#3631);
#3633=CARTESIAN_POINT('',(-164.2,-6.3,20.));
#3634=VERTEX_POINT('',#3633);
#3635=CARTESIAN_POINT('',(-164.2,-9.3,17.));
#3636=VERTEX_POINT('',#3635);
#3637=CARTESIAN_POINT('',(-164.2,-9.3,20.));
#3638=DIRECTION('',(1.,0.,0.));
#3639=DIRECTION('',(0.,0.,-1.));
#3640=AXIS2_PLACEMENT_3D('',#3637,#3638,#3639);
#3641=CIRCLE('',#3640,3.);
#3642=EDGE_CURVE('',#3634,#3636,#3641,.T.);
#3643=ORIENTED_EDGE('',*,*,#3642,.F.);
#3644=CARTESIAN_POINT('',(-164.2,-9.3,20.));
#3645=DIRECTION('',(1.,0.,0.));
#3646=DIRECTION('',(0.,0.,-1.));
#3647=AXIS2_PLACEMENT_3D('',#3644,#3645,#3646);
#3648=CIRCLE('',#3647,3.);
#3649=EDGE_CURVE('',#3636,#3634,#3648,.T.);
#3650=ORIENTED_EDGE('',*,*,#3649,.F.);
#3651=EDGE_LOOP('',(#3643,#3650));
#3652=FACE_BOUND('',#3651,.T.);
#3653=CARTESIAN_POINT('',(-164.2,-7.6,20.));
#3654=VERTEX_POINT('',#3653);
#3655=CARTESIAN_POINT('',(-164.2,-9.3,21.7));
#3656=VERTEX_POINT('',#3655);
#3657=CARTESIAN_POINT('',(-164.2,-9.3,20.));
#3658=DIRECTION('',(-1.,0.,0.));
#3659=DIRECTION('',(0.,0.,1.));
#3660=AXIS2_PLACEMENT_3D('',#3657,#3658,#3659);
#3661=CIRCLE('',#3660,1.7);
#3662=EDGE_CURVE('',#3654,#3656,#3661,.T.);
#3663=ORIENTED_EDGE('',*,*,#3662,.F.);
#3664=CARTESIAN_POINT('',(-164.2,-9.3,20.));
#3665=DIRECTION('',(-1.,0.,0.));
#3666=DIRECTION('',(0.,0.,1.));
#3667=AXIS2_PLACEMENT_3D('',#3664,#3665,#3666);
#3668=CIRCLE('',#3667,1.7);
#3669=EDGE_CURVE('',#3656,#3654,#3668,.T.);
#3670=ORIENTED_EDGE('',*,*,#3669,.F.);
#3671=EDGE_LOOP('',(#3663,#3670));
#3672=FACE_BOUND('',#3671,.T.);
#3673=ADVANCED_FACE('',(#3652,#3672),#3632,.F.);
#3674=CARTESIAN_POINT('',(-164.2,38.2,20.));
#3675=DIRECTION('',(1.,0.,0.));
#3676=DIRECTION('',(0.,1.,0.));
#3677=AXIS2_PLACEMENT_3D('',#3674,#3675,#3676);
#3678=PLANE('',#3677);
#3679=CARTESIAN_POINT('',(-164.2,41.2,20.));
#3680=VERTEX_POINT('',#3679);
#3681=CARTESIAN_POINT('',(-164.2,38.2,17.));
#3682=VERTEX_POINT('',#3681);
#3683=CARTESIAN_POINT('',(-164.2,38.2,20.));
#3684=DIRECTION('',(1.,0.,0.));
#3685=DIRECTION('',(0.,0.,-1.));
#3686=AXIS2_PLACEMENT_3D('',#3683,#3684,#3685);
#3687=CIRCLE('',#3686,3.);
#3688=EDGE_CURVE('',#3680,#3682,#3687,.T.);
#3689=ORIENTED_EDGE('',*,*,#3688,.F.);
#3690=CARTESIAN_POINT('',(-164.2,38.2,20.));
#3691=DIRECTION('',(1.,0.,0.));
#3692=DIRECTION('',(0.,0.,-1.));
#3693=AXIS2_PLACEMENT_3D('',#3690,#3691,#3692);
#3694=CIRCLE('',#3693,3.);
#3695=EDGE_CURVE('',#3682,#3680,#3694,.T.);
#3696=ORIENTED_EDGE('',*,*,#3695,.F.);
#3697=EDGE_LOOP('',(#3689,#3696));
#3698=FACE_BOUND('',#3697,.T.);
#3699=CARTESIAN_POINT('',(-164.2,39.9,20.));
#3700=VERTEX_POINT('',#3699);
#3701=CARTESIAN_POINT('',(-164.2,38.2,21.7));
#3702=VERTEX_POINT('',#3701);
#3703=CARTESIAN_POINT('',(-164.2,38.2,20.));
#3704=DIRECTION('',(-1.,0.,0.));
#3705=DIRECTION('',(0.,0.,1.));
#3706=AXIS2_PLACEMENT_3D('',#3703,#3704,#3705);
#3707=CIRCLE('',#3706,1.7);
#3708=EDGE_CURVE('',#3700,#3702,#3707,.T.);
#3709=ORIENTED_EDGE('',*,*,#3708,.F.);
#3710=CARTESIAN_POINT('',(-164.2,38.2,20.));
#3711=DIRECTION('',(-1.,0.,0.));
#3712=DIRECTION('',(0.,0.,1.));
#3713=AXIS2_PLACEMENT_3D('',#3710,#3711,#3712);
#3714=CIRCLE('',#3713,1.7);
#3715=EDGE_CURVE('',#3702,#3700,#3714,.T.);
#3716=ORIENTED_EDGE('',*,*,#3715,.F.);
#3717=EDGE_LOOP('',(#3709,#3716));
#3718=FACE_BOUND('',#3717,.T.);
#3719=ADVANCED_FACE('',(#3698,#3718),#3678,.F.);
#3720=CARTESIAN_POINT('',(-164.2,38.2,40.));
#3721=DIRECTION('',(1.,0.,0.));
#3722=DIRECTION('',(0.,1.,0.));
#3723=AXIS2_PLACEMENT_3D('',#3720,#3721,#3722);
#3724=PLANE('',#3723);
#3725=CARTESIAN_POINT('',(-164.2,41.2,40.));
#3726=VERTEX_POINT('',#3725);
#3727=CARTESIAN_POINT('',(-164.2,38.2,37.));
#3728=VERTEX_POINT('',#3727);
#3729=CARTESIAN_POINT('',(-164.2,38.2,40.));
#3730=DIRECTION('',(1.,0.,0.));
#3731=DIRECTION('',(0.,0.,-1.));
#3732=AXIS2_PLACEMENT_3D('',#3729,#3730,#3731);
#3733=CIRCLE('',#3732,3.);
#3734=EDGE_CURVE('',#3726,#3728,#3733,.T.);
#3735=ORIENTED_EDGE('',*,*,#3734,.F.);
#3736=CARTESIAN_POINT('',(-164.2,38.2,40.));
#3737=DIRECTION('',(1.,0.,0.));
#3738=DIRECTION('',(0.,0.,-1.));
#3739=AXIS2_PLACEMENT_3D('',#3736,#3737,#3738);
#3740=CIRCLE('',#3739,3.);
#3741=EDGE_CURVE('',#3728,#3726,#3740,.T.);
#3742=ORIENTED_EDGE('',*,*,#3741,.F.);
#3743=EDGE_LOOP('',(#3735,#3742));
#3744=FACE_BOUND('',#3743,.T.);
#3745=CARTESIAN_POINT('',(-164.2,39.9,40.));
#3746=VERTEX_POINT('',#3745);
#3747=CARTESIAN_POINT('',(-164.2,38.2,41.7));
#3748=VERTEX_POINT('',#3747);
#3749=CARTESIAN_POINT('',(-164.2,38.2,40.));
#3750=DIRECTION('',(-1.,0.,0.));
#3751=DIRECTION('',(0.,0.,1.));
#3752=AXIS2_PLACEMENT_3D('',#3749,#3750,#3751);
#3753=CIRCLE('',#3752,1.7);
#3754=EDGE_CURVE('',#3746,#3748,#3753,.T.);
#3755=ORIENTED_EDGE('',*,*,#3754,.F.);
#3756=CARTESIAN_POINT('',(-164.2,38.2,40.));
#3757=DIRECTION('',(-1.,0.,0.));
#3758=DIRECTION('',(0.,0.,1.));
#3759=AXIS2_PLACEMENT_3D('',#3756,#3757,#3758);
#3760=CIRCLE('',#3759,1.7);
#3761=EDGE_CURVE('',#3748,#3746,#3760,.T.);
#3762=ORIENTED_EDGE('',*,*,#3761,.F.);
#3763=EDGE_LOOP('',(#3755,#3762));
#3764=FACE_BOUND('',#3763,.T.);
#3765=ADVANCED_FACE('',(#3744,#3764),#3724,.F.);
#3766=CARTESIAN_POINT('',(-164.2,-9.3,40.));
#3767=DIRECTION('',(1.,0.,0.));
#3768=DIRECTION('',(0.,1.,0.));
#3769=AXIS2_PLACEMENT_3D('',#3766,#3767,#3768);
#3770=PLANE('',#3769);
#3771=CARTESIAN_POINT('',(-164.2,-6.3,40.));
#3772=VERTEX_POINT('',#3771);
#3773=CARTESIAN_POINT('',(-164.2,-9.3,37.));
#3774=VERTEX_POINT('',#3773);
#3775=CARTESIAN_POINT('',(-164.2,-9.3,40.));
#3776=DIRECTION('',(1.,0.,0.));
#3777=DIRECTION('',(0.,0.,-1.));
#3778=AXIS2_PLACEMENT_3D('',#3775,#3776,#3777);
#3779=CIRCLE('',#3778,3.);
#3780=EDGE_CURVE('',#3772,#3774,#3779,.T.);
#3781=ORIENTED_EDGE('',*,*,#3780,.F.);
#3782=CARTESIAN_POINT('',(-164.2,-9.3,40.));
#3783=DIRECTION('',(1.,0.,0.));
#3784=DIRECTION('',(0.,0.,-1.));
#3785=AXIS2_PLACEMENT_3D('',#3782,#3783,#3784);
#3786=CIRCLE('',#3785,3.);
#3787=EDGE_CURVE('',#3774,#3772,#3786,.T.);
#3788=ORIENTED_EDGE('',*,*,#3787,.F.);
#3789=EDGE_LOOP('',(#3781,#3788));
#3790=FACE_BOUND('',#3789,.T.);
#3791=CARTESIAN_POINT('',(-164.2,-7.6,40.));
#3792=VERTEX_POINT('',#3791);
#3793=CARTESIAN_POINT('',(-164.2,-9.3,41.7));
#3794=VERTEX_POINT('',#3793);
#3795=CARTESIAN_POINT('',(-164.2,-9.3,40.));
#3796=DIRECTION('',(-1.,0.,0.));
#3797=DIRECTION('',(0.,0.,1.));
#3798=AXIS2_PLACEMENT_3D('',#3795,#3796,#3797);
#3799=CIRCLE('',#3798,1.7);
#3800=EDGE_CURVE('',#3792,#3794,#3799,.T.);
#3801=ORIENTED_EDGE('',*,*,#3800,.F.);
#3802=CARTESIAN_POINT('',(-164.2,-9.3,40.));
#3803=DIRECTION('',(-1.,0.,0.));
#3804=DIRECTION('',(0.,0.,1.));
#3805=AXIS2_PLACEMENT_3D('',#3802,#3803,#3804);
#3806=CIRCLE('',#3805,1.7);
#3807=EDGE_CURVE('',#3794,#3792,#3806,.T.);
#3808=ORIENTED_EDGE('',*,*,#3807,.F.);
#3809=EDGE_LOOP('',(#3801,#3808));
#3810=FACE_BOUND('',#3809,.T.);
#3811=ADVANCED_FACE('',(#3790,#3810),#3770,.F.);
#3812=CARTESIAN_POINT('',(-164.2,-29.3,20.));
#3813=DIRECTION('',(1.,0.,0.));
#3814=DIRECTION('',(0.,1.,0.));
#3815=AXIS2_PLACEMENT_3D('',#3812,#3813,#3814);
#3816=PLANE('',#3815);
#3817=CARTESIAN_POINT('',(-164.2,-26.3,20.));
#3818=VERTEX_POINT('',#3817);
#3819=CARTESIAN_POINT('',(-164.2,-29.3,17.));
#3820=VERTEX_POINT('',#3819);
#3821=CARTESIAN_POINT('',(-164.2,-29.3,20.));
#3822=DIRECTION('',(1.,0.,0.));
#3823=DIRECTION('',(0.,0.,-1.));
#3824=AXIS2_PLACEMENT_3D('',#3821,#3822,#3823);
#3825=CIRCLE('',#3824,3.);
#3826=EDGE_CURVE('',#3818,#3820,#3825,.T.);
#3827=ORIENTED_EDGE('',*,*,#3826,.F.);
#3828=CARTESIAN_POINT('',(-164.2,-29.3,20.));
#3829=DIRECTION('',(1.,0.,0.));
#3830=DIRECTION('',(0.,0.,-1.));
#3831=AXIS2_PLACEMENT_3D('',#3828,#3829,#3830);
#3832=CIRCLE('',#3831,3.);
#3833=EDGE_CURVE('',#3820,#3818,#3832,.T.);
#3834=ORIENTED_EDGE('',*,*,#3833,.F.);
#3835=EDGE_LOOP('',(#3827,#3834));
#3836=FACE_BOUND('',#3835,.T.);
#3837=CARTESIAN_POINT('',(-164.2,-27.6,20.));
#3838=VERTEX_POINT('',#3837);
#3839=CARTESIAN_POINT('',(-164.2,-29.3,21.7));
#3840=VERTEX_POINT('',#3839);
#3841=CARTESIAN_POINT('',(-164.2,-29.3,20.));
#3842=DIRECTION('',(-1.,0.,0.));
#3843=DIRECTION('',(0.,0.,1.));
#3844=AXIS2_PLACEMENT_3D('',#3841,#3842,#3843);
#3845=CIRCLE('',#3844,1.7);
#3846=EDGE_CURVE('',#3838,#3840,#3845,.T.);
#3847=ORIENTED_EDGE('',*,*,#3846,.F.);
#3848=CARTESIAN_POINT('',(-164.2,-29.3,20.));
#3849=DIRECTION('',(-1.,0.,0.));
#3850=DIRECTION('',(0.,0.,1.));
#3851=AXIS2_PLACEMENT_3D('',#3848,#3849,#3850);
#3852=CIRCLE('',#3851,1.7);
#3853=EDGE_CURVE('',#3840,#3838,#3852,.T.);
#3854=ORIENTED_EDGE('',*,*,#3853,.F.);
#3855=EDGE_LOOP('',(#3847,#3854));
#3856=FACE_BOUND('',#3855,.T.);
#3857=ADVANCED_FACE('',(#3836,#3856),#3816,.F.);
#3858=CARTESIAN_POINT('',(-164.2,18.2,20.));
#3859=DIRECTION('',(1.,0.,0.));
#3860=DIRECTION('',(0.,1.,0.));
#3861=AXIS2_PLACEMENT_3D('',#3858,#3859,#3860);
#3862=PLANE('',#3861);
#3863=CARTESIAN_POINT('',(-164.2,21.2,20.));
#3864=VERTEX_POINT('',#3863);
#3865=CARTESIAN_POINT('',(-164.2,18.2,17.));
#3866=VERTEX_POINT('',#3865);
#3867=CARTESIAN_POINT('',(-164.2,18.2,20.));
#3868=DIRECTION('',(1.,0.,0.));
#3869=DIRECTION('',(0.,0.,-1.));
#3870=AXIS2_PLACEMENT_3D('',#3867,#3868,#3869);
#3871=CIRCLE('',#3870,3.);
#3872=EDGE_CURVE('',#3864,#3866,#3871,.T.);
#3873=ORIENTED_EDGE('',*,*,#3872,.F.);
#3874=CARTESIAN_POINT('',(-164.2,18.2,20.));
#3875=DIRECTION('',(1.,0.,0.));
#3876=DIRECTION('',(0.,0.,-1.));
#3877=AXIS2_PLACEMENT_3D('',#3874,#3875,#3876);
#3878=CIRCLE('',#3877,3.);
#3879=EDGE_CURVE('',#3866,#3864,#3878,.T.);
#3880=ORIENTED_EDGE('',*,*,#3879,.F.);
#3881=EDGE_LOOP('',(#3873,#3880));
#3882=FACE_BOUND('',#3881,.T.);
#3883=CARTESIAN_POINT('',(-164.2,19.9,20.));
#3884=VERTEX_POINT('',#3883);
#3885=CARTESIAN_POINT('',(-164.2,18.2,21.7));
#3886=VERTEX_POINT('',#3885);
#3887=CARTESIAN_POINT('',(-164.2,18.2,20.));
#3888=DIRECTION('',(-1.,0.,0.));
#3889=DIRECTION('',(0.,0.,1.));
#3890=AXIS2_PLACEMENT_3D('',#3887,#3888,#3889);
#3891=CIRCLE('',#3890,1.7);
#3892=EDGE_CURVE('',#3884,#3886,#3891,.T.);
#3893=ORIENTED_EDGE('',*,*,#3892,.F.);
#3894=CARTESIAN_POINT('',(-164.2,18.2,20.));
#3895=DIRECTION('',(-1.,0.,0.));
#3896=DIRECTION('',(0.,0.,1.));
#3897=AXIS2_PLACEMENT_3D('',#3894,#3895,#3896);
#3898=CIRCLE('',#3897,1.7);
#3899=EDGE_CURVE('',#3886,#3884,#3898,.T.);
#3900=ORIENTED_EDGE('',*,*,#3899,.F.);
#3901=EDGE_LOOP('',(#3893,#3900));
#3902=FACE_BOUND('',#3901,.T.);
#3903=ADVANCED_FACE('',(#3882,#3902),#3862,.F.);
#3904=CARTESIAN_POINT('',(-164.2,18.2,40.));
#3905=DIRECTION('',(1.,0.,0.));
#3906=DIRECTION('',(0.,1.,0.));
#3907=AXIS2_PLACEMENT_3D('',#3904,#3905,#3906);
#3908=PLANE('',#3907);
#3909=CARTESIAN_POINT('',(-164.2,21.2,40.));
#3910=VERTEX_POINT('',#3909);
#3911=CARTESIAN_POINT('',(-164.2,18.2,37.));
#3912=VERTEX_POINT('',#3911);
#3913=CARTESIAN_POINT('',(-164.2,18.2,40.));
#3914=DIRECTION('',(1.,0.,0.));
#3915=DIRECTION('',(0.,0.,-1.));
#3916=AXIS2_PLACEMENT_3D('',#3913,#3914,#3915);
#3917=CIRCLE('',#3916,3.);
#3918=EDGE_CURVE('',#3910,#3912,#3917,.T.);
#3919=ORIENTED_EDGE('',*,*,#3918,.F.);
#3920=CARTESIAN_POINT('',(-164.2,18.2,40.));
#3921=DIRECTION('',(1.,0.,0.));
#3922=DIRECTION('',(0.,0.,-1.));
#3923=AXIS2_PLACEMENT_3D('',#3920,#3921,#3922);
#3924=CIRCLE('',#3923,3.);
#3925=EDGE_CURVE('',#3912,#3910,#3924,.T.);
#3926=ORIENTED_EDGE('',*,*,#3925,.F.);
#3927=EDGE_LOOP('',(#3919,#3926));
#3928=FACE_BOUND('',#3927,.T.);
#3929=CARTESIAN_POINT('',(-164.2,19.9,40.));
#3930=VERTEX_POINT('',#3929);
#3931=CARTESIAN_POINT('',(-164.2,18.2,41.7));
#3932=VERTEX_POINT('',#3931);
#3933=CARTESIAN_POINT('',(-164.2,18.2,40.));
#3934=DIRECTION('',(-1.,0.,0.));
#3935=DIRECTION('',(0.,0.,1.));
#3936=AXIS2_PLACEMENT_3D('',#3933,#3934,#3935);
#3937=CIRCLE('',#3936,1.7);
#3938=EDGE_CURVE('',#3930,#3932,#3937,.T.);
#3939=ORIENTED_EDGE('',*,*,#3938,.F.);
#3940=CARTESIAN_POINT('',(-164.2,18.2,40.));
#3941=DIRECTION('',(-1.,0.,0.));
#3942=DIRECTION('',(0.,0.,1.));
#3943=AXIS2_PLACEMENT_3D('',#3940,#3941,#3942);
#3944=CIRCLE('',#3943,1.7);
#3945=EDGE_CURVE('',#3932,#3930,#3944,.T.);
#3946=ORIENTED_EDGE('',*,*,#3945,.F.);
#3947=EDGE_LOOP('',(#3939,#3946));
#3948=FACE_BOUND('',#3947,.T.);
#3949=ADVANCED_FACE('',(#3928,#3948),#3908,.F.);
#3950=CARTESIAN_POINT('',(-164.2,-29.3,40.));
#3951=DIRECTION('',(1.,0.,0.));
#3952=DIRECTION('',(0.,1.,0.));
#3953=AXIS2_PLACEMENT_3D('',#3950,#3951,#3952);
#3954=PLANE('',#3953);
#3955=CARTESIAN_POINT('',(-164.2,-26.3,40.));
#3956=VERTEX_POINT('',#3955);
#3957=CARTESIAN_POINT('',(-164.2,-29.3,37.));
#3958=VERTEX_POINT('',#3957);
#3959=CARTESIAN_POINT('',(-164.2,-29.3,40.));
#3960=DIRECTION('',(1.,0.,0.));
#3961=DIRECTION('',(0.,0.,-1.));
#3962=AXIS2_PLACEMENT_3D('',#3959,#3960,#3961);
#3963=CIRCLE('',#3962,3.);
#3964=EDGE_CURVE('',#3956,#3958,#3963,.T.);
#3965=ORIENTED_EDGE('',*,*,#3964,.F.);
#3966=CARTESIAN_POINT('',(-164.2,-29.3,40.));
#3967=DIRECTION('',(1.,0.,0.));
#3968=DIRECTION('',(0.,0.,-1.));
#3969=AXIS2_PLACEMENT_3D('',#3966,#3967,#3968);
#3970=CIRCLE('',#3969,3.);
#3971=EDGE_CURVE('',#3958,#3956,#3970,.T.);
#3972=ORIENTED_EDGE('',*,*,#3971,.F.);
#3973=EDGE_LOOP('',(#3965,#3972));
#3974=FACE_BOUND('',#3973,.T.);
#3975=CARTESIAN_POINT('',(-164.2,-27.6,40.));
#3976=VERTEX_POINT('',#3975);
#3977=CARTESIAN_POINT('',(-164.2,-29.3,41.7));
#3978=VERTEX_POINT('',#3977);
#3979=CARTESIAN_POINT('',(-164.2,-29.3,40.));
#3980=DIRECTION('',(-1.,0.,0.));
#3981=DIRECTION('',(0.,0.,1.));
#3982=AXIS2_PLACEMENT_3D('',#3979,#3980,#3981);
#3983=CIRCLE('',#3982,1.7);
#3984=EDGE_CURVE('',#3976,#3978,#3983,.T.);
#3985=ORIENTED_EDGE('',*,*,#3984,.F.);
#3986=CARTESIAN_POINT('',(-164.2,-29.3,40.));
#3987=DIRECTION('',(-1.,0.,0.));
#3988=DIRECTION('',(0.,0.,1.));
#3989=AXIS2_PLACEMENT_3D('',#3986,#3987,#3988);
#3990=CIRCLE('',#3989,1.7);
#3991=EDGE_CURVE('',#3978,#3976,#3990,.T.);
#3992=ORIENTED_EDGE('',*,*,#3991,.F.);
#3993=EDGE_LOOP('',(#3985,#3992));
#3994=FACE_BOUND('',#3993,.T.);
#3995=ADVANCED_FACE('',(#3974,#3994),#3954,.F.);
#3996=CARTESIAN_POINT('',(-174.2,-9.3,20.));
#3997=DIRECTION('',(1.,0.,0.));
#3998=DIRECTION('',(-0.,1.,0.));
#3999=AXIS2_PLACEMENT_3D('',#3996,#3997,#3998);
#4000=CYLINDRICAL_SURFACE('',#3999,3.);
#4001=CARTESIAN_POINT('',(-183.8,-6.3,20.));
#4002=VERTEX_POINT('',#4001);
#4003=CARTESIAN_POINT('',(-164.2,-6.3,20.));
#4004=DIRECTION('',(-1.,-0.,-0.));
#4005=VECTOR('',#4004,19.6);
#4006=LINE('',#4003,#4005);
#4007=EDGE_CURVE('',#3634,#4002,#4006,.T.);
#4008=ORIENTED_EDGE('',*,*,#4007,.F.);
#4009=ORIENTED_EDGE('',*,*,#3642,.T.);
#4010=ORIENTED_EDGE('',*,*,#3649,.T.);
#4011=ORIENTED_EDGE('',*,*,#4007,.T.);
#4012=CARTESIAN_POINT('',(-183.8,-12.3,20.));
#4013=VERTEX_POINT('',#4012);
#4014=CARTESIAN_POINT('',(-183.8,-9.3,20.));
#4015=DIRECTION('',(1.,-0.,-0.));
#4016=DIRECTION('',(0.,0.,1.));
#4017=AXIS2_PLACEMENT_3D('',#4014,#4015,#4016);
#4018=CIRCLE('',#4017,3.);
#4019=EDGE_CURVE('',#4013,#4002,#4018,.T.);
#4020=ORIENTED_EDGE('',*,*,#4019,.F.);
#4021=CARTESIAN_POINT('',(-183.8,-9.3,23.));
#4022=VERTEX_POINT('',#4021);
#4023=CARTESIAN_POINT('',(-183.8,-9.3,20.));
#4024=DIRECTION('',(1.,-0.,-0.));
#4025=DIRECTION('',(0.,0.,1.));
#4026=AXIS2_PLACEMENT_3D('',#4023,#4024,#4025);
#4027=CIRCLE('',#4026,3.);
#4028=EDGE_CURVE('',#4022,#4013,#4027,.T.);
#4029=ORIENTED_EDGE('',*,*,#4028,.F.);
#4030=CARTESIAN_POINT('',(-183.8,-9.3,20.));
#4031=DIRECTION('',(1.,-0.,-0.));
#4032=DIRECTION('',(0.,0.,1.));
#4033=AXIS2_PLACEMENT_3D('',#4030,#4031,#4032);
#4034=CIRCLE('',#4033,3.);
#4035=EDGE_CURVE('',#4002,#4022,#4034,.T.);
#4036=ORIENTED_EDGE('',*,*,#4035,.F.);
#4037=EDGE_LOOP('',(#4008,#4009,#4010,#4011,#4020,#4029,#4036));
#4038=FACE_BOUND('',#4037,.T.);
#4039=ADVANCED_FACE('',(#4038),#4000,.F.);
#4040=CARTESIAN_POINT('',(-174.2,-29.3,40.));
#4041=DIRECTION('',(1.,0.,0.));
#4042=DIRECTION('',(-0.,1.,0.));
#4043=AXIS2_PLACEMENT_3D('',#4040,#4041,#4042);
#4044=CYLINDRICAL_SURFACE('',#4043,3.);
#4045=CARTESIAN_POINT('',(-183.8,-26.3,40.));
#4046=VERTEX_POINT('',#4045);
#4047=CARTESIAN_POINT('',(-164.2,-26.3,40.));
#4048=DIRECTION('',(-1.,-0.,-0.));
#4049=VECTOR('',#4048,19.6);
#4050=LINE('',#4047,#4049);
#4051=EDGE_CURVE('',#3956,#4046,#4050,.T.);
#4052=ORIENTED_EDGE('',*,*,#4051,.F.);
#4053=ORIENTED_EDGE('',*,*,#3964,.T.);
#4054=ORIENTED_EDGE('',*,*,#3971,.T.);
#4055=ORIENTED_EDGE('',*,*,#4051,.T.);
#4056=CARTESIAN_POINT('',(-183.8,-32.3,40.));
#4057=VERTEX_POINT('',#4056);
#4058=CARTESIAN_POINT('',(-183.8,-29.3,40.));
#4059=DIRECTION('',(1.,-0.,-0.));
#4060=DIRECTION('',(0.,0.,1.));
#4061=AXIS2_PLACEMENT_3D('',#4058,#4059,#4060);
#4062=CIRCLE('',#4061,3.);
#4063=EDGE_CURVE('',#4057,#4046,#4062,.T.);
#4064=ORIENTED_EDGE('',*,*,#4063,.F.);
#4065=CARTESIAN_POINT('',(-183.8,-29.3,43.));
#4066=VERTEX_POINT('',#4065);
#4067=CARTESIAN_POINT('',(-183.8,-29.3,40.));
#4068=DIRECTION('',(1.,-0.,-0.));
#4069=DIRECTION('',(0.,0.,1.));
#4070=AXIS2_PLACEMENT_3D('',#4067,#4068,#4069);
#4071=CIRCLE('',#4070,3.);
#4072=EDGE_CURVE('',#4066,#4057,#4071,.T.);
#4073=ORIENTED_EDGE('',*,*,#4072,.F.);
#4074=CARTESIAN_POINT('',(-183.8,-29.3,40.));
#4075=DIRECTION('',(1.,-0.,-0.));
#4076=DIRECTION('',(0.,0.,1.));
#4077=AXIS2_PLACEMENT_3D('',#4074,#4075,#4076);
#4078=CIRCLE('',#4077,3.);
#4079=EDGE_CURVE('',#4046,#4066,#4078,.T.);
#4080=ORIENTED_EDGE('',*,*,#4079,.F.);
#4081=EDGE_LOOP('',(#4052,#4053,#4054,#4055,#4064,#4073,#4080));
#4082=FACE_BOUND('',#4081,.T.);
#4083=ADVANCED_FACE('',(#4082),#4044,.F.);
#4084=CARTESIAN_POINT('',(-174.2,18.2,40.));
#4085=DIRECTION('',(1.,0.,0.));
#4086=DIRECTION('',(-0.,1.,0.));
#4087=AXIS2_PLACEMENT_3D('',#4084,#4085,#4086);
#4088=CYLINDRICAL_SURFACE('',#4087,3.);
#4089=CARTESIAN_POINT('',(-183.8,21.2,40.));
#4090=VERTEX_POINT('',#4089);
#4091=CARTESIAN_POINT('',(-164.2,21.2,40.));
#4092=DIRECTION('',(-1.,-0.,-0.));
#4093=VECTOR('',#4092,19.6);
#4094=LINE('',#4091,#4093);
#4095=EDGE_CURVE('',#3910,#4090,#4094,.T.);
#4096=ORIENTED_EDGE('',*,*,#4095,.F.);
#4097=ORIENTED_EDGE('',*,*,#3918,.T.);
#4098=ORIENTED_EDGE('',*,*,#3925,.T.);
#4099=ORIENTED_EDGE('',*,*,#4095,.T.);
#4100=CARTESIAN_POINT('',(-183.8,15.2,40.));
#4101=VERTEX_POINT('',#4100);
#4102=CARTESIAN_POINT('',(-183.8,18.2,40.));
#4103=DIRECTION('',(1.,-0.,-0.));
#4104=DIRECTION('',(0.,0.,1.));
#4105=AXIS2_PLACEMENT_3D('',#4102,#4103,#4104);
#4106=CIRCLE('',#4105,3.);
#4107=EDGE_CURVE('',#4101,#4090,#4106,.T.);
#4108=ORIENTED_EDGE('',*,*,#4107,.F.);
#4109=CARTESIAN_POINT('',(-183.8,18.2,43.));
#4110=VERTEX_POINT('',#4109);
#4111=CARTESIAN_POINT('',(-183.8,18.2,40.));
#4112=DIRECTION('',(1.,-0.,-0.));
#4113=DIRECTION('',(0.,0.,1.));
#4114=AXIS2_PLACEMENT_3D('',#4111,#4112,#4113);
#4115=CIRCLE('',#4114,3.);
#4116=EDGE_CURVE('',#4110,#4101,#4115,.T.);
#4117=ORIENTED_EDGE('',*,*,#4116,.F.);
#4118=CARTESIAN_POINT('',(-183.8,18.2,40.));
#4119=DIRECTION('',(1.,-0.,-0.));
#4120=DIRECTION('',(0.,0.,1.));
#4121=AXIS2_PLACEMENT_3D('',#4118,#4119,#4120);
#4122=CIRCLE('',#4121,3.);
#4123=EDGE_CURVE('',#4090,#4110,#4122,.T.);
#4124=ORIENTED_EDGE('',*,*,#4123,.F.);
#4125=EDGE_LOOP('',(#4096,#4097,#4098,#4099,#4108,#4117,#4124));
#4126=FACE_BOUND('',#4125,.T.);
#4127=ADVANCED_FACE('',(#4126),#4088,.F.);
#4128=CARTESIAN_POINT('',(-174.2,38.2,20.));
#4129=DIRECTION('',(1.,0.,0.));
#4130=DIRECTION('',(-0.,1.,0.));
#4131=AXIS2_PLACEMENT_3D('',#4128,#4129,#4130);
#4132=CYLINDRICAL_SURFACE('',#4131,3.);
#4133=CARTESIAN_POINT('',(-183.8,41.2,20.));
#4134=VERTEX_POINT('',#4133);
#4135=CARTESIAN_POINT('',(-164.2,41.2,20.));
#4136=DIRECTION('',(-1.,-0.,-0.));
#4137=VECTOR('',#4136,19.6);
#4138=LINE('',#4135,#4137);
#4139=EDGE_CURVE('',#3680,#4134,#4138,.T.);
#4140=ORIENTED_EDGE('',*,*,#4139,.F.);
#4141=ORIENTED_EDGE('',*,*,#3688,.T.);
#4142=ORIENTED_EDGE('',*,*,#3695,.T.);
#4143=ORIENTED_EDGE('',*,*,#4139,.T.);
#4144=CARTESIAN_POINT('',(-183.8,35.2,20.));
#4145=VERTEX_POINT('',#4144);
#4146=CARTESIAN_POINT('',(-183.8,38.2,20.));
#4147=DIRECTION('',(1.,-0.,-0.));
#4148=DIRECTION('',(0.,0.,1.));
#4149=AXIS2_PLACEMENT_3D('',#4146,#4147,#4148);
#4150=CIRCLE('',#4149,3.);
#4151=EDGE_CURVE('',#4145,#4134,#4150,.T.);
#4152=ORIENTED_EDGE('',*,*,#4151,.F.);
#4153=CARTESIAN_POINT('',(-183.8,38.2,23.));
#4154=VERTEX_POINT('',#4153);
#4155=CARTESIAN_POINT('',(-183.8,38.2,20.));
#4156=DIRECTION('',(1.,-0.,-0.));
#4157=DIRECTION('',(0.,0.,1.));
#4158=AXIS2_PLACEMENT_3D('',#4155,#4156,#4157);
#4159=CIRCLE('',#4158,3.);
#4160=EDGE_CURVE('',#4154,#4145,#4159,.T.);
#4161=ORIENTED_EDGE('',*,*,#4160,.F.);
#4162=CARTESIAN_POINT('',(-183.8,38.2,20.));
#4163=DIRECTION('',(1.,-0.,-0.));
#4164=DIRECTION('',(0.,0.,1.));
#4165=AXIS2_PLACEMENT_3D('',#4162,#4163,#4164);
#4166=CIRCLE('',#4165,3.);
#4167=EDGE_CURVE('',#4134,#4154,#4166,.T.);
#4168=ORIENTED_EDGE('',*,*,#4167,.F.);
#4169=EDGE_LOOP('',(#4140,#4141,#4142,#4143,#4152,#4161,#4168));
#4170=FACE_BOUND('',#4169,.T.);
#4171=ADVANCED_FACE('',(#4170),#4132,.F.);
#4172=CARTESIAN_POINT('',(-174.2,18.2,20.));
#4173=DIRECTION('',(1.,0.,0.));
#4174=DIRECTION('',(-0.,1.,0.));
#4175=AXIS2_PLACEMENT_3D('',#4172,#4173,#4174);
#4176=CYLINDRICAL_SURFACE('',#4175,3.);
#4177=CARTESIAN_POINT('',(-183.8,21.2,20.));
#4178=VERTEX_POINT('',#4177);
#4179=CARTESIAN_POINT('',(-164.2,21.2,20.));
#4180=DIRECTION('',(-1.,-0.,-0.));
#4181=VECTOR('',#4180,19.6);
#4182=LINE('',#4179,#4181);
#4183=EDGE_CURVE('',#3864,#4178,#4182,.T.);
#4184=ORIENTED_EDGE('',*,*,#4183,.F.);
#4185=ORIENTED_EDGE('',*,*,#3872,.T.);
#4186=ORIENTED_EDGE('',*,*,#3879,.T.);
#4187=ORIENTED_EDGE('',*,*,#4183,.T.);
#4188=CARTESIAN_POINT('',(-183.8,15.2,20.));
#4189=VERTEX_POINT('',#4188);
#4190=CARTESIAN_POINT('',(-183.8,18.2,20.));
#4191=DIRECTION('',(1.,-0.,-0.));
#4192=DIRECTION('',(0.,0.,1.));
#4193=AXIS2_PLACEMENT_3D('',#4190,#4191,#4192);
#4194=CIRCLE('',#4193,3.);
#4195=EDGE_CURVE('',#4189,#4178,#4194,.T.);
#4196=ORIENTED_EDGE('',*,*,#4195,.F.);
#4197=CARTESIAN_POINT('',(-183.8,18.2,23.));
#4198=VERTEX_POINT('',#4197);
#4199=CARTESIAN_POINT('',(-183.8,18.2,20.));
#4200=DIRECTION('',(1.,-0.,-0.));
#4201=DIRECTION('',(0.,0.,1.));
#4202=AXIS2_PLACEMENT_3D('',#4199,#4200,#4201);
#4203=CIRCLE('',#4202,3.);
#4204=EDGE_CURVE('',#4198,#4189,#4203,.T.);
#4205=ORIENTED_EDGE('',*,*,#4204,.F.);
#4206=CARTESIAN_POINT('',(-183.8,18.2,20.));
#4207=DIRECTION('',(1.,-0.,-0.));
#4208=DIRECTION('',(0.,0.,1.));
#4209=AXIS2_PLACEMENT_3D('',#4206,#4207,#4208);
#4210=CIRCLE('',#4209,3.);
#4211=EDGE_CURVE('',#4178,#4198,#4210,.T.);
#4212=ORIENTED_EDGE('',*,*,#4211,.F.);
#4213=EDGE_LOOP('',(#4184,#4185,#4186,#4187,#4196,#4205,#4212));
#4214=FACE_BOUND('',#4213,.T.);
#4215=ADVANCED_FACE('',(#4214),#4176,.F.);
#4216=CARTESIAN_POINT('',(-174.2,38.2,40.));
#4217=DIRECTION('',(1.,0.,0.));
#4218=DIRECTION('',(-0.,1.,0.));
#4219=AXIS2_PLACEMENT_3D('',#4216,#4217,#4218);
#4220=CYLINDRICAL_SURFACE('',#4219,3.);
#4221=CARTESIAN_POINT('',(-183.8,41.2,40.));
#4222=VERTEX_POINT('',#4221);
#4223=CARTESIAN_POINT('',(-164.2,41.2,40.));
#4224=DIRECTION('',(-1.,-0.,-0.));
#4225=VECTOR('',#4224,19.6);
#4226=LINE('',#4223,#4225);
#4227=EDGE_CURVE('',#3726,#4222,#4226,.T.);
#4228=ORIENTED_EDGE('',*,*,#4227,.F.);
#4229=ORIENTED_EDGE('',*,*,#3734,.T.);
#4230=ORIENTED_EDGE('',*,*,#3741,.T.);
#4231=ORIENTED_EDGE('',*,*,#4227,.T.);
#4232=CARTESIAN_POINT('',(-183.8,35.2,40.));
#4233=VERTEX_POINT('',#4232);
#4234=CARTESIAN_POINT('',(-183.8,38.2,40.));
#4235=DIRECTION('',(1.,-0.,-0.));
#4236=DIRECTION('',(0.,0.,1.));
#4237=AXIS2_PLACEMENT_3D('',#4234,#4235,#4236);
#4238=CIRCLE('',#4237,3.);
#4239=EDGE_CURVE('',#4233,#4222,#4238,.T.);
#4240=ORIENTED_EDGE('',*,*,#4239,.F.);
#4241=CARTESIAN_POINT('',(-183.8,38.2,43.));
#4242=VERTEX_POINT('',#4241);
#4243=CARTESIAN_POINT('',(-183.8,38.2,40.));
#4244=DIRECTION('',(1.,-0.,-0.));
#4245=DIRECTION('',(0.,0.,1.));
#4246=AXIS2_PLACEMENT_3D('',#4243,#4244,#4245);
#4247=CIRCLE('',#4246,3.);
#4248=EDGE_CURVE('',#4242,#4233,#4247,.T.);
#4249=ORIENTED_EDGE('',*,*,#4248,.F.);
#4250=CARTESIAN_POINT('',(-183.8,38.2,40.));
#4251=DIRECTION('',(1.,-0.,-0.));
#4252=DIRECTION('',(0.,0.,1.));
#4253=AXIS2_PLACEMENT_3D('',#4250,#4251,#4252);
#4254=CIRCLE('',#4253,3.);
#4255=EDGE_CURVE('',#4222,#4242,#4254,.T.);
#4256=ORIENTED_EDGE('',*,*,#4255,.F.);
#4257=EDGE_LOOP('',(#4228,#4229,#4230,#4231,#4240,#4249,#4256));
#4258=FACE_BOUND('',#4257,.T.);
#4259=ADVANCED_FACE('',(#4258),#4220,.F.);
#4260=CARTESIAN_POINT('',(-174.2,-9.3,40.));
#4261=DIRECTION('',(1.,0.,0.));
#4262=DIRECTION('',(-0.,1.,0.));
#4263=AXIS2_PLACEMENT_3D('',#4260,#4261,#4262);
#4264=CYLINDRICAL_SURFACE('',#4263,3.);
#4265=CARTESIAN_POINT('',(-183.8,-6.3,40.));
#4266=VERTEX_POINT('',#4265);
#4267=CARTESIAN_POINT('',(-164.2,-6.3,40.));
#4268=DIRECTION('',(-1.,-0.,-0.));
#4269=VECTOR('',#4268,19.6);
#4270=LINE('',#4267,#4269);
#4271=EDGE_CURVE('',#3772,#4266,#4270,.T.);
#4272=ORIENTED_EDGE('',*,*,#4271,.F.);
#4273=ORIENTED_EDGE('',*,*,#3780,.T.);
#4274=ORIENTED_EDGE('',*,*,#3787,.T.);
#4275=ORIENTED_EDGE('',*,*,#4271,.T.);
#4276=CARTESIAN_POINT('',(-183.8,-12.3,40.));
#4277=VERTEX_POINT('',#4276);
#4278=CARTESIAN_POINT('',(-183.8,-9.3,40.));
#4279=DIRECTION('',(1.,-0.,-0.));
#4280=DIRECTION('',(0.,0.,1.));
#4281=AXIS2_PLACEMENT_3D('',#4278,#4279,#4280);
#4282=CIRCLE('',#4281,3.);
#4283=EDGE_CURVE('',#4277,#4266,#4282,.T.);
#4284=ORIENTED_EDGE('',*,*,#4283,.F.);
#4285=CARTESIAN_POINT('',(-183.8,-9.3,43.));
#4286=VERTEX_POINT('',#4285);
#4287=CARTESIAN_POINT('',(-183.8,-9.3,40.));
#4288=DIRECTION('',(1.,-0.,-0.));
#4289=DIRECTION('',(0.,0.,1.));
#4290=AXIS2_PLACEMENT_3D('',#4287,#4288,#4289);
#4291=CIRCLE('',#4290,3.);
#4292=EDGE_CURVE('',#4286,#4277,#4291,.T.);
#4293=ORIENTED_EDGE('',*,*,#4292,.F.);
#4294=CARTESIAN_POINT('',(-183.8,-9.3,40.));
#4295=DIRECTION('',(1.,-0.,-0.));
#4296=DIRECTION('',(0.,0.,1.));
#4297=AXIS2_PLACEMENT_3D('',#4294,#4295,#4296);
#4298=CIRCLE('',#4297,3.);
#4299=EDGE_CURVE('',#4266,#4286,#4298,.T.);
#4300=ORIENTED_EDGE('',*,*,#4299,.F.);
#4301=EDGE_LOOP('',(#4272,#4273,#4274,#4275,#4284,#4293,#4300));
#4302=FACE_BOUND('',#4301,.T.);
#4303=ADVANCED_FACE('',(#4302),#4264,.F.);
#4304=CARTESIAN_POINT('',(-174.2,-29.3,20.));
#4305=DIRECTION('',(1.,0.,0.));
#4306=DIRECTION('',(-0.,1.,0.));
#4307=AXIS2_PLACEMENT_3D('',#4304,#4305,#4306);
#4308=CYLINDRICAL_SURFACE('',#4307,3.);
#4309=CARTESIAN_POINT('',(-183.8,-26.3,20.));
#4310=VERTEX_POINT('',#4309);
#4311=CARTESIAN_POINT('',(-164.2,-26.3,20.));
#4312=DIRECTION('',(-1.,-0.,-0.));
#4313=VECTOR('',#4312,19.6);
#4314=LINE('',#4311,#4313);
#4315=EDGE_CURVE('',#3818,#4310,#4314,.T.);
#4316=ORIENTED_EDGE('',*,*,#4315,.F.);
#4317=ORIENTED_EDGE('',*,*,#3826,.T.);
#4318=ORIENTED_EDGE('',*,*,#3833,.T.);
#4319=ORIENTED_EDGE('',*,*,#4315,.T.);
#4320=CARTESIAN_POINT('',(-183.8,-32.3,20.));
#4321=VERTEX_POINT('',#4320);
#4322=CARTESIAN_POINT('',(-183.8,-29.3,20.));
#4323=DIRECTION('',(1.,-0.,-0.));
#4324=DIRECTION('',(0.,0.,1.));
#4325=AXIS2_PLACEMENT_3D('',#4322,#4323,#4324);
#4326=CIRCLE('',#4325,3.);
#4327=EDGE_CURVE('',#4321,#4310,#4326,.T.);
#4328=ORIENTED_EDGE('',*,*,#4327,.F.);
#4329=CARTESIAN_POINT('',(-183.8,-29.3,23.));
#4330=VERTEX_POINT('',#4329);
#4331=CARTESIAN_POINT('',(-183.8,-29.3,20.));
#4332=DIRECTION('',(1.,-0.,-0.));
#4333=DIRECTION('',(0.,0.,1.));
#4334=AXIS2_PLACEMENT_3D('',#4331,#4332,#4333);
#4335=CIRCLE('',#4334,3.);
#4336=EDGE_CURVE('',#4330,#4321,#4335,.T.);
#4337=ORIENTED_EDGE('',*,*,#4336,.F.);
#4338=CARTESIAN_POINT('',(-183.8,-29.3,20.));
#4339=DIRECTION('',(1.,-0.,-0.));
#4340=DIRECTION('',(0.,0.,1.));
#4341=AXIS2_PLACEMENT_3D('',#4338,#4339,#4340);
#4342=CIRCLE('',#4341,3.);
#4343=EDGE_CURVE('',#4310,#4330,#4342,.T.);
#4344=ORIENTED_EDGE('',*,*,#4343,.F.);
#4345=EDGE_LOOP('',(#4316,#4317,#4318,#4319,#4328,#4337,#4344));
#4346=FACE_BOUND('',#4345,.T.);
#4347=ADVANCED_FACE('',(#4346),#4308,.F.);
#4348=CARTESIAN_POINT('',(-158.2,-9.3,20.));
#4349=DIRECTION('',(-1.,0.,0.));
#4350=DIRECTION('',(0.,1.,0.));
#4351=AXIS2_PLACEMENT_3D('',#4348,#4349,#4350);
#4352=CYLINDRICAL_SURFACE('',#4351,1.7);
#4353=CARTESIAN_POINT('',(-158.,-7.6,20.));
#4354=VERTEX_POINT('',#4353);
#4355=CARTESIAN_POINT('',(-164.2,-7.6,20.));
#4356=DIRECTION('',(1.,-0.,-0.));
#4357=VECTOR('',#4356,6.2);
#4358=LINE('',#4355,#4357);
#4359=EDGE_CURVE('',#3654,#4354,#4358,.T.);
#4360=ORIENTED_EDGE('',*,*,#4359,.F.);
#4361=ORIENTED_EDGE('',*,*,#3662,.T.);
#4362=ORIENTED_EDGE('',*,*,#3669,.T.);
#4363=ORIENTED_EDGE('',*,*,#4359,.T.);
#4364=CARTESIAN_POINT('',(-158.,-9.3,21.7));
#4365=VERTEX_POINT('',#4364);
#4366=CARTESIAN_POINT('',(-158.,-9.3,20.));
#4367=DIRECTION('',(-1.,0.,0.));
#4368=DIRECTION('',(0.,0.,1.));
#4369=AXIS2_PLACEMENT_3D('',#4366,#4367,#4368);
#4370=CIRCLE('',#4369,1.7);
#4371=EDGE_CURVE('',#4365,#4354,#4370,.T.);
#4372=ORIENTED_EDGE('',*,*,#4371,.F.);
#4373=CARTESIAN_POINT('',(-158.,-9.3,20.));
#4374=DIRECTION('',(-1.,0.,0.));
#4375=DIRECTION('',(0.,0.,1.));
#4376=AXIS2_PLACEMENT_3D('',#4373,#4374,#4375);
#4377=CIRCLE('',#4376,1.7);
#4378=EDGE_CURVE('',#4354,#4365,#4377,.T.);
#4379=ORIENTED_EDGE('',*,*,#4378,.F.);
#4380=EDGE_LOOP('',(#4360,#4361,#4362,#4363,#4372,#4379));
#4381=FACE_BOUND('',#4380,.T.);
#4382=ADVANCED_FACE('',(#4381),#4352,.F.);
#4383=CARTESIAN_POINT('',(-158.2,38.2,20.));
#4384=DIRECTION('',(-1.,0.,0.));
#4385=DIRECTION('',(0.,1.,0.));
#4386=AXIS2_PLACEMENT_3D('',#4383,#4384,#4385);
#4387=CYLINDRICAL_SURFACE('',#4386,1.7);
#4388=CARTESIAN_POINT('',(-158.,39.9,20.));
#4389=VERTEX_POINT('',#4388);
#4390=CARTESIAN_POINT('',(-164.2,39.9,20.));
#4391=DIRECTION('',(1.,-0.,-0.));
#4392=VECTOR('',#4391,6.2);
#4393=LINE('',#4390,#4392);
#4394=EDGE_CURVE('',#3700,#4389,#4393,.T.);
#4395=ORIENTED_EDGE('',*,*,#4394,.F.);
#4396=ORIENTED_EDGE('',*,*,#3708,.T.);
#4397=ORIENTED_EDGE('',*,*,#3715,.T.);
#4398=ORIENTED_EDGE('',*,*,#4394,.T.);
#4399=CARTESIAN_POINT('',(-158.,38.2,21.7));
#4400=VERTEX_POINT('',#4399);
#4401=CARTESIAN_POINT('',(-158.,38.2,20.));
#4402=DIRECTION('',(-1.,0.,0.));
#4403=DIRECTION('',(0.,0.,1.));
#4404=AXIS2_PLACEMENT_3D('',#4401,#4402,#4403);
#4405=CIRCLE('',#4404,1.7);
#4406=EDGE_CURVE('',#4400,#4389,#4405,.T.);
#4407=ORIENTED_EDGE('',*,*,#4406,.F.);
#4408=CARTESIAN_POINT('',(-158.,38.2,20.));
#4409=DIRECTION('',(-1.,0.,0.));
#4410=DIRECTION('',(0.,0.,1.));
#4411=AXIS2_PLACEMENT_3D('',#4408,#4409,#4410);
#4412=CIRCLE('',#4411,1.7);
#4413=EDGE_CURVE('',#4389,#4400,#4412,.T.);
#4414=ORIENTED_EDGE('',*,*,#4413,.F.);
#4415=EDGE_LOOP('',(#4395,#4396,#4397,#4398,#4407,#4414));
#4416=FACE_BOUND('',#4415,.T.);
#4417=ADVANCED_FACE('',(#4416),#4387,.F.);
#4418=CARTESIAN_POINT('',(-158.2,38.2,40.));
#4419=DIRECTION('',(-1.,0.,0.));
#4420=DIRECTION('',(0.,1.,0.));
#4421=AXIS2_PLACEMENT_3D('',#4418,#4419,#4420);
#4422=CYLINDRICAL_SURFACE('',#4421,1.7);
#4423=CARTESIAN_POINT('',(-158.,39.9,40.));
#4424=VERTEX_POINT('',#4423);
#4425=CARTESIAN_POINT('',(-164.2,39.9,40.));
#4426=DIRECTION('',(1.,-0.,-0.));
#4427=VECTOR('',#4426,6.2);
#4428=LINE('',#4425,#4427);
#4429=EDGE_CURVE('',#3746,#4424,#4428,.T.);
#4430=ORIENTED_EDGE('',*,*,#4429,.F.);
#4431=ORIENTED_EDGE('',*,*,#3754,.T.);
#4432=ORIENTED_EDGE('',*,*,#3761,.T.);
#4433=ORIENTED_EDGE('',*,*,#4429,.T.);
#4434=CARTESIAN_POINT('',(-158.,38.2,41.7));
#4435=VERTEX_POINT('',#4434);
#4436=CARTESIAN_POINT('',(-158.,38.2,40.));
#4437=DIRECTION('',(-1.,0.,0.));
#4438=DIRECTION('',(0.,0.,1.));
#4439=AXIS2_PLACEMENT_3D('',#4436,#4437,#4438);
#4440=CIRCLE('',#4439,1.7);
#4441=EDGE_CURVE('',#4435,#4424,#4440,.T.);
#4442=ORIENTED_EDGE('',*,*,#4441,.F.);
#4443=CARTESIAN_POINT('',(-158.,38.2,40.));
#4444=DIRECTION('',(-1.,0.,0.));
#4445=DIRECTION('',(0.,0.,1.));
#4446=AXIS2_PLACEMENT_3D('',#4443,#4444,#4445);
#4447=CIRCLE('',#4446,1.7);
#4448=EDGE_CURVE('',#4424,#4435,#4447,.T.);
#4449=ORIENTED_EDGE('',*,*,#4448,.F.);
#4450=EDGE_LOOP('',(#4430,#4431,#4432,#4433,#4442,#4449));
#4451=FACE_BOUND('',#4450,.T.);
#4452=ADVANCED_FACE('',(#4451),#4422,.F.);
#4453=CARTESIAN_POINT('',(-158.2,-9.3,40.));
#4454=DIRECTION('',(-1.,0.,0.));
#4455=DIRECTION('',(0.,1.,0.));
#4456=AXIS2_PLACEMENT_3D('',#4453,#4454,#4455);
#4457=CYLINDRICAL_SURFACE('',#4456,1.7);
#4458=CARTESIAN_POINT('',(-158.,-7.6,40.));
#4459=VERTEX_POINT('',#4458);
#4460=CARTESIAN_POINT('',(-164.2,-7.6,40.));
#4461=DIRECTION('',(1.,-0.,-0.));
#4462=VECTOR('',#4461,6.2);
#4463=LINE('',#4460,#4462);
#4464=EDGE_CURVE('',#3792,#4459,#4463,.T.);
#4465=ORIENTED_EDGE('',*,*,#4464,.F.);
#4466=ORIENTED_EDGE('',*,*,#3800,.T.);
#4467=ORIENTED_EDGE('',*,*,#3807,.T.);
#4468=ORIENTED_EDGE('',*,*,#4464,.T.);
#4469=CARTESIAN_POINT('',(-158.,-9.3,41.7));
#4470=VERTEX_POINT('',#4469);
#4471=CARTESIAN_POINT('',(-158.,-9.3,40.));
#4472=DIRECTION('',(-1.,0.,0.));
#4473=DIRECTION('',(0.,0.,1.));
#4474=AXIS2_PLACEMENT_3D('',#4471,#4472,#4473);
#4475=CIRCLE('',#4474,1.7);
#4476=EDGE_CURVE('',#4470,#4459,#4475,.T.);
#4477=ORIENTED_EDGE('',*,*,#4476,.F.);
#4478=CARTESIAN_POINT('',(-158.,-9.3,40.));
#4479=DIRECTION('',(-1.,0.,0.));
#4480=DIRECTION('',(0.,0.,1.));
#4481=AXIS2_PLACEMENT_3D('',#4478,#4479,#4480);
#4482=CIRCLE('',#4481,1.7);
#4483=EDGE_CURVE('',#4459,#4470,#4482,.T.);
#4484=ORIENTED_EDGE('',*,*,#4483,.F.);
#4485=EDGE_LOOP('',(#4465,#4466,#4467,#4468,#4477,#4484));
#4486=FACE_BOUND('',#4485,.T.);
#4487=ADVANCED_FACE('',(#4486),#4457,.F.);
#4488=CARTESIAN_POINT('',(-158.2,-29.3,20.));
#4489=DIRECTION('',(-1.,0.,0.));
#4490=DIRECTION('',(0.,1.,0.));
#4491=AXIS2_PLACEMENT_3D('',#4488,#4489,#4490);
#4492=CYLINDRICAL_SURFACE('',#4491,1.7);
#4493=CARTESIAN_POINT('',(-158.,-27.6,20.));
#4494=VERTEX_POINT('',#4493);
#4495=CARTESIAN_POINT('',(-164.2,-27.6,20.));
#4496=DIRECTION('',(1.,-0.,-0.));
#4497=VECTOR('',#4496,6.2);
#4498=LINE('',#4495,#4497);
#4499=EDGE_CURVE('',#3838,#4494,#4498,.T.);
#4500=ORIENTED_EDGE('',*,*,#4499,.F.);
#4501=ORIENTED_EDGE('',*,*,#3846,.T.);
#4502=ORIENTED_EDGE('',*,*,#3853,.T.);
#4503=ORIENTED_EDGE('',*,*,#4499,.T.);
#4504=CARTESIAN_POINT('',(-158.,-29.3,21.7));
#4505=VERTEX_POINT('',#4504);
#4506=CARTESIAN_POINT('',(-158.,-29.3,20.));
#4507=DIRECTION('',(-1.,0.,0.));
#4508=DIRECTION('',(0.,0.,1.));
#4509=AXIS2_PLACEMENT_3D('',#4506,#4507,#4508);
#4510=CIRCLE('',#4509,1.7);
#4511=EDGE_CURVE('',#4505,#4494,#4510,.T.);
#4512=ORIENTED_EDGE('',*,*,#4511,.F.);
#4513=CARTESIAN_POINT('',(-158.,-29.3,20.));
#4514=DIRECTION('',(-1.,0.,0.));
#4515=DIRECTION('',(0.,0.,1.));
#4516=AXIS2_PLACEMENT_3D('',#4513,#4514,#4515);
#4517=CIRCLE('',#4516,1.7);
#4518=EDGE_CURVE('',#4494,#4505,#4517,.T.);
#4519=ORIENTED_EDGE('',*,*,#4518,.F.);
#4520=EDGE_LOOP('',(#4500,#4501,#4502,#4503,#4512,#4519));
#4521=FACE_BOUND('',#4520,.T.);
#4522=ADVANCED_FACE('',(#4521),#4492,.F.);
#4523=CARTESIAN_POINT('',(-158.2,18.2,20.));
#4524=DIRECTION('',(-1.,0.,0.));
#4525=DIRECTION('',(0.,1.,0.));
#4526=AXIS2_PLACEMENT_3D('',#4523,#4524,#4525);
#4527=CYLINDRICAL_SURFACE('',#4526,1.7);
#4528=CARTESIAN_POINT('',(-158.,19.9,20.));
#4529=VERTEX_POINT('',#4528);
#4530=CARTESIAN_POINT('',(-164.2,19.9,20.));
#4531=DIRECTION('',(1.,-0.,-0.));
#4532=VECTOR('',#4531,6.2);
#4533=LINE('',#4530,#4532);
#4534=EDGE_CURVE('',#3884,#4529,#4533,.T.);
#4535=ORIENTED_EDGE('',*,*,#4534,.F.);
#4536=ORIENTED_EDGE('',*,*,#3892,.T.);
#4537=ORIENTED_EDGE('',*,*,#3899,.T.);
#4538=ORIENTED_EDGE('',*,*,#4534,.T.);
#4539=CARTESIAN_POINT('',(-158.,18.2,21.7));
#4540=VERTEX_POINT('',#4539);
#4541=CARTESIAN_POINT('',(-158.,18.2,20.));
#4542=DIRECTION('',(-1.,0.,0.));
#4543=DIRECTION('',(0.,0.,1.));
#4544=AXIS2_PLACEMENT_3D('',#4541,#4542,#4543);
#4545=CIRCLE('',#4544,1.7);
#4546=EDGE_CURVE('',#4540,#4529,#4545,.T.);
#4547=ORIENTED_EDGE('',*,*,#4546,.F.);
#4548=CARTESIAN_POINT('',(-158.,18.2,20.));
#4549=DIRECTION('',(-1.,0.,0.));
#4550=DIRECTION('',(0.,0.,1.));
#4551=AXIS2_PLACEMENT_3D('',#4548,#4549,#4550);
#4552=CIRCLE('',#4551,1.7);
#4553=EDGE_CURVE('',#4529,#4540,#4552,.T.);
#4554=ORIENTED_EDGE('',*,*,#4553,.F.);
#4555=EDGE_LOOP('',(#4535,#4536,#4537,#4538,#4547,#4554));
#4556=FACE_BOUND('',#4555,.T.);
#4557=ADVANCED_FACE('',(#4556),#4527,.F.);
#4558=CARTESIAN_POINT('',(-158.2,18.2,40.));
#4559=DIRECTION('',(-1.,0.,0.));
#4560=DIRECTION('',(0.,1.,0.));
#4561=AXIS2_PLACEMENT_3D('',#4558,#4559,#4560);
#4562=CYLINDRICAL_SURFACE('',#4561,1.7);
#4563=CARTESIAN_POINT('',(-158.,19.9,40.));
#4564=VERTEX_POINT('',#4563);
#4565=CARTESIAN_POINT('',(-164.2,19.9,40.));
#4566=DIRECTION('',(1.,-0.,-0.));
#4567=VECTOR('',#4566,6.2);
#4568=LINE('',#4565,#4567);
#4569=EDGE_CURVE('',#3930,#4564,#4568,.T.);
#4570=ORIENTED_EDGE('',*,*,#4569,.F.);
#4571=ORIENTED_EDGE('',*,*,#3938,.T.);
#4572=ORIENTED_EDGE('',*,*,#3945,.T.);
#4573=ORIENTED_EDGE('',*,*,#4569,.T.);
#4574=CARTESIAN_POINT('',(-158.,18.2,41.7));
#4575=VERTEX_POINT('',#4574);
#4576=CARTESIAN_POINT('',(-158.,18.2,40.));
#4577=DIRECTION('',(-1.,0.,0.));
#4578=DIRECTION('',(0.,0.,1.));
#4579=AXIS2_PLACEMENT_3D('',#4576,#4577,#4578);
#4580=CIRCLE('',#4579,1.7);
#4581=EDGE_CURVE('',#4575,#4564,#4580,.T.);
#4582=ORIENTED_EDGE('',*,*,#4581,.F.);
#4583=CARTESIAN_POINT('',(-158.,18.2,40.));
#4584=DIRECTION('',(-1.,0.,0.));
#4585=DIRECTION('',(0.,0.,1.));
#4586=AXIS2_PLACEMENT_3D('',#4583,#4584,#4585);
#4587=CIRCLE('',#4586,1.7);
#4588=EDGE_CURVE('',#4564,#4575,#4587,.T.);
#4589=ORIENTED_EDGE('',*,*,#4588,.F.);
#4590=EDGE_LOOP('',(#4570,#4571,#4572,#4573,#4582,#4589));
#4591=FACE_BOUND('',#4590,.T.);
#4592=ADVANCED_FACE('',(#4591),#4562,.F.);
#4593=CARTESIAN_POINT('',(-158.2,-29.3,40.));
#4594=DIRECTION('',(-1.,0.,0.));
#4595=DIRECTION('',(0.,1.,0.));
#4596=AXIS2_PLACEMENT_3D('',#4593,#4594,#4595);
#4597=CYLINDRICAL_SURFACE('',#4596,1.7);
#4598=CARTESIAN_POINT('',(-158.,-27.6,40.));
#4599=VERTEX_POINT('',#4598);
#4600=CARTESIAN_POINT('',(-164.2,-27.6,40.));
#4601=DIRECTION('',(1.,-0.,-0.));
#4602=VECTOR('',#4601,6.2);
#4603=LINE('',#4600,#4602);
#4604=EDGE_CURVE('',#3976,#4599,#4603,.T.);
#4605=ORIENTED_EDGE('',*,*,#4604,.F.);
#4606=ORIENTED_EDGE('',*,*,#3984,.T.);
#4607=ORIENTED_EDGE('',*,*,#3991,.T.);
#4608=ORIENTED_EDGE('',*,*,#4604,.T.);
#4609=CARTESIAN_POINT('',(-158.,-29.3,41.7));
#4610=VERTEX_POINT('',#4609);
#4611=CARTESIAN_POINT('',(-158.,-29.3,40.));
#4612=DIRECTION('',(-1.,0.,0.));
#4613=DIRECTION('',(0.,0.,1.));
#4614=AXIS2_PLACEMENT_3D('',#4611,#4612,#4613);
#4615=CIRCLE('',#4614,1.7);
#4616=EDGE_CURVE('',#4610,#4599,#4615,.T.);
#4617=ORIENTED_EDGE('',*,*,#4616,.F.);
#4618=CARTESIAN_POINT('',(-158.,-29.3,40.));
#4619=DIRECTION('',(-1.,0.,0.));
#4620=DIRECTION('',(0.,0.,1.));
#4621=AXIS2_PLACEMENT_3D('',#4618,#4619,#4620);
#4622=CIRCLE('',#4621,1.7);
#4623=EDGE_CURVE('',#4599,#4610,#4622,.T.);
#4624=ORIENTED_EDGE('',*,*,#4623,.F.);
#4625=EDGE_LOOP('',(#4605,#4606,#4607,#4608,#4617,#4624));
#4626=FACE_BOUND('',#4625,.T.);
#4627=ADVANCED_FACE('',(#4626),#4597,.F.);
#4628=CARTESIAN_POINT('',(-184.,-9.3,20.));
#4629=DIRECTION('',(-1.,0.,0.));
#4630=DIRECTION('',(0.,-1.,0.));
#4631=AXIS2_PLACEMENT_3D('',#4628,#4629,#4630);
#4632=CONICAL_SURFACE('',#4631,3.2,44.999999949);
#4633=CARTESIAN_POINT('',(-184.2,-12.7,20.));
#4634=DIRECTION('',(0.707106782,0.707106781,-0.));
#4635=VECTOR('',#4634,0.565685425);
#4636=LINE('',#4633,#4635);
#4637=EDGE_CURVE('',#374,#4013,#4636,.T.);
#4638=ORIENTED_EDGE('',*,*,#4637,.F.);
#4639=ORIENTED_EDGE('',*,*,#382,.T.);
#4640=ORIENTED_EDGE('',*,*,#389,.T.);
#4641=ORIENTED_EDGE('',*,*,#4637,.T.);
#4642=ORIENTED_EDGE('',*,*,#4019,.T.);
#4643=ORIENTED_EDGE('',*,*,#4035,.T.);
#4644=ORIENTED_EDGE('',*,*,#4028,.T.);
#4645=EDGE_LOOP('',(#4638,#4639,#4640,#4641,#4642,#4643,#4644));
#4646=FACE_BOUND('',#4645,.T.);
#4647=ADVANCED_FACE('',(#4646),#4632,.F.);
#4648=CARTESIAN_POINT('',(-184.,-29.3,40.));
#4649=DIRECTION('',(-1.,0.,0.));
#4650=DIRECTION('',(0.,-1.,0.));
#4651=AXIS2_PLACEMENT_3D('',#4648,#4649,#4650);
#4652=CONICAL_SURFACE('',#4651,3.2,44.999999949);
#4653=CARTESIAN_POINT('',(-184.2,-32.7,40.));
#4654=DIRECTION('',(0.707106782,0.707106781,-0.));
#4655=VECTOR('',#4654,0.565685425);
#4656=LINE('',#4653,#4655);
#4657=EDGE_CURVE('',#394,#4057,#4656,.T.);
#4658=ORIENTED_EDGE('',*,*,#4657,.F.);
#4659=ORIENTED_EDGE('',*,*,#402,.T.);
#4660=ORIENTED_EDGE('',*,*,#409,.T.);
#4661=ORIENTED_EDGE('',*,*,#4657,.T.);
#4662=ORIENTED_EDGE('',*,*,#4063,.T.);
#4663=ORIENTED_EDGE('',*,*,#4079,.T.);
#4664=ORIENTED_EDGE('',*,*,#4072,.T.);
#4665=EDGE_LOOP('',(#4658,#4659,#4660,#4661,#4662,#4663,#4664));
#4666=FACE_BOUND('',#4665,.T.);
#4667=ADVANCED_FACE('',(#4666),#4652,.F.);
#4668=CARTESIAN_POINT('',(-184.,18.2,40.));
#4669=DIRECTION('',(-1.,0.,0.));
#4670=DIRECTION('',(0.,-1.,0.));
#4671=AXIS2_PLACEMENT_3D('',#4668,#4669,#4670);
#4672=CONICAL_SURFACE('',#4671,3.2,44.999999949);
#4673=CARTESIAN_POINT('',(-184.2,14.8,40.));
#4674=DIRECTION('',(0.707106782,0.707106781,-0.));
#4675=VECTOR('',#4674,0.565685425);
#4676=LINE('',#4673,#4675);
#4677=EDGE_CURVE('',#414,#4101,#4676,.T.);
#4678=ORIENTED_EDGE('',*,*,#4677,.F.);
#4679=ORIENTED_EDGE('',*,*,#422,.T.);
#4680=ORIENTED_EDGE('',*,*,#429,.T.);
#4681=ORIENTED_EDGE('',*,*,#4677,.T.);
#4682=ORIENTED_EDGE('',*,*,#4107,.T.);
#4683=ORIENTED_EDGE('',*,*,#4123,.T.);
#4684=ORIENTED_EDGE('',*,*,#4116,.T.);
#4685=EDGE_LOOP('',(#4678,#4679,#4680,#4681,#4682,#4683,#4684));
#4686=FACE_BOUND('',#4685,.T.);
#4687=ADVANCED_FACE('',(#4686),#4672,.F.);
#4688=CARTESIAN_POINT('',(-184.,38.2,20.));
#4689=DIRECTION('',(-1.,0.,0.));
#4690=DIRECTION('',(0.,-1.,0.));
#4691=AXIS2_PLACEMENT_3D('',#4688,#4689,#4690);
#4692=CONICAL_SURFACE('',#4691,3.2,44.999999949);
#4693=CARTESIAN_POINT('',(-184.2,34.8,20.));
#4694=DIRECTION('',(0.707106782,0.707106781,-0.));
#4695=VECTOR('',#4694,0.565685425);
#4696=LINE('',#4693,#4695);
#4697=EDGE_CURVE('',#434,#4145,#4696,.T.);
#4698=ORIENTED_EDGE('',*,*,#4697,.F.);
#4699=ORIENTED_EDGE('',*,*,#442,.T.);
#4700=ORIENTED_EDGE('',*,*,#449,.T.);
#4701=ORIENTED_EDGE('',*,*,#4697,.T.);
#4702=ORIENTED_EDGE('',*,*,#4151,.T.);
#4703=ORIENTED_EDGE('',*,*,#4167,.T.);
#4704=ORIENTED_EDGE('',*,*,#4160,.T.);
#4705=EDGE_LOOP('',(#4698,#4699,#4700,#4701,#4702,#4703,#4704));
#4706=FACE_BOUND('',#4705,.T.);
#4707=ADVANCED_FACE('',(#4706),#4692,.F.);
#4708=CARTESIAN_POINT('',(-184.,18.2,20.));
#4709=DIRECTION('',(-1.,0.,0.));
#4710=DIRECTION('',(0.,-1.,0.));
#4711=AXIS2_PLACEMENT_3D('',#4708,#4709,#4710);
#4712=CONICAL_SURFACE('',#4711,3.2,44.999999949);
#4713=CARTESIAN_POINT('',(-184.2,14.8,20.));
#4714=DIRECTION('',(0.707106782,0.707106781,-0.));
#4715=VECTOR('',#4714,0.565685425);
#4716=LINE('',#4713,#4715);
#4717=EDGE_CURVE('',#454,#4189,#4716,.T.);
#4718=ORIENTED_EDGE('',*,*,#4717,.F.);
#4719=ORIENTED_EDGE('',*,*,#462,.T.);
#4720=ORIENTED_EDGE('',*,*,#469,.T.);
#4721=ORIENTED_EDGE('',*,*,#4717,.T.);
#4722=ORIENTED_EDGE('',*,*,#4195,.T.);
#4723=ORIENTED_EDGE('',*,*,#4211,.T.);
#4724=ORIENTED_EDGE('',*,*,#4204,.T.);
#4725=EDGE_LOOP('',(#4718,#4719,#4720,#4721,#4722,#4723,#4724));
#4726=FACE_BOUND('',#4725,.T.);
#4727=ADVANCED_FACE('',(#4726),#4712,.F.);
#4728=CARTESIAN_POINT('',(-184.,38.2,40.));
#4729=DIRECTION('',(-1.,0.,0.));
#4730=DIRECTION('',(0.,-1.,0.));
#4731=AXIS2_PLACEMENT_3D('',#4728,#4729,#4730);
#4732=CONICAL_SURFACE('',#4731,3.2,44.999999949);
#4733=CARTESIAN_POINT('',(-184.2,34.8,40.));
#4734=DIRECTION('',(0.707106782,0.707106781,-0.));
#4735=VECTOR('',#4734,0.565685425);
#4736=LINE('',#4733,#4735);
#4737=EDGE_CURVE('',#474,#4233,#4736,.T.);
#4738=ORIENTED_EDGE('',*,*,#4737,.F.);
#4739=ORIENTED_EDGE('',*,*,#482,.T.);
#4740=ORIENTED_EDGE('',*,*,#489,.T.);
#4741=ORIENTED_EDGE('',*,*,#4737,.T.);
#4742=ORIENTED_EDGE('',*,*,#4239,.T.);
#4743=ORIENTED_EDGE('',*,*,#4255,.T.);
#4744=ORIENTED_EDGE('',*,*,#4248,.T.);
#4745=EDGE_LOOP('',(#4738,#4739,#4740,#4741,#4742,#4743,#4744));
#4746=FACE_BOUND('',#4745,.T.);
#4747=ADVANCED_FACE('',(#4746),#4732,.F.);
#4748=CARTESIAN_POINT('',(-184.,-9.3,40.));
#4749=DIRECTION('',(-1.,0.,0.));
#4750=DIRECTION('',(0.,-1.,0.));
#4751=AXIS2_PLACEMENT_3D('',#4748,#4749,#4750);
#4752=CONICAL_SURFACE('',#4751,3.2,44.999999949);
#4753=CARTESIAN_POINT('',(-184.2,-12.7,40.));
#4754=DIRECTION('',(0.707106782,0.707106781,-0.));
#4755=VECTOR('',#4754,0.565685425);
#4756=LINE('',#4753,#4755);
#4757=EDGE_CURVE('',#494,#4277,#4756,.T.);
#4758=ORIENTED_EDGE('',*,*,#4757,.F.);
#4759=ORIENTED_EDGE('',*,*,#502,.T.);
#4760=ORIENTED_EDGE('',*,*,#509,.T.);
#4761=ORIENTED_EDGE('',*,*,#4757,.T.);
#4762=ORIENTED_EDGE('',*,*,#4283,.T.);
#4763=ORIENTED_EDGE('',*,*,#4299,.T.);
#4764=ORIENTED_EDGE('',*,*,#4292,.T.);
#4765=EDGE_LOOP('',(#4758,#4759,#4760,#4761,#4762,#4763,#4764));
#4766=FACE_BOUND('',#4765,.T.);
#4767=ADVANCED_FACE('',(#4766),#4752,.F.);
#4768=CARTESIAN_POINT('',(-184.,-29.3,20.));
#4769=DIRECTION('',(-1.,0.,0.));
#4770=DIRECTION('',(0.,-1.,0.));
#4771=AXIS2_PLACEMENT_3D('',#4768,#4769,#4770);
#4772=CONICAL_SURFACE('',#4771,3.2,44.999999949);
#4773=CARTESIAN_POINT('',(-184.2,-32.7,20.));
#4774=DIRECTION('',(0.707106782,0.707106781,-0.));
#4775=VECTOR('',#4774,0.565685425);
#4776=LINE('',#4773,#4775);
#4777=EDGE_CURVE('',#514,#4321,#4776,.T.);
#4778=ORIENTED_EDGE('',*,*,#4777,.F.);
#4779=ORIENTED_EDGE('',*,*,#522,.T.);
#4780=ORIENTED_EDGE('',*,*,#529,.T.);
#4781=ORIENTED_EDGE('',*,*,#4777,.T.);
#4782=ORIENTED_EDGE('',*,*,#4327,.T.);
#4783=ORIENTED_EDGE('',*,*,#4343,.T.);
#4784=ORIENTED_EDGE('',*,*,#4336,.T.);
#4785=EDGE_LOOP('',(#4778,#4779,#4780,#4781,#4782,#4783,#4784));
#4786=FACE_BOUND('',#4785,.T.);
#4787=ADVANCED_FACE('',(#4786),#4772,.F.);
#4788=CARTESIAN_POINT('',(-158.,-35.5,43.5));
#4789=DIRECTION('',(-1.,0.,0.));
#4790=DIRECTION('',(0.,0.,-1.));
#4791=AXIS2_PLACEMENT_3D('',#4788,#4789,#4790);
#4792=PLANE('',#4791);
#4793=ORIENTED_EDGE('',*,*,#1556,.F.);
#4794=ORIENTED_EDGE('',*,*,#2304,.T.);
#4795=ORIENTED_EDGE('',*,*,#2351,.F.);
#4796=CARTESIAN_POINT('',(-158.,-41.985025018,43.55));
#4797=DIRECTION('',(-0.,1.,-0.));
#4798=VECTOR('',#4797,93.);
#4799=LINE('',#4796,#4798);
#4800=EDGE_CURVE('',#1430,#2340,#4799,.T.);
#4801=ORIENTED_EDGE('',*,*,#4800,.F.);
#4802=EDGE_LOOP('',(#4793,#4794,#4795,#4801));
#4803=FACE_BOUND('',#4802,.T.);
#4804=ORIENTED_EDGE('',*,*,#4616,.T.);
#4805=ORIENTED_EDGE('',*,*,#4623,.T.);
#4806=EDGE_LOOP('',(#4804,#4805));
#4807=FACE_BOUND('',#4806,.T.);
#4808=ORIENTED_EDGE('',*,*,#4581,.T.);
#4809=ORIENTED_EDGE('',*,*,#4588,.T.);
#4810=EDGE_LOOP('',(#4808,#4809));
#4811=FACE_BOUND('',#4810,.T.);
#4812=ORIENTED_EDGE('',*,*,#4546,.T.);
#4813=ORIENTED_EDGE('',*,*,#4553,.T.);
#4814=EDGE_LOOP('',(#4812,#4813));
#4815=FACE_BOUND('',#4814,.T.);
#4816=ORIENTED_EDGE('',*,*,#4511,.T.);
#4817=ORIENTED_EDGE('',*,*,#4518,.T.);
#4818=EDGE_LOOP('',(#4816,#4817));
#4819=FACE_BOUND('',#4818,.T.);
#4820=ORIENTED_EDGE('',*,*,#4476,.T.);
#4821=ORIENTED_EDGE('',*,*,#4483,.T.);
#4822=EDGE_LOOP('',(#4820,#4821));
#4823=FACE_BOUND('',#4822,.T.);
#4824=ORIENTED_EDGE('',*,*,#4441,.T.);
#4825=ORIENTED_EDGE('',*,*,#4448,.T.);
#4826=EDGE_LOOP('',(#4824,#4825));
#4827=FACE_BOUND('',#4826,.T.);
#4828=ORIENTED_EDGE('',*,*,#4406,.T.);
#4829=ORIENTED_EDGE('',*,*,#4413,.T.);
#4830=EDGE_LOOP('',(#4828,#4829));
#4831=FACE_BOUND('',#4830,.T.);
#4832=ORIENTED_EDGE('',*,*,#4371,.T.);
#4833=ORIENTED_EDGE('',*,*,#4378,.T.);
#4834=EDGE_LOOP('',(#4832,#4833));
#4835=FACE_BOUND('',#4834,.T.);
#4836=ADVANCED_FACE('',(#4803,#4807,#4811,#4815,#4819,#4823,#4827,#4831,#4835),#4792,.F.);
#4837=CARTESIAN_POINT('',(-148.2,-35.5,43.55));
#4838=DIRECTION('',(0.,0.,1.));
#4839=DIRECTION('',(-1.,0.,0.));
#4840=AXIS2_PLACEMENT_3D('',#4837,#4838,#4839);
#4841=PLANE('',#4840);
#4842=ORIENTED_EDGE('',*,*,#3621,.T.);
#4843=CARTESIAN_POINT('',(-151.,-39.985025018,43.55));
#4844=VERTEX_POINT('',#4843);
#4845=CARTESIAN_POINT('',(-151.,49.514974982,43.55));
#4846=DIRECTION('',(0.,-1.,0.));
#4847=VECTOR('',#4846,89.5);
#4848=LINE('',#4845,#4847);
#4849=EDGE_CURVE('',#3610,#4844,#4848,.T.);
#4850=ORIENTED_EDGE('',*,*,#4849,.T.);
#4851=CARTESIAN_POINT('',(-151.,-39.985025018,43.55));
#4852=DIRECTION('',(-0.707106781,-0.707106781,0.));
#4853=VECTOR('',#4852,2.828427125);
#4854=LINE('',#4851,#4853);
#4855=EDGE_CURVE('',#4844,#1432,#4854,.T.);
#4856=ORIENTED_EDGE('',*,*,#4855,.T.);
#4857=ORIENTED_EDGE('',*,*,#1437,.F.);
#4858=ORIENTED_EDGE('',*,*,#4800,.T.);
#4859=ORIENTED_EDGE('',*,*,#2345,.F.);
#4860=EDGE_LOOP('',(#4842,#4850,#4856,#4857,#4858,#4859));
#4861=FACE_BOUND('',#4860,.T.);
#4862=ADVANCED_FACE('',(#4861),#4841,.F.);
#4863=CARTESIAN_POINT('',(-152.,68.,105.));
#4864=DIRECTION('',(0.,-1.,0.));
#4865=DIRECTION('',(1.,0.,0.));
#4866=AXIS2_PLACEMENT_3D('',#4863,#4864,#4865);
#4867=PLANE('',#4866);
#4868=ORIENTED_EDGE('',*,*,#1140,.F.);
#4869=CARTESIAN_POINT('',(-152.,68.,110.));
#4870=VERTEX_POINT('',#4869);
#4871=CARTESIAN_POINT('',(-152.,68.,110.));
#4872=DIRECTION('',(1.,-0.,-0.));
#4873=VECTOR('',#4872,2.);
#4874=LINE('',#4871,#4873);
#4875=EDGE_CURVE('',#4870,#1127,#4874,.T.);
#4876=ORIENTED_EDGE('',*,*,#4875,.F.);
#4877=CARTESIAN_POINT('',(-152.,68.,100.));
#4878=VERTEX_POINT('',#4877);
#4879=CARTESIAN_POINT('',(-152.,68.,110.));
#4880=DIRECTION('',(-0.,-0.,-1.));
#4881=VECTOR('',#4880,10.);
#4882=LINE('',#4879,#4881);
#4883=EDGE_CURVE('',#4870,#4878,#4882,.T.);
#4884=ORIENTED_EDGE('',*,*,#4883,.T.);
#4885=CARTESIAN_POINT('',(-152.,68.,100.));
#4886=DIRECTION('',(1.,0.,-0.));
#4887=VECTOR('',#4886,2.);
#4888=LINE('',#4885,#4887);
#4889=EDGE_CURVE('',#4878,#1135,#4888,.T.);
#4890=ORIENTED_EDGE('',*,*,#4889,.T.);
#4891=EDGE_LOOP('',(#4868,#4876,#4884,#4890));
#4892=FACE_BOUND('',#4891,.T.);
#4893=ADVANCED_FACE('',(#4892),#4867,.T.);
#4894=CARTESIAN_POINT('',(-152.,61.,110.));
#4895=DIRECTION('',(0.,0.,-1.));
#4896=DIRECTION('',(-1.,0.,0.));
#4897=AXIS2_PLACEMENT_3D('',#4894,#4895,#4896);
#4898=PLANE('',#4897);
#4899=ORIENTED_EDGE('',*,*,#1132,.F.);
#4900=CARTESIAN_POINT('',(-152.,54.,110.));
#4901=VERTEX_POINT('',#4900);
#4902=CARTESIAN_POINT('',(-152.,54.,110.));
#4903=DIRECTION('',(1.,-0.,-0.));
#4904=VECTOR('',#4903,2.);
#4905=LINE('',#4902,#4904);
#4906=EDGE_CURVE('',#4901,#1125,#4905,.T.);
#4907=ORIENTED_EDGE('',*,*,#4906,.F.);
#4908=CARTESIAN_POINT('',(-152.,54.,110.));
#4909=DIRECTION('',(0.,1.,0.));
#4910=VECTOR('',#4909,14.);
#4911=LINE('',#4908,#4910);
#4912=EDGE_CURVE('',#4901,#4870,#4911,.T.);
#4913=ORIENTED_EDGE('',*,*,#4912,.T.);
#4914=ORIENTED_EDGE('',*,*,#4875,.T.);
#4915=EDGE_LOOP('',(#4899,#4907,#4913,#4914));
#4916=FACE_BOUND('',#4915,.T.);
#4917=ADVANCED_FACE('',(#4916),#4898,.T.);
#4918=CARTESIAN_POINT('',(-152.,54.,105.));
#4919=DIRECTION('',(0.,1.,0.));
#4920=DIRECTION('',(-1.,0.,0.));
#4921=AXIS2_PLACEMENT_3D('',#4918,#4919,#4920);
#4922=PLANE('',#4921);
#4923=ORIENTED_EDGE('',*,*,#1154,.F.);
#4924=CARTESIAN_POINT('',(-152.,54.,100.));
#4925=VERTEX_POINT('',#4924);
#4926=CARTESIAN_POINT('',(-152.,54.,100.));
#4927=DIRECTION('',(1.,0.,-0.));
#4928=VECTOR('',#4927,2.);
#4929=LINE('',#4926,#4928);
#4930=EDGE_CURVE('',#4925,#1143,#4929,.T.);
#4931=ORIENTED_EDGE('',*,*,#4930,.F.);
#4932=CARTESIAN_POINT('',(-152.,54.,100.));
#4933=DIRECTION('',(0.,0.,1.));
#4934=VECTOR('',#4933,10.);
#4935=LINE('',#4932,#4934);
#4936=EDGE_CURVE('',#4925,#4901,#4935,.T.);
#4937=ORIENTED_EDGE('',*,*,#4936,.T.);
#4938=ORIENTED_EDGE('',*,*,#4906,.T.);
#4939=EDGE_LOOP('',(#4923,#4931,#4937,#4938));
#4940=FACE_BOUND('',#4939,.T.);
#4941=ADVANCED_FACE('',(#4940),#4922,.T.);
#4942=CARTESIAN_POINT('',(-152.,61.,100.));
#4943=DIRECTION('',(0.,0.,1.));
#4944=DIRECTION('',(1.,0.,0.));
#4945=AXIS2_PLACEMENT_3D('',#4942,#4943,#4944);
#4946=PLANE('',#4945);
#4947=ORIENTED_EDGE('',*,*,#1148,.F.);
#4948=ORIENTED_EDGE('',*,*,#4889,.F.);
#4949=CARTESIAN_POINT('',(-152.,68.,100.));
#4950=DIRECTION('',(-0.,-1.,-0.));
#4951=VECTOR('',#4950,14.);
#4952=LINE('',#4949,#4951);
#4953=EDGE_CURVE('',#4878,#4925,#4952,.T.);
#4954=ORIENTED_EDGE('',*,*,#4953,.T.);
#4955=ORIENTED_EDGE('',*,*,#4930,.T.);
#4956=EDGE_LOOP('',(#4947,#4948,#4954,#4955));
#4957=FACE_BOUND('',#4956,.T.);
#4958=ADVANCED_FACE('',(#4957),#4946,.T.);
#4959=CARTESIAN_POINT('',(-152.,0.,0.));
#4960=DIRECTION('',(1.,0.,0.));
#4961=DIRECTION('',(0.,1.,0.));
#4962=AXIS2_PLACEMENT_3D('',#4959,#4960,#4961);
#4963=PLANE('',#4962);
#4964=ORIENTED_EDGE('',*,*,#4883,.F.);
#4965=ORIENTED_EDGE('',*,*,#4912,.F.);
#4966=ORIENTED_EDGE('',*,*,#4936,.F.);
#4967=ORIENTED_EDGE('',*,*,#4953,.F.);
#4968=EDGE_LOOP('',(#4964,#4965,#4966,#4967));
#4969=FACE_BOUND('',#4968,.T.);
#4970=ADVANCED_FACE('',(#4969),#4963,.T.);
#4971=CARTESIAN_POINT('',(-165.340170125,84.148393215,151.15));
#4972=DIRECTION('',(0.,0.,-1.));
#4973=DIRECTION('',(-1.,0.,0.));
#4974=AXIS2_PLACEMENT_3D('',#4971,#4972,#4973);
#4975=CYLINDRICAL_SURFACE('',#4974,2.35);
#4976=CARTESIAN_POINT('',(-167.690170125,84.148393215,143.));
#4977=VERTEX_POINT('',#4976);
#4978=CARTESIAN_POINT('',(-167.690170125,84.148393215,143.));
#4979=DIRECTION('',(-0.,-0.,1.));
#4980=VECTOR('',#4979,6.);
#4981=LINE('',#4978,#4980);
#4982=EDGE_CURVE('',#4977,#1276,#4981,.T.);
#4983=ORIENTED_EDGE('',*,*,#4982,.F.);
#4984=CARTESIAN_POINT('',(-165.340170125,84.148393215,143.));
#4985=DIRECTION('',(-0.,-0.,1.));
#4986=DIRECTION('',(-1.,0.,0.));
#4987=AXIS2_PLACEMENT_3D('',#4984,#4985,#4986);
#4988=CIRCLE('',#4987,2.35);
#4989=EDGE_CURVE('',#4977,#4977,#4988,.T.);
#4990=ORIENTED_EDGE('',*,*,#4989,.F.);
#4991=ORIENTED_EDGE('',*,*,#4982,.T.);
#4992=ORIENTED_EDGE('',*,*,#1282,.T.);
#4993=EDGE_LOOP('',(#4983,#4990,#4991,#4992));
#4994=FACE_BOUND('',#4993,.T.);
#4995=ADVANCED_FACE('',(#4994),#4975,.F.);
#4996=CARTESIAN_POINT('',(-173.340170125,87.648393215,151.15));
#4997=DIRECTION('',(0.,0.,1.));
#4998=DIRECTION('',(-1.,0.,0.));
#4999=AXIS2_PLACEMENT_3D('',#4996,#4997,#4998);
#5000=CYLINDRICAL_SURFACE('',#4999,2.35);
#5001=CARTESIAN_POINT('',(-175.690170125,87.648393215,143.));
#5002=VERTEX_POINT('',#5001);
#5003=CARTESIAN_POINT('',(-175.690170125,87.648393215,149.));
#5004=DIRECTION('',(-0.,-0.,-1.));
#5005=VECTOR('',#5004,6.);
#5006=LINE('',#5003,#5005);
#5007=EDGE_CURVE('',#1256,#5002,#5006,.T.);
#5008=ORIENTED_EDGE('',*,*,#5007,.F.);
#5009=ORIENTED_EDGE('',*,*,#1264,.T.);
#5010=ORIENTED_EDGE('',*,*,#1271,.T.);
#5011=ORIENTED_EDGE('',*,*,#5007,.T.);
#5012=CARTESIAN_POINT('',(-170.990170125,87.648393215,143.));
#5013=VERTEX_POINT('',#5012);
#5014=CARTESIAN_POINT('',(-173.340170125,87.648393215,143.));
#5015=DIRECTION('',(0.,0.,1.));
#5016=DIRECTION('',(1.,0.,-0.));
#5017=AXIS2_PLACEMENT_3D('',#5014,#5015,#5016);
#5018=CIRCLE('',#5017,2.35);
#5019=EDGE_CURVE('',#5013,#5002,#5018,.T.);
#5020=ORIENTED_EDGE('',*,*,#5019,.F.);
#5021=CARTESIAN_POINT('',(-173.340170125,87.648393215,143.));
#5022=DIRECTION('',(0.,0.,1.));
#5023=DIRECTION('',(1.,0.,-0.));
#5024=AXIS2_PLACEMENT_3D('',#5021,#5022,#5023);
#5025=CIRCLE('',#5024,2.35);
#5026=EDGE_CURVE('',#5002,#5013,#5025,.T.);
#5027=ORIENTED_EDGE('',*,*,#5026,.F.);
#5028=EDGE_LOOP('',(#5008,#5009,#5010,#5011,#5020,#5027));
#5029=FACE_BOUND('',#5028,.T.);
#5030=ADVANCED_FACE('',(#5029),#5000,.F.);
#5031=CARTESIAN_POINT('',(-179.7,20.764974982,143.));
#5032=DIRECTION('',(0.,0.,1.));
#5033=DIRECTION('',(1.,0.,0.));
#5034=AXIS2_PLACEMENT_3D('',#5031,#5032,#5033);
#5035=PLANE('',#5034);
#5036=ORIENTED_EDGE('',*,*,#5019,.T.);
#5037=ORIENTED_EDGE('',*,*,#5026,.T.);
#5038=EDGE_LOOP('',(#5036,#5037));
#5039=FACE_BOUND('',#5038,.T.);
#5040=ADVANCED_FACE('',(#5039),#5035,.T.);
#5041=CARTESIAN_POINT('',(-179.7,20.764974982,143.));
#5042=DIRECTION('',(0.,0.,1.));
#5043=DIRECTION('',(1.,0.,0.));
#5044=AXIS2_PLACEMENT_3D('',#5041,#5042,#5043);
#5045=PLANE('',#5044);
#5046=ORIENTED_EDGE('',*,*,#4989,.T.);
#5047=EDGE_LOOP('',(#5046));
#5048=FACE_BOUND('',#5047,.T.);
#5049=ADVANCED_FACE('',(#5048),#5045,.T.);
#5050=CARTESIAN_POINT('',(-166.800479996,27.000511655,134.));
#5051=DIRECTION('',(-1.,0.,0.));
#5052=DIRECTION('',(0.,-1.,0.));
#5053=AXIS2_PLACEMENT_3D('',#5050,#5051,#5052);
#5054=PLANE('',#5053);
#5055=CARTESIAN_POINT('',(-166.800479996,25.500511655,127.));
#5056=VERTEX_POINT('',#5055);
#5057=CARTESIAN_POINT('',(-166.800479996,27.000511655,128.5));
#5058=VERTEX_POINT('',#5057);
#5059=CARTESIAN_POINT('',(-166.800479996,27.000511655,127.));
#5060=DIRECTION('',(-1.,0.,0.));
#5061=DIRECTION('',(0.,0.,1.));
#5062=AXIS2_PLACEMENT_3D('',#5059,#5060,#5061);
#5063=CIRCLE('',#5062,1.5);
#5064=EDGE_CURVE('',#5056,#5058,#5063,.T.);
#5065=ORIENTED_EDGE('',*,*,#5064,.F.);
#5066=CARTESIAN_POINT('',(-166.800479996,27.000511655,127.));
#5067=DIRECTION('',(-1.,0.,0.));
#5068=DIRECTION('',(0.,0.,1.));
#5069=AXIS2_PLACEMENT_3D('',#5066,#5067,#5068);
#5070=CIRCLE('',#5069,1.5);
#5071=EDGE_CURVE('',#5058,#5056,#5070,.T.);
#5072=ORIENTED_EDGE('',*,*,#5071,.F.);
#5073=EDGE_LOOP('',(#5065,#5072));
#5074=FACE_BOUND('',#5073,.T.);
#5075=ADVANCED_FACE('',(#5074),#5054,.F.);
#5076=CARTESIAN_POINT('',(-156.800479996,27.000511655,127.));
#5077=DIRECTION('',(1.,0.,0.));
#5078=DIRECTION('',(0.,-1.,0.));
#5079=AXIS2_PLACEMENT_3D('',#5076,#5077,#5078);
#5080=CYLINDRICAL_SURFACE('',#5079,1.5);
#5081=CARTESIAN_POINT('',(-156.500480807,25.500511655,127.));
#5082=VERTEX_POINT('',#5081);
#5083=CARTESIAN_POINT('',(-156.500480807,25.500511655,127.));
#5084=DIRECTION('',(-1.,-0.,-0.));
#5085=VECTOR('',#5084,10.299999189);
#5086=LINE('',#5083,#5085);
#5087=EDGE_CURVE('',#5082,#5056,#5086,.T.);
#5088=ORIENTED_EDGE('',*,*,#5087,.F.);
#5089=CARTESIAN_POINT('',(-156.500480807,27.000511655,128.5));
#5090=VERTEX_POINT('',#5089);
#5091=CARTESIAN_POINT('',(-156.500480807,27.000511655,127.));
#5092=DIRECTION('',(1.,-0.,-0.));
#5093=DIRECTION('',(0.,0.,1.));
#5094=AXIS2_PLACEMENT_3D('',#5091,#5092,#5093);
#5095=CIRCLE('',#5094,1.5);
#5096=EDGE_CURVE('',#5082,#5090,#5095,.T.);
#5097=ORIENTED_EDGE('',*,*,#5096,.T.);
#5098=CARTESIAN_POINT('',(-156.500480807,27.000511655,127.));
#5099=DIRECTION('',(1.,-0.,-0.));
#5100=DIRECTION('',(0.,0.,1.));
#5101=AXIS2_PLACEMENT_3D('',#5098,#5099,#5100);
#5102=CIRCLE('',#5101,1.5);
#5103=EDGE_CURVE('',#5090,#5082,#5102,.T.);
#5104=ORIENTED_EDGE('',*,*,#5103,.T.);
#5105=ORIENTED_EDGE('',*,*,#5087,.T.);
#5106=ORIENTED_EDGE('',*,*,#5064,.T.);
#5107=ORIENTED_EDGE('',*,*,#5071,.T.);
#5108=EDGE_LOOP('',(#5088,#5097,#5104,#5105,#5106,#5107));
#5109=FACE_BOUND('',#5108,.T.);
#5110=ADVANCED_FACE('',(#5109),#5080,.F.);
#5111=CARTESIAN_POINT('',(-156.500480807,18.999971859,126.));
#5112=DIRECTION('',(-1.,0.,0.));
#5113=DIRECTION('',(0.,0.,1.));
#5114=AXIS2_PLACEMENT_3D('',#5111,#5112,#5113);
#5115=PLANE('',#5114);
#5116=ORIENTED_EDGE('',*,*,#5096,.F.);
#5117=ORIENTED_EDGE('',*,*,#5103,.F.);
#5118=EDGE_LOOP('',(#5116,#5117));
#5119=FACE_BOUND('',#5118,.T.);
#5120=ORIENTED_EDGE('',*,*,#84,.T.);
#5121=CARTESIAN_POINT('',(-156.500480807,25.249999389,131.999999314));
#5122=VERTEX_POINT('',#5121);
#5123=CARTESIAN_POINT('',(-156.500480807,26.999999389,131.999999314));
#5124=DIRECTION('',(1.,-0.,-0.));
#5125=DIRECTION('',(0.,0.,1.));
#5126=AXIS2_PLACEMENT_3D('',#5123,#5124,#5125);
#5127=CIRCLE('',#5126,1.75);
#5128=EDGE_CURVE('',#5122,#71,#5127,.T.);
#5129=ORIENTED_EDGE('',*,*,#5128,.F.);
#5130=CARTESIAN_POINT('',(-156.500480807,26.098612712,133.5));
#5131=VERTEX_POINT('',#5130);
#5132=CARTESIAN_POINT('',(-156.500480807,26.999999389,131.999999314));
#5133=DIRECTION('',(1.,-0.,-0.));
#5134=DIRECTION('',(0.,0.,1.));
#5135=AXIS2_PLACEMENT_3D('',#5132,#5133,#5134);
#5136=CIRCLE('',#5135,1.75);
#5137=EDGE_CURVE('',#5131,#5122,#5136,.T.);
#5138=ORIENTED_EDGE('',*,*,#5137,.F.);
#5139=CARTESIAN_POINT('',(-156.500480807,23.999971859,133.5));
#5140=VERTEX_POINT('',#5139);
#5141=CARTESIAN_POINT('',(-156.500480807,26.098612712,133.5));
#5142=DIRECTION('',(-0.,-1.,-0.));
#5143=VECTOR('',#5142,2.098640853);
#5144=LINE('',#5141,#5143);
#5145=EDGE_CURVE('',#5131,#5140,#5144,.T.);
#5146=ORIENTED_EDGE('',*,*,#5145,.T.);
#5147=CARTESIAN_POINT('',(-156.500480807,23.999971859,120.5));
#5148=DIRECTION('',(-0.,-0.,1.));
#5149=VECTOR('',#5148,13.);
#5150=LINE('',#5147,#5149);
#5151=EDGE_CURVE('',#2433,#5140,#5150,.T.);
#5152=ORIENTED_EDGE('',*,*,#5151,.F.);
#5153=ORIENTED_EDGE('',*,*,#2438,.T.);
#5154=CARTESIAN_POINT('',(-156.500480807,25.265670474,121.858873259));
#5155=VERTEX_POINT('',#5154);
#5156=CARTESIAN_POINT('',(-156.500480807,27.015670474,121.858873259));
#5157=DIRECTION('',(-1.,0.,0.));
#5158=DIRECTION('',(0.,0.,1.));
#5159=AXIS2_PLACEMENT_3D('',#5156,#5157,#5158);
#5160=CIRCLE('',#5159,1.75);
#5161=EDGE_CURVE('',#2425,#5155,#5160,.T.);
#5162=ORIENTED_EDGE('',*,*,#5161,.T.);
#5163=CARTESIAN_POINT('',(-156.500480807,28.118379025,120.500000987));
#5164=VERTEX_POINT('',#5163);
#5165=CARTESIAN_POINT('',(-156.500480807,27.015670474,121.858873259));
#5166=DIRECTION('',(-1.,0.,0.));
#5167=DIRECTION('',(0.,0.,1.));
#5168=AXIS2_PLACEMENT_3D('',#5165,#5166,#5167);
#5169=CIRCLE('',#5168,1.75);
#5170=EDGE_CURVE('',#5155,#5164,#5169,.T.);
#5171=ORIENTED_EDGE('',*,*,#5170,.T.);
#5172=CARTESIAN_POINT('',(-156.500480807,29.999971859,120.500000493));
#5173=VERTEX_POINT('',#5172);
#5174=CARTESIAN_POINT('',(-156.500480807,28.118379025,120.500000987));
#5175=DIRECTION('',(0.,1.,0.));
#5176=VECTOR('',#5175,1.881592834);
#5177=LINE('',#5174,#5176);
#5178=EDGE_CURVE('',#5164,#5173,#5177,.T.);
#5179=ORIENTED_EDGE('',*,*,#5178,.T.);
#5180=CARTESIAN_POINT('',(-156.500480807,29.999971859,120.500000493));
#5181=DIRECTION('',(0.,0.,1.));
#5182=VECTOR('',#5181,12.999999507);
#5183=LINE('',#5180,#5182);
#5184=EDGE_CURVE('',#5173,#79,#5183,.T.);
#5185=ORIENTED_EDGE('',*,*,#5184,.T.);
#5186=EDGE_LOOP('',(#5120,#5129,#5138,#5146,#5152,#5153,#5162,#5171,#5179,#5185));
#5187=FACE_BOUND('',#5186,.T.);
#5188=ADVANCED_FACE('',(#5119,#5187),#5115,.F.);
#5189=CARTESIAN_POINT('',(-156.166479996,29.999971859,120.6));
#5190=DIRECTION('',(0.,1.,0.));
#5191=DIRECTION('',(0.,0.,1.));
#5192=AXIS2_PLACEMENT_3D('',#5189,#5190,#5191);
#5193=PLANE('',#5192);
#5194=CARTESIAN_POINT('',(-150.5,29.999971859,120.5));
#5195=VERTEX_POINT('',#5194);
#5196=CARTESIAN_POINT('',(-150.5,29.999971859,120.5));
#5197=DIRECTION('',(-1.,0.,0.));
#5198=VECTOR('',#5197,6.000480807);
#5199=LINE('',#5196,#5198);
#5200=EDGE_CURVE('',#5195,#5173,#5199,.T.);
#5201=ORIENTED_EDGE('',*,*,#5200,.F.);
#5202=CARTESIAN_POINT('',(-150.5,29.999971859,120.5));
#5203=DIRECTION('',(0.,0.,1.));
#5204=VECTOR('',#5203,13.);
#5205=LINE('',#5202,#5204);
#5206=EDGE_CURVE('',#5195,#61,#5205,.T.);
#5207=ORIENTED_EDGE('',*,*,#5206,.T.);
#5208=ORIENTED_EDGE('',*,*,#90,.F.);
#5209=ORIENTED_EDGE('',*,*,#5184,.F.);
#5210=EDGE_LOOP('',(#5201,#5207,#5208,#5209));
#5211=FACE_BOUND('',#5210,.T.);
#5212=ADVANCED_FACE('',(#5211),#5193,.F.);
#5213=CARTESIAN_POINT('',(-156.166479996,29.899971859,133.5));
#5214=DIRECTION('',(0.,0.,1.));
#5215=DIRECTION('',(1.,0.,0.));
#5216=AXIS2_PLACEMENT_3D('',#5213,#5214,#5215);
#5217=PLANE('',#5216);
#5218=ORIENTED_EDGE('',*,*,#5145,.F.);
#5219=CARTESIAN_POINT('',(-150.5,26.098612712,133.5));
#5220=VERTEX_POINT('',#5219);
#5221=CARTESIAN_POINT('',(-156.500480807,26.098612712,133.5));
#5222=DIRECTION('',(1.,-0.,-0.));
#5223=VECTOR('',#5222,6.000480807);
#5224=LINE('',#5221,#5223);
#5225=EDGE_CURVE('',#5131,#5220,#5224,.T.);
#5226=ORIENTED_EDGE('',*,*,#5225,.T.);
#5227=CARTESIAN_POINT('',(-150.5,23.999971859,133.5));
#5228=VERTEX_POINT('',#5227);
#5229=CARTESIAN_POINT('',(-150.5,26.098612712,133.5));
#5230=DIRECTION('',(-0.,-1.,-0.));
#5231=VECTOR('',#5230,2.098640853);
#5232=LINE('',#5229,#5231);
#5233=EDGE_CURVE('',#5220,#5228,#5232,.T.);
#5234=ORIENTED_EDGE('',*,*,#5233,.T.);
#5235=CARTESIAN_POINT('',(-156.500480807,23.999971859,133.5));
#5236=DIRECTION('',(1.,0.,-0.));
#5237=VECTOR('',#5236,6.000480807);
#5238=LINE('',#5235,#5237);
#5239=EDGE_CURVE('',#5140,#5228,#5238,.T.);
#5240=ORIENTED_EDGE('',*,*,#5239,.F.);
#5241=EDGE_LOOP('',(#5218,#5226,#5234,#5240));
#5242=FACE_BOUND('',#5241,.T.);
#5243=ADVANCED_FACE('',(#5242),#5217,.F.);
#5244=CARTESIAN_POINT('',(-156.166479996,23.999971859,133.4));
#5245=DIRECTION('',(0.,-1.,0.));
#5246=DIRECTION('',(0.,0.,-1.));
#5247=AXIS2_PLACEMENT_3D('',#5244,#5245,#5246);
#5248=PLANE('',#5247);
#5249=ORIENTED_EDGE('',*,*,#5239,.T.);
#5250=CARTESIAN_POINT('',(-150.5,23.999971859,133.5));
#5251=DIRECTION('',(0.,0.,-1.));
#5252=VECTOR('',#5251,13.);
#5253=LINE('',#5250,#5252);
#5254=EDGE_CURVE('',#5228,#2441,#5253,.T.);
#5255=ORIENTED_EDGE('',*,*,#5254,.T.);
#5256=ORIENTED_EDGE('',*,*,#2446,.T.);
#5257=ORIENTED_EDGE('',*,*,#5151,.T.);
#5258=EDGE_LOOP('',(#5249,#5255,#5256,#5257));
#5259=FACE_BOUND('',#5258,.T.);
#5260=ADVANCED_FACE('',(#5259),#5248,.F.);
#5261=CARTESIAN_POINT('',(-156.500475451,27.015670474,121.858873259));
#5262=DIRECTION('',(-1.,0.,0.));
#5263=DIRECTION('',(0.,-1.,0.));
#5264=AXIS2_PLACEMENT_3D('',#5261,#5262,#5263);
#5265=CYLINDRICAL_SURFACE('',#5264,1.75);
#5266=CARTESIAN_POINT('',(-184.2,25.265670474,121.858873259));
#5267=DIRECTION('',(1.,-0.,-0.));
#5268=VECTOR('',#5267,27.699519193);
#5269=LINE('',#5266,#5268);
#5270=EDGE_CURVE('',#696,#5155,#5269,.T.);
#5271=ORIENTED_EDGE('',*,*,#5270,.F.);
#5272=ORIENTED_EDGE('',*,*,#702,.F.);
#5273=ORIENTED_EDGE('',*,*,#709,.F.);
#5274=ORIENTED_EDGE('',*,*,#5270,.T.);
#5275=ORIENTED_EDGE('',*,*,#5161,.F.);
#5276=ORIENTED_EDGE('',*,*,#2430,.F.);
#5277=CARTESIAN_POINT('',(-150.5,28.118377809,120.5));
#5278=VERTEX_POINT('',#5277);
#5279=CARTESIAN_POINT('',(-151.858873259,27.015670474,121.858873259));
#5280=DIRECTION('',(-0.707106781,-0.,-0.707106781));
#5281=DIRECTION('',(-0.707106781,0.,0.707106781));
#5282=AXIS2_PLACEMENT_3D('',#5279,#5280,#5281);
#5283=ELLIPSE('',#5282,2.474873734,1.75);
#5284=EDGE_CURVE('',#5278,#2423,#5283,.T.);
#5285=ORIENTED_EDGE('',*,*,#5284,.F.);
#5286=CARTESIAN_POINT('',(-156.500480807,28.118377809,120.5));
#5287=DIRECTION('',(1.,-0.,-0.));
#5288=VECTOR('',#5287,6.000480807);
#5289=LINE('',#5286,#5288);
#5290=EDGE_CURVE('',#5164,#5278,#5289,.T.);
#5291=ORIENTED_EDGE('',*,*,#5290,.F.);
#5292=ORIENTED_EDGE('',*,*,#5170,.F.);
#5293=EDGE_LOOP('',(#5271,#5272,#5273,#5274,#5275,#5276,#5285,#5291,#5292));
#5294=FACE_BOUND('',#5293,.T.);
#5295=ADVANCED_FACE('',(#5294),#5265,.F.);
#5296=CARTESIAN_POINT('',(-156.500475451,26.999999389,131.999999314));
#5297=DIRECTION('',(-1.,0.,0.));
#5298=DIRECTION('',(0.,-1.,0.));
#5299=AXIS2_PLACEMENT_3D('',#5296,#5297,#5298);
#5300=CYLINDRICAL_SURFACE('',#5299,1.75);
#5301=CARTESIAN_POINT('',(-184.2,25.249999389,131.999999314));
#5302=DIRECTION('',(1.,-0.,-0.));
#5303=VECTOR('',#5302,27.699519193);
#5304=LINE('',#5301,#5303);
#5305=EDGE_CURVE('',#103,#5122,#5304,.T.);
#5306=ORIENTED_EDGE('',*,*,#5305,.F.);
#5307=ORIENTED_EDGE('',*,*,#109,.F.);
#5308=ORIENTED_EDGE('',*,*,#116,.F.);
#5309=ORIENTED_EDGE('',*,*,#5305,.T.);
#5310=ORIENTED_EDGE('',*,*,#5128,.T.);
#5311=ORIENTED_EDGE('',*,*,#76,.F.);
#5312=CARTESIAN_POINT('',(-152.000000686,26.999999389,131.999999314));
#5313=DIRECTION('',(0.707106781,0.,-0.707106781));
#5314=DIRECTION('',(-0.707106781,0.,-0.707106781));
#5315=AXIS2_PLACEMENT_3D('',#5312,#5313,#5314);
#5316=ELLIPSE('',#5315,2.474873734,1.75);
#5317=EDGE_CURVE('',#63,#5220,#5316,.T.);
#5318=ORIENTED_EDGE('',*,*,#5317,.T.);
#5319=ORIENTED_EDGE('',*,*,#5225,.F.);
#5320=ORIENTED_EDGE('',*,*,#5137,.T.);
#5321=EDGE_LOOP('',(#5306,#5307,#5308,#5309,#5310,#5311,#5318,#5319,#5320));
#5322=FACE_BOUND('',#5321,.T.);
#5323=ADVANCED_FACE('',(#5322),#5300,.F.);
#5324=CARTESIAN_POINT('',(-156.166479996,24.099971859,120.5));
#5325=DIRECTION('',(0.,0.,-1.));
#5326=DIRECTION('',(-1.,0.,0.));
#5327=AXIS2_PLACEMENT_3D('',#5324,#5325,#5326);
#5328=PLANE('',#5327);
#5329=ORIENTED_EDGE('',*,*,#5178,.F.);
#5330=ORIENTED_EDGE('',*,*,#5290,.T.);
#5331=CARTESIAN_POINT('',(-150.5,28.118377809,120.5));
#5332=DIRECTION('',(0.,1.,0.));
#5333=VECTOR('',#5332,1.88159405);
#5334=LINE('',#5331,#5333);
#5335=EDGE_CURVE('',#5278,#5195,#5334,.T.);
#5336=ORIENTED_EDGE('',*,*,#5335,.T.);
#5337=ORIENTED_EDGE('',*,*,#5200,.T.);
#5338=EDGE_LOOP('',(#5329,#5330,#5336,#5337));
#5339=FACE_BOUND('',#5338,.T.);
#5340=ADVANCED_FACE('',(#5339),#5328,.F.);
#5341=CARTESIAN_POINT('',(-150.,30.499971859,100.092));
#5342=DIRECTION('',(0.707106781,-0.707106781,0.));
#5343=DIRECTION('',(0.,0.,1.));
#5344=AXIS2_PLACEMENT_3D('',#5341,#5342,#5343);
#5345=PLANE('',#5344);
#5346=CARTESIAN_POINT('',(-150.5,29.999971859,133.5));
#5347=DIRECTION('',(0.577350269,0.577350269,0.577350269));
#5348=VECTOR('',#5347,0.866025404);
#5349=LINE('',#5346,#5348);
#5350=EDGE_CURVE('',#61,#1177,#5349,.T.);
#5351=ORIENTED_EDGE('',*,*,#5350,.F.);
#5352=ORIENTED_EDGE('',*,*,#5206,.F.);
#5353=CARTESIAN_POINT('',(-150.,30.499971859,120.));
#5354=DIRECTION('',(-0.577350269,-0.577350269,0.577350269));
#5355=VECTOR('',#5354,0.866025404);
#5356=LINE('',#5353,#5355);
#5357=EDGE_CURVE('',#1159,#5195,#5356,.T.);
#5358=ORIENTED_EDGE('',*,*,#5357,.F.);
#5359=ORIENTED_EDGE('',*,*,#1188,.F.);
#5360=EDGE_LOOP('',(#5351,#5352,#5358,#5359));
#5361=FACE_BOUND('',#5360,.T.);
#5362=ADVANCED_FACE('',(#5361),#5345,.T.);
#5363=CARTESIAN_POINT('',(-150.,51.264974982,134.));
#5364=DIRECTION('',(0.707106781,0.,-0.707106781));
#5365=DIRECTION('',(0.,-1.,0.));
#5366=AXIS2_PLACEMENT_3D('',#5363,#5364,#5365);
#5367=PLANE('',#5366);
#5368=ORIENTED_EDGE('',*,*,#5317,.F.);
#5369=ORIENTED_EDGE('',*,*,#68,.F.);
#5370=ORIENTED_EDGE('',*,*,#5350,.T.);
#5371=ORIENTED_EDGE('',*,*,#1182,.F.);
#5372=CARTESIAN_POINT('',(-150.5,23.999971859,133.5));
#5373=DIRECTION('',(0.577350269,-0.577350269,0.577350269));
#5374=VECTOR('',#5373,0.866025404);
#5375=LINE('',#5372,#5374);
#5376=EDGE_CURVE('',#5228,#1169,#5375,.T.);
#5377=ORIENTED_EDGE('',*,*,#5376,.F.);
#5378=ORIENTED_EDGE('',*,*,#5233,.F.);
#5379=EDGE_LOOP('',(#5368,#5369,#5370,#5371,#5377,#5378));
#5380=FACE_BOUND('',#5379,.T.);
#5381=ADVANCED_FACE('',(#5380),#5367,.T.);
#5382=CARTESIAN_POINT('',(-150.,23.499971859,100.092));
#5383=DIRECTION('',(0.707106781,0.707106781,0.));
#5384=DIRECTION('',(0.,0.,-1.));
#5385=AXIS2_PLACEMENT_3D('',#5382,#5383,#5384);
#5386=PLANE('',#5385);
#5387=CARTESIAN_POINT('',(-150.,23.499971859,120.));
#5388=DIRECTION('',(-0.577350269,0.577350269,0.577350269));
#5389=VECTOR('',#5388,0.866025404);
#5390=LINE('',#5387,#5389);
#5391=EDGE_CURVE('',#1161,#2441,#5390,.T.);
#5392=ORIENTED_EDGE('',*,*,#5391,.T.);
#5393=ORIENTED_EDGE('',*,*,#5254,.F.);
#5394=ORIENTED_EDGE('',*,*,#5376,.T.);
#5395=ORIENTED_EDGE('',*,*,#1174,.F.);
#5396=EDGE_LOOP('',(#5392,#5393,#5394,#5395));
#5397=FACE_BOUND('',#5396,.T.);
#5398=ADVANCED_FACE('',(#5397),#5386,.T.);
#5399=CARTESIAN_POINT('',(-150.,51.264974982,120.));
#5400=DIRECTION('',(0.707106781,0.,0.707106781));
#5401=DIRECTION('',(0.,1.,0.));
#5402=AXIS2_PLACEMENT_3D('',#5399,#5400,#5401);
#5403=PLANE('',#5402);
#5404=ORIENTED_EDGE('',*,*,#5284,.T.);
#5405=ORIENTED_EDGE('',*,*,#2452,.F.);
#5406=ORIENTED_EDGE('',*,*,#5391,.F.);
#5407=ORIENTED_EDGE('',*,*,#1166,.F.);
#5408=ORIENTED_EDGE('',*,*,#5357,.T.);
#5409=ORIENTED_EDGE('',*,*,#5335,.F.);
#5410=EDGE_LOOP('',(#5404,#5405,#5406,#5407,#5408,#5409));
#5411=FACE_BOUND('',#5410,.T.);
#5412=ADVANCED_FACE('',(#5411),#5403,.T.);
#5413=CARTESIAN_POINT('',(-184.198,-2.839812364,4.750497717));
#5414=DIRECTION('',(-1.,0.,0.));
#5415=DIRECTION('',(0.,-1.,0.));
#5416=AXIS2_PLACEMENT_3D('',#5413,#5414,#5415);
#5417=CYLINDRICAL_SURFACE('',#5416,1.5);
#5418=CARTESIAN_POINT('',(-172.7,-4.339812364,4.750497717));
#5419=VERTEX_POINT('',#5418);
#5420=CARTESIAN_POINT('',(-184.2,-4.339812364,4.750497717));
#5421=DIRECTION('',(1.,-0.,-0.));
#5422=VECTOR('',#5421,11.5);
#5423=LINE('',#5420,#5422);
#5424=EDGE_CURVE('',#354,#5419,#5423,.T.);
#5425=ORIENTED_EDGE('',*,*,#5424,.F.);
#5426=ORIENTED_EDGE('',*,*,#362,.T.);
#5427=ORIENTED_EDGE('',*,*,#369,.T.);
#5428=ORIENTED_EDGE('',*,*,#5424,.T.);
#5429=CARTESIAN_POINT('',(-172.7,-2.839812364,6.250497717));
#5430=VERTEX_POINT('',#5429);
#5431=CARTESIAN_POINT('',(-172.7,-2.839812364,4.750497717));
#5432=DIRECTION('',(-1.,0.,0.));
#5433=DIRECTION('',(0.,0.,1.));
#5434=AXIS2_PLACEMENT_3D('',#5431,#5432,#5433);
#5435=CIRCLE('',#5434,1.5);
#5436=EDGE_CURVE('',#5430,#5419,#5435,.T.);
#5437=ORIENTED_EDGE('',*,*,#5436,.F.);
#5438=CARTESIAN_POINT('',(-172.7,-2.839812364,4.750497717));
#5439=DIRECTION('',(-1.,0.,0.));
#5440=DIRECTION('',(0.,0.,1.));
#5441=AXIS2_PLACEMENT_3D('',#5438,#5439,#5440);
#5442=CIRCLE('',#5441,1.5);
#5443=EDGE_CURVE('',#5419,#5430,#5442,.T.);
#5444=ORIENTED_EDGE('',*,*,#5443,.F.);
#5445=EDGE_LOOP('',(#5425,#5426,#5427,#5428,#5437,#5444));
#5446=FACE_BOUND('',#5445,.T.);
#5447=ADVANCED_FACE('',(#5446),#5417,.F.);
#5448=CARTESIAN_POINT('',(-184.198,16.160187636,4.750497717));
#5449=DIRECTION('',(-1.,0.,0.));
#5450=DIRECTION('',(0.,-1.,0.));
#5451=AXIS2_PLACEMENT_3D('',#5448,#5449,#5450);
#5452=CYLINDRICAL_SURFACE('',#5451,1.5);
#5453=CARTESIAN_POINT('',(-172.7,14.660187636,4.750497717));
#5454=VERTEX_POINT('',#5453);
#5455=CARTESIAN_POINT('',(-184.2,14.660187636,4.750497717));
#5456=DIRECTION('',(1.,-0.,-0.));
#5457=VECTOR('',#5456,11.5);
#5458=LINE('',#5455,#5457);
#5459=EDGE_CURVE('',#334,#5454,#5458,.T.);
#5460=ORIENTED_EDGE('',*,*,#5459,.F.);
#5461=ORIENTED_EDGE('',*,*,#342,.T.);
#5462=ORIENTED_EDGE('',*,*,#349,.T.);
#5463=ORIENTED_EDGE('',*,*,#5459,.T.);
#5464=CARTESIAN_POINT('',(-172.7,16.160187636,6.250497717));
#5465=VERTEX_POINT('',#5464);
#5466=CARTESIAN_POINT('',(-172.7,16.160187636,4.750497717));
#5467=DIRECTION('',(-1.,0.,0.));
#5468=DIRECTION('',(0.,0.,1.));
#5469=AXIS2_PLACEMENT_3D('',#5466,#5467,#5468);
#5470=CIRCLE('',#5469,1.5);
#5471=EDGE_CURVE('',#5465,#5454,#5470,.T.);
#5472=ORIENTED_EDGE('',*,*,#5471,.F.);
#5473=CARTESIAN_POINT('',(-172.7,16.160187636,4.750497717));
#5474=DIRECTION('',(-1.,0.,0.));
#5475=DIRECTION('',(0.,0.,1.));
#5476=AXIS2_PLACEMENT_3D('',#5473,#5474,#5475);
#5477=CIRCLE('',#5476,1.5);
#5478=EDGE_CURVE('',#5454,#5465,#5477,.T.);
#5479=ORIENTED_EDGE('',*,*,#5478,.F.);
#5480=EDGE_LOOP('',(#5460,#5461,#5462,#5463,#5472,#5479));
#5481=FACE_BOUND('',#5480,.T.);
#5482=ADVANCED_FACE('',(#5481),#5452,.F.);
#5483=CARTESIAN_POINT('',(-172.7,51.014974982,109.));
#5484=DIRECTION('',(-1.,0.,0.));
#5485=DIRECTION('',(0.,0.,1.));
#5486=AXIS2_PLACEMENT_3D('',#5483,#5484,#5485);
#5487=PLANE('',#5486);
#5488=ORIENTED_EDGE('',*,*,#5471,.T.);
#5489=ORIENTED_EDGE('',*,*,#5478,.T.);
#5490=EDGE_LOOP('',(#5488,#5489));
#5491=FACE_BOUND('',#5490,.T.);
#5492=ADVANCED_FACE('',(#5491),#5487,.T.);
#5493=CARTESIAN_POINT('',(-172.7,51.014974982,109.));
#5494=DIRECTION('',(-1.,0.,0.));
#5495=DIRECTION('',(0.,0.,1.));
#5496=AXIS2_PLACEMENT_3D('',#5493,#5494,#5495);
#5497=PLANE('',#5496);
#5498=ORIENTED_EDGE('',*,*,#5436,.T.);
#5499=ORIENTED_EDGE('',*,*,#5443,.T.);
#5500=EDGE_LOOP('',(#5498,#5499));
#5501=FACE_BOUND('',#5500,.T.);
#5502=ADVANCED_FACE('',(#5501),#5497,.T.);
#5503=CARTESIAN_POINT('',(-150.,46.264974982,39.092));
#5504=DIRECTION('',(1.,0.,0.));
#5505=DIRECTION('',(0.,0.,1.));
#5506=AXIS2_PLACEMENT_3D('',#5503,#5504,#5505);
#5507=PLANE('',#5506);
#5508=CARTESIAN_POINT('',(-150.,50.014974982,7.383748204));
#5509=VERTEX_POINT('',#5508);
#5510=CARTESIAN_POINT('',(-150.,50.014974982,15.45));
#5511=VERTEX_POINT('',#5510);
#5512=CARTESIAN_POINT('',(-150.,50.014974982,7.383748204));
#5513=DIRECTION('',(0.,0.,1.));
#5514=VECTOR('',#5513,8.066251796);
#5515=LINE('',#5512,#5514);
#5516=EDGE_CURVE('',#5509,#5511,#5515,.T.);
#5517=ORIENTED_EDGE('',*,*,#5516,.T.);
#5518=CARTESIAN_POINT('',(-150.,-40.985025018,15.45));
#5519=VERTEX_POINT('',#5518);
#5520=CARTESIAN_POINT('',(-150.,50.014974982,15.45));
#5521=DIRECTION('',(0.,-1.,0.));
#5522=VECTOR('',#5521,91.);
#5523=LINE('',#5520,#5522);
#5524=EDGE_CURVE('',#5511,#5519,#5523,.T.);
#5525=ORIENTED_EDGE('',*,*,#5524,.T.);
#5526=CARTESIAN_POINT('',(-150.,-40.985025018,7.96136035));
#5527=VERTEX_POINT('',#5526);
#5528=CARTESIAN_POINT('',(-150.,-40.985025018,15.45));
#5529=DIRECTION('',(-0.,-0.,-1.));
#5530=VECTOR('',#5529,7.48863965);
#5531=LINE('',#5528,#5530);
#5532=EDGE_CURVE('',#5519,#5527,#5531,.T.);
#5533=ORIENTED_EDGE('',*,*,#5532,.T.);
#5534=CARTESIAN_POINT('',(-150.,-40.985025018,7.96136035));
#5535=DIRECTION('',(0.,0.999979856,-0.006347258));
#5536=VECTOR('',#5535,91.001833145);
#5537=LINE('',#5534,#5536);
#5538=EDGE_CURVE('',#5527,#5509,#5537,.T.);
#5539=ORIENTED_EDGE('',*,*,#5538,.T.);
#5540=EDGE_LOOP('',(#5517,#5525,#5533,#5539));
#5541=FACE_BOUND('',#5540,.T.);
#5542=ADVANCED_FACE('',(#5541),#5507,.T.);
#5543=CARTESIAN_POINT('',(-150.,46.058611406,6.580416954));
#5544=DIRECTION('',(0.707106781,-0.004488189,-0.707092537));
#5545=DIRECTION('',(0.,-0.999979856,0.006347258));
#5546=AXIS2_PLACEMENT_3D('',#5543,#5544,#5545);
#5547=PLANE('',#5546);
#5548=CARTESIAN_POINT('',(-153.014213534,-40.985035075,4.11864229));
#5549=VERTEX_POINT('',#5548);
#5550=CARTESIAN_POINT('',(-153.014213554,50.014985059,3.541030051));
#5551=VERTEX_POINT('',#5550);
#5552=CARTESIAN_POINT('',(-153.014213534,-40.985035075,4.118642291));
#5553=DIRECTION('',(-0.,0.999979856,-0.006347258));
#5554=VECTOR('',#5553,91.001853279);
#5555=LINE('',#5552,#5554);
#5556=EDGE_CURVE('',#5549,#5551,#5555,.T.);
#5557=ORIENTED_EDGE('',*,*,#5556,.T.);
#5558=CARTESIAN_POINT('',(-150.585786439,50.014985059,5.969506085));
#5559=VERTEX_POINT('',#5558);
#5560=CARTESIAN_POINT('',(-153.014213554,50.014985054,3.541030051));
#5561=DIRECTION('',(0.707099659,-0.,0.707113903));
#5562=VECTOR('',#5561,3.434349152);
#5563=LINE('',#5560,#5562);
#5564=EDGE_CURVE('',#5551,#5559,#5563,.T.);
#5565=ORIENTED_EDGE('',*,*,#5564,.T.);
#5566=CARTESIAN_POINT('',(-150.585786424,-40.985035077,6.54711833));
#5567=VERTEX_POINT('',#5566);
#5568=CARTESIAN_POINT('',(-150.585786439,50.014985059,5.969506085));
#5569=DIRECTION('',(0.,-0.999979856,0.006347258));
#5570=VECTOR('',#5569,91.001853281);
#5571=LINE('',#5568,#5570);
#5572=EDGE_CURVE('',#5559,#5567,#5571,.T.);
#5573=ORIENTED_EDGE('',*,*,#5572,.T.);
#5574=CARTESIAN_POINT('',(-150.585786419,-40.98503509,6.547118325));
#5575=DIRECTION('',(-0.707099659,0.,-0.707113903));
#5576=VECTOR('',#5575,3.434349153);
#5577=LINE('',#5574,#5576);
#5578=EDGE_CURVE('',#5567,#5549,#5577,.T.);
#5579=ORIENTED_EDGE('',*,*,#5578,.T.);
#5580=EDGE_LOOP('',(#5557,#5565,#5573,#5579));
#5581=FACE_BOUND('',#5580,.T.);
#5582=ADVANCED_FACE('',(#5581),#5547,.T.);
#5583=CARTESIAN_POINT('',(-151.6,46.030503034,2.152079035));
#5584=DIRECTION('',(0.,-0.999979856,0.006347258));
#5585=DIRECTION('',(0.,-0.006347258,-0.999979856));
#5586=AXIS2_PLACEMENT_3D('',#5583,#5584,#5585);
#5587=CYLINDRICAL_SURFACE('',#5586,2.);
#5588=ORIENTED_EDGE('',*,*,#2220,.F.);
#5589=CARTESIAN_POINT('',(-153.6,50.014974982,2.126788053));
#5590=CARTESIAN_POINT('',(-153.6,50.014974982,2.258935885));
#5591=CARTESIAN_POINT('',(-153.587032936,50.015409554,2.388672861));
#5592=CARTESIAN_POINT('',(-153.561739912,50.015770029,2.516119142));
#5593=CARTESIAN_POINT('',(-153.536446888,50.016130503,2.643565423));
#5594=CARTESIAN_POINT('',(-153.498455996,50.016413563,2.769591908));
#5595=CARTESIAN_POINT('',(-153.448143658,50.016414435,2.891232032));
#5596=CARTESIAN_POINT('',(-153.397831319,50.016415308,3.012872155));
#5597=CARTESIAN_POINT('',(-153.336340506,50.016137482,3.127868867));
#5598=CARTESIAN_POINT('',(-153.263970675,50.01577851,3.236400544));
#5599=CARTESIAN_POINT('',(-153.191600844,50.015419538,3.34493222));
#5600=CARTESIAN_POINT('',(-153.107654983,50.014983724,3.447586747));
#5601=CARTESIAN_POINT('',(-153.014213559,50.014985055,3.541030044));
#5602=B_SPLINE_CURVE_WITH_KNOTS('',3,(#5589,#5590,#5591,#5592,#5593,#5594,#5595,#5596,#5597,#5598,#5599,#5600,#5601),.UNSPECIFIED.,.F.,.F.,(4,3,3,3,4),(0.,0.000389768,0.000779536,0.001169305,0.001559073),.UNSPECIFIED.);
#5603=EDGE_CURVE('',#2207,#5551,#5602,.T.);
#5604=ORIENTED_EDGE('',*,*,#5603,.T.);
#5605=ORIENTED_EDGE('',*,*,#5556,.F.);
#5606=CARTESIAN_POINT('',(-153.014213544,-40.985035064,4.118642301));
#5607=CARTESIAN_POINT('',(-153.10765912,-40.985033735,4.025194837));
#5608=CARTESIAN_POINT('',(-153.190226636,-40.985464469,3.924288055));
#5609=CARTESIAN_POINT('',(-153.262455951,-40.985821407,3.816291016));
#5610=CARTESIAN_POINT('',(-153.334685266,-40.986178344,3.708293978));
#5611=CARTESIAN_POINT('',(-153.396919151,-40.98645816,3.592354618));
#5612=CARTESIAN_POINT('',(-153.447364798,-40.986457199,3.470742712));
#5613=CARTESIAN_POINT('',(-153.497810445,-40.986456238,3.349130806));
#5614=CARTESIAN_POINT('',(-153.535643026,-40.986177878,3.224322854));
#5615=CARTESIAN_POINT('',(-153.561209146,-40.985819001,3.096406324));
#5616=CARTESIAN_POINT('',(-153.586775267,-40.985460124,2.968489793));
#5617=CARTESIAN_POINT('',(-153.599999998,-40.985025016,2.836553244));
#5618=CARTESIAN_POINT('',(-153.6,-40.985025018,2.704400195));
#5619=B_SPLINE_CURVE_WITH_KNOTS('',3,(#5606,#5607,#5608,#5609,#5610,#5611,#5612,#5613,#5614,#5615,#5616,#5617,#5618),.UNSPECIFIED.,.F.,.F.,(4,3,3,3,4),(0.,0.000389749,0.000779498,0.001169247,0.001558996),.UNSPECIFIED.);
#5620=EDGE_CURVE('',#5549,#2215,#5619,.T.);
#5621=ORIENTED_EDGE('',*,*,#5620,.T.);
#5622=EDGE_LOOP('',(#5588,#5604,#5605,#5621));
#5623=FACE_BOUND('',#5622,.T.);
#5624=ADVANCED_FACE('',(#5623),#5587,.F.);
#5625=CARTESIAN_POINT('',(-152.,46.063869647,7.40882739));
#5626=DIRECTION('',(0.,0.999979856,-0.006347258));
#5627=DIRECTION('',(0.,0.006347258,0.999979856));
#5628=AXIS2_PLACEMENT_3D('',#5625,#5626,#5627);
#5629=CYLINDRICAL_SURFACE('',#5628,2.);
#5630=ORIENTED_EDGE('',*,*,#5572,.F.);
#5631=CARTESIAN_POINT('',(-150.585786438,50.014985054,5.969506084));
#5632=CARTESIAN_POINT('',(-150.492433789,50.014983725,6.062860623));
#5633=CARTESIAN_POINT('',(-150.409818431,50.014315179,6.163786729));
#5634=CARTESIAN_POINT('',(-150.337481441,50.013770366,6.271963671));
#5635=CARTESIAN_POINT('',(-150.265144451,50.013225554,6.380140614));
#5636=CARTESIAN_POINT('',(-150.20258969,50.012805363,6.496899719));
#5637=CARTESIAN_POINT('',(-150.152408591,50.012807878,6.617975032));
#5638=CARTESIAN_POINT('',(-150.102227492,50.012810394,6.739050346));
#5639=CARTESIAN_POINT('',(-150.064413593,50.013225819,6.863609384));
#5640=CARTESIAN_POINT('',(-150.03881952,50.013767888,6.991611347));
#5641=CARTESIAN_POINT('',(-150.013225448,50.014309958,7.11961331));
#5642=CARTESIAN_POINT('',(-149.999999999,50.014974981,7.251727738));
#5643=CARTESIAN_POINT('',(-150.,50.014974982,7.383748208));
#5644=B_SPLINE_CURVE_WITH_KNOTS('',3,(#5631,#5632,#5633,#5634,#5635,#5636,#5637,#5638,#5639,#5640,#5641,#5642,#5643),.UNSPECIFIED.,.F.,.F.,(4,3,3,3,4),(0.,0.000390284,0.000780568,0.001170853,0.001561137),.UNSPECIFIED.);
#5645=EDGE_CURVE('',#5559,#5509,#5644,.T.);
#5646=ORIENTED_EDGE('',*,*,#5645,.T.);
#5647=ORIENTED_EDGE('',*,*,#5538,.F.);
#5648=CARTESIAN_POINT('',(-150.,-40.985025018,7.96136035));
#5649=CARTESIAN_POINT('',(-149.999999998,-40.985025016,7.829334144));
#5650=CARTESIAN_POINT('',(-150.012943702,-40.984356472,7.699551752));
#5651=CARTESIAN_POINT('',(-150.038280176,-40.983812157,7.571915275));
#5652=CARTESIAN_POINT('',(-150.063616649,-40.983267842,7.444278799));
#5653=CARTESIAN_POINT('',(-150.101931572,-40.982848551,7.317502783));
#5654=CARTESIAN_POINT('',(-150.15206572,-40.982852902,7.196387396));
#5655=CARTESIAN_POINT('',(-150.202199868,-40.982857253,7.075272009));
#5656=CARTESIAN_POINT('',(-150.263542737,-40.983275516,6.960452088));
#5657=CARTESIAN_POINT('',(-150.335954014,-40.983820525,6.851848026));
#5658=CARTESIAN_POINT('',(-150.408365291,-40.984365534,6.743243963));
#5659=CARTESIAN_POINT('',(-150.492431567,-40.985033736,6.640475071));
#5660=CARTESIAN_POINT('',(-150.585786419,-40.985035064,6.547118344));
#5661=B_SPLINE_CURVE_WITH_KNOTS('',3,(#5648,#5649,#5650,#5651,#5652,#5653,#5654,#5655,#5656,#5657,#5658,#5659,#5660),.UNSPECIFIED.,.F.,.F.,(4,3,3,3,4),(0.,0.000390267,0.000780534,0.001170801,0.001561068),.UNSPECIFIED.);
#5662=EDGE_CURVE('',#5527,#5567,#5661,.T.);
#5663=ORIENTED_EDGE('',*,*,#5662,.T.);
#5664=EDGE_LOOP('',(#5630,#5646,#5647,#5663));
#5665=FACE_BOUND('',#5664,.T.);
#5666=ADVANCED_FACE('',(#5665),#5629,.T.);
#5667=CARTESIAN_POINT('',(-154.6,-41.985025018,52.092));
#5668=DIRECTION('',(0.707106781,-0.707106781,0.));
#5669=DIRECTION('',(0.,0.,-1.));
#5670=AXIS2_PLACEMENT_3D('',#5667,#5668,#5669);
#5671=PLANE('',#5670);
#5672=ORIENTED_EDGE('',*,*,#2080,.F.);
#5673=ORIENTED_EDGE('',*,*,#2226,.F.);
#5674=CARTESIAN_POINT('',(-154.6,-41.985025018,2.704400204));
#5675=DIRECTION('',(0.707106781,0.707106781,0.));
#5676=VECTOR('',#5675,1.414213562);
#5677=LINE('',#5674,#5676);
#5678=EDGE_CURVE('',#1488,#2215,#5677,.T.);
#5679=ORIENTED_EDGE('',*,*,#5678,.F.);
#5680=ORIENTED_EDGE('',*,*,#1493,.F.);
#5681=EDGE_LOOP('',(#5672,#5673,#5679,#5680));
#5682=FACE_BOUND('',#5681,.T.);
#5683=ADVANCED_FACE('',(#5682),#5671,.T.);
#5684=CARTESIAN_POINT('',(-154.6,-41.985025018,2.704400204));
#5685=CARTESIAN_POINT('',(-154.601668805,-41.985025018,3.493158474));
#5686=CARTESIAN_POINT('',(-154.281467504,-41.985025018,4.270271407));
#5687=CARTESIAN_POINT('',(-153.724501127,-41.985025018,4.828915575));
#5688=CARTESIAN_POINT('',(-153.6,-40.985025018,2.704400204));
#5689=CARTESIAN_POINT('',(-153.6,-40.985025018,3.230258525));
#5690=CARTESIAN_POINT('',(-153.385491733,-40.985029801,3.747356635));
#5691=CARTESIAN_POINT('',(-153.014213562,-40.98503509,4.118642319));
#5692=B_SPLINE_SURFACE_WITH_KNOTS('',1,3,((#5684,#5685,#5686,#5687),(#5688,#5689,#5690,#5691)),.UNSPECIFIED.,.F.,.F.,.U.,(2,2),(4,4),(0.,1.),(0.083339083,0.915072501),.UNSPECIFIED.);
#5693=ORIENTED_EDGE('',*,*,#5678,.T.);
#5694=ORIENTED_EDGE('',*,*,#5620,.F.);
#5695=CARTESIAN_POINT('',(-153.724501121,-41.985025021,4.828915569));
#5696=DIRECTION('',(0.501125838,0.705518182,-0.501115744));
#5697=VECTOR('',#5696,1.417383674);
#5698=LINE('',#5695,#5697);
#5699=EDGE_CURVE('',#1496,#5549,#5698,.T.);
#5700=ORIENTED_EDGE('',*,*,#5699,.F.);
#5701=ORIENTED_EDGE('',*,*,#1514,.F.);
#5702=EDGE_LOOP('',(#5693,#5694,#5700,#5701));
#5703=FACE_BOUND('',#5702,.T.);
#5704=ADVANCED_FACE('',(#5703),#5692,.T.);
#5705=CARTESIAN_POINT('',(-137.65555601,-41.985025018,20.898184392));
#5706=DIRECTION('',(0.498881716,-0.708691819,-0.498871666));
#5707=DIRECTION('',(-0.707099659,-0.,-0.707113903));
#5708=AXIS2_PLACEMENT_3D('',#5705,#5706,#5707);
#5709=PLANE('',#5708);
#5710=ORIENTED_EDGE('',*,*,#5699,.T.);
#5711=ORIENTED_EDGE('',*,*,#5578,.F.);
#5712=CARTESIAN_POINT('',(-151.296073999,-41.985025023,7.257391616));
#5713=DIRECTION('',(0.501125838,0.705518182,-0.501115744));
#5714=VECTOR('',#5713,1.417383672);
#5715=LINE('',#5712,#5714);
#5716=EDGE_CURVE('',#1517,#5567,#5715,.T.);
#5717=ORIENTED_EDGE('',*,*,#5716,.F.);
#5718=ORIENTED_EDGE('',*,*,#1522,.F.);
#5719=EDGE_LOOP('',(#5710,#5711,#5717,#5718));
#5720=FACE_BOUND('',#5719,.T.);
#5721=ADVANCED_FACE('',(#5720),#5709,.T.);
#5722=CARTESIAN_POINT('',(-151.296074002,-41.985025018,7.25739162));
#5723=CARTESIAN_POINT('',(-151.11086164,-41.985025018,7.440945144));
#5724=CARTESIAN_POINT('',(-151.001655872,-41.985025018,7.700464836));
#5725=CARTESIAN_POINT('',(-151.,-41.985025018,7.96136035));
#5726=CARTESIAN_POINT('',(-150.585786438,-40.98503509,6.547118363));
#5727=CARTESIAN_POINT('',(-150.215258297,-40.985029812,6.917653935));
#5728=CARTESIAN_POINT('',(-150.,-40.985025018,7.43963159));
#5729=CARTESIAN_POINT('',(-150.,-40.985025018,7.96136035));
#5730=CARTESIAN_POINT('',(-150.584240218,-40.982858219,6.545572174));
#5731=CARTESIAN_POINT('',(-150.213308665,-40.98285293,6.916514786));
#5732=CARTESIAN_POINT('',(-149.997819503,-40.982848125,7.439063784));
#5733=CARTESIAN_POINT('',(-149.997823107,-40.982848125,7.96136035));
#5734=B_SPLINE_SURFACE_WITH_KNOTS('',1,3,((#5722,#5723,#5724,#5725),(#5726,#5727,#5728,#5729),(#5730,#5731,#5732,#5733)),.UNSPECIFIED.,.F.,.F.,.U.,(2,1,2),(4,4),(0.,1.,1.002176893),(0.083687139,0.916300164),.UNSPECIFIED.);
#5735=ORIENTED_EDGE('',*,*,#5716,.T.);
#5736=ORIENTED_EDGE('',*,*,#5662,.F.);
#5737=CARTESIAN_POINT('',(-151.,-41.985025018,7.96136035));
#5738=DIRECTION('',(0.707106781,0.707106781,-0.));
#5739=VECTOR('',#5738,1.414213562);
#5740=LINE('',#5737,#5739);
#5741=EDGE_CURVE('',#1525,#5527,#5740,.T.);
#5742=ORIENTED_EDGE('',*,*,#5741,.F.);
#5743=ORIENTED_EDGE('',*,*,#1534,.F.);
#5744=EDGE_LOOP('',(#5735,#5736,#5742,#5743));
#5745=FACE_BOUND('',#5744,.T.);
#5746=ADVANCED_FACE('',(#5745),#5734,.T.);
#5747=CARTESIAN_POINT('',(-150.,-40.985025018,39.092));
#5748=DIRECTION('',(0.707106781,-0.707106781,0.));
#5749=DIRECTION('',(0.,0.,1.));
#5750=AXIS2_PLACEMENT_3D('',#5747,#5748,#5749);
#5751=PLANE('',#5750);
#5752=ORIENTED_EDGE('',*,*,#5532,.F.);
#5753=CARTESIAN_POINT('',(-150.,-40.985025018,15.45));
#5754=DIRECTION('',(-0.577350269,-0.577350269,0.577350269));
#5755=VECTOR('',#5754,1.732050808);
#5756=LINE('',#5753,#5755);
#5757=EDGE_CURVE('',#5519,#1537,#5756,.T.);
#5758=ORIENTED_EDGE('',*,*,#5757,.T.);
#5759=ORIENTED_EDGE('',*,*,#1542,.F.);
#5760=ORIENTED_EDGE('',*,*,#5741,.T.);
#5761=EDGE_LOOP('',(#5752,#5758,#5759,#5760));
#5762=FACE_BOUND('',#5761,.T.);
#5763=ADVANCED_FACE('',(#5762),#5751,.T.);
#5764=CARTESIAN_POINT('',(-150.,50.014974982,39.092));
#5765=DIRECTION('',(-0.707106781,-0.707106781,0.));
#5766=DIRECTION('',(0.,0.,1.));
#5767=AXIS2_PLACEMENT_3D('',#5764,#5765,#5766);
#5768=PLANE('',#5767);
#5769=ORIENTED_EDGE('',*,*,#2360,.F.);
#5770=CARTESIAN_POINT('',(-151.,51.014974982,16.45));
#5771=DIRECTION('',(0.577350269,-0.577350269,-0.577350269));
#5772=VECTOR('',#5771,1.732050808);
#5773=LINE('',#5770,#5772);
#5774=EDGE_CURVE('',#2285,#5511,#5773,.T.);
#5775=ORIENTED_EDGE('',*,*,#5774,.T.);
#5776=ORIENTED_EDGE('',*,*,#5516,.F.);
#5777=CARTESIAN_POINT('',(-151.,51.014974982,7.383748199));
#5778=DIRECTION('',(0.707106781,-0.707106781,-0.));
#5779=VECTOR('',#5778,1.414213562);
#5780=LINE('',#5777,#5779);
#5781=EDGE_CURVE('',#2355,#5509,#5780,.T.);
#5782=ORIENTED_EDGE('',*,*,#5781,.F.);
#5783=EDGE_LOOP('',(#5769,#5775,#5776,#5782));
#5784=FACE_BOUND('',#5783,.T.);
#5785=ADVANCED_FACE('',(#5784),#5768,.F.);
#5786=CARTESIAN_POINT('',(-151.,51.014974982,7.383748199));
#5787=CARTESIAN_POINT('',(-150.998337061,51.014974982,7.121738936));
#5788=CARTESIAN_POINT('',(-151.105207909,51.014974982,6.859610979));
#5789=CARTESIAN_POINT('',(-151.28972668,51.014974982,6.673432146));
#5790=CARTESIAN_POINT('',(-150.,50.014974982,7.383748199));
#5791=CARTESIAN_POINT('',(-150.,50.014974982,6.859718356));
#5792=CARTESIAN_POINT('',(-150.216861046,50.014979799,6.33843894));
#5793=CARTESIAN_POINT('',(-150.585786438,50.014985054,5.969506084));
#5794=CARTESIAN_POINT('',(-149.997828102,50.012803084,7.383748199));
#5795=CARTESIAN_POINT('',(-149.997831714,50.012803084,6.859149274));
#5796=CARTESIAN_POINT('',(-150.214931647,50.012807912,6.337307008));
#5797=CARTESIAN_POINT('',(-150.584257552,50.012813178,5.967977228));
#5798=B_SPLINE_SURFACE_WITH_KNOTS('',1,3,((#5786,#5787,#5788,#5789),(#5790,#5791,#5792,#5793),(#5794,#5795,#5796,#5797)),.UNSPECIFIED.,.F.,.F.,.U.,(2,1,2),(4,4),(0.,1.,1.002171898),(0.082960628,0.912288807),.UNSPECIFIED.);
#5799=ORIENTED_EDGE('',*,*,#5781,.T.);
#5800=ORIENTED_EDGE('',*,*,#5645,.F.);
#5801=CARTESIAN_POINT('',(-151.289726675,51.014974984,6.673432141));
#5802=DIRECTION('',(0.498881715,-0.70869182,-0.498871666));
#5803=VECTOR('',#5802,1.411036356);
#5804=LINE('',#5801,#5803);
#5805=EDGE_CURVE('',#2363,#5559,#5804,.T.);
#5806=ORIENTED_EDGE('',*,*,#5805,.F.);
#5807=ORIENTED_EDGE('',*,*,#2372,.F.);
#5808=EDGE_LOOP('',(#5799,#5800,#5806,#5807));
#5809=FACE_BOUND('',#5808,.T.);
#5810=ADVANCED_FACE('',(#5809),#5798,.T.);
#5811=CARTESIAN_POINT('',(-129.86040255,51.014974982,28.103187958));
#5812=DIRECTION('',(-0.501125839,-0.705518182,0.501115744));
#5813=DIRECTION('',(-0.707099659,0.,-0.707113903));
#5814=AXIS2_PLACEMENT_3D('',#5811,#5812,#5813);
#5815=PLANE('',#5814);
#5816=ORIENTED_EDGE('',*,*,#5805,.T.);
#5817=ORIENTED_EDGE('',*,*,#5564,.F.);
#5818=CARTESIAN_POINT('',(-153.718153801,51.014974987,4.244956099));
#5819=DIRECTION('',(0.498881715,-0.70869182,-0.498871666));
#5820=VECTOR('',#5819,1.41103636);
#5821=LINE('',#5818,#5820);
#5822=EDGE_CURVE('',#2375,#5551,#5821,.T.);
#5823=ORIENTED_EDGE('',*,*,#5822,.F.);
#5824=ORIENTED_EDGE('',*,*,#2380,.F.);
#5825=EDGE_LOOP('',(#5816,#5817,#5823,#5824));
#5826=FACE_BOUND('',#5825,.T.);
#5827=ADVANCED_FACE('',(#5826),#5815,.F.);
#5828=CARTESIAN_POINT('',(-153.718153804,51.014974982,4.244956102));
#5829=CARTESIAN_POINT('',(-154.275822531,51.014974982,3.68894481));
#5830=CARTESIAN_POINT('',(-154.598333682,51.014974982,2.914369832));
#5831=CARTESIAN_POINT('',(-154.6,51.014974982,2.126788053));
#5832=CARTESIAN_POINT('',(-153.014213562,50.014985054,3.54103004));
#5833=CARTESIAN_POINT('',(-153.386027848,50.014979758,3.169208297));
#5834=CARTESIAN_POINT('',(-153.6,50.014974982,2.651837387));
#5835=CARTESIAN_POINT('',(-153.6,50.014974982,2.126788053));
#5836=B_SPLINE_SURFACE_WITH_KNOTS('',1,3,((#5828,#5829,#5830,#5831),(#5832,#5833,#5834,#5835)),.UNSPECIFIED.,.F.,.F.,.U.,(2,2),(4,4),(0.,1.),(0.083581128,0.916415359),.UNSPECIFIED.);
#5837=ORIENTED_EDGE('',*,*,#5822,.T.);
#5838=ORIENTED_EDGE('',*,*,#5603,.F.);
#5839=CARTESIAN_POINT('',(-154.6,51.014974982,2.126788053));
#5840=DIRECTION('',(0.707106781,-0.707106781,-0.));
#5841=VECTOR('',#5840,1.414213562);
#5842=LINE('',#5839,#5841);
#5843=EDGE_CURVE('',#2383,#2207,#5842,.T.);
#5844=ORIENTED_EDGE('',*,*,#5843,.F.);
#5845=ORIENTED_EDGE('',*,*,#2401,.F.);
#5846=EDGE_LOOP('',(#5837,#5838,#5844,#5845));
#5847=FACE_BOUND('',#5846,.T.);
#5848=ADVANCED_FACE('',(#5847),#5836,.T.);
#5849=CARTESIAN_POINT('',(-153.6,50.014974982,-2.));
#5850=DIRECTION('',(-0.707106781,-0.707106781,0.));
#5851=DIRECTION('',(0.,0.,1.));
#5852=AXIS2_PLACEMENT_3D('',#5849,#5850,#5851);
#5853=PLANE('',#5852);
#5854=ORIENTED_EDGE('',*,*,#2157,.F.);
#5855=ORIENTED_EDGE('',*,*,#2407,.F.);
#5856=ORIENTED_EDGE('',*,*,#5843,.T.);
#5857=ORIENTED_EDGE('',*,*,#2212,.F.);
#5858=EDGE_LOOP('',(#5854,#5855,#5856,#5857));
#5859=FACE_BOUND('',#5858,.T.);
#5860=ADVANCED_FACE('',(#5859),#5853,.F.);
#5861=CARTESIAN_POINT('',(-172.65,6.165664191,104.71013341));
#5862=DIRECTION('',(1.,0.,0.));
#5863=DIRECTION('',(-0.,1.,0.));
#5864=AXIS2_PLACEMENT_3D('',#5861,#5862,#5863);
#5865=CYLINDRICAL_SURFACE('',#5864,25.);
#5866=ORIENTED_EDGE('',*,*,#2568,.F.);
#5867=CARTESIAN_POINT('',(-153.,6.165664191,104.71013341));
#5868=DIRECTION('',(-1.,-0.,-0.));
#5869=DIRECTION('',(0.,0.,-1.));
#5870=AXIS2_PLACEMENT_3D('',#5867,#5868,#5869);
#5871=CIRCLE('',#5870,25.);
#5872=EDGE_CURVE('',#2555,#2489,#5871,.T.);
#5873=ORIENTED_EDGE('',*,*,#5872,.T.);
#5874=ORIENTED_EDGE('',*,*,#2494,.F.);
#5875=CARTESIAN_POINT('',(-181.2,6.165664191,104.71013341));
#5876=DIRECTION('',(1.,0.,0.));
#5877=DIRECTION('',(0.,0.,-1.));
#5878=AXIS2_PLACEMENT_3D('',#5875,#5876,#5877);
#5879=CIRCLE('',#5878,25.);
#5880=EDGE_CURVE('',#2487,#2563,#5879,.T.);
#5881=ORIENTED_EDGE('',*,*,#5880,.T.);
#5882=EDGE_LOOP('',(#5866,#5873,#5874,#5881));
#5883=FACE_BOUND('',#5882,.T.);
#5884=ADVANCED_FACE('',(#5883),#5865,.T.);
#5885=CARTESIAN_POINT('',(-165.6,-21.985025018,49.81398738));
#5886=DIRECTION('',(-1.,0.,0.));
#5887=DIRECTION('',(0.,0.,1.));
#5888=AXIS2_PLACEMENT_3D('',#5885,#5886,#5887);
#5889=CYLINDRICAL_SURFACE('',#5888,20.);
#5890=ORIENTED_EDGE('',*,*,#1453,.F.);
#5891=CARTESIAN_POINT('',(-153.,-21.985025018,49.81398738));
#5892=DIRECTION('',(-1.,0.,0.));
#5893=DIRECTION('',(0.,0.,1.));
#5894=AXIS2_PLACEMENT_3D('',#5891,#5892,#5893);
#5895=CIRCLE('',#5894,20.);
#5896=EDGE_CURVE('',#1440,#2547,#5895,.T.);
#5897=ORIENTED_EDGE('',*,*,#5896,.T.);
#5898=ORIENTED_EDGE('',*,*,#2552,.F.);
#5899=CARTESIAN_POINT('',(-181.2,-21.985025018,49.81398738));
#5900=DIRECTION('',(1.,-0.,-0.));
#5901=DIRECTION('',(0.,0.,1.));
#5902=AXIS2_PLACEMENT_3D('',#5899,#5900,#5901);
#5903=CIRCLE('',#5902,20.);
#5904=EDGE_CURVE('',#2545,#1448,#5903,.T.);
#5905=ORIENTED_EDGE('',*,*,#5904,.T.);
#5906=EDGE_LOOP('',(#5890,#5897,#5898,#5905));
#5907=FACE_BOUND('',#5906,.T.);
#5908=ADVANCED_FACE('',(#5907),#5889,.T.);
#5909=CARTESIAN_POINT('',(-180.992893219,50.307868201,67.092));
#5910=DIRECTION('',(0.707106781,-0.707106781,0.));
#5911=DIRECTION('',(0.,0.,1.));
#5912=AXIS2_PLACEMENT_3D('',#5909,#5910,#5911);
#5913=PLANE('',#5912);
#5914=ORIENTED_EDGE('',*,*,#2245,.F.);
#5915=ORIENTED_EDGE('',*,*,#228,.F.);
#5916=CARTESIAN_POINT('',(-180.285786437,51.014974981,52.431457505));
#5917=CARTESIAN_POINT('',(-181.590524292,49.710237129,52.431457504));
#5918=CARTESIAN_POINT('',(-182.895262146,48.405499278,52.431457504));
#5919=CARTESIAN_POINT('',(-184.2,47.100761426,52.431457503));
#5920=B_SPLINE_CURVE_WITH_KNOTS('',3,(#5916,#5917,#5918,#5919),.UNSPECIFIED.,.F.,.F.,(4,4),(0.,5.535533905),.UNSPECIFIED.);
#5921=EDGE_CURVE('',#2316,#214,#5920,.T.);
#5922=ORIENTED_EDGE('',*,*,#5921,.F.);
#5923=ORIENTED_EDGE('',*,*,#2321,.F.);
#5924=EDGE_LOOP('',(#5914,#5915,#5922,#5923));
#5925=FACE_BOUND('',#5924,.T.);
#5926=ADVANCED_FACE('',(#5925),#5913,.F.);
#5927=CARTESIAN_POINT('',(-180.992893219,91.014974982,52.431457505));
#5928=DIRECTION('',(-1.,0.,0.));
#5929=DIRECTION('',(0.,0.,1.));
#5930=AXIS2_PLACEMENT_3D('',#5927,#5928,#5929);
#5931=CONICAL_SURFACE('',#5930,40.707106781,44.999999949);
#5932=ORIENTED_EDGE('',*,*,#5921,.T.);
#5933=ORIENTED_EDGE('',*,*,#220,.F.);
#5934=CARTESIAN_POINT('',(-180.285786438,62.730703735,80.715728753));
#5935=DIRECTION('',(-0.707106781,-0.5,0.5));
#5936=VECTOR('',#5935,5.535533905);
#5937=LINE('',#5934,#5936);
#5938=EDGE_CURVE('',#2587,#206,#5937,.T.);
#5939=ORIENTED_EDGE('',*,*,#5938,.F.);
#5940=ORIENTED_EDGE('',*,*,#3556,.F.);
#5941=EDGE_LOOP('',(#5932,#5933,#5939,#5940));
#5942=FACE_BOUND('',#5941,.T.);
#5943=ADVANCED_FACE('',(#5942),#5931,.F.);
#5944=CARTESIAN_POINT('',(-180.992893219,70.514974982,89.5));
#5945=DIRECTION('',(0.707106781,-0.5,0.5));
#5946=DIRECTION('',(0.,0.707106781,0.707106781));
#5947=AXIS2_PLACEMENT_3D('',#5944,#5945,#5946);
#5948=PLANE('',#5947);
#5949=ORIENTED_EDGE('',*,*,#5938,.T.);
#5950=ORIENTED_EDGE('',*,*,#211,.F.);
#5951=ORIENTED_EDGE('',*,*,#1418,.F.);
#5952=ORIENTED_EDGE('',*,*,#2598,.F.);
#5953=EDGE_LOOP('',(#5949,#5950,#5951,#5952));
#5954=FACE_BOUND('',#5953,.T.);
#5955=ADVANCED_FACE('',(#5954),#5948,.F.);
#5956=CARTESIAN_POINT('',(-165.1,95.014974982,61.903219777));
#5957=DIRECTION('',(0.,1.,0.));
#5958=DIRECTION('',(0.,0.,1.));
#5959=AXIS2_PLACEMENT_3D('',#5956,#5957,#5958);
#5960=PLANE('',#5959);
#5961=CARTESIAN_POINT('',(-177.2,95.014974982,119.403524495));
#5962=VERTEX_POINT('',#5961);
#5963=CARTESIAN_POINT('',(-177.2,95.014974982,147.348528137));
#5964=VERTEX_POINT('',#5963);
#5965=CARTESIAN_POINT('',(-177.2,95.014974982,119.403524495));
#5966=DIRECTION('',(0.,0.,1.));
#5967=VECTOR('',#5966,27.945003642);
#5968=LINE('',#5965,#5967);
#5969=EDGE_CURVE('',#5962,#5964,#5968,.T.);
#5970=ORIENTED_EDGE('',*,*,#5969,.T.);
#5971=CARTESIAN_POINT('',(-154.,95.014974982,147.348528137));
#5972=VERTEX_POINT('',#5971);
#5973=CARTESIAN_POINT('',(-177.2,95.014974982,147.348528137));
#5974=DIRECTION('',(1.,0.,-0.));
#5975=VECTOR('',#5974,23.2);
#5976=LINE('',#5973,#5975);
#5977=EDGE_CURVE('',#5964,#5972,#5976,.T.);
#5978=ORIENTED_EDGE('',*,*,#5977,.T.);
#5979=CARTESIAN_POINT('',(-154.,95.014974982,112.809964689));
#5980=VERTEX_POINT('',#5979);
#5981=CARTESIAN_POINT('',(-154.,95.014974982,147.348528137));
#5982=DIRECTION('',(-0.,-0.,-1.));
#5983=VECTOR('',#5982,34.538563449);
#5984=LINE('',#5981,#5983);
#5985=EDGE_CURVE('',#5972,#5980,#5984,.T.);
#5986=ORIENTED_EDGE('',*,*,#5985,.T.);
#5987=CARTESIAN_POINT('',(-172.413655449,95.014974982,112.809964689));
#5988=VERTEX_POINT('',#5987);
#5989=CARTESIAN_POINT('',(-154.,95.014974982,112.809964689));
#5990=DIRECTION('',(-1.,-0.,0.));
#5991=VECTOR('',#5990,18.413655449);
#5992=LINE('',#5989,#5991);
#5993=EDGE_CURVE('',#5980,#5988,#5992,.T.);
#5994=ORIENTED_EDGE('',*,*,#5993,.T.);
#5995=CARTESIAN_POINT('',(-172.413655449,95.014974982,112.809964689));
#5996=DIRECTION('',(-0.587451262,0.,0.809259548));
#5997=VECTOR('',#5996,8.14764537);
#5998=LINE('',#5995,#5997);
#5999=EDGE_CURVE('',#5988,#5962,#5998,.T.);
#6000=ORIENTED_EDGE('',*,*,#5999,.T.);
#6001=EDGE_LOOP('',(#5970,#5978,#5986,#5994,#6000));
#6002=FACE_BOUND('',#6001,.T.);
#6003=ADVANCED_FACE('',(#6002),#5960,.T.);
#6004=CARTESIAN_POINT('',(-184.2,88.014974982,109.));
#6005=DIRECTION('',(0.707106781,-0.707106781,0.));
#6006=DIRECTION('',(0.,0.,-1.));
#6007=AXIS2_PLACEMENT_3D('',#6004,#6005,#6006);
#6008=PLANE('',#6007);
#6009=ORIENTED_EDGE('',*,*,#194,.F.);
#6010=CARTESIAN_POINT('',(-184.2,88.014974982,147.348528137));
#6011=DIRECTION('',(0.707106781,0.707106781,0.));
#6012=VECTOR('',#6011,9.899494937);
#6013=LINE('',#6010,#6012);
#6014=EDGE_CURVE('',#181,#5964,#6013,.T.);
#6015=ORIENTED_EDGE('',*,*,#6014,.T.);
#6016=ORIENTED_EDGE('',*,*,#5969,.F.);
#6017=CARTESIAN_POINT('',(-177.2,95.014974982,119.403524495));
#6018=DIRECTION('',(-0.456652489,-0.456652489,-0.763503116));
#6019=VECTOR('',#6018,15.166977891);
#6020=LINE('',#6017,#6019);
#6021=EDGE_CURVE('',#5962,#1397,#6020,.T.);
#6022=ORIENTED_EDGE('',*,*,#6021,.T.);
#6023=ORIENTED_EDGE('',*,*,#1403,.F.);
#6024=EDGE_LOOP('',(#6009,#6015,#6016,#6022,#6023));
#6025=FACE_BOUND('',#6024,.T.);
#6026=ADVANCED_FACE('',(#6025),#6008,.F.);
#6027=CARTESIAN_POINT('',(-157.55,91.873185821,107.557029757));
#6028=DIRECTION('',(0.,0.858210839,-0.513297337));
#6029=DIRECTION('',(1.,0.,0.));
#6030=AXIS2_PLACEMENT_3D('',#6027,#6028,#6029);
#6031=PLANE('',#6030);
#6032=CARTESIAN_POINT('',(-154.,95.014974982,112.809964689));
#6033=DIRECTION('',(0.456652489,-0.456652489,-0.763503116));
#6034=VECTOR('',#6033,7.287063309);
#6035=LINE('',#6032,#6034);
#6036=EDGE_CURVE('',#5980,#1365,#6035,.T.);
#6037=ORIENTED_EDGE('',*,*,#6036,.T.);
#6038=ORIENTED_EDGE('',*,*,#1386,.F.);
#6039=ORIENTED_EDGE('',*,*,#1308,.F.);
#6040=CARTESIAN_POINT('',(-177.379723836,90.048906595,104.506914176));
#6041=DIRECTION('',(0.456652489,0.456652489,0.763503116));
#6042=VECTOR('',#6041,10.874939921);
#6043=LINE('',#6040,#6042);
#6044=EDGE_CURVE('',#1293,#5988,#6043,.T.);
#6045=ORIENTED_EDGE('',*,*,#6044,.T.);
#6046=ORIENTED_EDGE('',*,*,#5993,.F.);
#6047=EDGE_LOOP('',(#6037,#6038,#6039,#6045,#6046));
#6048=FACE_BOUND('',#6047,.T.);
#6049=ADVANCED_FACE('',(#6048),#6031,.T.);
#6050=CARTESIAN_POINT('',(-173.599294648,95.243549345,115.140319651));
#6051=DIRECTION('',(-0.394441663,0.873172909,-0.286329958));
#6052=DIRECTION('',(-0.456652489,-0.456652489,-0.763503116));
#6053=AXIS2_PLACEMENT_3D('',#6050,#6051,#6052);
#6054=PLANE('',#6053);
#6055=ORIENTED_EDGE('',*,*,#6044,.F.);
#6056=ORIENTED_EDGE('',*,*,#1300,.T.);
#6057=ORIENTED_EDGE('',*,*,#1410,.F.);
#6058=ORIENTED_EDGE('',*,*,#6021,.F.);
#6059=ORIENTED_EDGE('',*,*,#5999,.F.);
#6060=EDGE_LOOP('',(#6055,#6056,#6057,#6058,#6059));
#6061=FACE_BOUND('',#6060,.T.);
#6062=ADVANCED_FACE('',(#6061),#6054,.T.);
#6063=CARTESIAN_POINT('',(-150.,91.014974982,39.092));
#6064=DIRECTION('',(-0.707106781,-0.707106781,0.));
#6065=DIRECTION('',(0.,0.,1.));
#6066=AXIS2_PLACEMENT_3D('',#6063,#6064,#6065);
#6067=PLANE('',#6066);
#6068=ORIENTED_EDGE('',*,*,#884,.F.);
#6069=ORIENTED_EDGE('',*,*,#1371,.T.);
#6070=ORIENTED_EDGE('',*,*,#6036,.F.);
#6071=ORIENTED_EDGE('',*,*,#5985,.F.);
#6072=CARTESIAN_POINT('',(-154.,95.014974982,147.348528137));
#6073=DIRECTION('',(0.707106781,-0.707106781,-0.));
#6074=VECTOR('',#6073,5.65685425);
#6075=LINE('',#6072,#6074);
#6076=EDGE_CURVE('',#5972,#879,#6075,.T.);
#6077=ORIENTED_EDGE('',*,*,#6076,.T.);
#6078=EDGE_LOOP('',(#6068,#6069,#6070,#6071,#6077));
#6079=FACE_BOUND('',#6078,.T.);
#6080=ADVANCED_FACE('',(#6079),#6067,.F.);
#6081=CARTESIAN_POINT('',(-184.5,88.314974982,146.924264069));
#6082=DIRECTION('',(-0.5,0.5,0.707106781));
#6083=DIRECTION('',(-0.707106781,-0.707106781,0.));
#6084=AXIS2_PLACEMENT_3D('',#6081,#6082,#6083);
#6085=PLANE('',#6084);
#6086=ORIENTED_EDGE('',*,*,#1221,.F.);
#6087=CARTESIAN_POINT('',(-176.515937957,93.363503119,149.));
#6088=DIRECTION('',(-0.281084638,0.678598345,-0.678598345));
#6089=VECTOR('',#6088,2.433651476);
#6090=LINE('',#6087,#6089);
#6091=EDGE_CURVE('',#1208,#5964,#6090,.T.);
#6092=ORIENTED_EDGE('',*,*,#6091,.T.);
#6093=ORIENTED_EDGE('',*,*,#6014,.F.);
#6094=ORIENTED_EDGE('',*,*,#1347,.F.);
#6095=EDGE_LOOP('',(#6086,#6092,#6093,#6094));
#6096=FACE_BOUND('',#6095,.T.);
#6097=ADVANCED_FACE('',(#6096),#6085,.T.);
#6098=CARTESIAN_POINT('',(-165.1,95.439239051,146.924264069));
#6099=DIRECTION('',(0.,-0.707106781,-0.707106781));
#6100=DIRECTION('',(1.,0.,0.));
#6101=AXIS2_PLACEMENT_3D('',#6098,#6099,#6100);
#6102=PLANE('',#6101);
#6103=ORIENTED_EDGE('',*,*,#1213,.F.);
#6104=CARTESIAN_POINT('',(-154.684062043,93.36350312,149.));
#6105=DIRECTION('',(0.281084638,0.678598345,-0.678598345));
#6106=VECTOR('',#6105,2.433651476);
#6107=LINE('',#6104,#6106);
#6108=EDGE_CURVE('',#1200,#5972,#6107,.T.);
#6109=ORIENTED_EDGE('',*,*,#6108,.T.);
#6110=ORIENTED_EDGE('',*,*,#5977,.F.);
#6111=ORIENTED_EDGE('',*,*,#6091,.F.);
#6112=EDGE_LOOP('',(#6103,#6109,#6110,#6111));
#6113=FACE_BOUND('',#6112,.T.);
#6114=ADVANCED_FACE('',(#6113),#6102,.F.);
#6115=CARTESIAN_POINT('',(-131.192766953,69.272208029,149.424264069));
#6116=DIRECTION('',(0.5,0.5,0.707106781));
#6117=DIRECTION('',(0.707106781,-0.707106781,0.));
#6118=AXIS2_PLACEMENT_3D('',#6115,#6116,#6117);
#6119=PLANE('',#6118);
#6120=ORIENTED_EDGE('',*,*,#892,.F.);
#6121=ORIENTED_EDGE('',*,*,#6076,.F.);
#6122=ORIENTED_EDGE('',*,*,#6108,.F.);
#6123=ORIENTED_EDGE('',*,*,#1205,.F.);
#6124=EDGE_LOOP('',(#6120,#6121,#6122,#6123));
#6125=FACE_BOUND('',#6124,.T.);
#6126=ADVANCED_FACE('',(#6125),#6119,.T.);
#6127=CARTESIAN_POINT('',(-130.2,-10.,50.));
#6128=DIRECTION('',(0.,0.,-1.));
#6129=DIRECTION('',(-1.,0.,0.));
#6130=AXIS2_PLACEMENT_3D('',#6127,#6128,#6129);
#6131=PLANE('',#6130);
#6132=CARTESIAN_POINT('',(-153.,-10.25936991,50.));
#6133=VERTEX_POINT('',#6132);
#6134=CARTESIAN_POINT('',(-181.199999999,-10.259369909,49.999999999));
#6135=VERTEX_POINT('',#6134);
#6136=CARTESIAN_POINT('',(-153.,-10.25936991,50.));
#6137=DIRECTION('',(-1.,0.,0.));
#6138=VECTOR('',#6137,28.199999999);
#6139=LINE('',#6136,#6138);
#6140=EDGE_CURVE('',#6133,#6135,#6139,.T.);
#6141=ORIENTED_EDGE('',*,*,#6140,.T.);
#6142=CARTESIAN_POINT('',(-181.2,-18.568901116,50.));
#6143=VERTEX_POINT('',#6142);
#6144=CARTESIAN_POINT('',(-181.2,-10.259369909,50.));
#6145=DIRECTION('',(-0.,-1.,-0.));
#6146=VECTOR('',#6145,8.309531207);
#6147=LINE('',#6144,#6146);
#6148=EDGE_CURVE('',#6135,#6143,#6147,.T.);
#6149=ORIENTED_EDGE('',*,*,#6148,.T.);
#6150=CARTESIAN_POINT('',(-153.,-18.568901116,50.));
#6151=VERTEX_POINT('',#6150);
#6152=CARTESIAN_POINT('',(-181.2,-18.568901116,50.));
#6153=DIRECTION('',(1.,-0.,-0.));
#6154=VECTOR('',#6153,28.2);
#6155=LINE('',#6152,#6154);
#6156=EDGE_CURVE('',#6143,#6151,#6155,.T.);
#6157=ORIENTED_EDGE('',*,*,#6156,.T.);
#6158=CARTESIAN_POINT('',(-153.,-18.568901116,50.));
#6159=DIRECTION('',(0.,1.,0.));
#6160=VECTOR('',#6159,8.309531206);
#6161=LINE('',#6158,#6160);
#6162=EDGE_CURVE('',#6151,#6133,#6161,.T.);
#6163=ORIENTED_EDGE('',*,*,#6162,.T.);
#6164=EDGE_LOOP('',(#6141,#6149,#6157,#6163));
#6165=FACE_BOUND('',#6164,.T.);
#6166=ADVANCED_FACE('',(#6165),#6131,.F.);
#6167=CARTESIAN_POINT('',(-130.2,-13.,75.));
#6168=DIRECTION('',(0.,-0.928476691,0.371390676));
#6169=DIRECTION('',(0.,-0.371390676,-0.928476691));
#6170=AXIS2_PLACEMENT_3D('',#6167,#6168,#6169);
#6171=PLANE('',#6170);
#6172=CARTESIAN_POINT('',(-153.00000001,-21.35433119,54.11417203));
#6173=VERTEX_POINT('',#6172);
#6174=CARTESIAN_POINT('',(-181.19999999,-21.35433119,54.11417203));
#6175=VERTEX_POINT('',#6174);
#6176=CARTESIAN_POINT('',(-153.00000001,-21.354331181,54.114172026));
#6177=DIRECTION('',(-1.,-0.,0.));
#6178=VECTOR('',#6177,28.19999998);
#6179=LINE('',#6176,#6178);
#6180=EDGE_CURVE('',#6173,#6175,#6179,.T.);
#6181=ORIENTED_EDGE('',*,*,#6180,.T.);
#6182=CARTESIAN_POINT('',(-181.2,-3.754331193,98.11417203));
#6183=VERTEX_POINT('',#6182);
#6184=CARTESIAN_POINT('',(-181.2,-21.354331181,54.114172026));
#6185=DIRECTION('',(-0.,0.371390676,0.928476691));
#6186=VECTOR('',#6185,47.389450302);
#6187=LINE('',#6184,#6186);
#6188=EDGE_CURVE('',#6175,#6183,#6187,.T.);
#6189=ORIENTED_EDGE('',*,*,#6188,.T.);
#6190=CARTESIAN_POINT('',(-153.000000001,-3.754331192,98.11417203));
#6191=VERTEX_POINT('',#6190);
#6192=CARTESIAN_POINT('',(-181.2,-3.754331197,98.114172033));
#6193=DIRECTION('',(1.,0.,-0.));
#6194=VECTOR('',#6193,28.199999999);
#6195=LINE('',#6192,#6194);
#6196=EDGE_CURVE('',#6183,#6191,#6195,.T.);
#6197=ORIENTED_EDGE('',*,*,#6196,.T.);
#6198=CARTESIAN_POINT('',(-153.,-3.754331197,98.114172032));
#6199=DIRECTION('',(0.,-0.371390676,-0.928476691));
#6200=VECTOR('',#6199,47.389450301);
#6201=LINE('',#6198,#6200);
#6202=EDGE_CURVE('',#6191,#6173,#6201,.T.);
#6203=ORIENTED_EDGE('',*,*,#6202,.T.);
#6204=EDGE_LOOP('',(#6181,#6189,#6197,#6203));
#6205=FACE_BOUND('',#6204,.T.);
#6206=ADVANCED_FACE('',(#6205),#6171,.F.);
#6207=CARTESIAN_POINT('',(-130.2,0.,100.));
#6208=DIRECTION('',(0.,0.,1.));
#6209=DIRECTION('',(1.,0.,0.));
#6210=AXIS2_PLACEMENT_3D('',#6207,#6208,#6209);
#6211=PLANE('',#6210);
#6212=CARTESIAN_POINT('',(-153.,-0.968901116,100.));
#6213=VERTEX_POINT('',#6212);
#6214=CARTESIAN_POINT('',(-181.2,-0.968901116,100.));
#6215=VERTEX_POINT('',#6214);
#6216=CARTESIAN_POINT('',(-153.,-0.968901116,100.));
#6217=DIRECTION('',(-1.,-0.,0.));
#6218=VECTOR('',#6217,28.2);
#6219=LINE('',#6216,#6218);
#6220=EDGE_CURVE('',#6213,#6215,#6219,.T.);
#6221=ORIENTED_EDGE('',*,*,#6220,.T.);
#6222=CARTESIAN_POINT('',(-181.2,2.,100.));
#6223=VERTEX_POINT('',#6222);
#6224=CARTESIAN_POINT('',(-181.2,-0.968901116,100.));
#6225=DIRECTION('',(0.,1.,0.));
#6226=VECTOR('',#6225,2.968901116);
#6227=LINE('',#6224,#6226);
#6228=EDGE_CURVE('',#6215,#6223,#6227,.T.);
#6229=ORIENTED_EDGE('',*,*,#6228,.T.);
#6230=CARTESIAN_POINT('',(-153.,2.,100.));
#6231=VERTEX_POINT('',#6230);
#6232=CARTESIAN_POINT('',(-181.2,2.,100.));
#6233=DIRECTION('',(1.,0.,-0.));
#6234=VECTOR('',#6233,28.2);
#6235=LINE('',#6232,#6234);
#6236=EDGE_CURVE('',#6223,#6231,#6235,.T.);
#6237=ORIENTED_EDGE('',*,*,#6236,.T.);
#6238=CARTESIAN_POINT('',(-153.,2.,100.));
#6239=DIRECTION('',(-0.,-1.,-0.));
#6240=VECTOR('',#6239,2.968901116);
#6241=LINE('',#6238,#6240);
#6242=EDGE_CURVE('',#6231,#6213,#6241,.T.);
#6243=ORIENTED_EDGE('',*,*,#6242,.T.);
#6244=EDGE_LOOP('',(#6221,#6229,#6237,#6243));
#6245=FACE_BOUND('',#6244,.T.);
#6246=ADVANCED_FACE('',(#6245),#6211,.F.);
#6247=CARTESIAN_POINT('',(-130.2,5.,75.));
#6248=DIRECTION('',(0.,1.,0.));
#6249=DIRECTION('',(-1.,0.,0.));
#6250=AXIS2_PLACEMENT_3D('',#6247,#6248,#6249);
#6251=PLANE('',#6250);
#6252=CARTESIAN_POINT('',(-153.,5.,97.));
#6253=VERTEX_POINT('',#6252);
#6254=CARTESIAN_POINT('',(-181.2,5.,97.));
#6255=VERTEX_POINT('',#6254);
#6256=CARTESIAN_POINT('',(-153.,5.,97.));
#6257=DIRECTION('',(-1.,0.,0.));
#6258=VECTOR('',#6257,28.2);
#6259=LINE('',#6256,#6258);
#6260=EDGE_CURVE('',#6253,#6255,#6259,.T.);
#6261=ORIENTED_EDGE('',*,*,#6260,.T.);
#6262=CARTESIAN_POINT('',(-181.2,5.,84.386948409));
#6263=VERTEX_POINT('',#6262);
#6264=CARTESIAN_POINT('',(-181.2,5.,97.));
#6265=DIRECTION('',(-0.,-0.,-1.));
#6266=VECTOR('',#6265,12.613051591);
#6267=LINE('',#6264,#6266);
#6268=EDGE_CURVE('',#6255,#6263,#6267,.T.);
#6269=ORIENTED_EDGE('',*,*,#6268,.T.);
#6270=CARTESIAN_POINT('',(-153.,5.,84.386948409));
#6271=VERTEX_POINT('',#6270);
#6272=CARTESIAN_POINT('',(-181.2,5.,84.386948409));
#6273=DIRECTION('',(1.,-0.,-0.));
#6274=VECTOR('',#6273,28.2);
#6275=LINE('',#6272,#6274);
#6276=EDGE_CURVE('',#6263,#6271,#6275,.T.);
#6277=ORIENTED_EDGE('',*,*,#6276,.T.);
#6278=CARTESIAN_POINT('',(-153.,5.,84.386948409));
#6279=DIRECTION('',(0.,0.,1.));
#6280=VECTOR('',#6279,12.613051591);
#6281=LINE('',#6278,#6280);
#6282=EDGE_CURVE('',#6271,#6253,#6281,.T.);
#6283=ORIENTED_EDGE('',*,*,#6282,.T.);
#6284=EDGE_LOOP('',(#6261,#6269,#6277,#6283));
#6285=FACE_BOUND('',#6284,.T.);
#6286=ADVANCED_FACE('',(#6285),#6251,.F.);
#6287=CARTESIAN_POINT('',(-130.2,-0.968901116,97.));
#6288=DIRECTION('',(1.,0.,0.));
#6289=DIRECTION('',(0.,0.,-1.));
#6290=AXIS2_PLACEMENT_3D('',#6287,#6288,#6289);
#6291=CYLINDRICAL_SURFACE('',#6290,3.);
#6292=ORIENTED_EDGE('',*,*,#6196,.F.);
#6293=CARTESIAN_POINT('',(-181.2,-0.968901116,97.));
#6294=DIRECTION('',(-1.,-0.,-0.));
#6295=DIRECTION('',(0.,0.,-1.));
#6296=AXIS2_PLACEMENT_3D('',#6293,#6294,#6295);
#6297=CIRCLE('',#6296,3.);
#6298=EDGE_CURVE('',#6183,#6215,#6297,.T.);
#6299=ORIENTED_EDGE('',*,*,#6298,.T.);
#6300=ORIENTED_EDGE('',*,*,#6220,.F.);
#6301=CARTESIAN_POINT('',(-153.,-0.968901116,97.));
#6302=DIRECTION('',(1.,0.,0.));
#6303=DIRECTION('',(0.,0.,-1.));
#6304=AXIS2_PLACEMENT_3D('',#6301,#6302,#6303);
#6305=CIRCLE('',#6304,3.);
#6306=EDGE_CURVE('',#6213,#6191,#6305,.T.);
#6307=ORIENTED_EDGE('',*,*,#6306,.T.);
#6308=EDGE_LOOP('',(#6292,#6299,#6300,#6307));
#6309=FACE_BOUND('',#6308,.T.);
#6310=ADVANCED_FACE('',(#6309),#6291,.F.);
#6311=CARTESIAN_POINT('',(-130.2,2.,97.));
#6312=DIRECTION('',(1.,0.,0.));
#6313=DIRECTION('',(0.,0.,-1.));
#6314=AXIS2_PLACEMENT_3D('',#6311,#6312,#6313);
#6315=CYLINDRICAL_SURFACE('',#6314,3.);
#6316=ORIENTED_EDGE('',*,*,#6236,.F.);
#6317=CARTESIAN_POINT('',(-181.2,2.,97.));
#6318=DIRECTION('',(-1.,-0.,-0.));
#6319=DIRECTION('',(0.,0.,-1.));
#6320=AXIS2_PLACEMENT_3D('',#6317,#6318,#6319);
#6321=CIRCLE('',#6320,3.);
#6322=EDGE_CURVE('',#6223,#6255,#6321,.T.);
#6323=ORIENTED_EDGE('',*,*,#6322,.T.);
#6324=ORIENTED_EDGE('',*,*,#6260,.F.);
#6325=CARTESIAN_POINT('',(-153.,2.,97.));
#6326=DIRECTION('',(1.,0.,0.));
#6327=DIRECTION('',(0.,0.,-1.));
#6328=AXIS2_PLACEMENT_3D('',#6325,#6326,#6327);
#6329=CIRCLE('',#6328,3.);
#6330=EDGE_CURVE('',#6253,#6231,#6329,.T.);
#6331=ORIENTED_EDGE('',*,*,#6330,.T.);
#6332=EDGE_LOOP('',(#6316,#6323,#6324,#6331));
#6333=FACE_BOUND('',#6332,.T.);
#6334=ADVANCED_FACE('',(#6333),#6315,.F.);
#6335=CARTESIAN_POINT('',(-130.2,-18.568901116,53.));
#6336=DIRECTION('',(1.,0.,0.));
#6337=DIRECTION('',(0.,0.,-1.));
#6338=AXIS2_PLACEMENT_3D('',#6335,#6336,#6337);
#6339=CYLINDRICAL_SURFACE('',#6338,3.);
#6340=ORIENTED_EDGE('',*,*,#6156,.F.);
#6341=CARTESIAN_POINT('',(-181.2,-18.568901116,53.));
#6342=DIRECTION('',(-1.,-0.,-0.));
#6343=DIRECTION('',(0.,0.,-1.));
#6344=AXIS2_PLACEMENT_3D('',#6341,#6342,#6343);
#6345=CIRCLE('',#6344,3.);
#6346=EDGE_CURVE('',#6143,#6175,#6345,.T.);
#6347=ORIENTED_EDGE('',*,*,#6346,.T.);
#6348=ORIENTED_EDGE('',*,*,#6180,.F.);
#6349=CARTESIAN_POINT('',(-153.,-18.568901116,53.));
#6350=DIRECTION('',(1.,0.,0.));
#6351=DIRECTION('',(0.,0.,-1.));
#6352=AXIS2_PLACEMENT_3D('',#6349,#6350,#6351);
#6353=CIRCLE('',#6352,3.);
#6354=EDGE_CURVE('',#6173,#6151,#6353,.T.);
#6355=ORIENTED_EDGE('',*,*,#6354,.T.);
#6356=EDGE_LOOP('',(#6340,#6347,#6348,#6355));
#6357=FACE_BOUND('',#6356,.T.);
#6358=ADVANCED_FACE('',(#6357),#6339,.F.);
#6359=CARTESIAN_POINT('',(-130.2,5.,82.));
#6360=DIRECTION('',(0.,0.923879533,-0.382683432));
#6361=DIRECTION('',(1.,0.,0.));
#6362=AXIS2_PLACEMENT_3D('',#6359,#6360,#6361);
#6363=PLANE('',#6362);
#6364=CARTESIAN_POINT('',(-153.000000001,4.086554393,79.794747222));
#6365=VERTEX_POINT('',#6364);
#6366=CARTESIAN_POINT('',(-181.199999999,4.086554393,79.794747223));
#6367=VERTEX_POINT('',#6366);
#6368=CARTESIAN_POINT('',(-153.000000001,4.086554391,79.794747219));
#6369=DIRECTION('',(-1.,-0.,0.));
#6370=VECTOR('',#6369,28.199999997);
#6371=LINE('',#6368,#6370);
#6372=EDGE_CURVE('',#6365,#6367,#6371,.T.);
#6373=ORIENTED_EDGE('',*,*,#6372,.T.);
#6374=CARTESIAN_POINT('',(-181.200000014,-7.48773131,51.851949701));
#6375=VERTEX_POINT('',#6374);
#6376=CARTESIAN_POINT('',(-181.2,4.086554393,79.794747223));
#6377=DIRECTION('',(0.,-0.382683432,-0.923879533));
#6378=VECTOR('',#6377,30.245066092);
#6379=LINE('',#6376,#6378);
#6380=EDGE_CURVE('',#6367,#6375,#6379,.T.);
#6381=ORIENTED_EDGE('',*,*,#6380,.T.);
#6382=CARTESIAN_POINT('',(-153.000000001,-7.487731303,51.851949699));
#6383=VERTEX_POINT('',#6382);
#6384=CARTESIAN_POINT('',(-181.200000014,-7.487731296,51.851949696));
#6385=DIRECTION('',(1.,0.,-0.));
#6386=VECTOR('',#6385,28.200000013);
#6387=LINE('',#6384,#6386);
#6388=EDGE_CURVE('',#6375,#6383,#6387,.T.);
#6389=ORIENTED_EDGE('',*,*,#6388,.T.);
#6390=CARTESIAN_POINT('',(-153.,-7.487731296,51.851949696));
#6391=DIRECTION('',(-0.,0.382683432,0.923879533));
#6392=VECTOR('',#6391,30.24506609);
#6393=LINE('',#6390,#6392);
#6394=EDGE_CURVE('',#6383,#6365,#6393,.T.);
#6395=ORIENTED_EDGE('',*,*,#6394,.T.);
#6396=EDGE_LOOP('',(#6373,#6381,#6389,#6395));
#6397=FACE_BOUND('',#6396,.T.);
#6398=ADVANCED_FACE('',(#6397),#6363,.F.);
#6399=CARTESIAN_POINT('',(-130.2,-7.,84.386948409));
#6400=DIRECTION('',(-1.,0.,0.));
#6401=DIRECTION('',(0.,0.,1.));
#6402=AXIS2_PLACEMENT_3D('',#6399,#6400,#6401);
#6403=CYLINDRICAL_SURFACE('',#6402,12.);
#6404=ORIENTED_EDGE('',*,*,#6276,.F.);
#6405=CARTESIAN_POINT('',(-181.2,-7.,84.386948409));
#6406=DIRECTION('',(-1.,0.,0.));
#6407=DIRECTION('',(0.,0.,1.));
#6408=AXIS2_PLACEMENT_3D('',#6405,#6406,#6407);
#6409=CIRCLE('',#6408,12.);
#6410=EDGE_CURVE('',#6263,#6367,#6409,.T.);
#6411=ORIENTED_EDGE('',*,*,#6410,.T.);
#6412=ORIENTED_EDGE('',*,*,#6372,.F.);
#6413=CARTESIAN_POINT('',(-153.,-7.,84.386948409));
#6414=DIRECTION('',(1.,-0.,-0.));
#6415=DIRECTION('',(0.,0.,1.));
#6416=AXIS2_PLACEMENT_3D('',#6413,#6414,#6415);
#6417=CIRCLE('',#6416,12.);
#6418=EDGE_CURVE('',#6365,#6271,#6417,.T.);
#6419=ORIENTED_EDGE('',*,*,#6418,.T.);
#6420=EDGE_LOOP('',(#6404,#6411,#6412,#6419));
#6421=FACE_BOUND('',#6420,.T.);
#6422=ADVANCED_FACE('',(#6421),#6403,.F.);
#6423=CARTESIAN_POINT('',(-130.2,-10.25936991,53.));
#6424=DIRECTION('',(1.,0.,0.));
#6425=DIRECTION('',(0.,0.,-1.));
#6426=AXIS2_PLACEMENT_3D('',#6423,#6424,#6425);
#6427=CYLINDRICAL_SURFACE('',#6426,3.);
#6428=ORIENTED_EDGE('',*,*,#6388,.F.);
#6429=CARTESIAN_POINT('',(-181.2,-10.25936991,53.));
#6430=DIRECTION('',(-1.,-0.,-0.));
#6431=DIRECTION('',(0.,0.,-1.));
#6432=AXIS2_PLACEMENT_3D('',#6429,#6430,#6431);
#6433=CIRCLE('',#6432,3.);
#6434=EDGE_CURVE('',#6375,#6135,#6433,.T.);
#6435=ORIENTED_EDGE('',*,*,#6434,.T.);
#6436=ORIENTED_EDGE('',*,*,#6140,.F.);
#6437=CARTESIAN_POINT('',(-153.,-10.25936991,53.));
#6438=DIRECTION('',(1.,0.,0.));
#6439=DIRECTION('',(0.,0.,-1.));
#6440=AXIS2_PLACEMENT_3D('',#6437,#6438,#6439);
#6441=CIRCLE('',#6440,3.);
#6442=EDGE_CURVE('',#6133,#6383,#6441,.T.);
#6443=ORIENTED_EDGE('',*,*,#6442,.T.);
#6444=EDGE_LOOP('',(#6428,#6435,#6436,#6443));
#6445=FACE_BOUND('',#6444,.T.);
#6446=ADVANCED_FACE('',(#6445),#6427,.F.);
#6447=CARTESIAN_POINT('',(-150.,-1.355514613,58.817052637));
#6448=DIRECTION('',(0.707106781,-0.653281482,0.27059805));
#6449=DIRECTION('',(-0.,0.382683432,0.923879533));
#6450=AXIS2_PLACEMENT_3D('',#6447,#6448,#6449);
#6451=PLANE('',#6450);
#6452=CARTESIAN_POINT('',(-150.,-4.716092715,50.703899406));
#6453=CARTESIAN_POINT('',(-151.000000001,-5.639972247,51.086582837));
#6454=CARTESIAN_POINT('',(-152.000000002,-6.563851779,51.469266269));
#6455=CARTESIAN_POINT('',(-153.000000003,-7.48773131,51.851949701));
#6456=B_SPLINE_CURVE_WITH_KNOTS('',3,(#6452,#6453,#6454,#6455),.UNSPECIFIED.,.F.,.F.,(4,4),(0.,4.242640687),.UNSPECIFIED.);
#6457=EDGE_CURVE('',#793,#6383,#6456,.T.);
#6458=ORIENTED_EDGE('',*,*,#6457,.F.);
#6459=ORIENTED_EDGE('',*,*,#798,.F.);
#6460=CARTESIAN_POINT('',(-153.000000003,4.086554392,79.794747219));
#6461=CARTESIAN_POINT('',(-152.000000002,5.010433924,79.412063787));
#6462=CARTESIAN_POINT('',(-151.000000001,5.934313456,79.029380355));
#6463=CARTESIAN_POINT('',(-150.,6.858192987,78.646696923));
#6464=B_SPLINE_CURVE_WITH_KNOTS('',3,(#6460,#6461,#6462,#6463),.UNSPECIFIED.,.F.,.F.,(4,4),(0.,4.242640687),.UNSPECIFIED.);
#6465=EDGE_CURVE('',#6365,#784,#6464,.T.);
#6466=ORIENTED_EDGE('',*,*,#6465,.F.);
#6467=ORIENTED_EDGE('',*,*,#6394,.F.);
#6468=EDGE_LOOP('',(#6458,#6459,#6466,#6467));
#6469=FACE_BOUND('',#6468,.T.);
#6470=ADVANCED_FACE('',(#6469),#6451,.T.);
#6471=CARTESIAN_POINT('',(-150.,-7.,84.386948409));
#6472=DIRECTION('',(1.,0.,0.));
#6473=DIRECTION('',(0.,0.,-1.));
#6474=AXIS2_PLACEMENT_3D('',#6471,#6472,#6473);
#6475=CONICAL_SURFACE('',#6474,15.,44.999999949);
#6476=ORIENTED_EDGE('',*,*,#6465,.T.);
#6477=ORIENTED_EDGE('',*,*,#790,.F.);
#6478=CARTESIAN_POINT('',(-153.,5.,84.386948409));
#6479=DIRECTION('',(0.707106781,0.707106781,0.));
#6480=VECTOR('',#6479,4.242640687);
#6481=LINE('',#6478,#6480);
#6482=EDGE_CURVE('',#6271,#776,#6481,.T.);
#6483=ORIENTED_EDGE('',*,*,#6482,.F.);
#6484=ORIENTED_EDGE('',*,*,#6418,.F.);
#6485=EDGE_LOOP('',(#6476,#6477,#6483,#6484));
#6486=FACE_BOUND('',#6485,.T.);
#6487=ADVANCED_FACE('',(#6486),#6475,.F.);
#6488=CARTESIAN_POINT('',(-150.,-10.25936991,53.));
#6489=DIRECTION('',(1.,0.,0.));
#6490=DIRECTION('',(0.,0.,-1.));
#6491=AXIS2_PLACEMENT_3D('',#6488,#6489,#6490);
#6492=CONICAL_SURFACE('',#6491,6.,44.999999949);
#6493=ORIENTED_EDGE('',*,*,#6457,.T.);
#6494=ORIENTED_EDGE('',*,*,#6442,.F.);
#6495=CARTESIAN_POINT('',(-150.,-10.25936991,47.));
#6496=DIRECTION('',(-0.707106781,-0.,0.707106781));
#6497=VECTOR('',#6496,4.242640687);
#6498=LINE('',#6495,#6497);
#6499=EDGE_CURVE('',#801,#6133,#6498,.T.);
#6500=ORIENTED_EDGE('',*,*,#6499,.F.);
#6501=ORIENTED_EDGE('',*,*,#807,.F.);
#6502=EDGE_LOOP('',(#6493,#6494,#6500,#6501));
#6503=FACE_BOUND('',#6502,.T.);
#6504=ADVANCED_FACE('',(#6503),#6492,.F.);
#6505=CARTESIAN_POINT('',(-153.,5.,75.));
#6506=DIRECTION('',(0.707106781,-0.707106781,0.));
#6507=DIRECTION('',(0.,0.,-1.));
#6508=AXIS2_PLACEMENT_3D('',#6505,#6506,#6507);
#6509=PLANE('',#6508);
#6510=ORIENTED_EDGE('',*,*,#6482,.T.);
#6511=ORIENTED_EDGE('',*,*,#781,.F.);
#6512=CARTESIAN_POINT('',(-153.,5.,97.));
#6513=CARTESIAN_POINT('',(-152.,5.999999998,96.999999999));
#6514=CARTESIAN_POINT('',(-151.,6.999999996,96.999999998));
#6515=CARTESIAN_POINT('',(-150.,7.999999995,96.999999996));
#6516=B_SPLINE_CURVE_WITH_KNOTS('',3,(#6512,#6513,#6514,#6515),.UNSPECIFIED.,.F.,.F.,(4,4),(0.,4.242640687),.UNSPECIFIED.);
#6517=EDGE_CURVE('',#6253,#767,#6516,.T.);
#6518=ORIENTED_EDGE('',*,*,#6517,.F.);
#6519=ORIENTED_EDGE('',*,*,#6282,.F.);
#6520=EDGE_LOOP('',(#6510,#6511,#6518,#6519));
#6521=FACE_BOUND('',#6520,.T.);
#6522=ADVANCED_FACE('',(#6521),#6509,.T.);
#6523=CARTESIAN_POINT('',(-153.,-10.,50.));
#6524=DIRECTION('',(0.707106781,0.,0.707106781));
#6525=DIRECTION('',(0.,-1.,0.));
#6526=AXIS2_PLACEMENT_3D('',#6523,#6524,#6525);
#6527=PLANE('',#6526);
#6528=ORIENTED_EDGE('',*,*,#6499,.T.);
#6529=ORIENTED_EDGE('',*,*,#6162,.F.);
#6530=CARTESIAN_POINT('',(-149.999999999,-18.568901116,47.000000004));
#6531=DIRECTION('',(-0.707106782,-0.,0.707106781));
#6532=VECTOR('',#6531,4.242640685);
#6533=LINE('',#6530,#6532);
#6534=EDGE_CURVE('',#810,#6151,#6533,.T.);
#6535=ORIENTED_EDGE('',*,*,#6534,.F.);
#6536=ORIENTED_EDGE('',*,*,#815,.F.);
#6537=EDGE_LOOP('',(#6528,#6529,#6535,#6536));
#6538=FACE_BOUND('',#6537,.T.);
#6539=ADVANCED_FACE('',(#6538),#6527,.T.);
#6540=CARTESIAN_POINT('',(-153.,2.,97.));
#6541=DIRECTION('',(1.,0.,0.));
#6542=DIRECTION('',(0.,0.,-1.));
#6543=AXIS2_PLACEMENT_3D('',#6540,#6541,#6542);
#6544=CONICAL_SURFACE('',#6543,3.,44.999999949);
#6545=ORIENTED_EDGE('',*,*,#6517,.T.);
#6546=ORIENTED_EDGE('',*,*,#773,.F.);
#6547=CARTESIAN_POINT('',(-153.,2.,100.));
#6548=DIRECTION('',(0.707106781,0.,0.707106781));
#6549=VECTOR('',#6548,4.242640687);
#6550=LINE('',#6547,#6549);
#6551=EDGE_CURVE('',#6231,#759,#6550,.T.);
#6552=ORIENTED_EDGE('',*,*,#6551,.F.);
#6553=ORIENTED_EDGE('',*,*,#6330,.F.);
#6554=EDGE_LOOP('',(#6545,#6546,#6552,#6553));
#6555=FACE_BOUND('',#6554,.T.);
#6556=ADVANCED_FACE('',(#6555),#6544,.F.);
#6557=CARTESIAN_POINT('',(-153.,-18.568901116,53.));
#6558=DIRECTION('',(1.,0.,0.));
#6559=DIRECTION('',(0.,0.,-1.));
#6560=AXIS2_PLACEMENT_3D('',#6557,#6558,#6559);
#6561=CONICAL_SURFACE('',#6560,3.,44.999999949);
#6562=ORIENTED_EDGE('',*,*,#6534,.T.);
#6563=ORIENTED_EDGE('',*,*,#6354,.F.);
#6564=CARTESIAN_POINT('',(-150.000000003,-24.139761269,55.228344061));
#6565=DIRECTION('',(-0.707106781,0.656532164,-0.262612865));
#6566=VECTOR('',#6565,4.242640697);
#6567=LINE('',#6564,#6566);
#6568=EDGE_CURVE('',#740,#6173,#6567,.T.);
#6569=ORIENTED_EDGE('',*,*,#6568,.F.);
#6570=ORIENTED_EDGE('',*,*,#822,.F.);
#6571=EDGE_LOOP('',(#6562,#6563,#6569,#6570));
#6572=FACE_BOUND('',#6571,.T.);
#6573=ADVANCED_FACE('',(#6572),#6561,.F.);
#6574=CARTESIAN_POINT('',(-153.,0.,100.));
#6575=DIRECTION('',(0.707106781,0.,-0.707106781));
#6576=DIRECTION('',(0.,1.,0.));
#6577=AXIS2_PLACEMENT_3D('',#6574,#6575,#6576);
#6578=PLANE('',#6577);
#6579=ORIENTED_EDGE('',*,*,#6551,.T.);
#6580=ORIENTED_EDGE('',*,*,#764,.F.);
#6581=CARTESIAN_POINT('',(-153.,-0.968901116,100.));
#6582=CARTESIAN_POINT('',(-152.,-0.968901115,100.999999998));
#6583=CARTESIAN_POINT('',(-151.,-0.968901114,101.999999996));
#6584=CARTESIAN_POINT('',(-150.,-0.968901113,102.999999995));
#6585=B_SPLINE_CURVE_WITH_KNOTS('',3,(#6581,#6582,#6583,#6584),.UNSPECIFIED.,.F.,.F.,(4,4),(0.,4.242640687),.UNSPECIFIED.);
#6586=EDGE_CURVE('',#6213,#750,#6585,.T.);
#6587=ORIENTED_EDGE('',*,*,#6586,.F.);
#6588=ORIENTED_EDGE('',*,*,#6242,.F.);
#6589=EDGE_LOOP('',(#6579,#6580,#6587,#6588));
#6590=FACE_BOUND('',#6589,.T.);
#6591=ADVANCED_FACE('',(#6590),#6578,.T.);
#6592=CARTESIAN_POINT('',(-153.,-13.,75.));
#6593=DIRECTION('',(0.707106781,0.656532164,-0.262612866));
#6594=DIRECTION('',(0.,0.371390676,0.928476691));
#6595=AXIS2_PLACEMENT_3D('',#6592,#6593,#6594);
#6596=PLANE('',#6595);
#6597=ORIENTED_EDGE('',*,*,#6568,.T.);
#6598=ORIENTED_EDGE('',*,*,#6202,.F.);
#6599=CARTESIAN_POINT('',(-150.,-6.539761256,99.228344056));
#6600=CARTESIAN_POINT('',(-151.,-5.611284567,98.85695338));
#6601=CARTESIAN_POINT('',(-152.000000001,-4.682807877,98.485562704));
#6602=CARTESIAN_POINT('',(-153.000000001,-3.754331187,98.114172029));
#6603=B_SPLINE_CURVE_WITH_KNOTS('',3,(#6599,#6600,#6601,#6602),.UNSPECIFIED.,.F.,.F.,(4,4),(0.,4.242640687),.UNSPECIFIED.);
#6604=EDGE_CURVE('',#742,#6191,#6603,.T.);
#6605=ORIENTED_EDGE('',*,*,#6604,.F.);
#6606=ORIENTED_EDGE('',*,*,#747,.F.);
#6607=EDGE_LOOP('',(#6597,#6598,#6605,#6606));
#6608=FACE_BOUND('',#6607,.T.);
#6609=ADVANCED_FACE('',(#6608),#6596,.T.);
#6610=CARTESIAN_POINT('',(-153.,-0.968901116,97.));
#6611=DIRECTION('',(1.,0.,0.));
#6612=DIRECTION('',(0.,0.,-1.));
#6613=AXIS2_PLACEMENT_3D('',#6610,#6611,#6612);
#6614=CONICAL_SURFACE('',#6613,3.,44.999999949);
#6615=ORIENTED_EDGE('',*,*,#6586,.T.);
#6616=ORIENTED_EDGE('',*,*,#756,.F.);
#6617=ORIENTED_EDGE('',*,*,#6604,.T.);
#6618=ORIENTED_EDGE('',*,*,#6306,.F.);
#6619=EDGE_LOOP('',(#6615,#6616,#6617,#6618));
#6620=FACE_BOUND('',#6619,.T.);
#6621=ADVANCED_FACE('',(#6620),#6614,.F.);
#6622=CARTESIAN_POINT('',(-181.2,-10.,50.));
#6623=DIRECTION('',(-0.707106781,0.,0.707106781));
#6624=DIRECTION('',(0.,1.,0.));
#6625=AXIS2_PLACEMENT_3D('',#6622,#6623,#6624);
#6626=PLANE('',#6625);
#6627=CARTESIAN_POINT('',(-184.2,-10.25936991,47.));
#6628=CARTESIAN_POINT('',(-183.199999999,-10.259369909,47.999999999));
#6629=CARTESIAN_POINT('',(-182.199999998,-10.259369908,48.999999998));
#6630=CARTESIAN_POINT('',(-181.199999997,-10.259369908,49.999999997));
#6631=B_SPLINE_CURVE_WITH_KNOTS('',3,(#6627,#6628,#6629,#6630),.UNSPECIFIED.,.F.,.F.,(4,4),(0.,4.242640687),.UNSPECIFIED.);
#6632=EDGE_CURVE('',#300,#6135,#6631,.T.);
#6633=ORIENTED_EDGE('',*,*,#6632,.F.);
#6634=ORIENTED_EDGE('',*,*,#305,.F.);
#6635=CARTESIAN_POINT('',(-181.2,-18.568901116,50.));
#6636=CARTESIAN_POINT('',(-182.2,-18.568901115,49.000000002));
#6637=CARTESIAN_POINT('',(-183.2,-18.568901113,48.000000004));
#6638=CARTESIAN_POINT('',(-184.2,-18.568901111,47.000000005));
#6639=B_SPLINE_CURVE_WITH_KNOTS('',3,(#6635,#6636,#6637,#6638),.UNSPECIFIED.,.F.,.F.,(4,4),(0.,4.242640687),.UNSPECIFIED.);
#6640=EDGE_CURVE('',#6143,#291,#6639,.T.);
#6641=ORIENTED_EDGE('',*,*,#6640,.F.);
#6642=ORIENTED_EDGE('',*,*,#6148,.F.);
#6643=EDGE_LOOP('',(#6633,#6634,#6641,#6642));
#6644=FACE_BOUND('',#6643,.T.);
#6645=ADVANCED_FACE('',(#6644),#6626,.T.);
#6646=CARTESIAN_POINT('',(-181.2,-18.568901116,53.));
#6647=DIRECTION('',(-1.,0.,0.));
#6648=DIRECTION('',(0.,0.,1.));
#6649=AXIS2_PLACEMENT_3D('',#6646,#6647,#6648);
#6650=CONICAL_SURFACE('',#6649,3.,44.999999949);
#6651=ORIENTED_EDGE('',*,*,#6640,.T.);
#6652=ORIENTED_EDGE('',*,*,#297,.F.);
#6653=CARTESIAN_POINT('',(-181.19999999,-21.35433119,54.11417203));
#6654=DIRECTION('',(-0.707106781,-0.656532164,0.262612865));
#6655=VECTOR('',#6654,4.242640697);
#6656=LINE('',#6653,#6655);
#6657=EDGE_CURVE('',#6175,#283,#6656,.T.);
#6658=ORIENTED_EDGE('',*,*,#6657,.F.);
#6659=ORIENTED_EDGE('',*,*,#6346,.F.);
#6660=EDGE_LOOP('',(#6651,#6652,#6658,#6659));
#6661=FACE_BOUND('',#6660,.T.);
#6662=ADVANCED_FACE('',(#6661),#6650,.F.);
#6663=CARTESIAN_POINT('',(-184.2,-10.25936991,53.));
#6664=DIRECTION('',(-1.,0.,0.));
#6665=DIRECTION('',(0.,0.,1.));
#6666=AXIS2_PLACEMENT_3D('',#6663,#6664,#6665);
#6667=CONICAL_SURFACE('',#6666,6.,44.999999949);
#6668=ORIENTED_EDGE('',*,*,#6632,.T.);
#6669=ORIENTED_EDGE('',*,*,#6434,.F.);
#6670=CARTESIAN_POINT('',(-184.200000002,-4.716092722,50.703899409));
#6671=DIRECTION('',(0.707106781,-0.653281483,0.27059805));
#6672=VECTOR('',#6671,4.242640671);
#6673=LINE('',#6670,#6672);
#6674=EDGE_CURVE('',#308,#6375,#6673,.T.);
#6675=ORIENTED_EDGE('',*,*,#6674,.F.);
#6676=ORIENTED_EDGE('',*,*,#314,.F.);
#6677=EDGE_LOOP('',(#6668,#6669,#6675,#6676));
#6678=FACE_BOUND('',#6677,.T.);
#6679=ADVANCED_FACE('',(#6678),#6667,.F.);
#6680=CARTESIAN_POINT('',(-181.2,-13.,75.));
#6681=DIRECTION('',(-0.707106781,0.656532164,-0.262612866));
#6682=DIRECTION('',(0.,-0.371390676,-0.928476691));
#6683=AXIS2_PLACEMENT_3D('',#6680,#6681,#6682);
#6684=PLANE('',#6683);
#6685=ORIENTED_EDGE('',*,*,#6657,.T.);
#6686=ORIENTED_EDGE('',*,*,#288,.F.);
#6687=CARTESIAN_POINT('',(-181.2,-3.754331188,98.114172029));
#6688=CARTESIAN_POINT('',(-182.2,-4.682807878,98.485562704));
#6689=CARTESIAN_POINT('',(-183.2,-5.611284568,98.856953379));
#6690=CARTESIAN_POINT('',(-184.2,-6.539761257,99.228344053));
#6691=B_SPLINE_CURVE_WITH_KNOTS('',3,(#6687,#6688,#6689,#6690),.UNSPECIFIED.,.F.,.F.,(4,4),(0.,4.242640687),.UNSPECIFIED.);
#6692=EDGE_CURVE('',#6183,#274,#6691,.T.);
#6693=ORIENTED_EDGE('',*,*,#6692,.F.);
#6694=ORIENTED_EDGE('',*,*,#6188,.F.);
#6695=EDGE_LOOP('',(#6685,#6686,#6693,#6694));
#6696=FACE_BOUND('',#6695,.T.);
#6697=ADVANCED_FACE('',(#6696),#6684,.T.);
#6698=CARTESIAN_POINT('',(-184.2,24.056317212,120.166641672));
#6699=DIRECTION('',(-0.707106781,-0.653281482,0.27059805));
#6700=DIRECTION('',(-0.,-0.382683432,-0.923879533));
#6701=AXIS2_PLACEMENT_3D('',#6698,#6699,#6700);
#6702=PLANE('',#6701);
#6703=ORIENTED_EDGE('',*,*,#6674,.T.);
#6704=ORIENTED_EDGE('',*,*,#6380,.F.);
#6705=CARTESIAN_POINT('',(-184.2,6.858192988,78.646696923));
#6706=CARTESIAN_POINT('',(-183.199999999,5.934313456,79.029380355));
#6707=CARTESIAN_POINT('',(-182.199999998,5.010433924,79.412063788));
#6708=CARTESIAN_POINT('',(-181.199999997,4.086554393,79.79474722));
#6709=B_SPLINE_CURVE_WITH_KNOTS('',3,(#6705,#6706,#6707,#6708),.UNSPECIFIED.,.F.,.F.,(4,4),(0.,4.242640687),.UNSPECIFIED.);
#6710=EDGE_CURVE('',#317,#6367,#6709,.T.);
#6711=ORIENTED_EDGE('',*,*,#6710,.F.);
#6712=ORIENTED_EDGE('',*,*,#322,.F.);
#6713=EDGE_LOOP('',(#6703,#6704,#6711,#6712));
#6714=FACE_BOUND('',#6713,.T.);
#6715=ADVANCED_FACE('',(#6714),#6702,.T.);
#6716=CARTESIAN_POINT('',(-181.2,-0.968901116,97.));
#6717=DIRECTION('',(-1.,0.,0.));
#6718=DIRECTION('',(0.,0.,1.));
#6719=AXIS2_PLACEMENT_3D('',#6716,#6717,#6718);
#6720=CONICAL_SURFACE('',#6719,3.,44.999999949);
#6721=ORIENTED_EDGE('',*,*,#6692,.T.);
#6722=ORIENTED_EDGE('',*,*,#280,.F.);
#6723=CARTESIAN_POINT('',(-181.2,-0.968901116,100.));
#6724=DIRECTION('',(-0.707106781,0.,0.707106781));
#6725=VECTOR('',#6724,4.242640687);
#6726=LINE('',#6723,#6725);
#6727=EDGE_CURVE('',#6215,#266,#6726,.T.);
#6728=ORIENTED_EDGE('',*,*,#6727,.F.);
#6729=ORIENTED_EDGE('',*,*,#6298,.F.);
#6730=EDGE_LOOP('',(#6721,#6722,#6728,#6729));
#6731=FACE_BOUND('',#6730,.T.);
#6732=ADVANCED_FACE('',(#6731),#6720,.F.);
#6733=CARTESIAN_POINT('',(-184.2,-7.,84.386948409));
#6734=DIRECTION('',(-1.,0.,0.));
#6735=DIRECTION('',(0.,0.,1.));
#6736=AXIS2_PLACEMENT_3D('',#6733,#6734,#6735);
#6737=CONICAL_SURFACE('',#6736,15.,44.999999949);
#6738=ORIENTED_EDGE('',*,*,#6710,.T.);
#6739=ORIENTED_EDGE('',*,*,#6410,.F.);
#6740=CARTESIAN_POINT('',(-184.2,8.,84.386948409));
#6741=DIRECTION('',(0.707106781,-0.707106781,-0.));
#6742=VECTOR('',#6741,4.242640687);
#6743=LINE('',#6740,#6742);
#6744=EDGE_CURVE('',#247,#6263,#6743,.T.);
#6745=ORIENTED_EDGE('',*,*,#6744,.F.);
#6746=ORIENTED_EDGE('',*,*,#329,.F.);
#6747=EDGE_LOOP('',(#6738,#6739,#6745,#6746));
#6748=FACE_BOUND('',#6747,.T.);
#6749=ADVANCED_FACE('',(#6748),#6737,.F.);
#6750=CARTESIAN_POINT('',(-181.2,0.,100.));
#6751=DIRECTION('',(-0.707106781,0.,-0.707106781));
#6752=DIRECTION('',(0.,-1.,0.));
#6753=AXIS2_PLACEMENT_3D('',#6750,#6751,#6752);
#6754=PLANE('',#6753);
#6755=ORIENTED_EDGE('',*,*,#6727,.T.);
#6756=ORIENTED_EDGE('',*,*,#271,.F.);
#6757=CARTESIAN_POINT('',(-181.2,2.,100.));
#6758=CARTESIAN_POINT('',(-182.2,1.999999999,100.999999998));
#6759=CARTESIAN_POINT('',(-183.2,1.999999998,101.999999996));
#6760=CARTESIAN_POINT('',(-184.2,1.999999996,102.999999995));
#6761=B_SPLINE_CURVE_WITH_KNOTS('',3,(#6757,#6758,#6759,#6760),.UNSPECIFIED.,.F.,.F.,(4,4),(0.,4.242640687),.UNSPECIFIED.);
#6762=EDGE_CURVE('',#6223,#257,#6761,.T.);
#6763=ORIENTED_EDGE('',*,*,#6762,.F.);
#6764=ORIENTED_EDGE('',*,*,#6228,.F.);
#6765=EDGE_LOOP('',(#6755,#6756,#6763,#6764));
#6766=FACE_BOUND('',#6765,.T.);
#6767=ADVANCED_FACE('',(#6766),#6754,.T.);
#6768=CARTESIAN_POINT('',(-181.2,5.,75.));
#6769=DIRECTION('',(-0.707106781,-0.707106781,0.));
#6770=DIRECTION('',(0.,0.,1.));
#6771=AXIS2_PLACEMENT_3D('',#6768,#6769,#6770);
#6772=PLANE('',#6771);
#6773=ORIENTED_EDGE('',*,*,#6744,.T.);
#6774=ORIENTED_EDGE('',*,*,#6268,.F.);
#6775=CARTESIAN_POINT('',(-184.200000001,7.999999996,97.));
#6776=DIRECTION('',(0.707106782,-0.707106781,0.));
#6777=VECTOR('',#6776,4.242640685);
#6778=LINE('',#6775,#6777);
#6779=EDGE_CURVE('',#249,#6255,#6778,.T.);
#6780=ORIENTED_EDGE('',*,*,#6779,.F.);
#6781=ORIENTED_EDGE('',*,*,#254,.F.);
#6782=EDGE_LOOP('',(#6773,#6774,#6780,#6781));
#6783=FACE_BOUND('',#6782,.T.);
#6784=ADVANCED_FACE('',(#6783),#6772,.T.);
#6785=CARTESIAN_POINT('',(-181.2,2.,97.));
#6786=DIRECTION('',(-1.,0.,0.));
#6787=DIRECTION('',(0.,0.,1.));
#6788=AXIS2_PLACEMENT_3D('',#6785,#6786,#6787);
#6789=CONICAL_SURFACE('',#6788,3.,44.999999949);
#6790=ORIENTED_EDGE('',*,*,#6762,.T.);
#6791=ORIENTED_EDGE('',*,*,#263,.F.);
#6792=ORIENTED_EDGE('',*,*,#6779,.T.);
#6793=ORIENTED_EDGE('',*,*,#6322,.F.);
#6794=EDGE_LOOP('',(#6790,#6791,#6792,#6793));
#6795=FACE_BOUND('',#6794,.T.);
#6796=ADVANCED_FACE('',(#6795),#6789,.F.);
#6797=CARTESIAN_POINT('',(-181.2,6.711071116,135.141807012));
#6798=DIRECTION('',(0.707106781,0.392847479,-0.587937801));
#6799=DIRECTION('',(-0.,-0.831469612,-0.555570233));
#6800=AXIS2_PLACEMENT_3D('',#6797,#6798,#6799);
#6801=PLANE('',#6800);
#6802=ORIENTED_EDGE('',*,*,#2531,.F.);
#6803=ORIENTED_EDGE('',*,*,#170,.F.);
#6804=CARTESIAN_POINT('',(-181.2,-7.723591632,125.496873713));
#6805=CARTESIAN_POINT('',(-182.2,-7.1680214,124.665404102));
#6806=CARTESIAN_POINT('',(-183.200000001,-6.612451167,123.83393449));
#6807=CARTESIAN_POINT('',(-184.200000001,-6.056880935,123.002464879));
#6808=B_SPLINE_CURVE_WITH_KNOTS('',3,(#6804,#6805,#6806,#6807),.UNSPECIFIED.,.F.,.F.,(4,4),(0.,4.242640688),.UNSPECIFIED.);
#6809=EDGE_CURVE('',#2487,#156,#6808,.T.);
#6810=ORIENTED_EDGE('',*,*,#6809,.F.);
#6811=ORIENTED_EDGE('',*,*,#2516,.F.);
#6812=EDGE_LOOP('',(#6802,#6803,#6810,#6811));
#6813=FACE_BOUND('',#6812,.T.);
#6814=ADVANCED_FACE('',(#6813),#6801,.F.);
#6815=CARTESIAN_POINT('',(-184.2,6.165664191,104.71013341));
#6816=DIRECTION('',(1.,0.,0.));
#6817=DIRECTION('',(-0.,1.,0.));
#6818=AXIS2_PLACEMENT_3D('',#6815,#6816,#6817);
#6819=CONICAL_SURFACE('',#6818,22.,44.999999949);
#6820=ORIENTED_EDGE('',*,*,#6809,.T.);
#6821=ORIENTED_EDGE('',*,*,#162,.F.);
#6822=CARTESIAN_POINT('',(-181.199999993,-16.931324126,114.277219221));
#6823=DIRECTION('',(-0.707106781,0.653281483,-0.27059805));
#6824=VECTOR('',#6823,4.242640698);
#6825=LINE('',#6822,#6824);
#6826=EDGE_CURVE('',#2563,#148,#6825,.T.);
#6827=ORIENTED_EDGE('',*,*,#6826,.F.);
#6828=ORIENTED_EDGE('',*,*,#5880,.F.);
#6829=EDGE_LOOP('',(#6820,#6821,#6827,#6828));
#6830=FACE_BOUND('',#6829,.T.);
#6831=ADVANCED_FACE('',(#6830),#6819,.T.);
#6832=CARTESIAN_POINT('',(-181.2,-25.244307012,94.207903182));
#6833=DIRECTION('',(0.707106781,0.653281482,-0.27059805));
#6834=DIRECTION('',(-0.,-0.382683432,-0.923879533));
#6835=AXIS2_PLACEMENT_3D('',#6832,#6833,#6834);
#6836=PLANE('',#6835);
#6837=ORIENTED_EDGE('',*,*,#6826,.T.);
#6838=ORIENTED_EDGE('',*,*,#153,.F.);
#6839=CARTESIAN_POINT('',(-181.2,-40.462615668,57.467656027));
#6840=CARTESIAN_POINT('',(-182.200000001,-39.538736137,57.084972595));
#6841=CARTESIAN_POINT('',(-183.200000002,-38.614856605,56.702289163));
#6842=CARTESIAN_POINT('',(-184.200000003,-37.690977074,56.319605731));
#6843=B_SPLINE_CURVE_WITH_KNOTS('',3,(#6839,#6840,#6841,#6842),.UNSPECIFIED.,.F.,.F.,(4,4),(0.,4.242640687),.UNSPECIFIED.);
#6844=EDGE_CURVE('',#2545,#139,#6843,.T.);
#6845=ORIENTED_EDGE('',*,*,#6844,.F.);
#6846=ORIENTED_EDGE('',*,*,#2574,.F.);
#6847=EDGE_LOOP('',(#6837,#6838,#6845,#6846));
#6848=FACE_BOUND('',#6847,.T.);
#6849=ADVANCED_FACE('',(#6848),#6836,.F.);
#6850=CARTESIAN_POINT('',(-181.2,-21.985025018,49.81398738));
#6851=DIRECTION('',(1.,0.,0.));
#6852=DIRECTION('',(0.,0.,-1.));
#6853=AXIS2_PLACEMENT_3D('',#6850,#6851,#6852);
#6854=CONICAL_SURFACE('',#6853,20.,44.999999949);
#6855=ORIENTED_EDGE('',*,*,#6844,.T.);
#6856=ORIENTED_EDGE('',*,*,#145,.F.);
#6857=CARTESIAN_POINT('',(-181.2,-41.985025018,49.81398738));
#6858=DIRECTION('',(-0.707106781,0.707106781,0.));
#6859=VECTOR('',#6858,4.242640689);
#6860=LINE('',#6857,#6859);
#6861=EDGE_CURVE('',#1448,#131,#6860,.T.);
#6862=ORIENTED_EDGE('',*,*,#6861,.F.);
#6863=ORIENTED_EDGE('',*,*,#5904,.F.);
#6864=EDGE_LOOP('',(#6855,#6856,#6862,#6863));
#6865=FACE_BOUND('',#6864,.T.);
#6866=ADVANCED_FACE('',(#6865),#6854,.T.);
#6867=CARTESIAN_POINT('',(-181.2,-41.985025018,52.092));
#6868=DIRECTION('',(-0.707106781,-0.707106781,0.));
#6869=DIRECTION('',(0.,0.,1.));
#6870=AXIS2_PLACEMENT_3D('',#6867,#6868,#6869);
#6871=PLANE('',#6870);
#6872=ORIENTED_EDGE('',*,*,#6861,.T.);
#6873=ORIENTED_EDGE('',*,*,#136,.F.);
#6874=ORIENTED_EDGE('',*,*,#2269,.F.);
#6875=ORIENTED_EDGE('',*,*,#1461,.F.);
#6876=EDGE_LOOP('',(#6872,#6873,#6874,#6875));
#6877=FACE_BOUND('',#6876,.T.);
#6878=ADVANCED_FACE('',(#6877),#6871,.T.);
#6879=CARTESIAN_POINT('',(-150.,-8.646179805,121.272350689));
#6880=DIRECTION('',(-0.707106781,0.392847479,-0.587937801));
#6881=DIRECTION('',(0.,-0.831469612,-0.555570233));
#6882=AXIS2_PLACEMENT_3D('',#6879,#6880,#6881);
#6883=PLANE('',#6882);
#6884=ORIENTED_EDGE('',*,*,#2474,.F.);
#6885=ORIENTED_EDGE('',*,*,#2500,.F.);
#6886=CARTESIAN_POINT('',(-150.,-6.056880935,123.00246488));
#6887=CARTESIAN_POINT('',(-151.,-6.612451167,123.833934492));
#6888=CARTESIAN_POINT('',(-152.,-7.168021399,124.665404103));
#6889=CARTESIAN_POINT('',(-153.,-7.72359163,125.496873714));
#6890=B_SPLINE_CURVE_WITH_KNOTS('',3,(#6886,#6887,#6888,#6889),.UNSPECIFIED.,.F.,.F.,(4,4),(0.,4.242640688),.UNSPECIFIED.);
#6891=EDGE_CURVE('',#911,#2489,#6890,.T.);
#6892=ORIENTED_EDGE('',*,*,#6891,.F.);
#6893=ORIENTED_EDGE('',*,*,#916,.F.);
#6894=EDGE_LOOP('',(#6884,#6885,#6892,#6893));
#6895=FACE_BOUND('',#6894,.T.);
#6896=ADVANCED_FACE('',(#6895),#6883,.F.);
#6897=CARTESIAN_POINT('',(-150.,6.165664191,104.71013341));
#6898=DIRECTION('',(-1.,0.,0.));
#6899=DIRECTION('',(0.,-1.,0.));
#6900=AXIS2_PLACEMENT_3D('',#6897,#6898,#6899);
#6901=CONICAL_SURFACE('',#6900,22.,44.999999949);
#6902=ORIENTED_EDGE('',*,*,#6891,.T.);
#6903=ORIENTED_EDGE('',*,*,#5872,.F.);
#6904=CARTESIAN_POINT('',(-150.000000002,-14.15968552,113.12916892));
#6905=DIRECTION('',(-0.707106781,-0.653281483,0.27059805));
#6906=VECTOR('',#6905,4.242640698);
#6907=LINE('',#6904,#6906);
#6908=EDGE_CURVE('',#919,#2555,#6907,.T.);
#6909=ORIENTED_EDGE('',*,*,#6908,.F.);
#6910=ORIENTED_EDGE('',*,*,#925,.F.);
#6911=EDGE_LOOP('',(#6902,#6903,#6909,#6910));
#6912=FACE_BOUND('',#6911,.T.);
#6913=ADVANCED_FACE('',(#6912),#6901,.T.);
#6914=CARTESIAN_POINT('',(-150.,-31.486790971,71.297835956));
#6915=DIRECTION('',(-0.707106781,0.653281482,-0.27059805));
#6916=DIRECTION('',(0.,-0.382683432,-0.923879533));
#6917=AXIS2_PLACEMENT_3D('',#6914,#6915,#6916);
#6918=PLANE('',#6917);
#6919=ORIENTED_EDGE('',*,*,#6908,.T.);
#6920=ORIENTED_EDGE('',*,*,#2560,.F.);
#6921=CARTESIAN_POINT('',(-150.,-37.690977071,56.31960573));
#6922=CARTESIAN_POINT('',(-151.,-38.614856602,56.702289162));
#6923=CARTESIAN_POINT('',(-152.,-39.538736132,57.084972594));
#6924=CARTESIAN_POINT('',(-153.,-40.462615663,57.467656026));
#6925=B_SPLINE_CURVE_WITH_KNOTS('',3,(#6921,#6922,#6923,#6924),.UNSPECIFIED.,.F.,.F.,(4,4),(0.,4.242640687),.UNSPECIFIED.);
#6926=EDGE_CURVE('',#928,#2547,#6925,.T.);
#6927=ORIENTED_EDGE('',*,*,#6926,.F.);
#6928=ORIENTED_EDGE('',*,*,#933,.F.);
#6929=EDGE_LOOP('',(#6919,#6920,#6927,#6928));
#6930=FACE_BOUND('',#6929,.T.);
#6931=ADVANCED_FACE('',(#6930),#6918,.F.);
#6932=CARTESIAN_POINT('',(-150.,-21.985025018,49.81398738));
#6933=DIRECTION('',(-1.,0.,0.));
#6934=DIRECTION('',(0.,0.,1.));
#6935=AXIS2_PLACEMENT_3D('',#6932,#6933,#6934);
#6936=CONICAL_SURFACE('',#6935,17.,44.999999949);
#6937=ORIENTED_EDGE('',*,*,#6926,.T.);
#6938=ORIENTED_EDGE('',*,*,#5896,.F.);
#6939=CARTESIAN_POINT('',(-150.,-38.985025018,49.81398738));
#6940=DIRECTION('',(-0.707106781,-0.707106781,0.));
#6941=VECTOR('',#6940,4.242640687);
#6942=LINE('',#6939,#6941);
#6943=EDGE_CURVE('',#827,#1440,#6942,.T.);
#6944=ORIENTED_EDGE('',*,*,#6943,.F.);
#6945=ORIENTED_EDGE('',*,*,#940,.F.);
#6946=EDGE_LOOP('',(#6937,#6938,#6944,#6945));
#6947=FACE_BOUND('',#6946,.T.);
#6948=ADVANCED_FACE('',(#6947),#6936,.T.);
#6949=CARTESIAN_POINT('',(-150.,-38.985025018,39.092));
#6950=DIRECTION('',(0.707106781,-0.707106781,0.));
#6951=DIRECTION('',(0.,0.,1.));
#6952=AXIS2_PLACEMENT_3D('',#6949,#6950,#6951);
#6953=PLANE('',#6952);
#6954=ORIENTED_EDGE('',*,*,#4855,.F.);
#6955=CARTESIAN_POINT('',(-151.,-39.985025018,43.55));
#6956=DIRECTION('',(0.577350269,0.577350269,0.577350269));
#6957=VECTOR('',#6956,1.732050808);
#6958=LINE('',#6955,#6957);
#6959=EDGE_CURVE('',#4844,#829,#6958,.T.);
#6960=ORIENTED_EDGE('',*,*,#6959,.T.);
#6961=ORIENTED_EDGE('',*,*,#834,.F.);
#6962=ORIENTED_EDGE('',*,*,#6943,.T.);
#6963=ORIENTED_EDGE('',*,*,#1445,.F.);
#6964=EDGE_LOOP('',(#6954,#6960,#6961,#6962,#6963));
#6965=FACE_BOUND('',#6964,.T.);
#6966=ADVANCED_FACE('',(#6965),#6953,.T.);
#6967=CARTESIAN_POINT('',(-150.,46.264974982,44.55));
#6968=DIRECTION('',(0.707106781,0.,-0.707106781));
#6969=DIRECTION('',(0.,-1.,0.));
#6970=AXIS2_PLACEMENT_3D('',#6967,#6968,#6969);
#6971=PLANE('',#6970);
#6972=ORIENTED_EDGE('',*,*,#6959,.F.);
#6973=ORIENTED_EDGE('',*,*,#4849,.F.);
#6974=ORIENTED_EDGE('',*,*,#3615,.F.);
#6975=ORIENTED_EDGE('',*,*,#842,.F.);
#6976=EDGE_LOOP('',(#6972,#6973,#6974,#6975));
#6977=FACE_BOUND('',#6976,.T.);
#6978=ADVANCED_FACE('',(#6977),#6971,.T.);
#6979=CARTESIAN_POINT('',(-150.,46.264974982,15.45));
#6980=DIRECTION('',(0.707106781,0.,0.707106781));
#6981=DIRECTION('',(0.,1.,0.));
#6982=AXIS2_PLACEMENT_3D('',#6979,#6980,#6981);
#6983=PLANE('',#6982);
#6984=ORIENTED_EDGE('',*,*,#5774,.F.);
#6985=ORIENTED_EDGE('',*,*,#2290,.F.);
#6986=ORIENTED_EDGE('',*,*,#5757,.F.);
#6987=ORIENTED_EDGE('',*,*,#5524,.F.);
#6988=EDGE_LOOP('',(#6984,#6985,#6986,#6987));
#6989=FACE_BOUND('',#6988,.T.);
#6990=ADVANCED_FACE('',(#6989),#6983,.T.);
#6991=CLOSED_SHELL('',(#94,#733,#1192,#1286,#1336,#1358,#1390,#1423,#1580,#1706,#1741,#1776,#1811,#1846,#1881,#1900,#1937,#1977,#2040,#2062,#2088,#2110,#2135,#2175,#2199,#2232,
#2258,#2277,#2308,#2416,#2456,#2480,#2520,#2538,#2578,#2609,#2644,#2687,#2716,#2735,#2770,#2805,#2840,#2875,#2894,#2924,#2954,#2984,#3014,#3033,#3052,
#3071,#3090,#3109,#3152,#3181,#3200,#3235,#3254,#3297,#3326,#3345,#3380,#3399,#3442,#3471,#3490,#3525,#3544,#3568,#3585,#3602,#3627,#3673,#3719,#3765,
#3811,#3857,#3903,#3949,#3995,#4039,#4083,#4127,#4171,#4215,#4259,#4303,#4347,#4382,#4417,#4452,#4487,#4522,#4557,#4592,#4627,#4647,#4667,#4687,#4707,
#4727,#4747,#4767,#4787,#4836,#4862,#4893,#4917,#4941,#4958,#4970,#4995,#5030,#5040,#5049,#5075,#5110,#5188,#5212,#5243,#5260,#5295,#5323,#5340,#5362,
#5381,#5398,#5412,#5447,#5482,#5492,#5502,#5542,#5582,#5624,#5666,#5683,#5704,#5721,#5746,#5763,#5785,#5810,#5827,#5848,#5860,#5884,#5908,#5926,#5943,
#5955,#6003,#6026,#6049,#6062,#6080,#6097,#6114,#6126,#6166,#6206,#6246,#6286,#6310,#6334,#6358,#6398,#6422,#6446,#6470,#6487,#6504,#6522,#6539,#6556,
#6573,#6591,#6609,#6621,#6645,#6662,#6679,#6697,#6715,#6732,#6749,#6767,#6784,#6796,#6814,#6831,#6849,#6866,#6878,#6896,#6913,#6931,#6948,#6966,#6978,
#6990));
#6992=MANIFOLD_SOLID_BREP('Y',#6991);
#6993=COLOUR_RGB('',0.870588243,0.400000006,0.501960814);
#6994=FILL_AREA_STYLE_COLOUR('',#6993);
#6995=FILL_AREA_STYLE('',(#6994));
#6996=SURFACE_STYLE_FILL_AREA(#6995);
#6997=SURFACE_SIDE_STYLE('',(#6996));
#6998=SURFACE_STYLE_USAGE(.BOTH.,#6997);
#6999=PRESENTATION_STYLE_ASSIGNMENT((#6998));
#54=STYLED_ITEM('',(#6999),#6992);
#7001=CARTESIAN_POINT('',(156.166479996,29.899971859,133.5));
#7002=DIRECTION('',(0.,0.,1.));
#7003=DIRECTION('',(-1.,0.,0.));
#7004=AXIS2_PLACEMENT_3D('',#7001,#7002,#7003);
#7005=PLANE('',#7004);
#7006=CARTESIAN_POINT('',(150.5,26.098612712,133.5));
#7007=VERTEX_POINT('',#7006);
#7008=CARTESIAN_POINT('',(150.5,23.999971859,133.5));
#7009=VERTEX_POINT('',#7008);
#7010=CARTESIAN_POINT('',(150.5,26.098612712,133.5));
#7011=DIRECTION('',(0.,-1.,0.));
#7012=VECTOR('',#7011,2.098640853);
#7013=LINE('',#7010,#7012);
#7014=EDGE_CURVE('',#7007,#7009,#7013,.T.);
#7015=ORIENTED_EDGE('',*,*,#7014,.F.);
#7016=CARTESIAN_POINT('',(156.500480807,26.098612712,133.5));
#7017=VERTEX_POINT('',#7016);
#7018=CARTESIAN_POINT('',(150.5,26.098612712,133.5));
#7019=DIRECTION('',(1.,0.,-0.));
#7020=VECTOR('',#7019,6.000480807);
#7021=LINE('',#7018,#7020);
#7022=EDGE_CURVE('',#7007,#7017,#7021,.T.);
#7023=ORIENTED_EDGE('',*,*,#7022,.T.);
#7024=CARTESIAN_POINT('',(156.500480807,23.999971859,133.5));
#7025=VERTEX_POINT('',#7024);
#7026=CARTESIAN_POINT('',(156.500480807,26.098612712,133.5));
#7027=DIRECTION('',(0.,-1.,0.));
#7028=VECTOR('',#7027,2.098640853);
#7029=LINE('',#7026,#7028);
#7030=EDGE_CURVE('',#7017,#7025,#7029,.T.);
#7031=ORIENTED_EDGE('',*,*,#7030,.T.);
#7032=CARTESIAN_POINT('',(156.500480807,23.999971859,133.5));
#7033=DIRECTION('',(-1.,0.,0.));
#7034=VECTOR('',#7033,6.000480807);
#7035=LINE('',#7032,#7034);
#7036=EDGE_CURVE('',#7025,#7009,#7035,.T.);
#7037=ORIENTED_EDGE('',*,*,#7036,.T.);
#7038=EDGE_LOOP('',(#7015,#7023,#7031,#7037));
#7039=FACE_BOUND('',#7038,.T.);
#7040=ADVANCED_FACE('',(#7039),#7005,.F.);
#7041=CARTESIAN_POINT('',(184.2,51.014974982,109.));
#7042=DIRECTION('',(1.,0.,0.));
#7043=DIRECTION('',(0.,0.,1.));
#7044=AXIS2_PLACEMENT_3D('',#7041,#7042,#7043);
#7045=PLANE('',#7044);
#7046=CARTESIAN_POINT('',(184.2,25.249999389,131.999999314));
#7047=VERTEX_POINT('',#7046);
#7048=CARTESIAN_POINT('',(184.2,26.999999389,130.249999314));
#7049=VERTEX_POINT('',#7048);
#7050=CARTESIAN_POINT('',(184.2,26.999999389,131.999999314));
#7051=DIRECTION('',(1.,0.,0.));
#7052=DIRECTION('',(0.,0.,-1.));
#7053=AXIS2_PLACEMENT_3D('',#7050,#7051,#7052);
#7054=CIRCLE('',#7053,1.75);
#7055=EDGE_CURVE('',#7047,#7049,#7054,.T.);
#7056=ORIENTED_EDGE('',*,*,#7055,.F.);
#7057=CARTESIAN_POINT('',(184.2,26.999999389,131.999999314));
#7058=DIRECTION('',(1.,0.,0.));
#7059=DIRECTION('',(0.,0.,-1.));
#7060=AXIS2_PLACEMENT_3D('',#7057,#7058,#7059);
#7061=CIRCLE('',#7060,1.75);
#7062=EDGE_CURVE('',#7049,#7047,#7061,.T.);
#7063=ORIENTED_EDGE('',*,*,#7062,.F.);
#7064=EDGE_LOOP('',(#7056,#7063));
#7065=FACE_BOUND('',#7064,.T.);
#7066=CARTESIAN_POINT('',(184.2,8.,97.));
#7067=VERTEX_POINT('',#7066);
#7068=CARTESIAN_POINT('',(184.2,8.,84.386948409));
#7069=VERTEX_POINT('',#7068);
#7070=CARTESIAN_POINT('',(184.2,8.,97.));
#7071=DIRECTION('',(-0.,-0.,-1.));
#7072=VECTOR('',#7071,12.613051591);
#7073=LINE('',#7070,#7072);
#7074=EDGE_CURVE('',#7067,#7069,#7073,.T.);
#7075=ORIENTED_EDGE('',*,*,#7074,.T.);
#7076=CARTESIAN_POINT('',(184.2,6.858192988,78.646696923));
#7077=VERTEX_POINT('',#7076);
#7078=CARTESIAN_POINT('',(184.2,-7.,84.386948409));
#7079=DIRECTION('',(-1.,-0.,-0.));
#7080=DIRECTION('',(0.,0.,-1.));
#7081=AXIS2_PLACEMENT_3D('',#7078,#7079,#7080);
#7082=CIRCLE('',#7081,15.);
#7083=EDGE_CURVE('',#7069,#7077,#7082,.T.);
#7084=ORIENTED_EDGE('',*,*,#7083,.T.);
#7085=CARTESIAN_POINT('',(184.2,-4.716092719,50.703899409));
#7086=VERTEX_POINT('',#7085);
#7087=CARTESIAN_POINT('',(184.2,6.858192988,78.646696923));
#7088=DIRECTION('',(0.,-0.382683432,-0.923879533));
#7089=VECTOR('',#7088,30.245066086);
#7090=LINE('',#7087,#7089);
#7091=EDGE_CURVE('',#7077,#7086,#7090,.T.);
#7092=ORIENTED_EDGE('',*,*,#7091,.T.);
#7093=CARTESIAN_POINT('',(184.2,-10.25936991,47.));
#7094=VERTEX_POINT('',#7093);
#7095=CARTESIAN_POINT('',(184.2,-10.25936991,53.));
#7096=DIRECTION('',(-1.,-0.,-0.));
#7097=DIRECTION('',(0.,0.,-1.));
#7098=AXIS2_PLACEMENT_3D('',#7095,#7096,#7097);
#7099=CIRCLE('',#7098,6.);
#7100=EDGE_CURVE('',#7086,#7094,#7099,.T.);
#7101=ORIENTED_EDGE('',*,*,#7100,.T.);
#7102=CARTESIAN_POINT('',(184.2,-18.568901116,47.));
#7103=VERTEX_POINT('',#7102);
#7104=CARTESIAN_POINT('',(184.2,-10.25936991,47.));
#7105=DIRECTION('',(0.,-1.,0.));
#7106=VECTOR('',#7105,8.309531206);
#7107=LINE('',#7104,#7106);
#7108=EDGE_CURVE('',#7094,#7103,#7107,.T.);
#7109=ORIENTED_EDGE('',*,*,#7108,.T.);
#7110=CARTESIAN_POINT('',(184.2,-24.139761261,55.228344058));
#7111=VERTEX_POINT('',#7110);
#7112=CARTESIAN_POINT('',(184.2,-18.568901116,53.));
#7113=DIRECTION('',(-1.,-0.,-0.));
#7114=DIRECTION('',(0.,0.,-1.));
#7115=AXIS2_PLACEMENT_3D('',#7112,#7113,#7114);
#7116=CIRCLE('',#7115,6.);
#7117=EDGE_CURVE('',#7103,#7111,#7116,.T.);
#7118=ORIENTED_EDGE('',*,*,#7117,.T.);
#7119=CARTESIAN_POINT('',(184.2,-6.539761261,99.228344058));
#7120=VERTEX_POINT('',#7119);
#7121=CARTESIAN_POINT('',(184.2,-24.139761261,55.228344058));
#7122=DIRECTION('',(0.,0.371390676,0.928476691));
#7123=VECTOR('',#7122,47.389450303);
#7124=LINE('',#7121,#7123);
#7125=EDGE_CURVE('',#7111,#7120,#7124,.T.);
#7126=ORIENTED_EDGE('',*,*,#7125,.T.);
#7127=CARTESIAN_POINT('',(184.2,-0.968901116,103.));
#7128=VERTEX_POINT('',#7127);
#7129=CARTESIAN_POINT('',(184.2,-0.968901116,97.));
#7130=DIRECTION('',(-1.,-0.,-0.));
#7131=DIRECTION('',(0.,0.,-1.));
#7132=AXIS2_PLACEMENT_3D('',#7129,#7130,#7131);
#7133=CIRCLE('',#7132,6.);
#7134=EDGE_CURVE('',#7120,#7128,#7133,.T.);
#7135=ORIENTED_EDGE('',*,*,#7134,.T.);
#7136=CARTESIAN_POINT('',(184.2,2.,102.999999997));
#7137=VERTEX_POINT('',#7136);
#7138=CARTESIAN_POINT('',(184.2,-0.968901116,103.));
#7139=DIRECTION('',(-0.,1.,-0.));
#7140=VECTOR('',#7139,2.968901116);
#7141=LINE('',#7138,#7140);
#7142=EDGE_CURVE('',#7128,#7137,#7141,.T.);
#7143=ORIENTED_EDGE('',*,*,#7142,.T.);
#7144=CARTESIAN_POINT('',(184.2,2.,97.));
#7145=DIRECTION('',(-1.,-0.,-0.));
#7146=DIRECTION('',(0.,0.,-1.));
#7147=AXIS2_PLACEMENT_3D('',#7144,#7145,#7146);
#7148=CIRCLE('',#7147,5.999999995);
#7149=EDGE_CURVE('',#7137,#7067,#7148,.T.);
#7150=ORIENTED_EDGE('',*,*,#7149,.T.);
#7151=EDGE_LOOP('',(#7075,#7084,#7092,#7101,#7109,#7118,#7126,#7135,#7143,#7150));
#7152=FACE_BOUND('',#7151,.T.);
#7153=CARTESIAN_POINT('',(184.2,25.265670474,121.858873259));
#7154=VERTEX_POINT('',#7153);
#7155=CARTESIAN_POINT('',(184.2,27.015670474,120.108873259));
#7156=VERTEX_POINT('',#7155);
#7157=CARTESIAN_POINT('',(184.2,27.015670474,121.858873259));
#7158=DIRECTION('',(1.,0.,0.));
#7159=DIRECTION('',(0.,0.,-1.));
#7160=AXIS2_PLACEMENT_3D('',#7157,#7158,#7159);
#7161=CIRCLE('',#7160,1.75);
#7162=EDGE_CURVE('',#7154,#7156,#7161,.T.);
#7163=ORIENTED_EDGE('',*,*,#7162,.F.);
#7164=CARTESIAN_POINT('',(184.2,27.015670474,121.858873259));
#7165=DIRECTION('',(1.,0.,0.));
#7166=DIRECTION('',(0.,0.,-1.));
#7167=AXIS2_PLACEMENT_3D('',#7164,#7165,#7166);
#7168=CIRCLE('',#7167,1.75);
#7169=EDGE_CURVE('',#7156,#7154,#7168,.T.);
#7170=ORIENTED_EDGE('',*,*,#7169,.F.);
#7171=EDGE_LOOP('',(#7163,#7170));
#7172=FACE_BOUND('',#7171,.T.);
#7173=CARTESIAN_POINT('',(184.2,81.014971859,133.400000001));
#7174=VERTEX_POINT('',#7173);
#7175=CARTESIAN_POINT('',(184.2,75.41497186,139.));
#7176=VERTEX_POINT('',#7175);
#7177=CARTESIAN_POINT('',(184.2,81.014971859,139.));
#7178=DIRECTION('',(-1.,-0.,-0.));
#7179=DIRECTION('',(0.,0.,-1.));
#7180=AXIS2_PLACEMENT_3D('',#7177,#7178,#7179);
#7181=CIRCLE('',#7180,5.599999999);
#7182=EDGE_CURVE('',#7174,#7176,#7181,.T.);
#7183=ORIENTED_EDGE('',*,*,#7182,.T.);
#7184=CARTESIAN_POINT('',(184.2,81.014971859,139.));
#7185=DIRECTION('',(-1.,-0.,-0.));
#7186=DIRECTION('',(0.,0.,-1.));
#7187=AXIS2_PLACEMENT_3D('',#7184,#7185,#7186);
#7188=CIRCLE('',#7187,5.599999999);
#7189=EDGE_CURVE('',#7176,#7174,#7188,.T.);
#7190=ORIENTED_EDGE('',*,*,#7189,.T.);
#7191=EDGE_LOOP('',(#7183,#7190));
#7192=FACE_BOUND('',#7191,.T.);
#7193=CARTESIAN_POINT('',(184.2,61.014971859,113.400000001));
#7194=VERTEX_POINT('',#7193);
#7195=CARTESIAN_POINT('',(184.2,55.41497186,119.));
#7196=VERTEX_POINT('',#7195);
#7197=CARTESIAN_POINT('',(184.2,61.014971859,119.));
#7198=DIRECTION('',(-1.,-0.,-0.));
#7199=DIRECTION('',(0.,0.,-1.));
#7200=AXIS2_PLACEMENT_3D('',#7197,#7198,#7199);
#7201=CIRCLE('',#7200,5.599999999);
#7202=EDGE_CURVE('',#7194,#7196,#7201,.T.);
#7203=ORIENTED_EDGE('',*,*,#7202,.T.);
#7204=CARTESIAN_POINT('',(184.2,61.014971859,119.));
#7205=DIRECTION('',(-1.,-0.,-0.));
#7206=DIRECTION('',(0.,0.,-1.));
#7207=AXIS2_PLACEMENT_3D('',#7204,#7205,#7206);
#7208=CIRCLE('',#7207,5.599999999);
#7209=EDGE_CURVE('',#7196,#7194,#7208,.T.);
#7210=ORIENTED_EDGE('',*,*,#7209,.T.);
#7211=EDGE_LOOP('',(#7203,#7210));
#7212=FACE_BOUND('',#7211,.T.);
#7213=CARTESIAN_POINT('',(184.2,81.014971859,113.400000001));
#7214=VERTEX_POINT('',#7213);
#7215=CARTESIAN_POINT('',(184.2,75.41497186,119.));
#7216=VERTEX_POINT('',#7215);
#7217=CARTESIAN_POINT('',(184.2,81.014971859,119.));
#7218=DIRECTION('',(-1.,-0.,-0.));
#7219=DIRECTION('',(0.,0.,-1.));
#7220=AXIS2_PLACEMENT_3D('',#7217,#7218,#7219);
#7221=CIRCLE('',#7220,5.599999999);
#7222=EDGE_CURVE('',#7214,#7216,#7221,.T.);
#7223=ORIENTED_EDGE('',*,*,#7222,.T.);
#7224=CARTESIAN_POINT('',(184.2,81.014971859,119.));
#7225=DIRECTION('',(-1.,-0.,-0.));
#7226=DIRECTION('',(0.,0.,-1.));
#7227=AXIS2_PLACEMENT_3D('',#7224,#7225,#7226);
#7228=CIRCLE('',#7227,5.599999999);
#7229=EDGE_CURVE('',#7216,#7214,#7228,.T.);
#7230=ORIENTED_EDGE('',*,*,#7229,.T.);
#7231=EDGE_LOOP('',(#7223,#7230));
#7232=FACE_BOUND('',#7231,.T.);
#7233=CARTESIAN_POINT('',(184.2,61.014971859,133.400000001));
#7234=VERTEX_POINT('',#7233);
#7235=CARTESIAN_POINT('',(184.2,55.41497186,139.));
#7236=VERTEX_POINT('',#7235);
#7237=CARTESIAN_POINT('',(184.2,61.014971859,139.));
#7238=DIRECTION('',(-1.,-0.,-0.));
#7239=DIRECTION('',(0.,0.,-1.));
#7240=AXIS2_PLACEMENT_3D('',#7237,#7238,#7239);
#7241=CIRCLE('',#7240,5.599999999);
#7242=EDGE_CURVE('',#7234,#7236,#7241,.T.);
#7243=ORIENTED_EDGE('',*,*,#7242,.T.);
#7244=CARTESIAN_POINT('',(184.2,61.014971859,139.));
#7245=DIRECTION('',(-1.,-0.,-0.));
#7246=DIRECTION('',(0.,0.,-1.));
#7247=AXIS2_PLACEMENT_3D('',#7244,#7245,#7246);
#7248=CIRCLE('',#7247,5.599999999);
#7249=EDGE_CURVE('',#7236,#7234,#7248,.T.);
#7250=ORIENTED_EDGE('',*,*,#7249,.T.);
#7251=EDGE_LOOP('',(#7243,#7250));
#7252=FACE_BOUND('',#7251,.T.);
#7253=CARTESIAN_POINT('',(184.2,-29.3,16.6));
#7254=VERTEX_POINT('',#7253);
#7255=CARTESIAN_POINT('',(184.2,-32.7,20.));
#7256=VERTEX_POINT('',#7255);
#7257=CARTESIAN_POINT('',(184.2,-29.3,20.));
#7258=DIRECTION('',(-1.,-0.,-0.));
#7259=DIRECTION('',(0.,0.,-1.));
#7260=AXIS2_PLACEMENT_3D('',#7257,#7258,#7259);
#7261=CIRCLE('',#7260,3.4);
#7262=EDGE_CURVE('',#7254,#7256,#7261,.T.);
#7263=ORIENTED_EDGE('',*,*,#7262,.T.);
#7264=CARTESIAN_POINT('',(184.2,-29.3,20.));
#7265=DIRECTION('',(-1.,-0.,-0.));
#7266=DIRECTION('',(0.,0.,-1.));
#7267=AXIS2_PLACEMENT_3D('',#7264,#7265,#7266);
#7268=CIRCLE('',#7267,3.4);
#7269=EDGE_CURVE('',#7256,#7254,#7268,.T.);
#7270=ORIENTED_EDGE('',*,*,#7269,.T.);
#7271=EDGE_LOOP('',(#7263,#7270));
#7272=FACE_BOUND('',#7271,.T.);
#7273=CARTESIAN_POINT('',(184.2,-9.3,36.6));
#7274=VERTEX_POINT('',#7273);
#7275=CARTESIAN_POINT('',(184.2,-12.7,40.));
#7276=VERTEX_POINT('',#7275);
#7277=CARTESIAN_POINT('',(184.2,-9.3,40.));
#7278=DIRECTION('',(-1.,-0.,-0.));
#7279=DIRECTION('',(0.,0.,-1.));
#7280=AXIS2_PLACEMENT_3D('',#7277,#7278,#7279);
#7281=CIRCLE('',#7280,3.4);
#7282=EDGE_CURVE('',#7274,#7276,#7281,.T.);
#7283=ORIENTED_EDGE('',*,*,#7282,.T.);
#7284=CARTESIAN_POINT('',(184.2,-9.3,40.));
#7285=DIRECTION('',(-1.,-0.,-0.));
#7286=DIRECTION('',(0.,0.,-1.));
#7287=AXIS2_PLACEMENT_3D('',#7284,#7285,#7286);
#7288=CIRCLE('',#7287,3.4);
#7289=EDGE_CURVE('',#7276,#7274,#7288,.T.);
#7290=ORIENTED_EDGE('',*,*,#7289,.T.);
#7291=EDGE_LOOP('',(#7283,#7290));
#7292=FACE_BOUND('',#7291,.T.);
#7293=CARTESIAN_POINT('',(184.2,38.2,36.6));
#7294=VERTEX_POINT('',#7293);
#7295=CARTESIAN_POINT('',(184.2,34.8,40.));
#7296=VERTEX_POINT('',#7295);
#7297=CARTESIAN_POINT('',(184.2,38.2,40.));
#7298=DIRECTION('',(-1.,-0.,-0.));
#7299=DIRECTION('',(0.,0.,-1.));
#7300=AXIS2_PLACEMENT_3D('',#7297,#7298,#7299);
#7301=CIRCLE('',#7300,3.4);
#7302=EDGE_CURVE('',#7294,#7296,#7301,.T.);
#7303=ORIENTED_EDGE('',*,*,#7302,.T.);
#7304=CARTESIAN_POINT('',(184.2,38.2,40.));
#7305=DIRECTION('',(-1.,-0.,-0.));
#7306=DIRECTION('',(0.,0.,-1.));
#7307=AXIS2_PLACEMENT_3D('',#7304,#7305,#7306);
#7308=CIRCLE('',#7307,3.4);
#7309=EDGE_CURVE('',#7296,#7294,#7308,.T.);
#7310=ORIENTED_EDGE('',*,*,#7309,.T.);
#7311=EDGE_LOOP('',(#7303,#7310));
#7312=FACE_BOUND('',#7311,.T.);
#7313=CARTESIAN_POINT('',(184.2,18.2,16.6));
#7314=VERTEX_POINT('',#7313);
#7315=CARTESIAN_POINT('',(184.2,14.8,20.));
#7316=VERTEX_POINT('',#7315);
#7317=CARTESIAN_POINT('',(184.2,18.2,20.));
#7318=DIRECTION('',(-1.,-0.,-0.));
#7319=DIRECTION('',(0.,0.,-1.));
#7320=AXIS2_PLACEMENT_3D('',#7317,#7318,#7319);
#7321=CIRCLE('',#7320,3.4);
#7322=EDGE_CURVE('',#7314,#7316,#7321,.T.);
#7323=ORIENTED_EDGE('',*,*,#7322,.T.);
#7324=CARTESIAN_POINT('',(184.2,18.2,20.));
#7325=DIRECTION('',(-1.,-0.,-0.));
#7326=DIRECTION('',(0.,0.,-1.));
#7327=AXIS2_PLACEMENT_3D('',#7324,#7325,#7326);
#7328=CIRCLE('',#7327,3.4);
#7329=EDGE_CURVE('',#7316,#7314,#7328,.T.);
#7330=ORIENTED_EDGE('',*,*,#7329,.T.);
#7331=EDGE_LOOP('',(#7323,#7330));
#7332=FACE_BOUND('',#7331,.T.);
#7333=CARTESIAN_POINT('',(184.2,38.2,16.6));
#7334=VERTEX_POINT('',#7333);
#7335=CARTESIAN_POINT('',(184.2,34.8,20.));
#7336=VERTEX_POINT('',#7335);
#7337=CARTESIAN_POINT('',(184.2,38.2,20.));
#7338=DIRECTION('',(-1.,-0.,-0.));
#7339=DIRECTION('',(0.,0.,-1.));
#7340=AXIS2_PLACEMENT_3D('',#7337,#7338,#7339);
#7341=CIRCLE('',#7340,3.4);
#7342=EDGE_CURVE('',#7334,#7336,#7341,.T.);
#7343=ORIENTED_EDGE('',*,*,#7342,.T.);
#7344=CARTESIAN_POINT('',(184.2,38.2,20.));
#7345=DIRECTION('',(-1.,-0.,-0.));
#7346=DIRECTION('',(0.,0.,-1.));
#7347=AXIS2_PLACEMENT_3D('',#7344,#7345,#7346);
#7348=CIRCLE('',#7347,3.4);
#7349=EDGE_CURVE('',#7336,#7334,#7348,.T.);
#7350=ORIENTED_EDGE('',*,*,#7349,.T.);
#7351=EDGE_LOOP('',(#7343,#7350));
#7352=FACE_BOUND('',#7351,.T.);
#7353=CARTESIAN_POINT('',(184.2,18.2,36.6));
#7354=VERTEX_POINT('',#7353);
#7355=CARTESIAN_POINT('',(184.2,14.8,40.));
#7356=VERTEX_POINT('',#7355);
#7357=CARTESIAN_POINT('',(184.2,18.2,40.));
#7358=DIRECTION('',(-1.,-0.,-0.));
#7359=DIRECTION('',(0.,0.,-1.));
#7360=AXIS2_PLACEMENT_3D('',#7357,#7358,#7359);
#7361=CIRCLE('',#7360,3.4);
#7362=EDGE_CURVE('',#7354,#7356,#7361,.T.);
#7363=ORIENTED_EDGE('',*,*,#7362,.T.);
#7364=CARTESIAN_POINT('',(184.2,18.2,40.));
#7365=DIRECTION('',(-1.,-0.,-0.));
#7366=DIRECTION('',(0.,0.,-1.));
#7367=AXIS2_PLACEMENT_3D('',#7364,#7365,#7366);
#7368=CIRCLE('',#7367,3.4);
#7369=EDGE_CURVE('',#7356,#7354,#7368,.T.);
#7370=ORIENTED_EDGE('',*,*,#7369,.T.);
#7371=EDGE_LOOP('',(#7363,#7370));
#7372=FACE_BOUND('',#7371,.T.);
#7373=CARTESIAN_POINT('',(184.2,-29.3,36.6));
#7374=VERTEX_POINT('',#7373);
#7375=CARTESIAN_POINT('',(184.2,-32.7,40.));
#7376=VERTEX_POINT('',#7375);
#7377=CARTESIAN_POINT('',(184.2,-29.3,40.));
#7378=DIRECTION('',(-1.,-0.,-0.));
#7379=DIRECTION('',(0.,0.,-1.));
#7380=AXIS2_PLACEMENT_3D('',#7377,#7378,#7379);
#7381=CIRCLE('',#7380,3.4);
#7382=EDGE_CURVE('',#7374,#7376,#7381,.T.);
#7383=ORIENTED_EDGE('',*,*,#7382,.T.);
#7384=CARTESIAN_POINT('',(184.2,-29.3,40.));
#7385=DIRECTION('',(-1.,-0.,-0.));
#7386=DIRECTION('',(0.,0.,-1.));
#7387=AXIS2_PLACEMENT_3D('',#7384,#7385,#7386);
#7388=CIRCLE('',#7387,3.4);
#7389=EDGE_CURVE('',#7376,#7374,#7388,.T.);
#7390=ORIENTED_EDGE('',*,*,#7389,.T.);
#7391=EDGE_LOOP('',(#7383,#7390));
#7392=FACE_BOUND('',#7391,.T.);
#7393=CARTESIAN_POINT('',(184.2,-9.3,16.6));
#7394=VERTEX_POINT('',#7393);
#7395=CARTESIAN_POINT('',(184.2,-12.7,20.));
#7396=VERTEX_POINT('',#7395);
#7397=CARTESIAN_POINT('',(184.2,-9.3,20.));
#7398=DIRECTION('',(-1.,-0.,-0.));
#7399=DIRECTION('',(0.,0.,-1.));
#7400=AXIS2_PLACEMENT_3D('',#7397,#7398,#7399);
#7401=CIRCLE('',#7400,3.4);
#7402=EDGE_CURVE('',#7394,#7396,#7401,.T.);
#7403=ORIENTED_EDGE('',*,*,#7402,.T.);
#7404=CARTESIAN_POINT('',(184.2,-9.3,20.));
#7405=DIRECTION('',(-1.,-0.,-0.));
#7406=DIRECTION('',(0.,0.,-1.));
#7407=AXIS2_PLACEMENT_3D('',#7404,#7405,#7406);
#7408=CIRCLE('',#7407,3.4);
#7409=EDGE_CURVE('',#7396,#7394,#7408,.T.);
#7410=ORIENTED_EDGE('',*,*,#7409,.T.);
#7411=EDGE_LOOP('',(#7403,#7410));
#7412=FACE_BOUND('',#7411,.T.);
#7413=CARTESIAN_POINT('',(184.2,-37.690977074,56.319605668));
#7414=VERTEX_POINT('',#7413);
#7415=CARTESIAN_POINT('',(184.2,-38.985025018,49.813987326));
#7416=VERTEX_POINT('',#7415);
#7417=CARTESIAN_POINT('',(184.2,-21.985025018,49.813987326));
#7418=DIRECTION('',(1.,-0.,-0.));
#7419=DIRECTION('',(0.,0.,1.));
#7420=AXIS2_PLACEMENT_3D('',#7417,#7418,#7419);
#7421=CIRCLE('',#7420,17.);
#7422=EDGE_CURVE('',#7414,#7416,#7421,.T.);
#7423=ORIENTED_EDGE('',*,*,#7422,.T.);
#7424=CARTESIAN_POINT('',(184.2,-38.985025018,-10.171572875));
#7425=VERTEX_POINT('',#7424);
#7426=CARTESIAN_POINT('',(184.2,-38.985025018,49.813987326));
#7427=DIRECTION('',(-0.,-0.,-1.));
#7428=VECTOR('',#7427,59.985560201);
#7429=LINE('',#7426,#7428);
#7430=EDGE_CURVE('',#7416,#7425,#7429,.T.);
#7431=ORIENTED_EDGE('',*,*,#7430,.T.);
#7432=CARTESIAN_POINT('',(184.2,-31.985025018,-17.171572875));
#7433=VERTEX_POINT('',#7432);
#7434=CARTESIAN_POINT('',(184.2,-38.985025018,-10.171572875));
#7435=DIRECTION('',(0.,0.707106781,-0.707106781));
#7436=VECTOR('',#7435,9.899494936);
#7437=LINE('',#7434,#7436);
#7438=EDGE_CURVE('',#7425,#7433,#7437,.T.);
#7439=ORIENTED_EDGE('',*,*,#7438,.T.);
#7440=CARTESIAN_POINT('',(184.200000001,35.739350073,-17.171572876));
#7441=VERTEX_POINT('',#7440);
#7442=CARTESIAN_POINT('',(184.2,-31.985025018,-17.171572875));
#7443=DIRECTION('',(-0.,1.,-0.));
#7444=VECTOR('',#7443,67.724375091);
#7445=LINE('',#7442,#7444);
#7446=EDGE_CURVE('',#7433,#7441,#7445,.T.);
#7447=ORIENTED_EDGE('',*,*,#7446,.T.);
#7448=CARTESIAN_POINT('',(184.2,47.10076142,-10.612058977));
#7449=VERTEX_POINT('',#7448);
#7450=CARTESIAN_POINT('',(184.2,35.739350072,-17.171572875));
#7451=DIRECTION('',(0.,0.866025404,0.5));
#7452=VECTOR('',#7451,13.119027799);
#7453=LINE('',#7450,#7452);
#7454=EDGE_CURVE('',#7441,#7449,#7453,.T.);
#7455=ORIENTED_EDGE('',*,*,#7454,.T.);
#7456=CARTESIAN_POINT('',(184.2,47.10076142,52.431457505));
#7457=VERTEX_POINT('',#7456);
#7458=CARTESIAN_POINT('',(184.2,47.10076142,-10.612058977));
#7459=DIRECTION('',(0.,0.,1.));
#7460=VECTOR('',#7459,63.043516482);
#7461=LINE('',#7458,#7460);
#7462=EDGE_CURVE('',#7449,#7457,#7461,.T.);
#7463=ORIENTED_EDGE('',*,*,#7462,.T.);
#7464=CARTESIAN_POINT('',(184.2,59.962936785,83.483495704));
#7465=VERTEX_POINT('',#7464);
#7466=CARTESIAN_POINT('',(184.2,91.014974982,52.431457505));
#7467=DIRECTION('',(-1.,-0.,-0.));
#7468=DIRECTION('',(0.,0.,-1.));
#7469=AXIS2_PLACEMENT_3D('',#7466,#7467,#7468);
#7470=CIRCLE('',#7469,43.914213556);
#7471=EDGE_CURVE('',#7457,#7465,#7470,.T.);
#7472=ORIENTED_EDGE('',*,*,#7471,.T.);
#7473=CARTESIAN_POINT('',(184.2,75.071624773,98.592183697));
#7474=VERTEX_POINT('',#7473);
#7475=CARTESIAN_POINT('',(184.2,59.962936783,83.483495706));
#7476=DIRECTION('',(0.,0.707106781,0.707106781));
#7477=VECTOR('',#7476,21.366911465);
#7478=LINE('',#7475,#7477);
#7479=EDGE_CURVE('',#7465,#7474,#7478,.T.);
#7480=ORIENTED_EDGE('',*,*,#7479,.T.);
#7481=CARTESIAN_POINT('',(184.2,88.014974982,107.869494427));
#7482=VERTEX_POINT('',#7481);
#7483=CARTESIAN_POINT('',(184.2,109.659196879,64.00461159));
#7484=DIRECTION('',(-1.,-0.,-0.));
#7485=DIRECTION('',(0.,0.,-1.));
#7486=AXIS2_PLACEMENT_3D('',#7483,#7484,#7485);
#7487=CIRCLE('',#7486,48.914213556);
#7488=EDGE_CURVE('',#7474,#7482,#7487,.T.);
#7489=ORIENTED_EDGE('',*,*,#7488,.T.);
#7490=CARTESIAN_POINT('',(184.2,88.014974982,147.348528137));
#7491=VERTEX_POINT('',#7490);
#7492=CARTESIAN_POINT('',(184.2,88.014974982,107.869494427));
#7493=DIRECTION('',(0.,0.,1.));
#7494=VECTOR('',#7493,39.47903371);
#7495=LINE('',#7492,#7494);
#7496=EDGE_CURVE('',#7482,#7491,#7495,.T.);
#7497=ORIENTED_EDGE('',*,*,#7496,.T.);
#7498=CARTESIAN_POINT('',(184.2,44.189223774,147.348528137));
#7499=VERTEX_POINT('',#7498);
#7500=CARTESIAN_POINT('',(184.2,88.014974982,147.348528137));
#7501=DIRECTION('',(0.,-1.,0.));
#7502=VECTOR('',#7501,43.825751208);
#7503=LINE('',#7500,#7502);
#7504=EDGE_CURVE('',#7491,#7499,#7503,.T.);
#7505=ORIENTED_EDGE('',*,*,#7504,.T.);
#7506=CARTESIAN_POINT('',(184.200000001,22.260364643,141.923443464));
#7507=VERTEX_POINT('',#7506);
#7508=CARTESIAN_POINT('',(184.2,44.189223774,147.348528137));
#7509=DIRECTION('',(0.,-0.97073464,-0.240154656));
#7510=VECTOR('',#7509,22.589962517);
#7511=LINE('',#7508,#7510);
#7512=EDGE_CURVE('',#7499,#7507,#7511,.T.);
#7513=ORIENTED_EDGE('',*,*,#7512,.T.);
#7514=CARTESIAN_POINT('',(184.2,-6.056880958,123.002464862));
#7515=VERTEX_POINT('',#7514);
#7516=CARTESIAN_POINT('',(184.2,22.260364643,141.923443463));
#7517=DIRECTION('',(0.,-0.831469612,-0.555570233));
#7518=VECTOR('',#7517,34.056861712);
#7519=LINE('',#7516,#7518);
#7520=EDGE_CURVE('',#7507,#7515,#7519,.T.);
#7521=ORIENTED_EDGE('',*,*,#7520,.T.);
#7522=CARTESIAN_POINT('',(184.2,-14.15968555,113.129168895));
#7523=VERTEX_POINT('',#7522);
#7524=CARTESIAN_POINT('',(184.2,6.165664171,104.710133393));
#7525=DIRECTION('',(1.,-0.,-0.));
#7526=DIRECTION('',(0.,0.,1.));
#7527=AXIS2_PLACEMENT_3D('',#7524,#7525,#7526);
#7528=CIRCLE('',#7527,22.);
#7529=EDGE_CURVE('',#7515,#7523,#7528,.T.);
#7530=ORIENTED_EDGE('',*,*,#7529,.T.);
#7531=CARTESIAN_POINT('',(184.2,-14.159685548,113.129168894));
#7532=DIRECTION('',(0.,-0.382683432,-0.923879533));
#7533=VECTOR('',#7532,61.490228125);
#7534=LINE('',#7531,#7533);
#7535=EDGE_CURVE('',#7523,#7414,#7534,.T.);
#7536=ORIENTED_EDGE('',*,*,#7535,.T.);
#7537=EDGE_LOOP('',(#7423,#7431,#7439,#7447,#7455,#7463,#7472,#7480,#7489,#7497,#7505,#7513,#7521,#7530,#7536));
#7538=FACE_BOUND('',#7537,.T.);
#7539=ADVANCED_FACE('',(#7065,#7152,#7172,#7192,#7212,#7232,#7252,#7272,#7292,#7312,#7332,#7352,#7372,#7392,#7412,#7538),#7045,.T.);
#7540=CARTESIAN_POINT('',(179.7,20.764974982,149.));
#7541=DIRECTION('',(0.,0.,1.));
#7542=DIRECTION('',(-1.,0.,0.));
#7543=AXIS2_PLACEMENT_3D('',#7540,#7541,#7542);
#7544=PLANE('',#7543);
#7545=CARTESIAN_POINT('',(182.548528136,47.892105229,148.999999999));
#7546=VERTEX_POINT('',#7545);
#7547=CARTESIAN_POINT('',(182.548528137,87.330912939,149.));
#7548=VERTEX_POINT('',#7547);
#7549=CARTESIAN_POINT('',(182.548528137,47.892105229,149.));
#7550=DIRECTION('',(-0.,1.,-0.));
#7551=VECTOR('',#7550,39.43880771);
#7552=LINE('',#7549,#7551);
#7553=EDGE_CURVE('',#7546,#7548,#7552,.T.);
#7554=ORIENTED_EDGE('',*,*,#7553,.T.);
#7555=CARTESIAN_POINT('',(176.50588745,93.373553626,149.));
#7556=VERTEX_POINT('',#7555);
#7557=CARTESIAN_POINT('',(182.548528137,87.330912939,149.));
#7558=DIRECTION('',(-0.707106781,0.707106781,0.));
#7559=VECTOR('',#7558,8.545584412);
#7560=LINE('',#7557,#7559);
#7561=EDGE_CURVE('',#7548,#7556,#7560,.T.);
#7562=ORIENTED_EDGE('',*,*,#7561,.T.);
#7563=CARTESIAN_POINT('',(154.679898987,93.373553626,149.));
#7564=VERTEX_POINT('',#7563);
#7565=CARTESIAN_POINT('',(176.50588745,93.373553626,149.));
#7566=DIRECTION('',(-1.,0.,0.));
#7567=VECTOR('',#7566,21.825988463);
#7568=LINE('',#7565,#7567);
#7569=EDGE_CURVE('',#7556,#7564,#7568,.T.);
#7570=ORIENTED_EDGE('',*,*,#7569,.T.);
#7571=CARTESIAN_POINT('',(150.,88.693654638,149.));
#7572=VERTEX_POINT('',#7571);
#7573=CARTESIAN_POINT('',(154.679898987,93.373553626,149.));
#7574=DIRECTION('',(-0.707106781,-0.707106781,0.));
#7575=VECTOR('',#7574,6.618376619);
#7576=LINE('',#7573,#7575);
#7577=EDGE_CURVE('',#7564,#7572,#7576,.T.);
#7578=ORIENTED_EDGE('',*,*,#7577,.T.);
#7579=CARTESIAN_POINT('',(150.,50.864676045,149.));
#7580=VERTEX_POINT('',#7579);
#7581=CARTESIAN_POINT('',(150.,50.864676045,149.));
#7582=DIRECTION('',(-0.,1.,-0.));
#7583=VECTOR('',#7582,37.828978593);
#7584=LINE('',#7581,#7583);
#7585=EDGE_CURVE('',#7580,#7572,#7584,.T.);
#7586=ORIENTED_EDGE('',*,*,#7585,.F.);
#7587=CARTESIAN_POINT('',(163.007762228,27.451322599,149.000000001));
#7588=VERTEX_POINT('',#7587);
#7589=CARTESIAN_POINT('',(150.,50.864676045,149.));
#7590=DIRECTION('',(0.485652735,-0.874151829,0.));
#7591=VECTOR('',#7590,26.784081051);
#7592=LINE('',#7589,#7591);
#7593=EDGE_CURVE('',#7580,#7588,#7592,.T.);
#7594=ORIENTED_EDGE('',*,*,#7593,.T.);
#7595=CARTESIAN_POINT('',(171.192237772,27.451322599,149.000000001));
#7596=VERTEX_POINT('',#7595);
#7597=CARTESIAN_POINT('',(163.007762228,27.4513226,149.));
#7598=DIRECTION('',(1.,-0.,-0.));
#7599=VECTOR('',#7598,8.184475544);
#7600=LINE('',#7597,#7599);
#7601=EDGE_CURVE('',#7588,#7596,#7600,.T.);
#7602=ORIENTED_EDGE('',*,*,#7601,.T.);
#7603=CARTESIAN_POINT('',(171.192237772,27.4513226,149.));
#7604=DIRECTION('',(0.485652735,0.874151829,0.));
#7605=VECTOR('',#7604,23.383561007);
#7606=LINE('',#7603,#7605);
#7607=EDGE_CURVE('',#7596,#7546,#7606,.T.);
#7608=ORIENTED_EDGE('',*,*,#7607,.T.);
#7609=EDGE_LOOP('',(#7554,#7562,#7570,#7578,#7586,#7594,#7602,#7608));
#7610=FACE_BOUND('',#7609,.T.);
#7611=ADVANCED_FACE('',(#7610),#7544,.T.);
#7612=CARTESIAN_POINT('',(150.,46.264974982,39.092));
#7613=DIRECTION('',(1.,0.,0.));
#7614=DIRECTION('',(0.,0.,1.));
#7615=AXIS2_PLACEMENT_3D('',#7612,#7613,#7614);
#7616=PLANE('',#7615);
#7617=CARTESIAN_POINT('',(150.,2.,103.));
#7618=VERTEX_POINT('',#7617);
#7619=CARTESIAN_POINT('',(150.,-0.968901116,102.999999997));
#7620=VERTEX_POINT('',#7619);
#7621=CARTESIAN_POINT('',(150.,2.,103.));
#7622=DIRECTION('',(0.,-1.,0.));
#7623=VECTOR('',#7622,2.968901116);
#7624=LINE('',#7621,#7623);
#7625=EDGE_CURVE('',#7618,#7620,#7624,.T.);
#7626=ORIENTED_EDGE('',*,*,#7625,.T.);
#7627=CARTESIAN_POINT('',(150.,-6.539761259,99.228344056));
#7628=VERTEX_POINT('',#7627);
#7629=CARTESIAN_POINT('',(150.,-0.968901116,97.));
#7630=DIRECTION('',(1.,-0.,-0.));
#7631=DIRECTION('',(0.,0.,1.));
#7632=AXIS2_PLACEMENT_3D('',#7629,#7630,#7631);
#7633=CIRCLE('',#7632,5.999999995);
#7634=EDGE_CURVE('',#7620,#7628,#7633,.T.);
#7635=ORIENTED_EDGE('',*,*,#7634,.T.);
#7636=CARTESIAN_POINT('',(150.,-24.13976126,55.228344057));
#7637=VERTEX_POINT('',#7636);
#7638=CARTESIAN_POINT('',(150.,-6.539761262,99.228344057));
#7639=DIRECTION('',(0.,-0.371390676,-0.928476691));
#7640=VECTOR('',#7639,47.389450302);
#7641=LINE('',#7638,#7640);
#7642=EDGE_CURVE('',#7628,#7637,#7641,.T.);
#7643=ORIENTED_EDGE('',*,*,#7642,.T.);
#7644=CARTESIAN_POINT('',(150.,-18.568901113,47.000000003));
#7645=VERTEX_POINT('',#7644);
#7646=CARTESIAN_POINT('',(150.,-18.568901116,53.));
#7647=DIRECTION('',(1.,-0.,-0.));
#7648=DIRECTION('',(0.,0.,1.));
#7649=AXIS2_PLACEMENT_3D('',#7646,#7647,#7648);
#7650=CIRCLE('',#7649,5.999999995);
#7651=EDGE_CURVE('',#7637,#7645,#7650,.T.);
#7652=ORIENTED_EDGE('',*,*,#7651,.T.);
#7653=CARTESIAN_POINT('',(150.,-10.25936991,47.));
#7654=VERTEX_POINT('',#7653);
#7655=CARTESIAN_POINT('',(150.,-18.568901113,47.));
#7656=DIRECTION('',(-0.,1.,-0.));
#7657=VECTOR('',#7656,8.309531203);
#7658=LINE('',#7655,#7657);
#7659=EDGE_CURVE('',#7645,#7654,#7658,.T.);
#7660=ORIENTED_EDGE('',*,*,#7659,.T.);
#7661=CARTESIAN_POINT('',(150.,-4.716092715,50.703899406));
#7662=VERTEX_POINT('',#7661);
#7663=CARTESIAN_POINT('',(150.,-10.25936991,53.));
#7664=DIRECTION('',(1.,-0.,-0.));
#7665=DIRECTION('',(0.,0.,1.));
#7666=AXIS2_PLACEMENT_3D('',#7663,#7664,#7665);
#7667=CIRCLE('',#7666,6.);
#7668=EDGE_CURVE('',#7654,#7662,#7667,.T.);
#7669=ORIENTED_EDGE('',*,*,#7668,.T.);
#7670=CARTESIAN_POINT('',(150.,6.858192988,78.646696923));
#7671=VERTEX_POINT('',#7670);
#7672=CARTESIAN_POINT('',(150.,-4.716092715,50.703899406));
#7673=DIRECTION('',(0.,0.382683432,0.923879533));
#7674=VECTOR('',#7673,30.245066087);
#7675=LINE('',#7672,#7674);
#7676=EDGE_CURVE('',#7662,#7671,#7675,.T.);
#7677=ORIENTED_EDGE('',*,*,#7676,.T.);
#7678=CARTESIAN_POINT('',(150.,8.,84.386948409));
#7679=VERTEX_POINT('',#7678);
#7680=CARTESIAN_POINT('',(150.,-7.,84.386948409));
#7681=DIRECTION('',(1.,-0.,-0.));
#7682=DIRECTION('',(0.,0.,1.));
#7683=AXIS2_PLACEMENT_3D('',#7680,#7681,#7682);
#7684=CIRCLE('',#7683,15.);
#7685=EDGE_CURVE('',#7671,#7679,#7684,.T.);
#7686=ORIENTED_EDGE('',*,*,#7685,.T.);
#7687=CARTESIAN_POINT('',(150.,8.,97.));
#7688=VERTEX_POINT('',#7687);
#7689=CARTESIAN_POINT('',(150.,8.,84.386948409));
#7690=DIRECTION('',(0.,0.,1.));
#7691=VECTOR('',#7690,12.613051591);
#7692=LINE('',#7689,#7691);
#7693=EDGE_CURVE('',#7679,#7688,#7692,.T.);
#7694=ORIENTED_EDGE('',*,*,#7693,.T.);
#7695=CARTESIAN_POINT('',(150.,2.,97.));
#7696=DIRECTION('',(1.,-0.,-0.));
#7697=DIRECTION('',(0.,0.,1.));
#7698=AXIS2_PLACEMENT_3D('',#7695,#7696,#7697);
#7699=CIRCLE('',#7698,6.);
#7700=EDGE_CURVE('',#7688,#7618,#7699,.T.);
#7701=ORIENTED_EDGE('',*,*,#7700,.T.);
#7702=EDGE_LOOP('',(#7626,#7635,#7643,#7652,#7660,#7669,#7677,#7686,#7694,#7701));
#7703=FACE_BOUND('',#7702,.T.);
#7704=CARTESIAN_POINT('',(150.,48.514974982,52.431457505));
#7705=VERTEX_POINT('',#7704);
#7706=CARTESIAN_POINT('',(150.,48.514974982,44.55));
#7707=VERTEX_POINT('',#7706);
#7708=CARTESIAN_POINT('',(150.,48.514974982,52.431457505));
#7709=DIRECTION('',(-0.,-0.,-1.));
#7710=VECTOR('',#7709,7.881457505);
#7711=LINE('',#7708,#7710);
#7712=EDGE_CURVE('',#7705,#7707,#7711,.T.);
#7713=ORIENTED_EDGE('',*,*,#7712,.T.);
#7714=CARTESIAN_POINT('',(150.,-38.985025018,44.55));
#7715=VERTEX_POINT('',#7714);
#7716=CARTESIAN_POINT('',(150.,48.514974982,44.55));
#7717=DIRECTION('',(0.,-1.,0.));
#7718=VECTOR('',#7717,87.5);
#7719=LINE('',#7716,#7718);
#7720=EDGE_CURVE('',#7707,#7715,#7719,.T.);
#7721=ORIENTED_EDGE('',*,*,#7720,.T.);
#7722=CARTESIAN_POINT('',(149.999999997,-38.985025019,49.813987326));
#7723=VERTEX_POINT('',#7722);
#7724=CARTESIAN_POINT('',(150.,-38.985025018,44.55));
#7725=DIRECTION('',(0.,0.,1.));
#7726=VECTOR('',#7725,5.263987326);
#7727=LINE('',#7724,#7726);
#7728=EDGE_CURVE('',#7715,#7723,#7727,.T.);
#7729=ORIENTED_EDGE('',*,*,#7728,.T.);
#7730=CARTESIAN_POINT('',(149.999999998,-37.690977074,56.319605668));
#7731=VERTEX_POINT('',#7730);
#7732=CARTESIAN_POINT('',(149.999999997,-21.985025018,49.813987326));
#7733=DIRECTION('',(-1.,-0.,-0.));
#7734=DIRECTION('',(0.,0.,-1.));
#7735=AXIS2_PLACEMENT_3D('',#7732,#7733,#7734);
#7736=CIRCLE('',#7735,17.000000003);
#7737=EDGE_CURVE('',#7723,#7731,#7736,.T.);
#7738=ORIENTED_EDGE('',*,*,#7737,.T.);
#7739=CARTESIAN_POINT('',(149.999999997,-14.15968555,113.129168895));
#7740=VERTEX_POINT('',#7739);
#7741=CARTESIAN_POINT('',(150.,-37.690977074,56.319605668));
#7742=DIRECTION('',(0.,0.382683432,0.923879533));
#7743=VECTOR('',#7742,61.490228125);
#7744=LINE('',#7741,#7743);
#7745=EDGE_CURVE('',#7731,#7740,#7744,.T.);
#7746=ORIENTED_EDGE('',*,*,#7745,.T.);
#7747=CARTESIAN_POINT('',(149.999999998,-6.056880958,123.002464862));
#7748=VERTEX_POINT('',#7747);
#7749=CARTESIAN_POINT('',(149.999999997,6.165664171,104.710133393));
#7750=DIRECTION('',(-1.,-0.,-0.));
#7751=DIRECTION('',(0.,0.,-1.));
#7752=AXIS2_PLACEMENT_3D('',#7749,#7750,#7751);
#7753=CIRCLE('',#7752,22.000000003);
#7754=EDGE_CURVE('',#7740,#7748,#7753,.T.);
#7755=ORIENTED_EDGE('',*,*,#7754,.T.);
#7756=CARTESIAN_POINT('',(149.999999999,22.260364642,141.923443463));
#7757=VERTEX_POINT('',#7756);
#7758=CARTESIAN_POINT('',(150.,-6.056880958,123.002464862));
#7759=DIRECTION('',(0.,0.831469612,0.555570233));
#7760=VECTOR('',#7759,34.056861711);
#7761=LINE('',#7758,#7760);
#7762=EDGE_CURVE('',#7748,#7757,#7761,.T.);
#7763=ORIENTED_EDGE('',*,*,#7762,.T.);
#7764=CARTESIAN_POINT('',(150.,22.260364642,141.923443462));
#7765=DIRECTION('',(0.,0.97073464,0.240154656));
#7766=VECTOR('',#7765,29.466663932);
#7767=LINE('',#7764,#7766);
#7768=EDGE_CURVE('',#7757,#7580,#7767,.T.);
#7769=ORIENTED_EDGE('',*,*,#7768,.T.);
#7770=ORIENTED_EDGE('',*,*,#7585,.T.);
#7771=CARTESIAN_POINT('',(150.,91.014974982,147.358578644));
#7772=VERTEX_POINT('',#7771);
#7773=CARTESIAN_POINT('',(150.,88.693654638,149.));
#7774=DIRECTION('',(0.,0.816496581,-0.577350269));
#7775=VECTOR('',#7774,2.843025186);
#7776=LINE('',#7773,#7775);
#7777=EDGE_CURVE('',#7572,#7772,#7776,.T.);
#7778=ORIENTED_EDGE('',*,*,#7777,.T.);
#7779=CARTESIAN_POINT('',(150.,91.014974982,107.692630427));
#7780=VERTEX_POINT('',#7779);
#7781=CARTESIAN_POINT('',(150.,91.014974982,147.358578644));
#7782=DIRECTION('',(-0.,-0.,-1.));
#7783=VECTOR('',#7782,39.665948217);
#7784=LINE('',#7781,#7783);
#7785=EDGE_CURVE('',#7772,#7780,#7784,.T.);
#7786=ORIENTED_EDGE('',*,*,#7785,.T.);
#7787=CARTESIAN_POINT('',(150.,76.071624773,97.592183697));
#7788=VERTEX_POINT('',#7787);
#7789=CARTESIAN_POINT('',(150.,109.659196879,64.00461159));
#7790=DIRECTION('',(1.,-0.,-0.));
#7791=DIRECTION('',(0.,0.,1.));
#7792=AXIS2_PLACEMENT_3D('',#7789,#7790,#7791);
#7793=CIRCLE('',#7792,47.5);
#7794=EDGE_CURVE('',#7780,#7788,#7793,.T.);
#7795=ORIENTED_EDGE('',*,*,#7794,.T.);
#7796=CARTESIAN_POINT('',(150.,60.962936782,82.483495706));
#7797=VERTEX_POINT('',#7796);
#7798=CARTESIAN_POINT('',(150.,76.071624773,97.592183697));
#7799=DIRECTION('',(0.,-0.707106781,-0.707106781));
#7800=VECTOR('',#7799,21.366911467);
#7801=LINE('',#7798,#7800);
#7802=EDGE_CURVE('',#7788,#7797,#7801,.T.);
#7803=ORIENTED_EDGE('',*,*,#7802,.T.);
#7804=CARTESIAN_POINT('',(150.,91.014974982,52.431457505));
#7805=DIRECTION('',(1.,-0.,-0.));
#7806=DIRECTION('',(0.,0.,1.));
#7807=AXIS2_PLACEMENT_3D('',#7804,#7805,#7806);
#7808=CIRCLE('',#7807,42.5);
#7809=EDGE_CURVE('',#7797,#7705,#7808,.T.);
#7810=ORIENTED_EDGE('',*,*,#7809,.T.);
#7811=EDGE_LOOP('',(#7713,#7721,#7729,#7738,#7746,#7755,#7763,#7769,#7770,#7778,#7786,#7795,#7803,#7810));
#7812=FACE_BOUND('',#7811,.T.);
#7813=CARTESIAN_POINT('',(150.,30.499971859,120.));
#7814=VERTEX_POINT('',#7813);
#7815=CARTESIAN_POINT('',(150.,23.499971859,120.));
#7816=VERTEX_POINT('',#7815);
#7817=CARTESIAN_POINT('',(150.,30.499971859,120.));
#7818=DIRECTION('',(-0.,-1.,-0.));
#7819=VECTOR('',#7818,7.);
#7820=LINE('',#7817,#7819);
#7821=EDGE_CURVE('',#7814,#7816,#7820,.T.);
#7822=ORIENTED_EDGE('',*,*,#7821,.F.);
#7823=CARTESIAN_POINT('',(150.,30.499971859,134.));
#7824=VERTEX_POINT('',#7823);
#7825=CARTESIAN_POINT('',(150.,30.499971859,134.));
#7826=DIRECTION('',(-0.,-0.,-1.));
#7827=VECTOR('',#7826,14.);
#7828=LINE('',#7825,#7827);
#7829=EDGE_CURVE('',#7824,#7814,#7828,.T.);
#7830=ORIENTED_EDGE('',*,*,#7829,.F.);
#7831=CARTESIAN_POINT('',(150.,23.499971859,134.));
#7832=VERTEX_POINT('',#7831);
#7833=CARTESIAN_POINT('',(150.,23.499971859,134.));
#7834=DIRECTION('',(-0.,1.,-0.));
#7835=VECTOR('',#7834,7.);
#7836=LINE('',#7833,#7835);
#7837=EDGE_CURVE('',#7832,#7824,#7836,.T.);
#7838=ORIENTED_EDGE('',*,*,#7837,.F.);
#7839=CARTESIAN_POINT('',(150.,23.499971859,120.));
#7840=DIRECTION('',(-0.,-0.,1.));
#7841=VECTOR('',#7840,14.);
#7842=LINE('',#7839,#7841);
#7843=EDGE_CURVE('',#7816,#7832,#7842,.T.);
#7844=ORIENTED_EDGE('',*,*,#7843,.F.);
#7845=EDGE_LOOP('',(#7822,#7830,#7838,#7844));
#7846=FACE_BOUND('',#7845,.T.);
#7847=CARTESIAN_POINT('',(150.,47.000012583,92.550005399));
#7848=VERTEX_POINT('',#7847);
#7849=CARTESIAN_POINT('',(150.,47.000012583,95.450005399));
#7850=VERTEX_POINT('',#7849);
#7851=CARTESIAN_POINT('',(150.,47.000012583,94.000005399));
#7852=DIRECTION('',(1.,0.,0.));
#7853=DIRECTION('',(0.,0.,-1.));
#7854=AXIS2_PLACEMENT_3D('',#7851,#7852,#7853);
#7855=CIRCLE('',#7854,1.45);
#7856=EDGE_CURVE('',#7848,#7850,#7855,.T.);
#7857=ORIENTED_EDGE('',*,*,#7856,.T.);
#7858=CARTESIAN_POINT('',(150.,47.000012583,94.000005399));
#7859=DIRECTION('',(1.,0.,0.));
#7860=DIRECTION('',(0.,0.,-1.));
#7861=AXIS2_PLACEMENT_3D('',#7858,#7859,#7860);
#7862=CIRCLE('',#7861,1.45);
#7863=EDGE_CURVE('',#7850,#7848,#7862,.T.);
#7864=ORIENTED_EDGE('',*,*,#7863,.T.);
#7865=EDGE_LOOP('',(#7857,#7864));
#7866=FACE_BOUND('',#7865,.T.);
#7867=CARTESIAN_POINT('',(150.,63.614971859,119.));
#7868=VERTEX_POINT('',#7867);
#7869=CARTESIAN_POINT('',(150.,61.014971859,121.6));
#7870=VERTEX_POINT('',#7869);
#7871=CARTESIAN_POINT('',(150.,61.014971859,119.));
#7872=DIRECTION('',(-1.,0.,0.));
#7873=DIRECTION('',(0.,0.,1.));
#7874=AXIS2_PLACEMENT_3D('',#7871,#7872,#7873);
#7875=CIRCLE('',#7874,2.6);
#7876=EDGE_CURVE('',#7868,#7870,#7875,.T.);
#7877=ORIENTED_EDGE('',*,*,#7876,.F.);
#7878=CARTESIAN_POINT('',(150.,61.014971859,119.));
#7879=DIRECTION('',(-1.,0.,0.));
#7880=DIRECTION('',(0.,0.,1.));
#7881=AXIS2_PLACEMENT_3D('',#7878,#7879,#7880);
#7882=CIRCLE('',#7881,2.6);
#7883=EDGE_CURVE('',#7870,#7868,#7882,.T.);
#7884=ORIENTED_EDGE('',*,*,#7883,.F.);
#7885=EDGE_LOOP('',(#7877,#7884));
#7886=FACE_BOUND('',#7885,.T.);
#7887=CARTESIAN_POINT('',(150.,83.614971859,119.));
#7888=VERTEX_POINT('',#7887);
#7889=CARTESIAN_POINT('',(150.,81.014971859,121.6));
#7890=VERTEX_POINT('',#7889);
#7891=CARTESIAN_POINT('',(150.,81.014971859,119.));
#7892=DIRECTION('',(-1.,0.,0.));
#7893=DIRECTION('',(0.,0.,1.));
#7894=AXIS2_PLACEMENT_3D('',#7891,#7892,#7893);
#7895=CIRCLE('',#7894,2.6);
#7896=EDGE_CURVE('',#7888,#7890,#7895,.T.);
#7897=ORIENTED_EDGE('',*,*,#7896,.F.);
#7898=CARTESIAN_POINT('',(150.,81.014971859,119.));
#7899=DIRECTION('',(-1.,0.,0.));
#7900=DIRECTION('',(0.,0.,1.));
#7901=AXIS2_PLACEMENT_3D('',#7898,#7899,#7900);
#7902=CIRCLE('',#7901,2.6);
#7903=EDGE_CURVE('',#7890,#7888,#7902,.T.);
#7904=ORIENTED_EDGE('',*,*,#7903,.F.);
#7905=EDGE_LOOP('',(#7897,#7904));
#7906=FACE_BOUND('',#7905,.T.);
#7907=CARTESIAN_POINT('',(150.,63.614971859,139.));
#7908=VERTEX_POINT('',#7907);
#7909=CARTESIAN_POINT('',(150.,61.014971859,141.6));
#7910=VERTEX_POINT('',#7909);
#7911=CARTESIAN_POINT('',(150.,61.014971859,139.));
#7912=DIRECTION('',(-1.,0.,0.));
#7913=DIRECTION('',(0.,0.,1.));
#7914=AXIS2_PLACEMENT_3D('',#7911,#7912,#7913);
#7915=CIRCLE('',#7914,2.6);
#7916=EDGE_CURVE('',#7908,#7910,#7915,.T.);
#7917=ORIENTED_EDGE('',*,*,#7916,.F.);
#7918=CARTESIAN_POINT('',(150.,61.014971859,139.));
#7919=DIRECTION('',(-1.,0.,0.));
#7920=DIRECTION('',(0.,0.,1.));
#7921=AXIS2_PLACEMENT_3D('',#7918,#7919,#7920);
#7922=CIRCLE('',#7921,2.6);
#7923=EDGE_CURVE('',#7910,#7908,#7922,.T.);
#7924=ORIENTED_EDGE('',*,*,#7923,.F.);
#7925=EDGE_LOOP('',(#7917,#7924));
#7926=FACE_BOUND('',#7925,.T.);
#7927=CARTESIAN_POINT('',(150.,83.614971859,139.));
#7928=VERTEX_POINT('',#7927);
#7929=CARTESIAN_POINT('',(150.,81.014971859,141.6));
#7930=VERTEX_POINT('',#7929);
#7931=CARTESIAN_POINT('',(150.,81.014971859,139.));
#7932=DIRECTION('',(-1.,0.,0.));
#7933=DIRECTION('',(0.,0.,1.));
#7934=AXIS2_PLACEMENT_3D('',#7931,#7932,#7933);
#7935=CIRCLE('',#7934,2.6);
#7936=EDGE_CURVE('',#7928,#7930,#7935,.T.);
#7937=ORIENTED_EDGE('',*,*,#7936,.F.);
#7938=CARTESIAN_POINT('',(150.,81.014971859,139.));
#7939=DIRECTION('',(-1.,0.,0.));
#7940=DIRECTION('',(0.,0.,1.));
#7941=AXIS2_PLACEMENT_3D('',#7938,#7939,#7940);
#7942=CIRCLE('',#7941,2.6);
#7943=EDGE_CURVE('',#7930,#7928,#7942,.T.);
#7944=ORIENTED_EDGE('',*,*,#7943,.F.);
#7945=EDGE_LOOP('',(#7937,#7944));
#7946=FACE_BOUND('',#7945,.T.);
#7947=CARTESIAN_POINT('',(150.,33.999971859,105.45));
#7948=VERTEX_POINT('',#7947);
#7949=CARTESIAN_POINT('',(150.,33.999971859,94.));
#7950=DIRECTION('',(-1.,0.,0.));
#7951=DIRECTION('',(0.,0.,1.));
#7952=AXIS2_PLACEMENT_3D('',#7949,#7950,#7951);
#7953=CIRCLE('',#7952,11.45);
#7954=EDGE_CURVE('',#7948,#7948,#7953,.T.);
#7955=ORIENTED_EDGE('',*,*,#7954,.F.);
#7956=EDGE_LOOP('',(#7955));
#7957=FACE_BOUND('',#7956,.T.);
#7958=CARTESIAN_POINT('',(150.,24.041434822,100.906244518));
#7959=VERTEX_POINT('',#7958);
#7960=CARTESIAN_POINT('',(150.,24.041434822,103.806244518));
#7961=VERTEX_POINT('',#7960);
#7962=CARTESIAN_POINT('',(150.,24.041434822,102.356244518));
#7963=DIRECTION('',(1.,0.,0.));
#7964=DIRECTION('',(0.,0.,-1.));
#7965=AXIS2_PLACEMENT_3D('',#7962,#7963,#7964);
#7966=CIRCLE('',#7965,1.45);
#7967=EDGE_CURVE('',#7959,#7961,#7966,.T.);
#7968=ORIENTED_EDGE('',*,*,#7967,.T.);
#7969=CARTESIAN_POINT('',(150.,24.041434822,102.356244518));
#7970=DIRECTION('',(1.,0.,0.));
#7971=DIRECTION('',(0.,0.,-1.));
#7972=AXIS2_PLACEMENT_3D('',#7969,#7970,#7971);
#7973=CIRCLE('',#7972,1.45);
#7974=EDGE_CURVE('',#7961,#7959,#7973,.T.);
#7975=ORIENTED_EDGE('',*,*,#7974,.T.);
#7976=EDGE_LOOP('',(#7968,#7975));
#7977=FACE_BOUND('',#7976,.T.);
#7978=CARTESIAN_POINT('',(150.,24.041434822,84.193766667));
#7979=VERTEX_POINT('',#7978);
#7980=CARTESIAN_POINT('',(150.,24.041434822,87.093766667));
#7981=VERTEX_POINT('',#7980);
#7982=CARTESIAN_POINT('',(150.,24.041434822,85.643766667));
#7983=DIRECTION('',(1.,0.,0.));
#7984=DIRECTION('',(0.,0.,-1.));
#7985=AXIS2_PLACEMENT_3D('',#7982,#7983,#7984);
#7986=CIRCLE('',#7985,1.45);
#7987=EDGE_CURVE('',#7979,#7981,#7986,.T.);
#7988=ORIENTED_EDGE('',*,*,#7987,.T.);
#7989=CARTESIAN_POINT('',(150.,24.041434822,85.643766667));
#7990=DIRECTION('',(1.,0.,0.));
#7991=DIRECTION('',(0.,0.,-1.));
#7992=AXIS2_PLACEMENT_3D('',#7989,#7990,#7991);
#7993=CIRCLE('',#7992,1.45);
#7994=EDGE_CURVE('',#7981,#7979,#7993,.T.);
#7995=ORIENTED_EDGE('',*,*,#7994,.T.);
#7996=EDGE_LOOP('',(#7988,#7995));
#7997=FACE_BOUND('',#7996,.T.);
#7998=CARTESIAN_POINT('',(150.,54.,100.));
#7999=VERTEX_POINT('',#7998);
#8000=CARTESIAN_POINT('',(150.,54.,110.));
#8001=VERTEX_POINT('',#8000);
#8002=CARTESIAN_POINT('',(150.,54.,100.));
#8003=DIRECTION('',(-0.,-0.,1.));
#8004=VECTOR('',#8003,10.);
#8005=LINE('',#8002,#8004);
#8006=EDGE_CURVE('',#7999,#8001,#8005,.T.);
#8007=ORIENTED_EDGE('',*,*,#8006,.F.);
#8008=CARTESIAN_POINT('',(150.,68.,100.));
#8009=VERTEX_POINT('',#8008);
#8010=CARTESIAN_POINT('',(150.,68.,100.));
#8011=DIRECTION('',(-0.,-1.,-0.));
#8012=VECTOR('',#8011,14.);
#8013=LINE('',#8010,#8012);
#8014=EDGE_CURVE('',#8009,#7999,#8013,.T.);
#8015=ORIENTED_EDGE('',*,*,#8014,.F.);
#8016=CARTESIAN_POINT('',(150.,68.,110.));
#8017=VERTEX_POINT('',#8016);
#8018=CARTESIAN_POINT('',(150.,68.,110.));
#8019=DIRECTION('',(-0.,-0.,-1.));
#8020=VECTOR('',#8019,10.);
#8021=LINE('',#8018,#8020);
#8022=EDGE_CURVE('',#8017,#8009,#8021,.T.);
#8023=ORIENTED_EDGE('',*,*,#8022,.F.);
#8024=CARTESIAN_POINT('',(150.,54.,110.));
#8025=DIRECTION('',(0.,1.,0.));
#8026=VECTOR('',#8025,14.);
#8027=LINE('',#8024,#8026);
#8028=EDGE_CURVE('',#8001,#8017,#8027,.T.);
#8029=ORIENTED_EDGE('',*,*,#8028,.F.);
#8030=EDGE_LOOP('',(#8007,#8015,#8023,#8029));
#8031=FACE_BOUND('',#8030,.T.);
#8032=ADVANCED_FACE('',(#7703,#7812,#7846,#7866,#7886,#7906,#7926,#7946,#7957,#7977,#7997,#8031),#7616,.F.);
#8033=CARTESIAN_POINT('',(157.55,109.659196879,64.00461159));
#8034=DIRECTION('',(1.,0.,0.));
#8035=DIRECTION('',(0.,0.,-1.));
#8036=AXIS2_PLACEMENT_3D('',#8033,#8034,#8035);
#8037=CYLINDRICAL_SURFACE('',#8036,45.);
#8038=CARTESIAN_POINT('',(152.500000002,90.048906597,104.50691418));
#8039=VERTEX_POINT('',#8038);
#8040=CARTESIAN_POINT('',(177.379723838,90.048906597,104.506914182));
#8041=VERTEX_POINT('',#8040);
#8042=CARTESIAN_POINT('',(152.500000002,90.048906597,104.50691418));
#8043=DIRECTION('',(1.,0.,-0.));
#8044=VECTOR('',#8043,24.879723836);
#8045=LINE('',#8042,#8044);
#8046=EDGE_CURVE('',#8039,#8041,#8045,.T.);
#8047=ORIENTED_EDGE('',*,*,#8046,.T.);
#8048=CARTESIAN_POINT('',(180.285786441,88.473336041,103.705484385));
#8049=VERTEX_POINT('',#8048);
#8050=CARTESIAN_POINT('',(177.379723842,90.048906596,104.506914184));
#8051=CARTESIAN_POINT('',(178.861415311,89.253249375,104.121675127));
#8052=CARTESIAN_POINT('',(180.285786447,88.473336039,103.705484387));
#8053=(BOUNDED_CURVE()
B_SPLINE_CURVE(2,(#8050,#8051,#8052),.UNSPECIFIED.,.F.,.F.)
B_SPLINE_CURVE_WITH_KNOTS((3,3),(313.990504565,316.241336477),.UNSPECIFIED.)
CURVE()
GEOMETRIC_REPRESENTATION_ITEM()
RATIONAL_B_SPLINE_CURVE((1.,0.999807098,1.))
REPRESENTATION_ITEM(''));
#8054=EDGE_CURVE('',#8041,#8049,#8053,.T.);
#8055=ORIENTED_EDGE('',*,*,#8054,.T.);
#8056=CARTESIAN_POINT('',(180.28578644,77.839391724,95.824416746));
#8057=VERTEX_POINT('',#8056);
#8058=CARTESIAN_POINT('',(180.285786443,109.659196879,64.00461159));
#8059=DIRECTION('',(1.,0.,0.));
#8060=DIRECTION('',(0.,0.,-1.));
#8061=AXIS2_PLACEMENT_3D('',#8058,#8059,#8060);
#8062=CIRCLE('',#8061,45.);
#8063=EDGE_CURVE('',#8049,#8057,#8062,.T.);
#8064=ORIENTED_EDGE('',*,*,#8063,.T.);
#8065=CARTESIAN_POINT('',(152.5,77.839391726,95.824416744));
#8066=VERTEX_POINT('',#8065);
#8067=CARTESIAN_POINT('',(152.5,77.839391726,95.824416744));
#8068=DIRECTION('',(1.,0.,-0.));
#8069=VECTOR('',#8068,27.78578644);
#8070=LINE('',#8067,#8069);
#8071=EDGE_CURVE('',#8066,#8057,#8070,.T.);
#8072=ORIENTED_EDGE('',*,*,#8071,.F.);
#8073=CARTESIAN_POINT('',(152.5,109.659196879,64.00461159));
#8074=DIRECTION('',(-1.,-0.,-0.));
#8075=DIRECTION('',(0.,0.,-1.));
#8076=AXIS2_PLACEMENT_3D('',#8073,#8074,#8075);
#8077=CIRCLE('',#8076,45.);
#8078=EDGE_CURVE('',#8066,#8039,#8077,.T.);
#8079=ORIENTED_EDGE('',*,*,#8078,.T.);
#8080=EDGE_LOOP('',(#8047,#8055,#8064,#8072,#8079));
#8081=FACE_BOUND('',#8080,.T.);
#8082=ADVANCED_FACE('',(#8081),#8037,.F.);
#8083=CARTESIAN_POINT('',(182.124264069,20.764974982,149.424264069));
#8084=DIRECTION('',(-0.707106781,0.,-0.707106781));
#8085=DIRECTION('',(0.,1.,0.));
#8086=AXIS2_PLACEMENT_3D('',#8083,#8084,#8085);
#8087=PLANE('',#8086);
#8088=ORIENTED_EDGE('',*,*,#7504,.F.);
#8089=CARTESIAN_POINT('',(184.2,88.014974982,147.348528138));
#8090=DIRECTION('',(-0.678598345,-0.281084638,0.678598345));
#8091=VECTOR('',#8090,2.433651476);
#8092=LINE('',#8089,#8091);
#8093=EDGE_CURVE('',#7491,#7548,#8092,.T.);
#8094=ORIENTED_EDGE('',*,*,#8093,.T.);
#8095=ORIENTED_EDGE('',*,*,#7553,.F.);
#8096=CARTESIAN_POINT('',(184.199999998,44.189223774,147.348528135));
#8097=DIRECTION('',(-0.377228828,0.84581134,0.377228827));
#8098=VECTOR('',#8097,4.377904716);
#8099=LINE('',#8096,#8098);
#8100=EDGE_CURVE('',#7499,#7546,#8099,.T.);
#8101=ORIENTED_EDGE('',*,*,#8100,.F.);
#8102=EDGE_LOOP('',(#8088,#8094,#8095,#8101));
#8103=FACE_BOUND('',#8102,.T.);
#8104=ADVANCED_FACE('',(#8103),#8087,.F.);
#8105=CARTESIAN_POINT('',(150.,109.659196879,64.00461159));
#8106=DIRECTION('',(-1.,0.,0.));
#8107=DIRECTION('',(0.,0.,1.));
#8108=AXIS2_PLACEMENT_3D('',#8105,#8106,#8107);
#8109=CONICAL_SURFACE('',#8108,47.5,44.999999949);
#8110=ORIENTED_EDGE('',*,*,#7794,.F.);
#8111=CARTESIAN_POINT('',(150.6723444,91.687319381,107.246269148));
#8112=VERTEX_POINT('',#8111);
#8113=CARTESIAN_POINT('',(150.,91.014974982,107.692630427));
#8114=CARTESIAN_POINT('',(150.224323801,91.239298783,107.544465369));
#8115=CARTESIAN_POINT('',(150.448440362,91.463415347,107.395683523));
#8116=CARTESIAN_POINT('',(150.6723444,91.687319381,107.246269148));
#8117=B_SPLINE_CURVE_WITH_KNOTS('',3,(#8113,#8114,#8115,#8116),.UNSPECIFIED.,.F.,.F.,(4,4),(0.003482784,0.004533171),.UNSPECIFIED.);
#8118=EDGE_CURVE('',#7780,#8112,#8117,.T.);
#8119=ORIENTED_EDGE('',*,*,#8118,.T.);
#8120=CARTESIAN_POINT('',(152.500000003,90.048906598,104.506914181));
#8121=CARTESIAN_POINT('',(151.910080958,90.600716436,105.429516248));
#8122=CARTESIAN_POINT('',(151.299738987,91.146523845,106.342082515));
#8123=CARTESIAN_POINT('',(150.6723444,91.687319381,107.246269148));
#8124=B_SPLINE_CURVE_WITH_KNOTS('',3,(#8120,#8121,#8122,#8123),.UNSPECIFIED.,.F.,.F.,(4,4),(0.,0.00367815),.UNSPECIFIED.);
#8125=EDGE_CURVE('',#8039,#8112,#8124,.T.);
#8126=ORIENTED_EDGE('',*,*,#8125,.F.);
#8127=ORIENTED_EDGE('',*,*,#8078,.F.);
#8128=CARTESIAN_POINT('',(150.,76.071624773,97.592183697));
#8129=DIRECTION('',(0.707106781,0.5,-0.5));
#8130=VECTOR('',#8129,3.535533906);
#8131=LINE('',#8128,#8130);
#8132=EDGE_CURVE('',#7788,#8066,#8131,.T.);
#8133=ORIENTED_EDGE('',*,*,#8132,.F.);
#8134=EDGE_LOOP('',(#8110,#8119,#8126,#8127,#8133));
#8135=FACE_BOUND('',#8134,.T.);
#8136=ADVANCED_FACE('',(#8135),#8109,.F.);
#8137=CARTESIAN_POINT('',(180.992893219,109.659196879,64.00461159));
#8138=DIRECTION('',(1.,0.,0.));
#8139=DIRECTION('',(0.,0.,-1.));
#8140=AXIS2_PLACEMENT_3D('',#8137,#8138,#8139);
#8141=CONICAL_SURFACE('',#8140,45.707106781,44.999999948);
#8142=ORIENTED_EDGE('',*,*,#8063,.F.);
#8143=CARTESIAN_POINT('',(184.126038211,88.088936771,107.82348962));
#8144=VERTEX_POINT('',#8143);
#8145=CARTESIAN_POINT('',(180.285786439,88.473336043,103.705484387));
#8146=CARTESIAN_POINT('',(181.560121188,88.349695676,105.083933578));
#8147=CARTESIAN_POINT('',(182.840785785,88.221108815,106.456018124));
#8148=CARTESIAN_POINT('',(184.126038213,88.08893677,107.823489619));
#8149=B_SPLINE_CURVE_WITH_KNOTS('',3,(#8145,#8146,#8147,#8148),.UNSPECIFIED.,.F.,.F.,(4,4),(0.,0.00564387),.UNSPECIFIED.);
#8150=EDGE_CURVE('',#8049,#8144,#8149,.T.);
#8151=ORIENTED_EDGE('',*,*,#8150,.T.);
#8152=CARTESIAN_POINT('',(184.126038211,88.088936771,107.823489617));
#8153=CARTESIAN_POINT('',(184.150690043,88.064284939,107.838831298));
#8154=CARTESIAN_POINT('',(184.175343975,88.039631007,107.854166229));
#8155=CARTESIAN_POINT('',(184.2,88.014974982,107.869494427));
#8156=B_SPLINE_CURVE_WITH_KNOTS('',3,(#8152,#8153,#8154,#8155),.UNSPECIFIED.,.F.,.F.,(4,4),(0.,0.000114268),.UNSPECIFIED.);
#8157=EDGE_CURVE('',#8144,#7482,#8156,.T.);
#8158=ORIENTED_EDGE('',*,*,#8157,.T.);
#8159=ORIENTED_EDGE('',*,*,#7488,.F.);
#8160=CARTESIAN_POINT('',(180.28578644,77.839391724,95.824416746));
#8161=DIRECTION('',(0.707106781,-0.5,0.5));
#8162=VECTOR('',#8161,5.535533902);
#8163=LINE('',#8160,#8162);
#8164=EDGE_CURVE('',#8057,#7474,#8163,.T.);
#8165=ORIENTED_EDGE('',*,*,#8164,.F.);
#8166=EDGE_LOOP('',(#8142,#8151,#8158,#8159,#8165));
#8167=FACE_BOUND('',#8166,.T.);
#8168=ADVANCED_FACE('',(#8167),#8141,.F.);
#8169=CARTESIAN_POINT('',(168.85,-41.985025018,52.092));
#8170=DIRECTION('',(0.,1.,0.));
#8171=DIRECTION('',(0.,0.,1.));
#8172=AXIS2_PLACEMENT_3D('',#8169,#8170,#8171);
#8173=PLANE('',#8172);
#8174=CARTESIAN_POINT('',(181.2,-41.985025018,49.813987326));
#8175=VERTEX_POINT('',#8174);
#8176=CARTESIAN_POINT('',(153.,-41.985025018,49.813987326));
#8177=VERTEX_POINT('',#8176);
#8178=CARTESIAN_POINT('',(181.2,-41.985025018,49.813987326));
#8179=DIRECTION('',(-1.,-0.,0.));
#8180=VECTOR('',#8179,28.2);
#8181=LINE('',#8178,#8180);
#8182=EDGE_CURVE('',#8175,#8177,#8181,.T.);
#8183=ORIENTED_EDGE('',*,*,#8182,.T.);
#8184=CARTESIAN_POINT('',(153.,-41.985025018,43.55));
#8185=VERTEX_POINT('',#8184);
#8186=CARTESIAN_POINT('',(153.,-41.985025018,49.813987326));
#8187=DIRECTION('',(-0.,-0.,-1.));
#8188=VECTOR('',#8187,6.263987326);
#8189=LINE('',#8186,#8188);
#8190=EDGE_CURVE('',#8177,#8185,#8189,.T.);
#8191=ORIENTED_EDGE('',*,*,#8190,.T.);
#8192=CARTESIAN_POINT('',(158.,-41.985025018,43.55));
#8193=VERTEX_POINT('',#8192);
#8194=CARTESIAN_POINT('',(158.,-41.985025018,43.55));
#8195=DIRECTION('',(-1.,-0.,0.));
#8196=VECTOR('',#8195,5.);
#8197=LINE('',#8194,#8196);
#8198=EDGE_CURVE('',#8193,#8185,#8197,.T.);
#8199=ORIENTED_EDGE('',*,*,#8198,.F.);
#8200=CARTESIAN_POINT('',(158.,-41.985025018,16.45));
#8201=VERTEX_POINT('',#8200);
#8202=CARTESIAN_POINT('',(158.,-41.985025018,16.45));
#8203=DIRECTION('',(-0.,-0.,1.));
#8204=VECTOR('',#8203,27.1);
#8205=LINE('',#8202,#8204);
#8206=EDGE_CURVE('',#8201,#8193,#8205,.T.);
#8207=ORIENTED_EDGE('',*,*,#8206,.F.);
#8208=CARTESIAN_POINT('',(151.,-41.985025018,16.45));
#8209=VERTEX_POINT('',#8208);
#8210=CARTESIAN_POINT('',(151.,-41.985025018,16.45));
#8211=DIRECTION('',(1.,-0.,-0.));
#8212=VECTOR('',#8211,7.);
#8213=LINE('',#8210,#8212);
#8214=EDGE_CURVE('',#8209,#8201,#8213,.T.);
#8215=ORIENTED_EDGE('',*,*,#8214,.F.);
#8216=CARTESIAN_POINT('',(151.,-41.985025018,7.96136035));
#8217=VERTEX_POINT('',#8216);
#8218=CARTESIAN_POINT('',(151.,-41.985025018,16.45));
#8219=DIRECTION('',(-0.,-0.,-1.));
#8220=VECTOR('',#8219,8.48863965);
#8221=LINE('',#8218,#8220);
#8222=EDGE_CURVE('',#8209,#8217,#8221,.T.);
#8223=ORIENTED_EDGE('',*,*,#8222,.T.);
#8224=CARTESIAN_POINT('',(151.296073998,-41.985025018,7.257391616));
#8225=VERTEX_POINT('',#8224);
#8226=CARTESIAN_POINT('',(151.,-41.985025018,7.96136035));
#8227=CARTESIAN_POINT('',(151.000834973,-41.985025018,7.82980383));
#8228=CARTESIAN_POINT('',(151.028031144,-41.985025018,7.702416758));
#8229=CARTESIAN_POINT('',(151.078751597,-41.985025018,7.58145207));
#8230=CARTESIAN_POINT('',(151.129472051,-41.985025018,7.460487382));
#8231=CARTESIAN_POINT('',(151.202678554,-41.985025018,7.34995058));
#8232=CARTESIAN_POINT('',(151.296074002,-41.985025018,7.25739162));
#8233=B_SPLINE_CURVE_WITH_KNOTS('',3,(#8226,#8227,#8228,#8229,#8230,#8231,#8232),.UNSPECIFIED.,.F.,.F.,(4,3,4),(0.,0.000388055,0.00077611),.UNSPECIFIED.);
#8234=EDGE_CURVE('',#8217,#8225,#8233,.T.);
#8235=ORIENTED_EDGE('',*,*,#8234,.T.);
#8236=CARTESIAN_POINT('',(153.824501126,-41.985025019,4.72891356));
#8237=VERTEX_POINT('',#8236);
#8238=CARTESIAN_POINT('',(151.296074002,-41.985025018,7.25739162));
#8239=DIRECTION('',(0.707099659,0.,-0.707113903));
#8240=VECTOR('',#8239,3.575771947);
#8241=LINE('',#8238,#8240);
#8242=EDGE_CURVE('',#8225,#8237,#8241,.T.);
#8243=ORIENTED_EDGE('',*,*,#8242,.T.);
#8244=CARTESIAN_POINT('',(154.7,-41.985025018,2.60439819));
#8245=VERTEX_POINT('',#8244);
#8246=CARTESIAN_POINT('',(153.824501127,-41.985025018,4.728913561));
#8247=CARTESIAN_POINT('',(153.964367177,-41.985025018,4.588626182));
#8248=CARTESIAN_POINT('',(154.087606488,-41.985025018,4.436597516));
#8249=CARTESIAN_POINT('',(154.19549174,-41.985025018,4.273726288));
#8250=CARTESIAN_POINT('',(154.249434367,-41.985025018,4.192290674));
#8251=CARTESIAN_POINT('',(154.299503333,-41.985025018,4.108119601));
#8252=CARTESIAN_POINT('',(154.345653247,-41.985025018,4.021181015));
#8253=CARTESIAN_POINT('',(154.39180316,-41.985025018,3.934242429));
#8254=CARTESIAN_POINT('',(154.434063545,-41.985025018,3.844323232));
#8255=CARTESIAN_POINT('',(154.471502779,-41.985025018,3.753520938));
#8256=CARTESIAN_POINT('',(154.546381247,-41.985025018,3.571916351));
#8257=CARTESIAN_POINT('',(154.603186912,-41.985025018,3.385048844));
#8258=CARTESIAN_POINT('',(154.641765547,-41.985025018,3.192873507));
#8259=CARTESIAN_POINT('',(154.680344183,-41.985025018,3.000698169));
#8260=CARTESIAN_POINT('',(154.700419035,-41.985025018,2.802454677));
#8261=CARTESIAN_POINT('',(154.7,-41.985025018,2.60439819));
#8262=B_SPLINE_CURVE_WITH_KNOTS('',3,(#8246,#8247,#8248,#8249,#8250,#8251,#8252,#8253,#8254,#8255,#8256,#8257,#8258,#8259,#8260,#8261),.UNSPECIFIED.,.F.,.F.,(4,3,3,3,3,4),(0.,0.000585825,0.000878738,0.00117165,0.001757476,0.002343301),.UNSPECIFIED.);
#8263=EDGE_CURVE('',#8237,#8245,#8262,.T.);
#8264=ORIENTED_EDGE('',*,*,#8263,.T.);
#8265=CARTESIAN_POINT('',(154.7,-41.985025018,-10.282842712));
#8266=VERTEX_POINT('',#8265);
#8267=CARTESIAN_POINT('',(154.7,-41.985025018,2.60439819));
#8268=DIRECTION('',(-0.,-0.,-1.));
#8269=VECTOR('',#8268,12.887240902);
#8270=LINE('',#8267,#8269);
#8271=EDGE_CURVE('',#8245,#8266,#8270,.T.);
#8272=ORIENTED_EDGE('',*,*,#8271,.T.);
#8273=CARTESIAN_POINT('',(160.156854249,-41.985025018,-18.));
#8274=VERTEX_POINT('',#8273);
#8275=CARTESIAN_POINT('',(154.7,-41.985025018,-10.282842712));
#8276=DIRECTION('',(0.577350269,0.,-0.816496581));
#8277=VECTOR('',#8276,9.45154881);
#8278=LINE('',#8275,#8277);
#8279=EDGE_CURVE('',#8266,#8274,#8278,.T.);
#8280=ORIENTED_EDGE('',*,*,#8279,.T.);
#8281=CARTESIAN_POINT('',(176.543145751,-41.985025018,-18.));
#8282=VERTEX_POINT('',#8281);
#8283=CARTESIAN_POINT('',(160.156854249,-41.985025018,-18.));
#8284=DIRECTION('',(1.,0.,-0.));
#8285=VECTOR('',#8284,16.386291502);
#8286=LINE('',#8283,#8285);
#8287=EDGE_CURVE('',#8274,#8282,#8286,.T.);
#8288=ORIENTED_EDGE('',*,*,#8287,.T.);
#8289=CARTESIAN_POINT('',(181.2,-41.985025018,-11.414213562));
#8290=VERTEX_POINT('',#8289);
#8291=CARTESIAN_POINT('',(176.543145751,-41.985025018,-18.));
#8292=DIRECTION('',(0.577350269,0.,0.816496581));
#8293=VECTOR('',#8292,8.065908164);
#8294=LINE('',#8291,#8293);
#8295=EDGE_CURVE('',#8282,#8290,#8294,.T.);
#8296=ORIENTED_EDGE('',*,*,#8295,.T.);
#8297=CARTESIAN_POINT('',(181.2,-41.985025018,-11.414213562));
#8298=DIRECTION('',(0.,0.,1.));
#8299=VECTOR('',#8298,61.228200888);
#8300=LINE('',#8297,#8299);
#8301=EDGE_CURVE('',#8290,#8175,#8300,.T.);
#8302=ORIENTED_EDGE('',*,*,#8301,.T.);
#8303=EDGE_LOOP('',(#8183,#8191,#8199,#8207,#8215,#8223,#8235,#8243,#8264,#8272,#8280,#8288,#8296,#8302));
#8304=FACE_BOUND('',#8303,.T.);
#8305=CARTESIAN_POINT('',(167.1,-41.985025018,10.));
#8306=VERTEX_POINT('',#8305);
#8307=CARTESIAN_POINT('',(167.1,-41.985025018,-13.));
#8308=VERTEX_POINT('',#8307);
#8309=CARTESIAN_POINT('',(167.1,-41.985025018,-1.5));
#8310=DIRECTION('',(0.,1.,0.));
#8311=DIRECTION('',(0.,-0.,1.));
#8312=AXIS2_PLACEMENT_3D('',#8309,#8310,#8311);
#8313=CIRCLE('',#8312,11.5);
#8314=EDGE_CURVE('',#8306,#8308,#8313,.T.);
#8315=ORIENTED_EDGE('',*,*,#8314,.T.);
#8316=CARTESIAN_POINT('',(167.1,-41.985025018,-1.5));
#8317=DIRECTION('',(0.,1.,0.));
#8318=DIRECTION('',(0.,-0.,1.));
#8319=AXIS2_PLACEMENT_3D('',#8316,#8317,#8318);
#8320=CIRCLE('',#8319,11.5);
#8321=EDGE_CURVE('',#8308,#8306,#8320,.T.);
#8322=ORIENTED_EDGE('',*,*,#8321,.T.);
#8323=EDGE_LOOP('',(#8315,#8322));
#8324=FACE_BOUND('',#8323,.T.);
#8325=ADVANCED_FACE('',(#8304,#8324),#8173,.F.);
#8326=CARTESIAN_POINT('',(167.1,-38.48502463,-1.5));
#8327=DIRECTION('',(0.,-1.,0.));
#8328=DIRECTION('',(0.,0.,1.));
#8329=AXIS2_PLACEMENT_3D('',#8326,#8327,#8328);
#8330=PLANE('',#8329);
#8331=CARTESIAN_POINT('',(175.1,-38.48502463,-3.899999998));
#8332=VERTEX_POINT('',#8331);
#8333=CARTESIAN_POINT('',(175.1,-38.48502463,-1.5));
#8334=DIRECTION('',(-0.,1.,-0.));
#8335=DIRECTION('',(0.,0.,-1.));
#8336=AXIS2_PLACEMENT_3D('',#8333,#8334,#8335);
#8337=CIRCLE('',#8336,2.399999998);
#8338=EDGE_CURVE('',#8332,#8332,#8337,.T.);
#8339=ORIENTED_EDGE('',*,*,#8338,.T.);
#8340=EDGE_LOOP('',(#8339));
#8341=FACE_BOUND('',#8340,.T.);
#8342=CARTESIAN_POINT('',(159.1,-38.48502463,-3.899999998));
#8343=VERTEX_POINT('',#8342);
#8344=CARTESIAN_POINT('',(159.1,-38.48502463,-1.5));
#8345=DIRECTION('',(-0.,1.,-0.));
#8346=DIRECTION('',(0.,0.,-1.));
#8347=AXIS2_PLACEMENT_3D('',#8344,#8345,#8346);
#8348=CIRCLE('',#8347,2.399999998);
#8349=EDGE_CURVE('',#8343,#8343,#8348,.T.);
#8350=ORIENTED_EDGE('',*,*,#8349,.T.);
#8351=EDGE_LOOP('',(#8350));
#8352=FACE_BOUND('',#8351,.T.);
#8353=CARTESIAN_POINT('',(169.45,-38.48502463,-9.5));
#8354=VERTEX_POINT('',#8353);
#8355=CARTESIAN_POINT('',(167.1,-38.48502463,-11.85));
#8356=VERTEX_POINT('',#8355);
#8357=CARTESIAN_POINT('',(167.1,-38.48502463,-9.5));
#8358=DIRECTION('',(0.,-1.,0.));
#8359=DIRECTION('',(0.,0.,-1.));
#8360=AXIS2_PLACEMENT_3D('',#8357,#8358,#8359);
#8361=CIRCLE('',#8360,2.35);
#8362=EDGE_CURVE('',#8354,#8356,#8361,.T.);
#8363=ORIENTED_EDGE('',*,*,#8362,.F.);
#8364=CARTESIAN_POINT('',(167.1,-38.48502463,-9.5));
#8365=DIRECTION('',(0.,-1.,0.));
#8366=DIRECTION('',(0.,0.,-1.));
#8367=AXIS2_PLACEMENT_3D('',#8364,#8365,#8366);
#8368=CIRCLE('',#8367,2.35);
#8369=EDGE_CURVE('',#8356,#8354,#8368,.T.);
#8370=ORIENTED_EDGE('',*,*,#8369,.F.);
#8371=EDGE_LOOP('',(#8363,#8370));
#8372=FACE_BOUND('',#8371,.T.);
#8373=CARTESIAN_POINT('',(164.750019112,-38.48502463,6.5));
#8374=VERTEX_POINT('',#8373);
#8375=CARTESIAN_POINT('',(167.100019112,-38.48502463,4.15));
#8376=VERTEX_POINT('',#8375);
#8377=CARTESIAN_POINT('',(167.100019112,-38.48502463,6.5));
#8378=DIRECTION('',(0.,-1.,0.));
#8379=DIRECTION('',(0.,0.,-1.));
#8380=AXIS2_PLACEMENT_3D('',#8377,#8378,#8379);
#8381=CIRCLE('',#8380,2.35);
#8382=EDGE_CURVE('',#8374,#8376,#8381,.T.);
#8383=ORIENTED_EDGE('',*,*,#8382,.F.);
#8384=CARTESIAN_POINT('',(167.100019112,-38.48502463,6.5));
#8385=DIRECTION('',(0.,-1.,0.));
#8386=DIRECTION('',(0.,0.,-1.));
#8387=AXIS2_PLACEMENT_3D('',#8384,#8385,#8386);
#8388=CIRCLE('',#8387,2.35);
#8389=EDGE_CURVE('',#8376,#8374,#8388,.T.);
#8390=ORIENTED_EDGE('',*,*,#8389,.F.);
#8391=EDGE_LOOP('',(#8383,#8390));
#8392=FACE_BOUND('',#8391,.T.);
#8393=CARTESIAN_POINT('',(167.1,-38.48502463,-13.));
#8394=VERTEX_POINT('',#8393);
#8395=CARTESIAN_POINT('',(167.1,-38.48502463,10.));
#8396=VERTEX_POINT('',#8395);
#8397=CARTESIAN_POINT('',(167.1,-38.48502463,-1.5));
#8398=DIRECTION('',(0.,1.,0.));
#8399=DIRECTION('',(0.,-0.,1.));
#8400=AXIS2_PLACEMENT_3D('',#8397,#8398,#8399);
#8401=CIRCLE('',#8400,11.5);
#8402=EDGE_CURVE('',#8394,#8396,#8401,.T.);
#8403=ORIENTED_EDGE('',*,*,#8402,.F.);
#8404=CARTESIAN_POINT('',(167.1,-38.48502463,-1.5));
#8405=DIRECTION('',(0.,1.,0.));
#8406=DIRECTION('',(0.,-0.,1.));
#8407=AXIS2_PLACEMENT_3D('',#8404,#8405,#8406);
#8408=CIRCLE('',#8407,11.5);
#8409=EDGE_CURVE('',#8396,#8394,#8408,.T.);
#8410=ORIENTED_EDGE('',*,*,#8409,.F.);
#8411=EDGE_LOOP('',(#8403,#8410));
#8412=FACE_BOUND('',#8411,.T.);
#8413=CARTESIAN_POINT('',(167.1,-38.48502463,-6.75));
#8414=VERTEX_POINT('',#8413);
#8415=CARTESIAN_POINT('',(172.35,-38.48502463,-1.5));
#8416=VERTEX_POINT('',#8415);
#8417=CARTESIAN_POINT('',(167.1,-38.48502463,-1.5));
#8418=DIRECTION('',(-0.,1.,-0.));
#8419=DIRECTION('',(0.,0.,-1.));
#8420=AXIS2_PLACEMENT_3D('',#8417,#8418,#8419);
#8421=CIRCLE('',#8420,5.25);
#8422=EDGE_CURVE('',#8414,#8416,#8421,.T.);
#8423=ORIENTED_EDGE('',*,*,#8422,.T.);
#8424=CARTESIAN_POINT('',(167.1,-38.48502463,-1.5));
#8425=DIRECTION('',(-0.,1.,-0.));
#8426=DIRECTION('',(0.,0.,-1.));
#8427=AXIS2_PLACEMENT_3D('',#8424,#8425,#8426);
#8428=CIRCLE('',#8427,5.25);
#8429=EDGE_CURVE('',#8416,#8414,#8428,.T.);
#8430=ORIENTED_EDGE('',*,*,#8429,.T.);
#8431=EDGE_LOOP('',(#8423,#8430));
#8432=FACE_BOUND('',#8431,.T.);
#8433=ADVANCED_FACE('',(#8341,#8352,#8372,#8392,#8412,#8432),#8330,.T.);
#8434=CARTESIAN_POINT('',(167.1,-61.985025018,-1.5));
#8435=DIRECTION('',(0.,-1.,0.));
#8436=DIRECTION('',(1.,0.,0.));
#8437=AXIS2_PLACEMENT_3D('',#8434,#8435,#8436);
#8438=CYLINDRICAL_SURFACE('',#8437,5.25);
#8439=CARTESIAN_POINT('',(172.35,47.514974982,-1.5));
#8440=VERTEX_POINT('',#8439);
#8441=CARTESIAN_POINT('',(172.35,-38.48502463,-1.5));
#8442=DIRECTION('',(-0.,1.,-0.));
#8443=VECTOR('',#8442,85.999999612);
#8444=LINE('',#8441,#8443);
#8445=EDGE_CURVE('',#8416,#8440,#8444,.T.);
#8446=ORIENTED_EDGE('',*,*,#8445,.F.);
#8447=ORIENTED_EDGE('',*,*,#8422,.F.);
#8448=ORIENTED_EDGE('',*,*,#8429,.F.);
#8449=ORIENTED_EDGE('',*,*,#8445,.T.);
#8450=CARTESIAN_POINT('',(167.1,47.514974982,-6.75));
#8451=VERTEX_POINT('',#8450);
#8452=CARTESIAN_POINT('',(167.1,47.514974982,-1.5));
#8453=DIRECTION('',(0.,-1.,0.));
#8454=DIRECTION('',(0.,0.,-1.));
#8455=AXIS2_PLACEMENT_3D('',#8452,#8453,#8454);
#8456=CIRCLE('',#8455,5.25);
#8457=EDGE_CURVE('',#8451,#8440,#8456,.T.);
#8458=ORIENTED_EDGE('',*,*,#8457,.F.);
#8459=CARTESIAN_POINT('',(167.1,47.514974982,-1.5));
#8460=DIRECTION('',(0.,-1.,0.));
#8461=DIRECTION('',(0.,0.,-1.));
#8462=AXIS2_PLACEMENT_3D('',#8459,#8460,#8461);
#8463=CIRCLE('',#8462,5.25);
#8464=EDGE_CURVE('',#8440,#8451,#8463,.T.);
#8465=ORIENTED_EDGE('',*,*,#8464,.F.);
#8466=EDGE_LOOP('',(#8446,#8447,#8448,#8449,#8458,#8465));
#8467=FACE_BOUND('',#8466,.T.);
#8468=ADVANCED_FACE('',(#8467),#8438,.F.);
#8469=CARTESIAN_POINT('',(167.100019112,-16.48502463,6.5));
#8470=DIRECTION('',(0.,-1.,0.));
#8471=DIRECTION('',(-1.,0.,0.));
#8472=AXIS2_PLACEMENT_3D('',#8469,#8470,#8471);
#8473=CYLINDRICAL_SURFACE('',#8472,2.35);
#8474=CARTESIAN_POINT('',(164.750019112,47.514974982,6.5));
#8475=VERTEX_POINT('',#8474);
#8476=CARTESIAN_POINT('',(164.750019112,-38.48502463,6.5));
#8477=DIRECTION('',(-0.,1.,-0.));
#8478=VECTOR('',#8477,85.999999612);
#8479=LINE('',#8476,#8478);
#8480=EDGE_CURVE('',#8374,#8475,#8479,.T.);
#8481=ORIENTED_EDGE('',*,*,#8480,.F.);
#8482=ORIENTED_EDGE('',*,*,#8382,.T.);
#8483=ORIENTED_EDGE('',*,*,#8389,.T.);
#8484=ORIENTED_EDGE('',*,*,#8480,.T.);
#8485=CARTESIAN_POINT('',(167.100019112,47.514974982,4.15));
#8486=VERTEX_POINT('',#8485);
#8487=CARTESIAN_POINT('',(167.100019112,47.514974982,6.5));
#8488=DIRECTION('',(-0.,1.,-0.));
#8489=DIRECTION('',(0.,0.,-1.));
#8490=AXIS2_PLACEMENT_3D('',#8487,#8488,#8489);
#8491=CIRCLE('',#8490,2.35);
#8492=EDGE_CURVE('',#8475,#8486,#8491,.T.);
#8493=ORIENTED_EDGE('',*,*,#8492,.T.);
#8494=CARTESIAN_POINT('',(167.100019112,47.514974982,6.5));
#8495=DIRECTION('',(-0.,1.,-0.));
#8496=DIRECTION('',(0.,0.,-1.));
#8497=AXIS2_PLACEMENT_3D('',#8494,#8495,#8496);
#8498=CIRCLE('',#8497,2.35);
#8499=EDGE_CURVE('',#8486,#8475,#8498,.T.);
#8500=ORIENTED_EDGE('',*,*,#8499,.T.);
#8501=EDGE_LOOP('',(#8481,#8482,#8483,#8484,#8493,#8500));
#8502=FACE_BOUND('',#8501,.T.);
#8503=ADVANCED_FACE('',(#8502),#8473,.F.);
#8504=CARTESIAN_POINT('',(167.1,-9.48502463,-9.5));
#8505=DIRECTION('',(0.,-1.,0.));
#8506=DIRECTION('',(1.,0.,0.));
#8507=AXIS2_PLACEMENT_3D('',#8504,#8505,#8506);
#8508=CYLINDRICAL_SURFACE('',#8507,2.35);
#8509=CARTESIAN_POINT('',(169.45,47.514974982,-9.5));
#8510=VERTEX_POINT('',#8509);
#8511=CARTESIAN_POINT('',(169.45,-38.48502463,-9.5));
#8512=DIRECTION('',(-0.,1.,-0.));
#8513=VECTOR('',#8512,85.999999612);
#8514=LINE('',#8511,#8513);
#8515=EDGE_CURVE('',#8354,#8510,#8514,.T.);
#8516=ORIENTED_EDGE('',*,*,#8515,.F.);
#8517=ORIENTED_EDGE('',*,*,#8362,.T.);
#8518=ORIENTED_EDGE('',*,*,#8369,.T.);
#8519=ORIENTED_EDGE('',*,*,#8515,.T.);
#8520=CARTESIAN_POINT('',(167.1,47.514974982,-11.85));
#8521=VERTEX_POINT('',#8520);
#8522=CARTESIAN_POINT('',(167.1,47.514974982,-9.5));
#8523=DIRECTION('',(-0.,1.,-0.));
#8524=DIRECTION('',(0.,0.,-1.));
#8525=AXIS2_PLACEMENT_3D('',#8522,#8523,#8524);
#8526=CIRCLE('',#8525,2.35);
#8527=EDGE_CURVE('',#8510,#8521,#8526,.T.);
#8528=ORIENTED_EDGE('',*,*,#8527,.T.);
#8529=CARTESIAN_POINT('',(167.1,47.514974982,-9.5));
#8530=DIRECTION('',(-0.,1.,-0.));
#8531=DIRECTION('',(0.,0.,-1.));
#8532=AXIS2_PLACEMENT_3D('',#8529,#8530,#8531);
#8533=CIRCLE('',#8532,2.35);
#8534=EDGE_CURVE('',#8521,#8510,#8533,.T.);
#8535=ORIENTED_EDGE('',*,*,#8534,.T.);
#8536=EDGE_LOOP('',(#8516,#8517,#8518,#8519,#8528,#8535));
#8537=FACE_BOUND('',#8536,.T.);
#8538=ADVANCED_FACE('',(#8537),#8508,.F.);
#8539=CARTESIAN_POINT('',(159.1,-28.48502463,-1.5));
#8540=DIRECTION('',(0.,-1.,0.));
#8541=DIRECTION('',(0.,0.,1.));
#8542=AXIS2_PLACEMENT_3D('',#8539,#8540,#8541);
#8543=CYLINDRICAL_SURFACE('',#8542,1.4);
#8544=CARTESIAN_POINT('',(159.1,-37.48502463,-0.1));
#8545=VERTEX_POINT('',#8544);
#8546=CARTESIAN_POINT('',(159.1,47.514974982,-0.1));
#8547=VERTEX_POINT('',#8546);
#8548=CARTESIAN_POINT('',(159.1,-37.48502463,-0.1));
#8549=DIRECTION('',(-0.,1.,-0.));
#8550=VECTOR('',#8549,84.999999612);
#8551=LINE('',#8548,#8550);
#8552=EDGE_CURVE('',#8545,#8547,#8551,.T.);
#8553=ORIENTED_EDGE('',*,*,#8552,.F.);
#8554=CARTESIAN_POINT('',(159.1,-37.48502463,-2.9));
#8555=VERTEX_POINT('',#8554);
#8556=CARTESIAN_POINT('',(159.1,-37.48502463,-1.5));
#8557=DIRECTION('',(0.,-1.,0.));
#8558=DIRECTION('',(0.,0.,-1.));
#8559=AXIS2_PLACEMENT_3D('',#8556,#8557,#8558);
#8560=CIRCLE('',#8559,1.4);
#8561=EDGE_CURVE('',#8545,#8555,#8560,.T.);
#8562=ORIENTED_EDGE('',*,*,#8561,.T.);
#8563=CARTESIAN_POINT('',(159.1,-37.48502463,-1.5));
#8564=DIRECTION('',(0.,-1.,0.));
#8565=DIRECTION('',(0.,0.,-1.));
#8566=AXIS2_PLACEMENT_3D('',#8563,#8564,#8565);
#8567=CIRCLE('',#8566,1.4);
#8568=EDGE_CURVE('',#8555,#8545,#8567,.T.);
#8569=ORIENTED_EDGE('',*,*,#8568,.T.);
#8570=ORIENTED_EDGE('',*,*,#8552,.T.);
#8571=CARTESIAN_POINT('',(159.1,47.514974982,-2.9));
#8572=VERTEX_POINT('',#8571);
#8573=CARTESIAN_POINT('',(159.1,47.514974982,-1.5));
#8574=DIRECTION('',(-0.,1.,-0.));
#8575=DIRECTION('',(0.,0.,-1.));
#8576=AXIS2_PLACEMENT_3D('',#8573,#8574,#8575);
#8577=CIRCLE('',#8576,1.4);
#8578=EDGE_CURVE('',#8547,#8572,#8577,.T.);
#8579=ORIENTED_EDGE('',*,*,#8578,.T.);
#8580=CARTESIAN_POINT('',(159.1,47.514974982,-1.5));
#8581=DIRECTION('',(-0.,1.,-0.));
#8582=DIRECTION('',(0.,0.,-1.));
#8583=AXIS2_PLACEMENT_3D('',#8580,#8581,#8582);
#8584=CIRCLE('',#8583,1.4);
#8585=EDGE_CURVE('',#8572,#8547,#8584,.T.);
#8586=ORIENTED_EDGE('',*,*,#8585,.T.);
#8587=EDGE_LOOP('',(#8553,#8562,#8569,#8570,#8579,#8586));
#8588=FACE_BOUND('',#8587,.T.);
#8589=ADVANCED_FACE('',(#8588),#8543,.F.);
#8590=CARTESIAN_POINT('',(175.1,-28.48502463,-1.5));
#8591=DIRECTION('',(0.,-1.,0.));
#8592=DIRECTION('',(0.,0.,1.));
#8593=AXIS2_PLACEMENT_3D('',#8590,#8591,#8592);
#8594=CYLINDRICAL_SURFACE('',#8593,1.4);
#8595=CARTESIAN_POINT('',(175.1,-37.48502463,-0.1));
#8596=VERTEX_POINT('',#8595);
#8597=CARTESIAN_POINT('',(175.1,47.514974982,-0.1));
#8598=VERTEX_POINT('',#8597);
#8599=CARTESIAN_POINT('',(175.1,-37.48502463,-0.1));
#8600=DIRECTION('',(-0.,1.,-0.));
#8601=VECTOR('',#8600,84.999999612);
#8602=LINE('',#8599,#8601);
#8603=EDGE_CURVE('',#8596,#8598,#8602,.T.);
#8604=ORIENTED_EDGE('',*,*,#8603,.F.);
#8605=CARTESIAN_POINT('',(175.1,-37.48502463,-2.9));
#8606=VERTEX_POINT('',#8605);
#8607=CARTESIAN_POINT('',(175.1,-37.48502463,-1.5));
#8608=DIRECTION('',(0.,-1.,0.));
#8609=DIRECTION('',(0.,0.,-1.));
#8610=AXIS2_PLACEMENT_3D('',#8607,#8608,#8609);
#8611=CIRCLE('',#8610,1.4);
#8612=EDGE_CURVE('',#8596,#8606,#8611,.T.);
#8613=ORIENTED_EDGE('',*,*,#8612,.T.);
#8614=CARTESIAN_POINT('',(175.1,-37.48502463,-1.5));
#8615=DIRECTION('',(0.,-1.,0.));
#8616=DIRECTION('',(0.,0.,-1.));
#8617=AXIS2_PLACEMENT_3D('',#8614,#8615,#8616);
#8618=CIRCLE('',#8617,1.4);
#8619=EDGE_CURVE('',#8606,#8596,#8618,.T.);
#8620=ORIENTED_EDGE('',*,*,#8619,.T.);
#8621=ORIENTED_EDGE('',*,*,#8603,.T.);
#8622=CARTESIAN_POINT('',(175.1,47.514974982,-2.9));
#8623=VERTEX_POINT('',#8622);
#8624=CARTESIAN_POINT('',(175.1,47.514974982,-1.5));
#8625=DIRECTION('',(-0.,1.,-0.));
#8626=DIRECTION('',(0.,0.,-1.));
#8627=AXIS2_PLACEMENT_3D('',#8624,#8625,#8626);
#8628=CIRCLE('',#8627,1.4);
#8629=EDGE_CURVE('',#8598,#8623,#8628,.T.);
#8630=ORIENTED_EDGE('',*,*,#8629,.T.);
#8631=CARTESIAN_POINT('',(175.1,47.514974982,-1.5));
#8632=DIRECTION('',(-0.,1.,-0.));
#8633=DIRECTION('',(0.,0.,-1.));
#8634=AXIS2_PLACEMENT_3D('',#8631,#8632,#8633);
#8635=CIRCLE('',#8634,1.4);
#8636=EDGE_CURVE('',#8623,#8598,#8635,.T.);
#8637=ORIENTED_EDGE('',*,*,#8636,.T.);
#8638=EDGE_LOOP('',(#8604,#8613,#8620,#8621,#8630,#8637));
#8639=FACE_BOUND('',#8638,.T.);
#8640=ADVANCED_FACE('',(#8639),#8594,.F.);
#8641=CARTESIAN_POINT('',(167.1,-41.98502463,-1.5));
#8642=DIRECTION('',(0.,1.,0.));
#8643=DIRECTION('',(0.,0.,-1.));
#8644=AXIS2_PLACEMENT_3D('',#8641,#8642,#8643);
#8645=CYLINDRICAL_SURFACE('',#8644,11.5);
#8646=CARTESIAN_POINT('',(167.1,-38.48502463,-13.));
#8647=DIRECTION('',(-0.,-1.,-0.));
#8648=VECTOR('',#8647,3.500000388);
#8649=LINE('',#8646,#8648);
#8650=EDGE_CURVE('',#8394,#8308,#8649,.T.);
#8651=ORIENTED_EDGE('',*,*,#8650,.F.);
#8652=ORIENTED_EDGE('',*,*,#8402,.T.);
#8653=ORIENTED_EDGE('',*,*,#8409,.T.);
#8654=ORIENTED_EDGE('',*,*,#8650,.T.);
#8655=ORIENTED_EDGE('',*,*,#8314,.F.);
#8656=ORIENTED_EDGE('',*,*,#8321,.F.);
#8657=EDGE_LOOP('',(#8651,#8652,#8653,#8654,#8655,#8656));
#8658=FACE_BOUND('',#8657,.T.);
#8659=ADVANCED_FACE('',(#8658),#8645,.F.);
#8660=CARTESIAN_POINT('',(167.1,47.514974982,-1.5));
#8661=DIRECTION('',(0.,1.,0.));
#8662=DIRECTION('',(0.,0.,1.));
#8663=AXIS2_PLACEMENT_3D('',#8660,#8661,#8662);
#8664=PLANE('',#8663);
#8665=ORIENTED_EDGE('',*,*,#8629,.F.);
#8666=ORIENTED_EDGE('',*,*,#8636,.F.);
#8667=EDGE_LOOP('',(#8665,#8666));
#8668=FACE_BOUND('',#8667,.T.);
#8669=ORIENTED_EDGE('',*,*,#8578,.F.);
#8670=ORIENTED_EDGE('',*,*,#8585,.F.);
#8671=EDGE_LOOP('',(#8669,#8670));
#8672=FACE_BOUND('',#8671,.T.);
#8673=ORIENTED_EDGE('',*,*,#8527,.F.);
#8674=ORIENTED_EDGE('',*,*,#8534,.F.);
#8675=EDGE_LOOP('',(#8673,#8674));
#8676=FACE_BOUND('',#8675,.T.);
#8677=ORIENTED_EDGE('',*,*,#8492,.F.);
#8678=ORIENTED_EDGE('',*,*,#8499,.F.);
#8679=EDGE_LOOP('',(#8677,#8678));
#8680=FACE_BOUND('',#8679,.T.);
#8681=CARTESIAN_POINT('',(167.1,47.514974982,-13.));
#8682=VERTEX_POINT('',#8681);
#8683=CARTESIAN_POINT('',(167.1,47.514974982,-1.5));
#8684=DIRECTION('',(0.,-1.,0.));
#8685=DIRECTION('',(0.,0.,-1.));
#8686=AXIS2_PLACEMENT_3D('',#8683,#8684,#8685);
#8687=CIRCLE('',#8686,11.5);
#8688=EDGE_CURVE('',#8682,#8682,#8687,.T.);
#8689=ORIENTED_EDGE('',*,*,#8688,.F.);
#8690=EDGE_LOOP('',(#8689));
#8691=FACE_BOUND('',#8690,.T.);
#8692=ORIENTED_EDGE('',*,*,#8457,.T.);
#8693=ORIENTED_EDGE('',*,*,#8464,.T.);
#8694=EDGE_LOOP('',(#8692,#8693));
#8695=FACE_BOUND('',#8694,.T.);
#8696=ADVANCED_FACE('',(#8668,#8672,#8676,#8680,#8691,#8695),#8664,.T.);
#8697=CARTESIAN_POINT('',(153.914213562,-63.,-18.585786438));
#8698=DIRECTION('',(-0.707106781,0.,-0.707106781));
#8699=DIRECTION('',(0.,1.,0.));
#8700=AXIS2_PLACEMENT_3D('',#8697,#8698,#8699);
#8701=PLANE('',#8700);
#8702=CARTESIAN_POINT('',(157.328427133,37.033123196,-21.99999999));
#8703=VERTEX_POINT('',#8702);
#8704=CARTESIAN_POINT('',(153.700000003,36.060889098,-18.371572872));
#8705=VERTEX_POINT('',#8704);
#8706=CARTESIAN_POINT('',(157.328427137,37.033123211,-21.999999982));
#8707=DIRECTION('',(-0.694746591,-0.186156788,0.69474659));
#8708=VECTOR('',#8707,5.222662724);
#8709=LINE('',#8706,#8708);
#8710=EDGE_CURVE('',#8703,#8705,#8709,.T.);
#8711=ORIENTED_EDGE('',*,*,#8710,.F.);
#8712=CARTESIAN_POINT('',(157.328427125,-33.985025018,-22.));
#8713=VERTEX_POINT('',#8712);
#8714=CARTESIAN_POINT('',(157.328427125,-33.985025018,-22.));
#8715=DIRECTION('',(-0.,1.,-0.));
#8716=VECTOR('',#8715,71.018148214);
#8717=LINE('',#8714,#8716);
#8718=EDGE_CURVE('',#8713,#8703,#8717,.T.);
#8719=ORIENTED_EDGE('',*,*,#8718,.F.);
#8720=CARTESIAN_POINT('',(153.7,-32.482081293,-18.371572875));
#8721=VERTEX_POINT('',#8720);
#8722=CARTESIAN_POINT('',(153.7,-32.482081293,-18.371572875));
#8723=DIRECTION('',(0.678598345,-0.281084638,-0.678598345));
#8724=VECTOR('',#8723,5.346943673);
#8725=LINE('',#8722,#8724);
#8726=EDGE_CURVE('',#8721,#8713,#8725,.T.);
#8727=ORIENTED_EDGE('',*,*,#8726,.F.);
#8728=CARTESIAN_POINT('',(153.7,36.060889098,-18.371572875));
#8729=DIRECTION('',(0.,-1.,0.));
#8730=VECTOR('',#8729,68.542970391);
#8731=LINE('',#8728,#8730);
#8732=EDGE_CURVE('',#8705,#8721,#8731,.T.);
#8733=ORIENTED_EDGE('',*,*,#8732,.F.);
#8734=EDGE_LOOP('',(#8711,#8719,#8727,#8733));
#8735=FACE_BOUND('',#8734,.T.);
#8736=ADVANCED_FACE('',(#8735),#8701,.T.);
#8737=CARTESIAN_POINT('',(181.85,46.264974982,-22.));
#8738=DIRECTION('',(0.,0.,1.));
#8739=DIRECTION('',(-1.,0.,0.));
#8740=AXIS2_PLACEMENT_3D('',#8737,#8738,#8739);
#8741=PLANE('',#8740);
#8742=CARTESIAN_POINT('',(176.543145751,-37.985025018,-22.));
#8743=VERTEX_POINT('',#8742);
#8744=CARTESIAN_POINT('',(160.15685425,-37.985025018,-22.));
#8745=VERTEX_POINT('',#8744);
#8746=CARTESIAN_POINT('',(176.543145751,-37.985025018,-22.));
#8747=DIRECTION('',(-1.,0.,0.));
#8748=VECTOR('',#8747,16.386291501);
#8749=LINE('',#8746,#8748);
#8750=EDGE_CURVE('',#8743,#8745,#8749,.T.);
#8751=ORIENTED_EDGE('',*,*,#8750,.T.);
#8752=CARTESIAN_POINT('',(157.328427125,-33.985025018,-22.));
#8753=DIRECTION('',(0.577350269,-0.816496581,0.));
#8754=VECTOR('',#8753,4.898979485);
#8755=LINE('',#8752,#8754);
#8756=EDGE_CURVE('',#8713,#8745,#8755,.T.);
#8757=ORIENTED_EDGE('',*,*,#8756,.F.);
#8758=ORIENTED_EDGE('',*,*,#8718,.T.);
#8759=CARTESIAN_POINT('',(160.156854261,42.689977471,-21.999999996));
#8760=VERTEX_POINT('',#8759);
#8761=CARTESIAN_POINT('',(160.15685427,42.689977466,-21.999999984));
#8762=DIRECTION('',(-0.447213596,-0.894427191,-0.));
#8763=VECTOR('',#8762,6.324555344);
#8764=LINE('',#8761,#8763);
#8765=EDGE_CURVE('',#8760,#8703,#8764,.T.);
#8766=ORIENTED_EDGE('',*,*,#8765,.F.);
#8767=CARTESIAN_POINT('',(176.543145751,42.689977471,-22.));
#8768=VERTEX_POINT('',#8767);
#8769=CARTESIAN_POINT('',(160.156854261,42.689977471,-22.));
#8770=DIRECTION('',(1.,-0.,-0.));
#8771=VECTOR('',#8770,16.38629149);
#8772=LINE('',#8769,#8771);
#8773=EDGE_CURVE('',#8760,#8768,#8772,.T.);
#8774=ORIENTED_EDGE('',*,*,#8773,.T.);
#8775=CARTESIAN_POINT('',(179.371572875,37.03312322,-22.));
#8776=VERTEX_POINT('',#8775);
#8777=CARTESIAN_POINT('',(176.543145751,42.689977471,-22.));
#8778=DIRECTION('',(0.447213595,-0.894427191,0.));
#8779=VECTOR('',#8778,6.324555321);
#8780=LINE('',#8777,#8779);
#8781=EDGE_CURVE('',#8768,#8776,#8780,.T.);
#8782=ORIENTED_EDGE('',*,*,#8781,.T.);
#8783=CARTESIAN_POINT('',(179.371572875,-33.985025018,-22.));
#8784=VERTEX_POINT('',#8783);
#8785=CARTESIAN_POINT('',(179.371572875,37.03312322,-22.));
#8786=DIRECTION('',(0.,-1.,0.));
#8787=VECTOR('',#8786,71.018148238);
#8788=LINE('',#8785,#8787);
#8789=EDGE_CURVE('',#8776,#8784,#8788,.T.);
#8790=ORIENTED_EDGE('',*,*,#8789,.T.);
#8791=CARTESIAN_POINT('',(179.371572875,-33.985025018,-22.));
#8792=DIRECTION('',(-0.577350269,-0.816496581,0.));
#8793=VECTOR('',#8792,4.898979485);
#8794=LINE('',#8791,#8793);
#8795=EDGE_CURVE('',#8784,#8743,#8794,.T.);
#8796=ORIENTED_EDGE('',*,*,#8795,.T.);
#8797=EDGE_LOOP('',(#8751,#8757,#8758,#8766,#8774,#8782,#8790,#8796));
#8798=FACE_BOUND('',#8797,.T.);
#8799=ADVANCED_FACE('',(#8798),#8741,.F.);
#8800=CARTESIAN_POINT('',(-175.35,-39.985025018,-20.));
#8801=DIRECTION('',(0.,0.707106781,0.707106781));
#8802=DIRECTION('',(-1.,0.,0.));
#8803=AXIS2_PLACEMENT_3D('',#8800,#8801,#8802);
#8804=PLANE('',#8803);
#8805=ORIENTED_EDGE('',*,*,#8287,.F.);
#8806=CARTESIAN_POINT('',(160.156854249,-41.985025018,-18.));
#8807=DIRECTION('',(-0.,0.707106781,-0.707106781));
#8808=VECTOR('',#8807,5.656854249);
#8809=LINE('',#8806,#8808);
#8810=EDGE_CURVE('',#8274,#8745,#8809,.T.);
#8811=ORIENTED_EDGE('',*,*,#8810,.T.);
#8812=ORIENTED_EDGE('',*,*,#8750,.F.);
#8813=CARTESIAN_POINT('',(176.543145751,-37.985025018,-22.));
#8814=DIRECTION('',(0.,-0.707106781,0.707106781));
#8815=VECTOR('',#8814,5.656854249);
#8816=LINE('',#8813,#8815);
#8817=EDGE_CURVE('',#8743,#8282,#8816,.T.);
#8818=ORIENTED_EDGE('',*,*,#8817,.T.);
#8819=EDGE_LOOP('',(#8805,#8811,#8812,#8818));
#8820=FACE_BOUND('',#8819,.T.);
#8821=ADVANCED_FACE('',(#8820),#8804,.F.);
#8822=CARTESIAN_POINT('',(155.328427125,-57.078298947,3.921701053));
#8823=DIRECTION('',(-0.707106781,-0.5,-0.5));
#8824=DIRECTION('',(0.,0.707106781,-0.707106781));
#8825=AXIS2_PLACEMENT_3D('',#8822,#8823,#8824);
#8826=PLANE('',#8825);
#8827=ORIENTED_EDGE('',*,*,#8279,.F.);
#8828=CARTESIAN_POINT('',(153.7,-40.985025018,-9.86862915));
#8829=VERTEX_POINT('',#8828);
#8830=CARTESIAN_POINT('',(154.7,-41.985025018,-10.282842712));
#8831=DIRECTION('',(-0.678598345,0.678598345,0.281084637));
#8832=VECTOR('',#8831,1.473625758);
#8833=LINE('',#8830,#8832);
#8834=EDGE_CURVE('',#8266,#8829,#8833,.T.);
#8835=ORIENTED_EDGE('',*,*,#8834,.T.);
#8836=CARTESIAN_POINT('',(153.7,-32.482081293,-18.371572875));
#8837=DIRECTION('',(0.,-0.707106781,0.707106781));
#8838=VECTOR('',#8837,12.024978336);
#8839=LINE('',#8836,#8838);
#8840=EDGE_CURVE('',#8721,#8829,#8839,.T.);
#8841=ORIENTED_EDGE('',*,*,#8840,.F.);
#8842=ORIENTED_EDGE('',*,*,#8726,.T.);
#8843=ORIENTED_EDGE('',*,*,#8756,.T.);
#8844=ORIENTED_EDGE('',*,*,#8810,.F.);
#8845=EDGE_LOOP('',(#8827,#8835,#8841,#8842,#8843,#8844));
#8846=FACE_BOUND('',#8845,.T.);
#8847=ADVANCED_FACE('',(#8846),#8826,.T.);
#8848=CARTESIAN_POINT('',(180.785786438,46.264974982,-20.585786438));
#8849=DIRECTION('',(0.707106781,0.,-0.707106781));
#8850=DIRECTION('',(0.,1.,0.));
#8851=AXIS2_PLACEMENT_3D('',#8848,#8849,#8850);
#8852=PLANE('',#8851);
#8853=CARTESIAN_POINT('',(184.200000003,35.739350074,-17.171572878));
#8854=DIRECTION('',(-0.694746591,0.186156788,-0.69474659));
#8855=VECTOR('',#8854,6.94991122);
#8856=LINE('',#8853,#8855);
#8857=EDGE_CURVE('',#7441,#8776,#8856,.T.);
#8858=ORIENTED_EDGE('',*,*,#8857,.F.);
#8859=ORIENTED_EDGE('',*,*,#7446,.F.);
#8860=CARTESIAN_POINT('',(179.371572875,-33.985025018,-22.));
#8861=DIRECTION('',(0.678598345,0.281084638,0.678598344));
#8862=VECTOR('',#8861,7.115294583);
#8863=LINE('',#8860,#8862);
#8864=EDGE_CURVE('',#8784,#7433,#8863,.T.);
#8865=ORIENTED_EDGE('',*,*,#8864,.F.);
#8866=ORIENTED_EDGE('',*,*,#8789,.F.);
#8867=EDGE_LOOP('',(#8858,#8859,#8865,#8866));
#8868=FACE_BOUND('',#8867,.T.);
#8869=ADVANCED_FACE('',(#8868),#8852,.T.);
#8870=CARTESIAN_POINT('',(167.1,51.014974982,-1.5));
#8871=DIRECTION('',(0.,-1.,0.));
#8872=DIRECTION('',(0.,0.,-1.));
#8873=AXIS2_PLACEMENT_3D('',#8870,#8871,#8872);
#8874=CYLINDRICAL_SURFACE('',#8873,11.5);
#8875=CARTESIAN_POINT('',(167.1,51.014974982,-13.));
#8876=VERTEX_POINT('',#8875);
#8877=CARTESIAN_POINT('',(167.1,47.514974982,-13.));
#8878=DIRECTION('',(-0.,1.,-0.));
#8879=VECTOR('',#8878,3.5);
#8880=LINE('',#8877,#8879);
#8881=EDGE_CURVE('',#8682,#8876,#8880,.T.);
#8882=ORIENTED_EDGE('',*,*,#8881,.F.);
#8883=ORIENTED_EDGE('',*,*,#8688,.T.);
#8884=ORIENTED_EDGE('',*,*,#8881,.T.);
#8885=CARTESIAN_POINT('',(167.1,51.014974982,-1.5));
#8886=DIRECTION('',(-0.,1.,-0.));
#8887=DIRECTION('',(0.,0.,-1.));
#8888=AXIS2_PLACEMENT_3D('',#8885,#8886,#8887);
#8889=CIRCLE('',#8888,11.5);
#8890=EDGE_CURVE('',#8876,#8876,#8889,.T.);
#8891=ORIENTED_EDGE('',*,*,#8890,.T.);
#8892=EDGE_LOOP('',(#8882,#8883,#8884,#8891));
#8893=FACE_BOUND('',#8892,.T.);
#8894=ADVANCED_FACE('',(#8893),#8874,.F.);
#8895=CARTESIAN_POINT('',(155.328427125,-30.331465167,-58.583562153));
#8896=DIRECTION('',(-0.707106781,0.353553391,-0.612372436));
#8897=DIRECTION('',(0.,0.866025404,0.5));
#8898=AXIS2_PLACEMENT_3D('',#8895,#8896,#8897);
#8899=PLANE('',#8898);
#8900=CARTESIAN_POINT('',(153.700000003,50.014974979,-10.315177629));
#8901=VERTEX_POINT('',#8900);
#8902=CARTESIAN_POINT('',(153.7,50.014974983,-10.315177637));
#8903=DIRECTION('',(0.,-0.866025404,-0.5));
#8904=VECTOR('',#8903,16.11279048);
#8905=LINE('',#8902,#8904);
#8906=EDGE_CURVE('',#8901,#8705,#8905,.T.);
#8907=ORIENTED_EDGE('',*,*,#8906,.F.);
#8908=CARTESIAN_POINT('',(154.700000003,51.014974979,-10.892527899));
#8909=VERTEX_POINT('',#8908);
#8910=CARTESIAN_POINT('',(153.700000015,50.014974971,-10.315177622));
#8911=DIRECTION('',(0.654653671,0.65465367,-0.377964473));
#8912=VECTOR('',#8911,1.527525232);
#8913=LINE('',#8910,#8912);
#8914=EDGE_CURVE('',#8901,#8909,#8913,.T.);
#8915=ORIENTED_EDGE('',*,*,#8914,.T.);
#8916=CARTESIAN_POINT('',(160.156854249,51.014974982,-17.193560447));
#8917=VERTEX_POINT('',#8916);
#8918=CARTESIAN_POINT('',(160.156854249,51.014974982,-17.193560447));
#8919=DIRECTION('',(-0.654653671,0.,0.755928946));
#8920=VECTOR('',#8919,8.335482555);
#8921=LINE('',#8918,#8920);
#8922=EDGE_CURVE('',#8917,#8909,#8921,.T.);
#8923=ORIENTED_EDGE('',*,*,#8922,.F.);
#8924=CARTESIAN_POINT('',(160.156854249,42.689977473,-21.999999999));
#8925=DIRECTION('',(-0.,0.866025404,0.5));
#8926=VECTOR('',#8925,9.612879105);
#8927=LINE('',#8924,#8926);
#8928=EDGE_CURVE('',#8760,#8917,#8927,.T.);
#8929=ORIENTED_EDGE('',*,*,#8928,.F.);
#8930=ORIENTED_EDGE('',*,*,#8765,.T.);
#8931=ORIENTED_EDGE('',*,*,#8710,.T.);
#8932=EDGE_LOOP('',(#8907,#8915,#8923,#8929,#8930,#8931));
#8933=FACE_BOUND('',#8932,.T.);
#8934=ADVANCED_FACE('',(#8933),#8899,.T.);
#8935=CARTESIAN_POINT('',(-175.35,46.057679239,-20.055656478));
#8936=DIRECTION('',(0.,-0.5,0.866025404));
#8937=DIRECTION('',(-1.,0.,0.));
#8938=AXIS2_PLACEMENT_3D('',#8935,#8936,#8937);
#8939=PLANE('',#8938);
#8940=CARTESIAN_POINT('',(176.543145751,51.014974982,-17.193560447));
#8941=VERTEX_POINT('',#8940);
#8942=CARTESIAN_POINT('',(160.156854249,51.014974982,-17.193560447));
#8943=DIRECTION('',(1.,-0.,-0.));
#8944=VECTOR('',#8943,16.386291502);
#8945=LINE('',#8942,#8944);
#8946=EDGE_CURVE('',#8917,#8941,#8945,.T.);
#8947=ORIENTED_EDGE('',*,*,#8946,.T.);
#8948=CARTESIAN_POINT('',(176.543145751,51.014974982,-17.193560447));
#8949=DIRECTION('',(0.,-0.866025404,-0.5));
#8950=VECTOR('',#8949,9.612879108);
#8951=LINE('',#8948,#8950);
#8952=EDGE_CURVE('',#8941,#8768,#8951,.T.);
#8953=ORIENTED_EDGE('',*,*,#8952,.T.);
#8954=ORIENTED_EDGE('',*,*,#8773,.F.);
#8955=ORIENTED_EDGE('',*,*,#8928,.T.);
#8956=EDGE_LOOP('',(#8947,#8953,#8954,#8955));
#8957=FACE_BOUND('',#8956,.T.);
#8958=ADVANCED_FACE('',(#8957),#8939,.F.);
#8959=CARTESIAN_POINT('',(153.7,-63.,-2.));
#8960=DIRECTION('',(-1.,0.,0.));
#8961=DIRECTION('',(0.,-1.,0.));
#8962=AXIS2_PLACEMENT_3D('',#8959,#8960,#8961);
#8963=PLANE('',#8962);
#8964=CARTESIAN_POINT('',(153.7,-40.985025018,2.60439819));
#8965=VERTEX_POINT('',#8964);
#8966=CARTESIAN_POINT('',(153.699999437,50.014974419,2.026786047));
#8967=VERTEX_POINT('',#8966);
#8968=CARTESIAN_POINT('',(153.7,-40.985025018,2.60439819));
#8969=DIRECTION('',(0.,0.999979856,-0.006347258));
#8970=VECTOR('',#8969,91.001832582);
#8971=LINE('',#8968,#8970);
#8972=EDGE_CURVE('',#8965,#8967,#8971,.T.);
#8973=ORIENTED_EDGE('',*,*,#8972,.T.);
#8974=CARTESIAN_POINT('',(153.7,50.014974982,2.026786047));
#8975=DIRECTION('',(0.,0.,-1.));
#8976=VECTOR('',#8975,12.341963677);
#8977=LINE('',#8974,#8976);
#8978=EDGE_CURVE('',#8967,#8901,#8977,.T.);
#8979=ORIENTED_EDGE('',*,*,#8978,.T.);
#8980=ORIENTED_EDGE('',*,*,#8906,.T.);
#8981=ORIENTED_EDGE('',*,*,#8732,.T.);
#8982=ORIENTED_EDGE('',*,*,#8840,.T.);
#8983=CARTESIAN_POINT('',(153.7,-40.985025018,-9.86862915));
#8984=DIRECTION('',(0.,0.,1.));
#8985=VECTOR('',#8984,12.47302734);
#8986=LINE('',#8983,#8985);
#8987=EDGE_CURVE('',#8829,#8965,#8986,.T.);
#8988=ORIENTED_EDGE('',*,*,#8987,.T.);
#8989=EDGE_LOOP('',(#8973,#8979,#8980,#8981,#8982,#8988));
#8990=FACE_BOUND('',#8989,.T.);
#8991=ADVANCED_FACE('',(#8990),#8963,.T.);
#8992=CARTESIAN_POINT('',(179.371572875,44.643465677,-17.606166735));
#8993=DIRECTION('',(0.707106781,0.353553391,-0.612372436));
#8994=DIRECTION('',(-0.,0.866025404,0.5));
#8995=AXIS2_PLACEMENT_3D('',#8992,#8993,#8994);
#8996=PLANE('',#8995);
#8997=CARTESIAN_POINT('',(180.285786438,51.014974982,-12.87193123));
#8998=VERTEX_POINT('',#8997);
#8999=CARTESIAN_POINT('',(180.285786438,51.014974982,-12.871931231));
#9000=DIRECTION('',(-0.654653671,0.,-0.755928946));
#9001=VECTOR('',#9000,5.716978083);
#9002=LINE('',#8999,#9001);
#9003=EDGE_CURVE('',#8998,#8941,#9002,.T.);
#9004=ORIENTED_EDGE('',*,*,#9003,.F.);
#9005=CARTESIAN_POINT('',(180.285786437,51.014974981,-12.87193123));
#9006=DIRECTION('',(0.654653671,-0.654653671,0.377964473));
#9007=VECTOR('',#9006,5.979059978);
#9008=LINE('',#9005,#9007);
#9009=EDGE_CURVE('',#8998,#7449,#9008,.T.);
#9010=ORIENTED_EDGE('',*,*,#9009,.T.);
#9011=ORIENTED_EDGE('',*,*,#7454,.F.);
#9012=ORIENTED_EDGE('',*,*,#8857,.T.);
#9013=ORIENTED_EDGE('',*,*,#8781,.F.);
#9014=ORIENTED_EDGE('',*,*,#8952,.F.);
#9015=EDGE_LOOP('',(#9004,#9010,#9011,#9012,#9013,#9014));
#9016=FACE_BOUND('',#9015,.T.);
#9017=ADVANCED_FACE('',(#9016),#8996,.T.);
#9018=CARTESIAN_POINT('',(181.371572875,-55.570811456,2.414213562));
#9019=DIRECTION('',(0.707106781,-0.5,-0.5));
#9020=DIRECTION('',(0.,-0.707106781,0.707106781));
#9021=AXIS2_PLACEMENT_3D('',#9018,#9019,#9020);
#9022=PLANE('',#9021);
#9023=ORIENTED_EDGE('',*,*,#7438,.F.);
#9024=CARTESIAN_POINT('',(184.200000001,-38.985025018,-10.171572875));
#9025=DIRECTION('',(-0.678598345,-0.678598344,-0.281084638));
#9026=VECTOR('',#9025,4.420877275);
#9027=LINE('',#9024,#9026);
#9028=EDGE_CURVE('',#7425,#8290,#9027,.T.);
#9029=ORIENTED_EDGE('',*,*,#9028,.T.);
#9030=ORIENTED_EDGE('',*,*,#8295,.F.);
#9031=ORIENTED_EDGE('',*,*,#8817,.F.);
#9032=ORIENTED_EDGE('',*,*,#8795,.F.);
#9033=ORIENTED_EDGE('',*,*,#8864,.T.);
#9034=EDGE_LOOP('',(#9023,#9029,#9030,#9031,#9032,#9033));
#9035=FACE_BOUND('',#9034,.T.);
#9036=ADVANCED_FACE('',(#9035),#9022,.T.);
#9037=CARTESIAN_POINT('',(158.2,-35.5,16.45));
#9038=DIRECTION('',(0.,0.,-1.));
#9039=DIRECTION('',(-1.,0.,0.));
#9040=AXIS2_PLACEMENT_3D('',#9037,#9038,#9039);
#9041=PLANE('',#9040);
#9042=CARTESIAN_POINT('',(158.,51.014974982,16.45));
#9043=VERTEX_POINT('',#9042);
#9044=CARTESIAN_POINT('',(151.,51.014974982,16.45));
#9045=VERTEX_POINT('',#9044);
#9046=CARTESIAN_POINT('',(158.,51.014974982,16.45));
#9047=DIRECTION('',(-1.,0.,0.));
#9048=VECTOR('',#9047,7.);
#9049=LINE('',#9046,#9048);
#9050=EDGE_CURVE('',#9043,#9045,#9049,.T.);
#9051=ORIENTED_EDGE('',*,*,#9050,.T.);
#9052=CARTESIAN_POINT('',(151.,51.014974982,16.45));
#9053=DIRECTION('',(-0.,-1.,-0.));
#9054=VECTOR('',#9053,93.);
#9055=LINE('',#9052,#9054);
#9056=EDGE_CURVE('',#9045,#8209,#9055,.T.);
#9057=ORIENTED_EDGE('',*,*,#9056,.T.);
#9058=ORIENTED_EDGE('',*,*,#8214,.T.);
#9059=CARTESIAN_POINT('',(158.,-41.985025018,16.45));
#9060=DIRECTION('',(0.,1.,0.));
#9061=VECTOR('',#9060,93.);
#9062=LINE('',#9059,#9061);
#9063=EDGE_CURVE('',#8201,#9043,#9062,.T.);
#9064=ORIENTED_EDGE('',*,*,#9063,.T.);
#9065=EDGE_LOOP('',(#9051,#9057,#9058,#9064));
#9066=FACE_BOUND('',#9065,.T.);
#9067=ADVANCED_FACE('',(#9066),#9041,.F.);
#9068=CARTESIAN_POINT('',(168.85,51.014974982,67.092));
#9069=DIRECTION('',(0.,1.,0.));
#9070=DIRECTION('',(0.,0.,1.));
#9071=AXIS2_PLACEMENT_3D('',#9068,#9069,#9070);
#9072=PLANE('',#9071);
#9073=CARTESIAN_POINT('',(152.5,51.014974982,52.431457505));
#9074=VERTEX_POINT('',#9073);
#9075=CARTESIAN_POINT('',(180.285786438,51.014974982,52.431457505));
#9076=VERTEX_POINT('',#9075);
#9077=CARTESIAN_POINT('',(152.5,51.014974982,52.431457505));
#9078=DIRECTION('',(1.,0.,-0.));
#9079=VECTOR('',#9078,27.785786438);
#9080=LINE('',#9077,#9079);
#9081=EDGE_CURVE('',#9074,#9076,#9080,.T.);
#9082=ORIENTED_EDGE('',*,*,#9081,.T.);
#9083=CARTESIAN_POINT('',(180.285786438,51.014974982,52.431457505));
#9084=DIRECTION('',(-0.,-0.,-1.));
#9085=VECTOR('',#9084,65.303388735);
#9086=LINE('',#9083,#9085);
#9087=EDGE_CURVE('',#9076,#8998,#9086,.T.);
#9088=ORIENTED_EDGE('',*,*,#9087,.T.);
#9089=ORIENTED_EDGE('',*,*,#9003,.T.);
#9090=ORIENTED_EDGE('',*,*,#8946,.F.);
#9091=ORIENTED_EDGE('',*,*,#8922,.T.);
#9092=CARTESIAN_POINT('',(154.7,51.014974982,2.026786042));
#9093=VERTEX_POINT('',#9092);
#9094=CARTESIAN_POINT('',(154.7,51.014974982,-10.892527899));
#9095=DIRECTION('',(0.,0.,1.));
#9096=VECTOR('',#9095,12.91931394);
#9097=LINE('',#9094,#9096);
#9098=EDGE_CURVE('',#8909,#9093,#9097,.T.);
#9099=ORIENTED_EDGE('',*,*,#9098,.T.);
#9100=CARTESIAN_POINT('',(153.818153801,51.014974982,4.144954084));
#9101=VERTEX_POINT('',#9100);
#9102=CARTESIAN_POINT('',(154.7,51.014974982,2.026786045));
#9103=CARTESIAN_POINT('',(154.699581533,51.014974982,2.224573625));
#9104=CARTESIAN_POINT('',(154.67916876,51.014974982,2.418905424));
#9105=CARTESIAN_POINT('',(154.640292331,51.014974982,2.610045999));
#9106=CARTESIAN_POINT('',(154.620854116,51.014974982,2.705616286));
#9107=CARTESIAN_POINT('',(154.596757813,51.014974982,2.800381478));
#9108=CARTESIAN_POINT('',(154.567949461,51.014974982,2.894332248));
#9109=CARTESIAN_POINT('',(154.53914111,51.014974982,2.988283018));
#9110=CARTESIAN_POINT('',(154.5054872,51.014974982,3.081603036));
#9111=CARTESIAN_POINT('',(154.467811289,51.014974982,3.17214748));
#9112=CARTESIAN_POINT('',(154.392459468,51.014974982,3.353236368));
#9113=CARTESIAN_POINT('',(154.300660047,51.014974982,3.525283422));
#9114=CARTESIAN_POINT('',(154.192279994,51.014974982,3.68821551));
#9115=CARTESIAN_POINT('',(154.083899942,51.014974982,3.851147599));
#9116=CARTESIAN_POINT('',(153.95818978,51.014974982,4.005334309));
#9117=CARTESIAN_POINT('',(153.818153804,51.014974982,4.144954087));
#9118=B_SPLINE_CURVE_WITH_KNOTS('',3,(#9102,#9103,#9104,#9105,#9106,#9107,#9108,#9109,#9110,#9111,#9112,#9113,#9114,#9115,#9116,#9117),.UNSPECIFIED.,.F.,.F.,(4,3,3,3,3,4),(0.,0.000584908,0.000877361,0.001169815,0.001754723,0.00233963),.UNSPECIFIED.);
#9119=EDGE_CURVE('',#9093,#9101,#9118,.T.);
#9120=ORIENTED_EDGE('',*,*,#9119,.T.);
#9121=CARTESIAN_POINT('',(151.289726678,51.014974984,6.673432144));
#9122=VERTEX_POINT('',#9121);
#9123=CARTESIAN_POINT('',(153.818153804,51.014974982,4.144954087));
#9124=DIRECTION('',(-0.707099659,0.,0.707113903));
#9125=VECTOR('',#9124,3.575771947);
#9126=LINE('',#9123,#9125);
#9127=EDGE_CURVE('',#9101,#9122,#9126,.T.);
#9128=ORIENTED_EDGE('',*,*,#9127,.T.);
#9129=CARTESIAN_POINT('',(151.,51.014974982,7.383748199));
#9130=VERTEX_POINT('',#9129);
#9131=CARTESIAN_POINT('',(151.28972668,51.014974982,6.673432146));
#9132=CARTESIAN_POINT('',(151.19667232,51.014974982,6.767323689));
#9133=CARTESIAN_POINT('',(151.125395376,51.014974982,6.877095041));
#9134=CARTESIAN_POINT('',(151.075487001,51.014974982,6.999072442));
#9135=CARTESIAN_POINT('',(151.025578625,51.014974982,7.121049843));
#9136=CARTESIAN_POINT('',(150.999175203,51.014974982,7.253794932));
#9137=CARTESIAN_POINT('',(151.,51.014974982,7.383748199));
#9138=B_SPLINE_CURVE_WITH_KNOTS('',3,(#9131,#9132,#9133,#9134,#9135,#9136,#9137),.UNSPECIFIED.,.F.,.F.,(4,3,4),(0.,0.000389868,0.000779735),.UNSPECIFIED.);
#9139=EDGE_CURVE('',#9122,#9130,#9138,.T.);
#9140=ORIENTED_EDGE('',*,*,#9139,.T.);
#9141=CARTESIAN_POINT('',(151.,51.014974982,7.383748199));
#9142=DIRECTION('',(0.,0.,1.));
#9143=VECTOR('',#9142,9.066251801);
#9144=LINE('',#9141,#9143);
#9145=EDGE_CURVE('',#9130,#9045,#9144,.T.);
#9146=ORIENTED_EDGE('',*,*,#9145,.T.);
#9147=ORIENTED_EDGE('',*,*,#9050,.F.);
#9148=CARTESIAN_POINT('',(158.,51.014974982,43.55));
#9149=VERTEX_POINT('',#9148);
#9150=CARTESIAN_POINT('',(158.,51.014974982,43.55));
#9151=DIRECTION('',(0.,0.,-1.));
#9152=VECTOR('',#9151,27.1);
#9153=LINE('',#9150,#9152);
#9154=EDGE_CURVE('',#9149,#9043,#9153,.T.);
#9155=ORIENTED_EDGE('',*,*,#9154,.F.);
#9156=CARTESIAN_POINT('',(152.5,51.014974982,43.55));
#9157=VERTEX_POINT('',#9156);
#9158=CARTESIAN_POINT('',(152.5,51.014974982,43.55));
#9159=DIRECTION('',(1.,0.,-0.));
#9160=VECTOR('',#9159,5.5);
#9161=LINE('',#9158,#9160);
#9162=EDGE_CURVE('',#9157,#9149,#9161,.T.);
#9163=ORIENTED_EDGE('',*,*,#9162,.F.);
#9164=CARTESIAN_POINT('',(152.5,51.014974982,43.55));
#9165=DIRECTION('',(0.,0.,1.));
#9166=VECTOR('',#9165,8.881457505);
#9167=LINE('',#9164,#9166);
#9168=EDGE_CURVE('',#9157,#9074,#9167,.T.);
#9169=ORIENTED_EDGE('',*,*,#9168,.T.);
#9170=EDGE_LOOP('',(#9082,#9088,#9089,#9090,#9091,#9099,#9120,#9128,#9140,#9146,#9147,#9155,#9163,#9169));
#9171=FACE_BOUND('',#9170,.T.);
#9172=ORIENTED_EDGE('',*,*,#8890,.F.);
#9173=EDGE_LOOP('',(#9172));
#9174=FACE_BOUND('',#9173,.T.);
#9175=ADVANCED_FACE('',(#9171,#9174),#9072,.T.);
#9176=CARTESIAN_POINT('',(156.166479996,24.099971859,120.5));
#9177=DIRECTION('',(0.,0.,-1.));
#9178=DIRECTION('',(1.,0.,0.));
#9179=AXIS2_PLACEMENT_3D('',#9176,#9177,#9178);
#9180=PLANE('',#9179);
#9181=CARTESIAN_POINT('',(150.5,28.118377809,120.5));
#9182=VERTEX_POINT('',#9181);
#9183=CARTESIAN_POINT('',(150.5,29.999971859,120.5));
#9184=VERTEX_POINT('',#9183);
#9185=CARTESIAN_POINT('',(150.5,28.118377809,120.5));
#9186=DIRECTION('',(0.,1.,0.));
#9187=VECTOR('',#9186,1.88159405);
#9188=LINE('',#9185,#9187);
#9189=EDGE_CURVE('',#9182,#9184,#9188,.T.);
#9190=ORIENTED_EDGE('',*,*,#9189,.F.);
#9191=CARTESIAN_POINT('',(156.500480807,28.118377809,120.5));
#9192=VERTEX_POINT('',#9191);
#9193=CARTESIAN_POINT('',(150.5,28.118377809,120.5));
#9194=DIRECTION('',(1.,0.,-0.));
#9195=VECTOR('',#9194,6.000480807);
#9196=LINE('',#9193,#9195);
#9197=EDGE_CURVE('',#9182,#9192,#9196,.T.);
#9198=ORIENTED_EDGE('',*,*,#9197,.T.);
#9199=CARTESIAN_POINT('',(156.500480807,29.999971859,120.5));
#9200=VERTEX_POINT('',#9199);
#9201=CARTESIAN_POINT('',(156.500480807,28.118377809,120.5));
#9202=DIRECTION('',(-0.,1.,-0.));
#9203=VECTOR('',#9202,1.88159405);
#9204=LINE('',#9201,#9203);
#9205=EDGE_CURVE('',#9192,#9200,#9204,.T.);
#9206=ORIENTED_EDGE('',*,*,#9205,.T.);
#9207=CARTESIAN_POINT('',(150.5,29.999971859,120.5));
#9208=DIRECTION('',(1.,0.,-0.));
#9209=VECTOR('',#9208,6.000480807);
#9210=LINE('',#9207,#9209);
#9211=EDGE_CURVE('',#9184,#9200,#9210,.T.);
#9212=ORIENTED_EDGE('',*,*,#9211,.F.);
#9213=EDGE_LOOP('',(#9190,#9198,#9206,#9212));
#9214=FACE_BOUND('',#9213,.T.);
#9215=ADVANCED_FACE('',(#9214),#9180,.F.);
#9216=CARTESIAN_POINT('',(159.85,24.041434822,85.643766667));
#9217=DIRECTION('',(-1.,0.,0.));
#9218=DIRECTION('',(0.,0.,1.));
#9219=AXIS2_PLACEMENT_3D('',#9216,#9217,#9218);
#9220=CONICAL_SURFACE('',#9219,1.35,44.999999898);
#9221=CARTESIAN_POINT('',(159.75,24.041434822,87.093766667));
#9222=VERTEX_POINT('',#9221);
#9223=CARTESIAN_POINT('',(160.,24.041434822,86.843766667));
#9224=VERTEX_POINT('',#9223);
#9225=CARTESIAN_POINT('',(159.75,24.041434822,87.093766667));
#9226=DIRECTION('',(0.707106782,-0.,-0.70710678));
#9227=VECTOR('',#9226,0.353553391);
#9228=LINE('',#9225,#9227);
#9229=EDGE_CURVE('',#9222,#9224,#9228,.T.);
#9230=ORIENTED_EDGE('',*,*,#9229,.F.);
#9231=CARTESIAN_POINT('',(159.75,24.041434822,84.193766667));
#9232=VERTEX_POINT('',#9231);
#9233=CARTESIAN_POINT('',(159.75,24.041434822,85.643766667));
#9234=DIRECTION('',(1.,0.,0.));
#9235=DIRECTION('',(0.,0.,-1.));
#9236=AXIS2_PLACEMENT_3D('',#9233,#9234,#9235);
#9237=CIRCLE('',#9236,1.45);
#9238=EDGE_CURVE('',#9232,#9222,#9237,.T.);
#9239=ORIENTED_EDGE('',*,*,#9238,.F.);
#9240=CARTESIAN_POINT('',(159.75,24.041434822,85.643766667));
#9241=DIRECTION('',(1.,0.,0.));
#9242=DIRECTION('',(0.,0.,-1.));
#9243=AXIS2_PLACEMENT_3D('',#9240,#9241,#9242);
#9244=CIRCLE('',#9243,1.45);
#9245=EDGE_CURVE('',#9222,#9232,#9244,.T.);
#9246=ORIENTED_EDGE('',*,*,#9245,.F.);
#9247=ORIENTED_EDGE('',*,*,#9229,.T.);
#9248=CARTESIAN_POINT('',(160.,24.041434822,85.643766667));
#9249=DIRECTION('',(-1.,0.,0.));
#9250=DIRECTION('',(0.,0.,1.));
#9251=AXIS2_PLACEMENT_3D('',#9248,#9249,#9250);
#9252=CIRCLE('',#9251,1.2);
#9253=EDGE_CURVE('',#9224,#9224,#9252,.T.);
#9254=ORIENTED_EDGE('',*,*,#9253,.F.);
#9255=EDGE_LOOP('',(#9230,#9239,#9246,#9247,#9254));
#9256=FACE_BOUND('',#9255,.T.);
#9257=ADVANCED_FACE('',(#9256),#9220,.F.);
#9258=CARTESIAN_POINT('',(150.,24.041434822,85.643766667));
#9259=DIRECTION('',(1.,0.,-0.));
#9260=DIRECTION('',(0.,0.,1.));
#9261=AXIS2_PLACEMENT_3D('',#9258,#9259,#9260);
#9262=CYLINDRICAL_SURFACE('',#9261,1.45);
#9263=CARTESIAN_POINT('',(159.75,24.041434822,87.093766667));
#9264=DIRECTION('',(-1.,-0.,-0.));
#9265=VECTOR('',#9264,9.75);
#9266=LINE('',#9263,#9265);
#9267=EDGE_CURVE('',#9222,#7981,#9266,.T.);
#9268=ORIENTED_EDGE('',*,*,#9267,.F.);
#9269=ORIENTED_EDGE('',*,*,#9245,.T.);
#9270=ORIENTED_EDGE('',*,*,#9238,.T.);
#9271=ORIENTED_EDGE('',*,*,#9267,.T.);
#9272=ORIENTED_EDGE('',*,*,#7987,.F.);
#9273=ORIENTED_EDGE('',*,*,#7994,.F.);
#9274=EDGE_LOOP('',(#9268,#9269,#9270,#9271,#9272,#9273));
#9275=FACE_BOUND('',#9274,.T.);
#9276=ADVANCED_FACE('',(#9275),#9262,.F.);
#9277=CARTESIAN_POINT('',(160.,24.041434822,85.643766667));
#9278=DIRECTION('',(1.,0.,0.));
#9279=DIRECTION('',(0.,0.,1.));
#9280=AXIS2_PLACEMENT_3D('',#9277,#9278,#9279);
#9281=PLANE('',#9280);
#9282=ORIENTED_EDGE('',*,*,#9253,.T.);
#9283=EDGE_LOOP('',(#9282));
#9284=FACE_BOUND('',#9283,.T.);
#9285=ADVANCED_FACE('',(#9284),#9281,.F.);
#9286=CARTESIAN_POINT('',(159.85,47.000012583,94.000005399));
#9287=DIRECTION('',(-1.,0.,0.));
#9288=DIRECTION('',(0.,0.,1.));
#9289=AXIS2_PLACEMENT_3D('',#9286,#9287,#9288);
#9290=CONICAL_SURFACE('',#9289,1.35,44.999999898);
#9291=CARTESIAN_POINT('',(159.75,47.000012583,95.450005399));
#9292=VERTEX_POINT('',#9291);
#9293=CARTESIAN_POINT('',(160.,47.000012583,95.200005399));
#9294=VERTEX_POINT('',#9293);
#9295=CARTESIAN_POINT('',(159.75,47.000012583,95.450005399));
#9296=DIRECTION('',(0.707106782,-0.,-0.70710678));
#9297=VECTOR('',#9296,0.353553391);
#9298=LINE('',#9295,#9297);
#9299=EDGE_CURVE('',#9292,#9294,#9298,.T.);
#9300=ORIENTED_EDGE('',*,*,#9299,.F.);
#9301=CARTESIAN_POINT('',(159.75,47.000012583,92.550005399));
#9302=VERTEX_POINT('',#9301);
#9303=CARTESIAN_POINT('',(159.75,47.000012583,94.000005399));
#9304=DIRECTION('',(1.,0.,0.));
#9305=DIRECTION('',(0.,0.,-1.));
#9306=AXIS2_PLACEMENT_3D('',#9303,#9304,#9305);
#9307=CIRCLE('',#9306,1.45);
#9308=EDGE_CURVE('',#9302,#9292,#9307,.T.);
#9309=ORIENTED_EDGE('',*,*,#9308,.F.);
#9310=CARTESIAN_POINT('',(159.75,47.000012583,94.000005399));
#9311=DIRECTION('',(1.,0.,0.));
#9312=DIRECTION('',(0.,0.,-1.));
#9313=AXIS2_PLACEMENT_3D('',#9310,#9311,#9312);
#9314=CIRCLE('',#9313,1.45);
#9315=EDGE_CURVE('',#9292,#9302,#9314,.T.);
#9316=ORIENTED_EDGE('',*,*,#9315,.F.);
#9317=ORIENTED_EDGE('',*,*,#9299,.T.);
#9318=CARTESIAN_POINT('',(160.,47.000012583,94.000005399));
#9319=DIRECTION('',(-1.,0.,0.));
#9320=DIRECTION('',(0.,0.,1.));
#9321=AXIS2_PLACEMENT_3D('',#9318,#9319,#9320);
#9322=CIRCLE('',#9321,1.2);
#9323=EDGE_CURVE('',#9294,#9294,#9322,.T.);
#9324=ORIENTED_EDGE('',*,*,#9323,.F.);
#9325=EDGE_LOOP('',(#9300,#9309,#9316,#9317,#9324));
#9326=FACE_BOUND('',#9325,.T.);
#9327=ADVANCED_FACE('',(#9326),#9290,.F.);
#9328=CARTESIAN_POINT('',(150.,47.000012583,94.000005399));
#9329=DIRECTION('',(1.,0.,-0.));
#9330=DIRECTION('',(0.,0.,1.));
#9331=AXIS2_PLACEMENT_3D('',#9328,#9329,#9330);
#9332=CYLINDRICAL_SURFACE('',#9331,1.45);
#9333=CARTESIAN_POINT('',(159.75,47.000012583,95.450005399));
#9334=DIRECTION('',(-1.,-0.,-0.));
#9335=VECTOR('',#9334,9.75);
#9336=LINE('',#9333,#9335);
#9337=EDGE_CURVE('',#9292,#7850,#9336,.T.);
#9338=ORIENTED_EDGE('',*,*,#9337,.F.);
#9339=ORIENTED_EDGE('',*,*,#9315,.T.);
#9340=ORIENTED_EDGE('',*,*,#9308,.T.);
#9341=ORIENTED_EDGE('',*,*,#9337,.T.);
#9342=ORIENTED_EDGE('',*,*,#7856,.F.);
#9343=ORIENTED_EDGE('',*,*,#7863,.F.);
#9344=EDGE_LOOP('',(#9338,#9339,#9340,#9341,#9342,#9343));
#9345=FACE_BOUND('',#9344,.T.);
#9346=ADVANCED_FACE('',(#9345),#9332,.F.);
#9347=CARTESIAN_POINT('',(160.,47.000012583,94.000005399));
#9348=DIRECTION('',(1.,0.,0.));
#9349=DIRECTION('',(0.,0.,1.));
#9350=AXIS2_PLACEMENT_3D('',#9347,#9348,#9349);
#9351=PLANE('',#9350);
#9352=ORIENTED_EDGE('',*,*,#9323,.T.);
#9353=EDGE_LOOP('',(#9352));
#9354=FACE_BOUND('',#9353,.T.);
#9355=ADVANCED_FACE('',(#9354),#9351,.F.);
#9356=CARTESIAN_POINT('',(159.85,24.041434822,102.356244518));
#9357=DIRECTION('',(-1.,0.,0.));
#9358=DIRECTION('',(0.,0.,1.));
#9359=AXIS2_PLACEMENT_3D('',#9356,#9357,#9358);
#9360=CONICAL_SURFACE('',#9359,1.35,44.999999898);
#9361=CARTESIAN_POINT('',(159.75,24.041434822,103.806244518));
#9362=VERTEX_POINT('',#9361);
#9363=CARTESIAN_POINT('',(160.,24.041434822,103.556244518));
#9364=VERTEX_POINT('',#9363);
#9365=CARTESIAN_POINT('',(159.75,24.041434822,103.806244518));
#9366=DIRECTION('',(0.707106782,-0.,-0.70710678));
#9367=VECTOR('',#9366,0.353553391);
#9368=LINE('',#9365,#9367);
#9369=EDGE_CURVE('',#9362,#9364,#9368,.T.);
#9370=ORIENTED_EDGE('',*,*,#9369,.F.);
#9371=CARTESIAN_POINT('',(159.75,24.041434822,100.906244518));
#9372=VERTEX_POINT('',#9371);
#9373=CARTESIAN_POINT('',(159.75,24.041434822,102.356244518));
#9374=DIRECTION('',(1.,0.,0.));
#9375=DIRECTION('',(0.,0.,-1.));
#9376=AXIS2_PLACEMENT_3D('',#9373,#9374,#9375);
#9377=CIRCLE('',#9376,1.45);
#9378=EDGE_CURVE('',#9372,#9362,#9377,.T.);
#9379=ORIENTED_EDGE('',*,*,#9378,.F.);
#9380=CARTESIAN_POINT('',(159.75,24.041434822,102.356244518));
#9381=DIRECTION('',(1.,0.,0.));
#9382=DIRECTION('',(0.,0.,-1.));
#9383=AXIS2_PLACEMENT_3D('',#9380,#9381,#9382);
#9384=CIRCLE('',#9383,1.45);
#9385=EDGE_CURVE('',#9362,#9372,#9384,.T.);
#9386=ORIENTED_EDGE('',*,*,#9385,.F.);
#9387=ORIENTED_EDGE('',*,*,#9369,.T.);
#9388=CARTESIAN_POINT('',(160.,24.041434822,102.356244518));
#9389=DIRECTION('',(-1.,0.,0.));
#9390=DIRECTION('',(0.,0.,1.));
#9391=AXIS2_PLACEMENT_3D('',#9388,#9389,#9390);
#9392=CIRCLE('',#9391,1.2);
#9393=EDGE_CURVE('',#9364,#9364,#9392,.T.);
#9394=ORIENTED_EDGE('',*,*,#9393,.F.);
#9395=EDGE_LOOP('',(#9370,#9379,#9386,#9387,#9394));
#9396=FACE_BOUND('',#9395,.T.);
#9397=ADVANCED_FACE('',(#9396),#9360,.F.);
#9398=CARTESIAN_POINT('',(150.,24.041434822,102.356244518));
#9399=DIRECTION('',(1.,0.,-0.));
#9400=DIRECTION('',(0.,0.,1.));
#9401=AXIS2_PLACEMENT_3D('',#9398,#9399,#9400);
#9402=CYLINDRICAL_SURFACE('',#9401,1.45);
#9403=CARTESIAN_POINT('',(159.75,24.041434822,103.806244518));
#9404=DIRECTION('',(-1.,-0.,-0.));
#9405=VECTOR('',#9404,9.75);
#9406=LINE('',#9403,#9405);
#9407=EDGE_CURVE('',#9362,#7961,#9406,.T.);
#9408=ORIENTED_EDGE('',*,*,#9407,.F.);
#9409=ORIENTED_EDGE('',*,*,#9385,.T.);
#9410=ORIENTED_EDGE('',*,*,#9378,.T.);
#9411=ORIENTED_EDGE('',*,*,#9407,.T.);
#9412=ORIENTED_EDGE('',*,*,#7967,.F.);
#9413=ORIENTED_EDGE('',*,*,#7974,.F.);
#9414=EDGE_LOOP('',(#9408,#9409,#9410,#9411,#9412,#9413));
#9415=FACE_BOUND('',#9414,.T.);
#9416=ADVANCED_FACE('',(#9415),#9402,.F.);
#9417=CARTESIAN_POINT('',(160.,24.041434822,102.356244518));
#9418=DIRECTION('',(1.,0.,0.));
#9419=DIRECTION('',(0.,0.,1.));
#9420=AXIS2_PLACEMENT_3D('',#9417,#9418,#9419);
#9421=PLANE('',#9420);
#9422=ORIENTED_EDGE('',*,*,#9393,.T.);
#9423=EDGE_LOOP('',(#9422));
#9424=FACE_BOUND('',#9423,.T.);
#9425=ADVANCED_FACE('',(#9424),#9421,.F.);
#9426=CARTESIAN_POINT('',(150.4,33.999971859,94.));
#9427=DIRECTION('',(-1.,0.,0.));
#9428=DIRECTION('',(0.,0.,1.));
#9429=AXIS2_PLACEMENT_3D('',#9426,#9427,#9428);
#9430=TOROIDAL_SURFACE('',#9429,11.45,0.4);
#9431=CARTESIAN_POINT('',(150.4,33.999971859,105.05));
#9432=VERTEX_POINT('',#9431);
#9433=CARTESIAN_POINT('',(150.4,33.999971859,105.45));
#9434=DIRECTION('',(-0.,1.,-0.));
#9435=DIRECTION('',(0.,0.,1.));
#9436=AXIS2_PLACEMENT_3D('',#9433,#9434,#9435);
#9437=CIRCLE('',#9436,0.4);
#9438=EDGE_CURVE('',#9432,#7948,#9437,.T.);
#9439=ORIENTED_EDGE('',*,*,#9438,.T.);
#9440=ORIENTED_EDGE('',*,*,#7954,.T.);
#9441=ORIENTED_EDGE('',*,*,#9438,.F.);
#9442=CARTESIAN_POINT('',(150.4,22.949971859,94.));
#9443=VERTEX_POINT('',#9442);
#9444=CARTESIAN_POINT('',(150.4,33.999971859,94.));
#9445=DIRECTION('',(1.,-0.,-0.));
#9446=DIRECTION('',(0.,0.,1.));
#9447=AXIS2_PLACEMENT_3D('',#9444,#9445,#9446);
#9448=CIRCLE('',#9447,11.05);
#9449=EDGE_CURVE('',#9432,#9443,#9448,.T.);
#9450=ORIENTED_EDGE('',*,*,#9449,.T.);
#9451=CARTESIAN_POINT('',(150.4,33.999971859,94.));
#9452=DIRECTION('',(1.,-0.,-0.));
#9453=DIRECTION('',(0.,0.,1.));
#9454=AXIS2_PLACEMENT_3D('',#9451,#9452,#9453);
#9455=CIRCLE('',#9454,11.05);
#9456=EDGE_CURVE('',#9443,#9432,#9455,.T.);
#9457=ORIENTED_EDGE('',*,*,#9456,.T.);
#9458=EDGE_LOOP('',(#9439,#9440,#9441,#9450,#9457));
#9459=FACE_BOUND('',#9458,.T.);
#9460=ADVANCED_FACE('',(#9459),#9430,.T.);
#9461=CARTESIAN_POINT('',(37.666479996,33.999971859,94.));
#9462=DIRECTION('',(-1.,0.,0.));
#9463=DIRECTION('',(0.,-1.,0.));
#9464=AXIS2_PLACEMENT_3D('',#9461,#9462,#9463);
#9465=CYLINDRICAL_SURFACE('',#9464,11.05);
#9466=CARTESIAN_POINT('',(157.2,22.949971859,94.));
#9467=VERTEX_POINT('',#9466);
#9468=CARTESIAN_POINT('',(150.4,22.949971859,94.));
#9469=DIRECTION('',(1.,-0.,-0.));
#9470=VECTOR('',#9469,6.8);
#9471=LINE('',#9468,#9470);
#9472=EDGE_CURVE('',#9443,#9467,#9471,.T.);
#9473=ORIENTED_EDGE('',*,*,#9472,.F.);
#9474=ORIENTED_EDGE('',*,*,#9449,.F.);
#9475=ORIENTED_EDGE('',*,*,#9456,.F.);
#9476=ORIENTED_EDGE('',*,*,#9472,.T.);
#9477=CARTESIAN_POINT('',(157.2,33.999971859,105.05));
#9478=VERTEX_POINT('',#9477);
#9479=CARTESIAN_POINT('',(157.2,33.999971859,94.));
#9480=DIRECTION('',(1.,-0.,-0.));
#9481=DIRECTION('',(0.,0.,1.));
#9482=AXIS2_PLACEMENT_3D('',#9479,#9480,#9481);
#9483=CIRCLE('',#9482,11.05);
#9484=EDGE_CURVE('',#9467,#9478,#9483,.T.);
#9485=ORIENTED_EDGE('',*,*,#9484,.T.);
#9486=CARTESIAN_POINT('',(157.2,33.999971859,94.));
#9487=DIRECTION('',(1.,-0.,-0.));
#9488=DIRECTION('',(0.,0.,1.));
#9489=AXIS2_PLACEMENT_3D('',#9486,#9487,#9488);
#9490=CIRCLE('',#9489,11.05);
#9491=EDGE_CURVE('',#9478,#9467,#9490,.T.);
#9492=ORIENTED_EDGE('',*,*,#9491,.T.);
#9493=EDGE_LOOP('',(#9473,#9474,#9475,#9476,#9485,#9492));
#9494=FACE_BOUND('',#9493,.T.);
#9495=ADVANCED_FACE('',(#9494),#9465,.F.);
#9496=CARTESIAN_POINT('',(163.099991071,33.999971859,94.));
#9497=DIRECTION('',(1.,0.,0.));
#9498=DIRECTION('',(0.,0.,-1.));
#9499=AXIS2_PLACEMENT_3D('',#9496,#9497,#9498);
#9500=TOROIDAL_SURFACE('',#9499,8.,2.);
#9501=CARTESIAN_POINT('',(165.099991071,33.999971859,86.));
#9502=VERTEX_POINT('',#9501);
#9503=CARTESIAN_POINT('',(163.099991071,33.999971859,84.));
#9504=VERTEX_POINT('',#9503);
#9505=CARTESIAN_POINT('',(163.099991071,33.999971859,86.));
#9506=DIRECTION('',(-0.,1.,-0.));
#9507=DIRECTION('',(0.,0.,-1.));
#9508=AXIS2_PLACEMENT_3D('',#9505,#9506,#9507);
#9509=CIRCLE('',#9508,2.);
#9510=EDGE_CURVE('',#9502,#9504,#9509,.T.);
#9511=ORIENTED_EDGE('',*,*,#9510,.F.);
#9512=CARTESIAN_POINT('',(165.099991071,33.999971859,94.));
#9513=DIRECTION('',(1.,0.,0.));
#9514=DIRECTION('',(0.,0.,-1.));
#9515=AXIS2_PLACEMENT_3D('',#9512,#9513,#9514);
#9516=CIRCLE('',#9515,8.);
#9517=EDGE_CURVE('',#9502,#9502,#9516,.T.);
#9518=ORIENTED_EDGE('',*,*,#9517,.T.);
#9519=ORIENTED_EDGE('',*,*,#9510,.T.);
#9520=CARTESIAN_POINT('',(163.099991071,23.999971859,94.));
#9521=VERTEX_POINT('',#9520);
#9522=CARTESIAN_POINT('',(163.099991071,33.999971859,94.));
#9523=DIRECTION('',(-1.,-0.,-0.));
#9524=DIRECTION('',(0.,0.,-1.));
#9525=AXIS2_PLACEMENT_3D('',#9522,#9523,#9524);
#9526=CIRCLE('',#9525,10.);
#9527=EDGE_CURVE('',#9504,#9521,#9526,.T.);
#9528=ORIENTED_EDGE('',*,*,#9527,.T.);
#9529=CARTESIAN_POINT('',(163.099991071,33.999971859,94.));
#9530=DIRECTION('',(-1.,-0.,-0.));
#9531=DIRECTION('',(0.,0.,-1.));
#9532=AXIS2_PLACEMENT_3D('',#9529,#9530,#9531);
#9533=CIRCLE('',#9532,10.);
#9534=EDGE_CURVE('',#9521,#9504,#9533,.T.);
#9535=ORIENTED_EDGE('',*,*,#9534,.T.);
#9536=EDGE_LOOP('',(#9511,#9518,#9519,#9528,#9535));
#9537=FACE_BOUND('',#9536,.T.);
#9538=ADVANCED_FACE('',(#9537),#9500,.F.);
#9539=CARTESIAN_POINT('',(150.099991911,33.999971859,94.));
#9540=DIRECTION('',(1.,0.,0.));
#9541=DIRECTION('',(0.,-1.,0.));
#9542=AXIS2_PLACEMENT_3D('',#9539,#9540,#9541);
#9543=CYLINDRICAL_SURFACE('',#9542,10.);
#9544=CARTESIAN_POINT('',(157.2,23.999971859,94.));
#9545=VERTEX_POINT('',#9544);
#9546=CARTESIAN_POINT('',(163.099991071,23.999971859,94.));
#9547=DIRECTION('',(-1.,-0.,-0.));
#9548=VECTOR('',#9547,5.899991071);
#9549=LINE('',#9546,#9548);
#9550=EDGE_CURVE('',#9521,#9545,#9549,.T.);
#9551=ORIENTED_EDGE('',*,*,#9550,.F.);
#9552=ORIENTED_EDGE('',*,*,#9527,.F.);
#9553=ORIENTED_EDGE('',*,*,#9534,.F.);
#9554=ORIENTED_EDGE('',*,*,#9550,.T.);
#9555=CARTESIAN_POINT('',(157.2,33.999971859,84.));
#9556=VERTEX_POINT('',#9555);
#9557=CARTESIAN_POINT('',(157.2,33.999971859,94.));
#9558=DIRECTION('',(1.,0.,0.));
#9559=DIRECTION('',(0.,0.,-1.));
#9560=AXIS2_PLACEMENT_3D('',#9557,#9558,#9559);
#9561=CIRCLE('',#9560,10.);
#9562=EDGE_CURVE('',#9556,#9545,#9561,.T.);
#9563=ORIENTED_EDGE('',*,*,#9562,.F.);
#9564=CARTESIAN_POINT('',(157.2,33.999971859,94.));
#9565=DIRECTION('',(1.,0.,0.));
#9566=DIRECTION('',(0.,0.,-1.));
#9567=AXIS2_PLACEMENT_3D('',#9564,#9565,#9566);
#9568=CIRCLE('',#9567,10.);
#9569=EDGE_CURVE('',#9545,#9556,#9568,.T.);
#9570=ORIENTED_EDGE('',*,*,#9569,.F.);
#9571=EDGE_LOOP('',(#9551,#9552,#9553,#9554,#9563,#9570));
#9572=FACE_BOUND('',#9571,.T.);
#9573=ADVANCED_FACE('',(#9572),#9543,.F.);
#9574=CARTESIAN_POINT('',(165.099991071,33.999971859,94.));
#9575=DIRECTION('',(-1.,0.,0.));
#9576=DIRECTION('',(0.,-1.,0.));
#9577=AXIS2_PLACEMENT_3D('',#9574,#9575,#9576);
#9578=PLANE('',#9577);
#9579=ORIENTED_EDGE('',*,*,#9517,.F.);
#9580=EDGE_LOOP('',(#9579));
#9581=FACE_BOUND('',#9580,.T.);
#9582=ADVANCED_FACE('',(#9581),#9578,.T.);
#9583=CARTESIAN_POINT('',(157.2,24.222081763,60.707106781));
#9584=DIRECTION('',(1.,0.,0.));
#9585=DIRECTION('',(0.,1.,0.));
#9586=AXIS2_PLACEMENT_3D('',#9583,#9584,#9585);
#9587=PLANE('',#9586);
#9588=ORIENTED_EDGE('',*,*,#9484,.F.);
#9589=ORIENTED_EDGE('',*,*,#9491,.F.);
#9590=EDGE_LOOP('',(#9588,#9589));
#9591=FACE_BOUND('',#9590,.T.);
#9592=ORIENTED_EDGE('',*,*,#9562,.T.);
#9593=ORIENTED_EDGE('',*,*,#9569,.T.);
#9594=EDGE_LOOP('',(#9592,#9593));
#9595=FACE_BOUND('',#9594,.T.);
#9596=ADVANCED_FACE('',(#9591,#9595),#9587,.F.);
#9597=CARTESIAN_POINT('',(176.8,81.014971859,139.));
#9598=DIRECTION('',(-1.,0.,0.));
#9599=DIRECTION('',(0.,0.,-1.));
#9600=AXIS2_PLACEMENT_3D('',#9597,#9598,#9599);
#9601=TOROIDAL_SURFACE('',#9600,3.,0.4);
#9602=CARTESIAN_POINT('',(177.2,81.014971859,136.));
#9603=VERTEX_POINT('',#9602);
#9604=CARTESIAN_POINT('',(176.8,81.014971859,136.4));
#9605=VERTEX_POINT('',#9604);
#9606=CARTESIAN_POINT('',(176.8,81.014971859,136.));
#9607=DIRECTION('',(-0.,-1.,-0.));
#9608=DIRECTION('',(0.,0.,-1.));
#9609=AXIS2_PLACEMENT_3D('',#9606,#9607,#9608);
#9610=CIRCLE('',#9609,0.4);
#9611=EDGE_CURVE('',#9603,#9605,#9610,.T.);
#9612=ORIENTED_EDGE('',*,*,#9611,.T.);
#9613=CARTESIAN_POINT('',(176.8,81.014971859,141.6));
#9614=VERTEX_POINT('',#9613);
#9615=CARTESIAN_POINT('',(176.8,81.014971859,139.));
#9616=DIRECTION('',(1.,-0.,-0.));
#9617=DIRECTION('',(0.,0.,1.));
#9618=AXIS2_PLACEMENT_3D('',#9615,#9616,#9617);
#9619=CIRCLE('',#9618,2.6);
#9620=EDGE_CURVE('',#9614,#9605,#9619,.T.);
#9621=ORIENTED_EDGE('',*,*,#9620,.F.);
#9622=CARTESIAN_POINT('',(176.8,83.614971859,139.));
#9623=VERTEX_POINT('',#9622);
#9624=CARTESIAN_POINT('',(176.8,81.014971859,139.));
#9625=DIRECTION('',(1.,-0.,-0.));
#9626=DIRECTION('',(0.,0.,1.));
#9627=AXIS2_PLACEMENT_3D('',#9624,#9625,#9626);
#9628=CIRCLE('',#9627,2.6);
#9629=EDGE_CURVE('',#9623,#9614,#9628,.T.);
#9630=ORIENTED_EDGE('',*,*,#9629,.F.);
#9631=CARTESIAN_POINT('',(176.8,81.014971859,139.));
#9632=DIRECTION('',(1.,-0.,-0.));
#9633=DIRECTION('',(0.,0.,1.));
#9634=AXIS2_PLACEMENT_3D('',#9631,#9632,#9633);
#9635=CIRCLE('',#9634,2.6);
#9636=EDGE_CURVE('',#9605,#9623,#9635,.T.);
#9637=ORIENTED_EDGE('',*,*,#9636,.F.);
#9638=ORIENTED_EDGE('',*,*,#9611,.F.);
#9639=CARTESIAN_POINT('',(177.2,81.014971859,142.));
#9640=VERTEX_POINT('',#9639);
#9641=CARTESIAN_POINT('',(177.2,81.014971859,139.));
#9642=DIRECTION('',(-1.,0.,0.));
#9643=DIRECTION('',(0.,0.,1.));
#9644=AXIS2_PLACEMENT_3D('',#9641,#9642,#9643);
#9645=CIRCLE('',#9644,3.);
#9646=EDGE_CURVE('',#9640,#9603,#9645,.T.);
#9647=ORIENTED_EDGE('',*,*,#9646,.F.);
#9648=CARTESIAN_POINT('',(177.2,81.014971859,139.));
#9649=DIRECTION('',(-1.,0.,0.));
#9650=DIRECTION('',(0.,0.,1.));
#9651=AXIS2_PLACEMENT_3D('',#9648,#9649,#9650);
#9652=CIRCLE('',#9651,3.);
#9653=EDGE_CURVE('',#9603,#9640,#9652,.T.);
#9654=ORIENTED_EDGE('',*,*,#9653,.F.);
#9655=EDGE_LOOP('',(#9612,#9621,#9630,#9637,#9638,#9647,#9654));
#9656=FACE_BOUND('',#9655,.T.);
#9657=ADVANCED_FACE('',(#9656),#9601,.T.);
#9658=CARTESIAN_POINT('',(176.8,61.014971859,139.));
#9659=DIRECTION('',(-1.,0.,0.));
#9660=DIRECTION('',(0.,0.,-1.));
#9661=AXIS2_PLACEMENT_3D('',#9658,#9659,#9660);
#9662=TOROIDAL_SURFACE('',#9661,3.,0.4);
#9663=CARTESIAN_POINT('',(177.2,61.014971859,136.));
#9664=VERTEX_POINT('',#9663);
#9665=CARTESIAN_POINT('',(176.8,61.014971859,136.4));
#9666=VERTEX_POINT('',#9665);
#9667=CARTESIAN_POINT('',(176.8,61.014971859,136.));
#9668=DIRECTION('',(-0.,-1.,-0.));
#9669=DIRECTION('',(0.,0.,-1.));
#9670=AXIS2_PLACEMENT_3D('',#9667,#9668,#9669);
#9671=CIRCLE('',#9670,0.4);
#9672=EDGE_CURVE('',#9664,#9666,#9671,.T.);
#9673=ORIENTED_EDGE('',*,*,#9672,.T.);
#9674=CARTESIAN_POINT('',(176.8,61.014971859,141.6));
#9675=VERTEX_POINT('',#9674);
#9676=CARTESIAN_POINT('',(176.8,61.014971859,139.));
#9677=DIRECTION('',(1.,-0.,-0.));
#9678=DIRECTION('',(0.,0.,1.));
#9679=AXIS2_PLACEMENT_3D('',#9676,#9677,#9678);
#9680=CIRCLE('',#9679,2.6);
#9681=EDGE_CURVE('',#9675,#9666,#9680,.T.);
#9682=ORIENTED_EDGE('',*,*,#9681,.F.);
#9683=CARTESIAN_POINT('',(176.8,63.614971859,139.));
#9684=VERTEX_POINT('',#9683);
#9685=CARTESIAN_POINT('',(176.8,61.014971859,139.));
#9686=DIRECTION('',(1.,-0.,-0.));
#9687=DIRECTION('',(0.,0.,1.));
#9688=AXIS2_PLACEMENT_3D('',#9685,#9686,#9687);
#9689=CIRCLE('',#9688,2.6);
#9690=EDGE_CURVE('',#9684,#9675,#9689,.T.);
#9691=ORIENTED_EDGE('',*,*,#9690,.F.);
#9692=CARTESIAN_POINT('',(176.8,61.014971859,139.));
#9693=DIRECTION('',(1.,-0.,-0.));
#9694=DIRECTION('',(0.,0.,1.));
#9695=AXIS2_PLACEMENT_3D('',#9692,#9693,#9694);
#9696=CIRCLE('',#9695,2.6);
#9697=EDGE_CURVE('',#9666,#9684,#9696,.T.);
#9698=ORIENTED_EDGE('',*,*,#9697,.F.);
#9699=ORIENTED_EDGE('',*,*,#9672,.F.);
#9700=CARTESIAN_POINT('',(177.2,61.014971859,142.));
#9701=VERTEX_POINT('',#9700);
#9702=CARTESIAN_POINT('',(177.2,61.014971859,139.));
#9703=DIRECTION('',(-1.,0.,0.));
#9704=DIRECTION('',(0.,0.,1.));
#9705=AXIS2_PLACEMENT_3D('',#9702,#9703,#9704);
#9706=CIRCLE('',#9705,3.);
#9707=EDGE_CURVE('',#9701,#9664,#9706,.T.);
#9708=ORIENTED_EDGE('',*,*,#9707,.F.);
#9709=CARTESIAN_POINT('',(177.2,61.014971859,139.));
#9710=DIRECTION('',(-1.,0.,0.));
#9711=DIRECTION('',(0.,0.,1.));
#9712=AXIS2_PLACEMENT_3D('',#9709,#9710,#9711);
#9713=CIRCLE('',#9712,3.);
#9714=EDGE_CURVE('',#9664,#9701,#9713,.T.);
#9715=ORIENTED_EDGE('',*,*,#9714,.F.);
#9716=EDGE_LOOP('',(#9673,#9682,#9691,#9698,#9699,#9708,#9715));
#9717=FACE_BOUND('',#9716,.T.);
#9718=ADVANCED_FACE('',(#9717),#9662,.T.);
#9719=CARTESIAN_POINT('',(176.8,81.014971859,119.));
#9720=DIRECTION('',(-1.,0.,0.));
#9721=DIRECTION('',(0.,0.,-1.));
#9722=AXIS2_PLACEMENT_3D('',#9719,#9720,#9721);
#9723=TOROIDAL_SURFACE('',#9722,3.,0.4);
#9724=CARTESIAN_POINT('',(177.2,81.014971859,116.));
#9725=VERTEX_POINT('',#9724);
#9726=CARTESIAN_POINT('',(176.8,81.014971859,116.4));
#9727=VERTEX_POINT('',#9726);
#9728=CARTESIAN_POINT('',(176.8,81.014971859,116.));
#9729=DIRECTION('',(-0.,-1.,-0.));
#9730=DIRECTION('',(0.,0.,-1.));
#9731=AXIS2_PLACEMENT_3D('',#9728,#9729,#9730);
#9732=CIRCLE('',#9731,0.4);
#9733=EDGE_CURVE('',#9725,#9727,#9732,.T.);
#9734=ORIENTED_EDGE('',*,*,#9733,.T.);
#9735=CARTESIAN_POINT('',(176.8,81.014971859,121.6));
#9736=VERTEX_POINT('',#9735);
#9737=CARTESIAN_POINT('',(176.8,81.014971859,119.));
#9738=DIRECTION('',(1.,-0.,-0.));
#9739=DIRECTION('',(0.,0.,1.));
#9740=AXIS2_PLACEMENT_3D('',#9737,#9738,#9739);
#9741=CIRCLE('',#9740,2.6);
#9742=EDGE_CURVE('',#9736,#9727,#9741,.T.);
#9743=ORIENTED_EDGE('',*,*,#9742,.F.);
#9744=CARTESIAN_POINT('',(176.8,83.614971859,119.));
#9745=VERTEX_POINT('',#9744);
#9746=CARTESIAN_POINT('',(176.8,81.014971859,119.));
#9747=DIRECTION('',(1.,-0.,-0.));
#9748=DIRECTION('',(0.,0.,1.));
#9749=AXIS2_PLACEMENT_3D('',#9746,#9747,#9748);
#9750=CIRCLE('',#9749,2.6);
#9751=EDGE_CURVE('',#9745,#9736,#9750,.T.);
#9752=ORIENTED_EDGE('',*,*,#9751,.F.);
#9753=CARTESIAN_POINT('',(176.8,81.014971859,119.));
#9754=DIRECTION('',(1.,-0.,-0.));
#9755=DIRECTION('',(0.,0.,1.));
#9756=AXIS2_PLACEMENT_3D('',#9753,#9754,#9755);
#9757=CIRCLE('',#9756,2.6);
#9758=EDGE_CURVE('',#9727,#9745,#9757,.T.);
#9759=ORIENTED_EDGE('',*,*,#9758,.F.);
#9760=ORIENTED_EDGE('',*,*,#9733,.F.);
#9761=CARTESIAN_POINT('',(177.2,81.014971859,122.));
#9762=VERTEX_POINT('',#9761);
#9763=CARTESIAN_POINT('',(177.2,81.014971859,119.));
#9764=DIRECTION('',(-1.,0.,0.));
#9765=DIRECTION('',(0.,0.,1.));
#9766=AXIS2_PLACEMENT_3D('',#9763,#9764,#9765);
#9767=CIRCLE('',#9766,3.);
#9768=EDGE_CURVE('',#9762,#9725,#9767,.T.);
#9769=ORIENTED_EDGE('',*,*,#9768,.F.);
#9770=CARTESIAN_POINT('',(177.2,81.014971859,119.));
#9771=DIRECTION('',(-1.,0.,0.));
#9772=DIRECTION('',(0.,0.,1.));
#9773=AXIS2_PLACEMENT_3D('',#9770,#9771,#9772);
#9774=CIRCLE('',#9773,3.);
#9775=EDGE_CURVE('',#9725,#9762,#9774,.T.);
#9776=ORIENTED_EDGE('',*,*,#9775,.F.);
#9777=EDGE_LOOP('',(#9734,#9743,#9752,#9759,#9760,#9769,#9776));
#9778=FACE_BOUND('',#9777,.T.);
#9779=ADVANCED_FACE('',(#9778),#9723,.T.);
#9780=CARTESIAN_POINT('',(176.8,61.014971859,119.));
#9781=DIRECTION('',(-1.,0.,0.));
#9782=DIRECTION('',(0.,0.,-1.));
#9783=AXIS2_PLACEMENT_3D('',#9780,#9781,#9782);
#9784=TOROIDAL_SURFACE('',#9783,3.,0.4);
#9785=CARTESIAN_POINT('',(177.2,61.014971859,116.));
#9786=VERTEX_POINT('',#9785);
#9787=CARTESIAN_POINT('',(176.8,61.014971859,116.4));
#9788=VERTEX_POINT('',#9787);
#9789=CARTESIAN_POINT('',(176.8,61.014971859,116.));
#9790=DIRECTION('',(-0.,-1.,-0.));
#9791=DIRECTION('',(0.,0.,-1.));
#9792=AXIS2_PLACEMENT_3D('',#9789,#9790,#9791);
#9793=CIRCLE('',#9792,0.4);
#9794=EDGE_CURVE('',#9786,#9788,#9793,.T.);
#9795=ORIENTED_EDGE('',*,*,#9794,.T.);
#9796=CARTESIAN_POINT('',(176.8,61.014971859,121.6));
#9797=VERTEX_POINT('',#9796);
#9798=CARTESIAN_POINT('',(176.8,61.014971859,119.));
#9799=DIRECTION('',(1.,-0.,-0.));
#9800=DIRECTION('',(0.,0.,1.));
#9801=AXIS2_PLACEMENT_3D('',#9798,#9799,#9800);
#9802=CIRCLE('',#9801,2.6);
#9803=EDGE_CURVE('',#9797,#9788,#9802,.T.);
#9804=ORIENTED_EDGE('',*,*,#9803,.F.);
#9805=CARTESIAN_POINT('',(176.8,63.614971859,119.));
#9806=VERTEX_POINT('',#9805);
#9807=CARTESIAN_POINT('',(176.8,61.014971859,119.));
#9808=DIRECTION('',(1.,-0.,-0.));
#9809=DIRECTION('',(0.,0.,1.));
#9810=AXIS2_PLACEMENT_3D('',#9807,#9808,#9809);
#9811=CIRCLE('',#9810,2.6);
#9812=EDGE_CURVE('',#9806,#9797,#9811,.T.);
#9813=ORIENTED_EDGE('',*,*,#9812,.F.);
#9814=CARTESIAN_POINT('',(176.8,61.014971859,119.));
#9815=DIRECTION('',(1.,-0.,-0.));
#9816=DIRECTION('',(0.,0.,1.));
#9817=AXIS2_PLACEMENT_3D('',#9814,#9815,#9816);
#9818=CIRCLE('',#9817,2.6);
#9819=EDGE_CURVE('',#9788,#9806,#9818,.T.);
#9820=ORIENTED_EDGE('',*,*,#9819,.F.);
#9821=ORIENTED_EDGE('',*,*,#9794,.F.);
#9822=CARTESIAN_POINT('',(177.2,61.014971859,122.));
#9823=VERTEX_POINT('',#9822);
#9824=CARTESIAN_POINT('',(177.2,61.014971859,119.));
#9825=DIRECTION('',(-1.,0.,0.));
#9826=DIRECTION('',(0.,0.,1.));
#9827=AXIS2_PLACEMENT_3D('',#9824,#9825,#9826);
#9828=CIRCLE('',#9827,3.);
#9829=EDGE_CURVE('',#9823,#9786,#9828,.T.);
#9830=ORIENTED_EDGE('',*,*,#9829,.F.);
#9831=CARTESIAN_POINT('',(177.2,61.014971859,119.));
#9832=DIRECTION('',(-1.,0.,0.));
#9833=DIRECTION('',(0.,0.,1.));
#9834=AXIS2_PLACEMENT_3D('',#9831,#9832,#9833);
#9835=CIRCLE('',#9834,3.);
#9836=EDGE_CURVE('',#9786,#9823,#9835,.T.);
#9837=ORIENTED_EDGE('',*,*,#9836,.F.);
#9838=EDGE_LOOP('',(#9795,#9804,#9813,#9820,#9821,#9830,#9837));
#9839=FACE_BOUND('',#9838,.T.);
#9840=ADVANCED_FACE('',(#9839),#9784,.T.);
#9841=CARTESIAN_POINT('',(177.2,47.014974982,62.));
#9842=DIRECTION('',(-1.,0.,0.));
#9843=DIRECTION('',(0.,-1.,0.));
#9844=AXIS2_PLACEMENT_3D('',#9841,#9842,#9843);
#9845=PLANE('',#9844);
#9846=CARTESIAN_POINT('',(177.2,81.014971859,134.));
#9847=VERTEX_POINT('',#9846);
#9848=CARTESIAN_POINT('',(177.2,76.014971859,139.));
#9849=VERTEX_POINT('',#9848);
#9850=CARTESIAN_POINT('',(177.2,81.014971859,139.));
#9851=DIRECTION('',(1.,0.,0.));
#9852=DIRECTION('',(0.,0.,-1.));
#9853=AXIS2_PLACEMENT_3D('',#9850,#9851,#9852);
#9854=CIRCLE('',#9853,5.);
#9855=EDGE_CURVE('',#9847,#9849,#9854,.T.);
#9856=ORIENTED_EDGE('',*,*,#9855,.T.);
#9857=CARTESIAN_POINT('',(177.2,81.014971859,139.));
#9858=DIRECTION('',(1.,0.,0.));
#9859=DIRECTION('',(0.,0.,-1.));
#9860=AXIS2_PLACEMENT_3D('',#9857,#9858,#9859);
#9861=CIRCLE('',#9860,5.);
#9862=EDGE_CURVE('',#9849,#9847,#9861,.T.);
#9863=ORIENTED_EDGE('',*,*,#9862,.T.);
#9864=EDGE_LOOP('',(#9856,#9863));
#9865=FACE_BOUND('',#9864,.T.);
#9866=ORIENTED_EDGE('',*,*,#9646,.T.);
#9867=ORIENTED_EDGE('',*,*,#9653,.T.);
#9868=EDGE_LOOP('',(#9866,#9867));
#9869=FACE_BOUND('',#9868,.T.);
#9870=ADVANCED_FACE('',(#9865,#9869),#9845,.F.);
#9871=CARTESIAN_POINT('',(177.2,27.014974982,42.));
#9872=DIRECTION('',(-1.,0.,0.));
#9873=DIRECTION('',(0.,-1.,0.));
#9874=AXIS2_PLACEMENT_3D('',#9871,#9872,#9873);
#9875=PLANE('',#9874);
#9876=CARTESIAN_POINT('',(177.2,61.014971859,114.));
#9877=VERTEX_POINT('',#9876);
#9878=CARTESIAN_POINT('',(177.2,56.014971859,119.));
#9879=VERTEX_POINT('',#9878);
#9880=CARTESIAN_POINT('',(177.2,61.014971859,119.));
#9881=DIRECTION('',(1.,0.,0.));
#9882=DIRECTION('',(0.,0.,-1.));
#9883=AXIS2_PLACEMENT_3D('',#9880,#9881,#9882);
#9884=CIRCLE('',#9883,5.);
#9885=EDGE_CURVE('',#9877,#9879,#9884,.T.);
#9886=ORIENTED_EDGE('',*,*,#9885,.T.);
#9887=CARTESIAN_POINT('',(177.2,61.014971859,119.));
#9888=DIRECTION('',(1.,0.,0.));
#9889=DIRECTION('',(0.,0.,-1.));
#9890=AXIS2_PLACEMENT_3D('',#9887,#9888,#9889);
#9891=CIRCLE('',#9890,5.);
#9892=EDGE_CURVE('',#9879,#9877,#9891,.T.);
#9893=ORIENTED_EDGE('',*,*,#9892,.T.);
#9894=EDGE_LOOP('',(#9886,#9893));
#9895=FACE_BOUND('',#9894,.T.);
#9896=ORIENTED_EDGE('',*,*,#9829,.T.);
#9897=ORIENTED_EDGE('',*,*,#9836,.T.);
#9898=EDGE_LOOP('',(#9896,#9897));
#9899=FACE_BOUND('',#9898,.T.);
#9900=ADVANCED_FACE('',(#9895,#9899),#9875,.F.);
#9901=CARTESIAN_POINT('',(177.2,47.014974982,42.));
#9902=DIRECTION('',(-1.,0.,0.));
#9903=DIRECTION('',(0.,-1.,0.));
#9904=AXIS2_PLACEMENT_3D('',#9901,#9902,#9903);
#9905=PLANE('',#9904);
#9906=CARTESIAN_POINT('',(177.2,81.014971859,114.));
#9907=VERTEX_POINT('',#9906);
#9908=CARTESIAN_POINT('',(177.2,76.014971859,119.));
#9909=VERTEX_POINT('',#9908);
#9910=CARTESIAN_POINT('',(177.2,81.014971859,119.));
#9911=DIRECTION('',(1.,0.,0.));
#9912=DIRECTION('',(0.,0.,-1.));
#9913=AXIS2_PLACEMENT_3D('',#9910,#9911,#9912);
#9914=CIRCLE('',#9913,5.);
#9915=EDGE_CURVE('',#9907,#9909,#9914,.T.);
#9916=ORIENTED_EDGE('',*,*,#9915,.T.);
#9917=CARTESIAN_POINT('',(177.2,81.014971859,119.));
#9918=DIRECTION('',(1.,0.,0.));
#9919=DIRECTION('',(0.,0.,-1.));
#9920=AXIS2_PLACEMENT_3D('',#9917,#9918,#9919);
#9921=CIRCLE('',#9920,5.);
#9922=EDGE_CURVE('',#9909,#9907,#9921,.T.);
#9923=ORIENTED_EDGE('',*,*,#9922,.T.);
#9924=EDGE_LOOP('',(#9916,#9923));
#9925=FACE_BOUND('',#9924,.T.);
#9926=ORIENTED_EDGE('',*,*,#9768,.T.);
#9927=ORIENTED_EDGE('',*,*,#9775,.T.);
#9928=EDGE_LOOP('',(#9926,#9927));
#9929=FACE_BOUND('',#9928,.T.);
#9930=ADVANCED_FACE('',(#9925,#9929),#9905,.F.);
#9931=CARTESIAN_POINT('',(177.2,27.014974982,62.));
#9932=DIRECTION('',(-1.,0.,0.));
#9933=DIRECTION('',(0.,-1.,0.));
#9934=AXIS2_PLACEMENT_3D('',#9931,#9932,#9933);
#9935=PLANE('',#9934);
#9936=CARTESIAN_POINT('',(177.2,61.014971859,134.));
#9937=VERTEX_POINT('',#9936);
#9938=CARTESIAN_POINT('',(177.2,56.014971859,139.));
#9939=VERTEX_POINT('',#9938);
#9940=CARTESIAN_POINT('',(177.2,61.014971859,139.));
#9941=DIRECTION('',(1.,0.,0.));
#9942=DIRECTION('',(0.,0.,-1.));
#9943=AXIS2_PLACEMENT_3D('',#9940,#9941,#9942);
#9944=CIRCLE('',#9943,5.);
#9945=EDGE_CURVE('',#9937,#9939,#9944,.T.);
#9946=ORIENTED_EDGE('',*,*,#9945,.T.);
#9947=CARTESIAN_POINT('',(177.2,61.014971859,139.));
#9948=DIRECTION('',(1.,0.,0.));
#9949=DIRECTION('',(0.,0.,-1.));
#9950=AXIS2_PLACEMENT_3D('',#9947,#9948,#9949);
#9951=CIRCLE('',#9950,5.);
#9952=EDGE_CURVE('',#9939,#9937,#9951,.T.);
#9953=ORIENTED_EDGE('',*,*,#9952,.T.);
#9954=EDGE_LOOP('',(#9946,#9953));
#9955=FACE_BOUND('',#9954,.T.);
#9956=ORIENTED_EDGE('',*,*,#9707,.T.);
#9957=ORIENTED_EDGE('',*,*,#9714,.T.);
#9958=EDGE_LOOP('',(#9956,#9957));
#9959=FACE_BOUND('',#9958,.T.);
#9960=ADVANCED_FACE('',(#9955,#9959),#9935,.F.);
#9961=CARTESIAN_POINT('',(150.,81.014971859,139.));
#9962=DIRECTION('',(-1.,0.,0.));
#9963=DIRECTION('',(0.,1.,0.));
#9964=AXIS2_PLACEMENT_3D('',#9961,#9962,#9963);
#9965=CYLINDRICAL_SURFACE('',#9964,2.6);
#9966=CARTESIAN_POINT('',(150.,83.614971859,139.));
#9967=DIRECTION('',(1.,-0.,-0.));
#9968=VECTOR('',#9967,26.8);
#9969=LINE('',#9966,#9968);
#9970=EDGE_CURVE('',#7928,#9623,#9969,.T.);
#9971=ORIENTED_EDGE('',*,*,#9970,.F.);
#9972=ORIENTED_EDGE('',*,*,#7936,.T.);
#9973=ORIENTED_EDGE('',*,*,#7943,.T.);
#9974=ORIENTED_EDGE('',*,*,#9970,.T.);
#9975=ORIENTED_EDGE('',*,*,#9629,.T.);
#9976=ORIENTED_EDGE('',*,*,#9620,.T.);
#9977=ORIENTED_EDGE('',*,*,#9636,.T.);
#9978=EDGE_LOOP('',(#9971,#9972,#9973,#9974,#9975,#9976,#9977));
#9979=FACE_BOUND('',#9978,.T.);
#9980=ADVANCED_FACE('',(#9979),#9965,.F.);
#9981=CARTESIAN_POINT('',(150.,61.014971859,139.));
#9982=DIRECTION('',(-1.,0.,0.));
#9983=DIRECTION('',(0.,1.,0.));
#9984=AXIS2_PLACEMENT_3D('',#9981,#9982,#9983);
#9985=CYLINDRICAL_SURFACE('',#9984,2.6);
#9986=CARTESIAN_POINT('',(150.,63.614971859,139.));
#9987=DIRECTION('',(1.,-0.,-0.));
#9988=VECTOR('',#9987,26.8);
#9989=LINE('',#9986,#9988);
#9990=EDGE_CURVE('',#7908,#9684,#9989,.T.);
#9991=ORIENTED_EDGE('',*,*,#9990,.F.);
#9992=ORIENTED_EDGE('',*,*,#7916,.T.);
#9993=ORIENTED_EDGE('',*,*,#7923,.T.);
#9994=ORIENTED_EDGE('',*,*,#9990,.T.);
#9995=ORIENTED_EDGE('',*,*,#9690,.T.);
#9996=ORIENTED_EDGE('',*,*,#9681,.T.);
#9997=ORIENTED_EDGE('',*,*,#9697,.T.);
#9998=EDGE_LOOP('',(#9991,#9992,#9993,#9994,#9995,#9996,#9997));
#9999=FACE_BOUND('',#9998,.T.);
#10000=ADVANCED_FACE('',(#9999),#9985,.F.);
#10001=CARTESIAN_POINT('',(150.,81.014971859,119.));
#10002=DIRECTION('',(-1.,0.,0.));
#10003=DIRECTION('',(0.,1.,0.));
#10004=AXIS2_PLACEMENT_3D('',#10001,#10002,#10003);
#10005=CYLINDRICAL_SURFACE('',#10004,2.6);
#10006=CARTESIAN_POINT('',(150.,83.614971859,119.));
#10007=DIRECTION('',(1.,-0.,-0.));
#10008=VECTOR('',#10007,26.8);
#10009=LINE('',#10006,#10008);
#10010=EDGE_CURVE('',#7888,#9745,#10009,.T.);
#10011=ORIENTED_EDGE('',*,*,#10010,.F.);
#10012=ORIENTED_EDGE('',*,*,#7896,.T.);
#10013=ORIENTED_EDGE('',*,*,#7903,.T.);
#10014=ORIENTED_EDGE('',*,*,#10010,.T.);
#10015=ORIENTED_EDGE('',*,*,#9751,.T.);
#10016=ORIENTED_EDGE('',*,*,#9742,.T.);
#10017=ORIENTED_EDGE('',*,*,#9758,.T.);
#10018=EDGE_LOOP('',(#10011,#10012,#10013,#10014,#10015,#10016,#10017));
#10019=FACE_BOUND('',#10018,.T.);
#10020=ADVANCED_FACE('',(#10019),#10005,.F.);
#10021=CARTESIAN_POINT('',(150.,61.014971859,119.));
#10022=DIRECTION('',(-1.,0.,0.));
#10023=DIRECTION('',(0.,1.,0.));
#10024=AXIS2_PLACEMENT_3D('',#10021,#10022,#10023);
#10025=CYLINDRICAL_SURFACE('',#10024,2.6);
#10026=CARTESIAN_POINT('',(150.,63.614971859,119.));
#10027=DIRECTION('',(1.,-0.,-0.));
#10028=VECTOR('',#10027,26.8);
#10029=LINE('',#10026,#10028);
#10030=EDGE_CURVE('',#7868,#9806,#10029,.T.);
#10031=ORIENTED_EDGE('',*,*,#10030,.F.);
#10032=ORIENTED_EDGE('',*,*,#7876,.T.);
#10033=ORIENTED_EDGE('',*,*,#7883,.T.);
#10034=ORIENTED_EDGE('',*,*,#10030,.T.);
#10035=ORIENTED_EDGE('',*,*,#9812,.T.);
#10036=ORIENTED_EDGE('',*,*,#9803,.T.);
#10037=ORIENTED_EDGE('',*,*,#9819,.T.);
#10038=EDGE_LOOP('',(#10031,#10032,#10033,#10034,#10035,#10036,#10037));
#10039=FACE_BOUND('',#10038,.T.);
#10040=ADVANCED_FACE('',(#10039),#10025,.F.);
#10041=CARTESIAN_POINT('',(184.2,81.014971859,139.));
#10042=DIRECTION('',(1.,0.,0.));
#10043=DIRECTION('',(0.,-1.,0.));
#10044=AXIS2_PLACEMENT_3D('',#10041,#10042,#10043);
#10045=CYLINDRICAL_SURFACE('',#10044,5.);
#10046=CARTESIAN_POINT('',(183.6,76.014971859,139.));
#10047=VERTEX_POINT('',#10046);
#10048=CARTESIAN_POINT('',(183.6,76.014971859,139.));
#10049=DIRECTION('',(-1.,-0.,-0.));
#10050=VECTOR('',#10049,6.4);
#10051=LINE('',#10048,#10050);
#10052=EDGE_CURVE('',#10047,#9849,#10051,.T.);
#10053=ORIENTED_EDGE('',*,*,#10052,.F.);
#10054=CARTESIAN_POINT('',(183.6,81.014971859,134.));
#10055=VERTEX_POINT('',#10054);
#10056=CARTESIAN_POINT('',(183.6,81.014971859,139.));
#10057=DIRECTION('',(1.,0.,0.));
#10058=DIRECTION('',(0.,0.,-1.));
#10059=AXIS2_PLACEMENT_3D('',#10056,#10057,#10058);
#10060=CIRCLE('',#10059,5.);
#10061=EDGE_CURVE('',#10047,#10055,#10060,.T.);
#10062=ORIENTED_EDGE('',*,*,#10061,.T.);
#10063=CARTESIAN_POINT('',(183.6,81.014971859,139.));
#10064=DIRECTION('',(1.,0.,0.));
#10065=DIRECTION('',(0.,0.,-1.));
#10066=AXIS2_PLACEMENT_3D('',#10063,#10064,#10065);
#10067=CIRCLE('',#10066,5.);
#10068=EDGE_CURVE('',#10055,#10047,#10067,.T.);
#10069=ORIENTED_EDGE('',*,*,#10068,.T.);
#10070=ORIENTED_EDGE('',*,*,#10052,.T.);
#10071=ORIENTED_EDGE('',*,*,#9855,.F.);
#10072=ORIENTED_EDGE('',*,*,#9862,.F.);
#10073=EDGE_LOOP('',(#10053,#10062,#10069,#10070,#10071,#10072));
#10074=FACE_BOUND('',#10073,.T.);
#10075=ADVANCED_FACE('',(#10074),#10045,.F.);
#10076=CARTESIAN_POINT('',(184.2,61.014971859,119.));
#10077=DIRECTION('',(1.,0.,0.));
#10078=DIRECTION('',(0.,-1.,0.));
#10079=AXIS2_PLACEMENT_3D('',#10076,#10077,#10078);
#10080=CYLINDRICAL_SURFACE('',#10079,5.);
#10081=CARTESIAN_POINT('',(183.6,56.014971859,119.));
#10082=VERTEX_POINT('',#10081);
#10083=CARTESIAN_POINT('',(183.6,56.014971859,119.));
#10084=DIRECTION('',(-1.,-0.,-0.));
#10085=VECTOR('',#10084,6.4);
#10086=LINE('',#10083,#10085);
#10087=EDGE_CURVE('',#10082,#9879,#10086,.T.);
#10088=ORIENTED_EDGE('',*,*,#10087,.F.);
#10089=CARTESIAN_POINT('',(183.6,61.014971859,114.));
#10090=VERTEX_POINT('',#10089);
#10091=CARTESIAN_POINT('',(183.6,61.014971859,119.));
#10092=DIRECTION('',(1.,0.,0.));
#10093=DIRECTION('',(0.,0.,-1.));
#10094=AXIS2_PLACEMENT_3D('',#10091,#10092,#10093);
#10095=CIRCLE('',#10094,5.);
#10096=EDGE_CURVE('',#10082,#10090,#10095,.T.);
#10097=ORIENTED_EDGE('',*,*,#10096,.T.);
#10098=CARTESIAN_POINT('',(183.6,61.014971859,119.));
#10099=DIRECTION('',(1.,0.,0.));
#10100=DIRECTION('',(0.,0.,-1.));
#10101=AXIS2_PLACEMENT_3D('',#10098,#10099,#10100);
#10102=CIRCLE('',#10101,5.);
#10103=EDGE_CURVE('',#10090,#10082,#10102,.T.);
#10104=ORIENTED_EDGE('',*,*,#10103,.T.);
#10105=ORIENTED_EDGE('',*,*,#10087,.T.);
#10106=ORIENTED_EDGE('',*,*,#9885,.F.);
#10107=ORIENTED_EDGE('',*,*,#9892,.F.);
#10108=EDGE_LOOP('',(#10088,#10097,#10104,#10105,#10106,#10107));
#10109=FACE_BOUND('',#10108,.T.);
#10110=ADVANCED_FACE('',(#10109),#10080,.F.);
#10111=CARTESIAN_POINT('',(184.2,81.014971859,119.));
#10112=DIRECTION('',(1.,0.,0.));
#10113=DIRECTION('',(0.,-1.,0.));
#10114=AXIS2_PLACEMENT_3D('',#10111,#10112,#10113);
#10115=CYLINDRICAL_SURFACE('',#10114,5.);
#10116=CARTESIAN_POINT('',(183.6,76.014971859,119.));
#10117=VERTEX_POINT('',#10116);
#10118=CARTESIAN_POINT('',(183.6,76.014971859,119.));
#10119=DIRECTION('',(-1.,-0.,-0.));
#10120=VECTOR('',#10119,6.4);
#10121=LINE('',#10118,#10120);
#10122=EDGE_CURVE('',#10117,#9909,#10121,.T.);
#10123=ORIENTED_EDGE('',*,*,#10122,.F.);
#10124=CARTESIAN_POINT('',(183.6,81.014971859,114.));
#10125=VERTEX_POINT('',#10124);
#10126=CARTESIAN_POINT('',(183.6,81.014971859,119.));
#10127=DIRECTION('',(1.,0.,0.));
#10128=DIRECTION('',(0.,0.,-1.));
#10129=AXIS2_PLACEMENT_3D('',#10126,#10127,#10128);
#10130=CIRCLE('',#10129,5.);
#10131=EDGE_CURVE('',#10117,#10125,#10130,.T.);
#10132=ORIENTED_EDGE('',*,*,#10131,.T.);
#10133=CARTESIAN_POINT('',(183.6,81.014971859,119.));
#10134=DIRECTION('',(1.,0.,0.));
#10135=DIRECTION('',(0.,0.,-1.));
#10136=AXIS2_PLACEMENT_3D('',#10133,#10134,#10135);
#10137=CIRCLE('',#10136,5.);
#10138=EDGE_CURVE('',#10125,#10117,#10137,.T.);
#10139=ORIENTED_EDGE('',*,*,#10138,.T.);
#10140=ORIENTED_EDGE('',*,*,#10122,.T.);
#10141=ORIENTED_EDGE('',*,*,#9915,.F.);
#10142=ORIENTED_EDGE('',*,*,#9922,.F.);
#10143=EDGE_LOOP('',(#10123,#10132,#10139,#10140,#10141,#10142));
#10144=FACE_BOUND('',#10143,.T.);
#10145=ADVANCED_FACE('',(#10144),#10115,.F.);
#10146=CARTESIAN_POINT('',(184.2,61.014971859,139.));
#10147=DIRECTION('',(1.,0.,0.));
#10148=DIRECTION('',(0.,-1.,0.));
#10149=AXIS2_PLACEMENT_3D('',#10146,#10147,#10148);
#10150=CYLINDRICAL_SURFACE('',#10149,5.);
#10151=CARTESIAN_POINT('',(183.6,56.014971859,139.));
#10152=VERTEX_POINT('',#10151);
#10153=CARTESIAN_POINT('',(183.6,56.014971859,139.));
#10154=DIRECTION('',(-1.,-0.,-0.));
#10155=VECTOR('',#10154,6.4);
#10156=LINE('',#10153,#10155);
#10157=EDGE_CURVE('',#10152,#9939,#10156,.T.);
#10158=ORIENTED_EDGE('',*,*,#10157,.F.);
#10159=CARTESIAN_POINT('',(183.6,61.014971859,134.));
#10160=VERTEX_POINT('',#10159);
#10161=CARTESIAN_POINT('',(183.6,61.014971859,139.));
#10162=DIRECTION('',(1.,0.,0.));
#10163=DIRECTION('',(0.,0.,-1.));
#10164=AXIS2_PLACEMENT_3D('',#10161,#10162,#10163);
#10165=CIRCLE('',#10164,5.);
#10166=EDGE_CURVE('',#10152,#10160,#10165,.T.);
#10167=ORIENTED_EDGE('',*,*,#10166,.T.);
#10168=CARTESIAN_POINT('',(183.6,61.014971859,139.));
#10169=DIRECTION('',(1.,0.,0.));
#10170=DIRECTION('',(0.,0.,-1.));
#10171=AXIS2_PLACEMENT_3D('',#10168,#10169,#10170);
#10172=CIRCLE('',#10171,5.);
#10173=EDGE_CURVE('',#10160,#10152,#10172,.T.);
#10174=ORIENTED_EDGE('',*,*,#10173,.T.);
#10175=ORIENTED_EDGE('',*,*,#10157,.T.);
#10176=ORIENTED_EDGE('',*,*,#9945,.F.);
#10177=ORIENTED_EDGE('',*,*,#9952,.F.);
#10178=EDGE_LOOP('',(#10158,#10167,#10174,#10175,#10176,#10177));
#10179=FACE_BOUND('',#10178,.T.);
#10180=ADVANCED_FACE('',(#10179),#10150,.F.);
#10181=CARTESIAN_POINT('',(165.6,-25.244307012,94.207903182));
#10182=DIRECTION('',(0.,0.923879533,-0.382683432));
#10183=DIRECTION('',(0.,-0.382683432,-0.923879533));
#10184=AXIS2_PLACEMENT_3D('',#10181,#10182,#10183);
#10185=PLANE('',#10184);
#10186=CARTESIAN_POINT('',(181.2,-16.931324146,114.27721919));
#10187=VERTEX_POINT('',#10186);
#10188=CARTESIAN_POINT('',(153.,-16.931324146,114.27721919));
#10189=VERTEX_POINT('',#10188);
#10190=CARTESIAN_POINT('',(181.2,-16.931324146,114.27721919));
#10191=DIRECTION('',(-1.,0.,0.));
#10192=VECTOR('',#10191,28.2);
#10193=LINE('',#10190,#10192);
#10194=EDGE_CURVE('',#10187,#10189,#10193,.T.);
#10195=ORIENTED_EDGE('',*,*,#10194,.T.);
#10196=CARTESIAN_POINT('',(153.000000001,-40.462615672,57.467655964));
#10197=VERTEX_POINT('',#10196);
#10198=CARTESIAN_POINT('',(153.,-16.931324146,114.27721919));
#10199=DIRECTION('',(0.,-0.382683432,-0.923879533));
#10200=VECTOR('',#10199,61.490228125);
#10201=LINE('',#10198,#10200);
#10202=EDGE_CURVE('',#10189,#10197,#10201,.T.);
#10203=ORIENTED_EDGE('',*,*,#10202,.T.);
#10204=CARTESIAN_POINT('',(181.2,-40.462615669,57.467655963));
#10205=VERTEX_POINT('',#10204);
#10206=CARTESIAN_POINT('',(153.000000001,-40.462615672,57.467655964));
#10207=DIRECTION('',(1.,-0.,-0.));
#10208=VECTOR('',#10207,28.199999999);
#10209=LINE('',#10206,#10208);
#10210=EDGE_CURVE('',#10197,#10205,#10209,.T.);
#10211=ORIENTED_EDGE('',*,*,#10210,.T.);
#10212=CARTESIAN_POINT('',(181.2,-40.462615672,57.467655964));
#10213=DIRECTION('',(-0.,0.382683432,0.923879533));
#10214=VECTOR('',#10213,61.490228124);
#10215=LINE('',#10212,#10214);
#10216=EDGE_CURVE('',#10205,#10187,#10215,.T.);
#10217=ORIENTED_EDGE('',*,*,#10216,.T.);
#10218=EDGE_LOOP('',(#10195,#10203,#10211,#10217));
#10219=FACE_BOUND('',#10218,.T.);
#10220=ADVANCED_FACE('',(#10219),#10185,.F.);
#10221=CARTESIAN_POINT('',(172.65,6.711071116,135.141807012));
#10222=DIRECTION('',(0.,0.555570233,-0.831469612));
#10223=DIRECTION('',(-1.,0.,0.));
#10224=AXIS2_PLACEMENT_3D('',#10221,#10222,#10223);
#10225=PLANE('',#10224);
#10226=CARTESIAN_POINT('',(153.,16.860507309,141.923443466));
#10227=VERTEX_POINT('',#10226);
#10228=CARTESIAN_POINT('',(163.007762228,27.451322599,149.000000002));
#10229=DIRECTION('',(-0.617812155,-0.653805943,-0.436859165));
#10230=VECTOR('',#10229,16.198713706);
#10231=LINE('',#10228,#10230);
#10232=EDGE_CURVE('',#7588,#10227,#10231,.T.);
#10233=ORIENTED_EDGE('',*,*,#10232,.T.);
#10234=CARTESIAN_POINT('',(152.999999998,-7.723591658,125.4968737));
#10235=VERTEX_POINT('',#10234);
#10236=CARTESIAN_POINT('',(153.,16.860507309,141.923443465));
#10237=DIRECTION('',(-0.,-0.831469612,-0.555570233));
#10238=VECTOR('',#10237,29.567044429);
#10239=LINE('',#10236,#10238);
#10240=EDGE_CURVE('',#10227,#10235,#10239,.T.);
#10241=ORIENTED_EDGE('',*,*,#10240,.T.);
#10242=CARTESIAN_POINT('',(181.2,-7.723591655,125.496873697));
#10243=VERTEX_POINT('',#10242);
#10244=CARTESIAN_POINT('',(152.999999998,-7.723591657,125.496873698));
#10245=DIRECTION('',(1.,-0.,-0.));
#10246=VECTOR('',#10245,28.200000002);
#10247=LINE('',#10244,#10246);
#10248=EDGE_CURVE('',#10235,#10243,#10247,.T.);
#10249=ORIENTED_EDGE('',*,*,#10248,.T.);
#10250=CARTESIAN_POINT('',(181.200000001,16.860507309,141.923443466));
#10251=VERTEX_POINT('',#10250);
#10252=CARTESIAN_POINT('',(181.2,-7.723591657,125.496873699));
#10253=DIRECTION('',(0.,0.831469612,0.555570233));
#10254=VECTOR('',#10253,29.567044429);
#10255=LINE('',#10252,#10254);
#10256=EDGE_CURVE('',#10243,#10251,#10255,.T.);
#10257=ORIENTED_EDGE('',*,*,#10256,.T.);
#10258=CARTESIAN_POINT('',(181.2,16.860507309,141.923443465));
#10259=DIRECTION('',(-0.617812155,0.653805943,0.436859165));
#10260=VECTOR('',#10259,16.198713706);
#10261=LINE('',#10258,#10260);
#10262=EDGE_CURVE('',#10251,#7596,#10261,.T.);
#10263=ORIENTED_EDGE('',*,*,#10262,.T.);
#10264=ORIENTED_EDGE('',*,*,#7601,.F.);
#10265=EDGE_LOOP('',(#10233,#10241,#10249,#10257,#10263,#10264));
#10266=FACE_BOUND('',#10265,.T.);
#10267=ADVANCED_FACE('',(#10266),#10225,.F.);
#10268=CARTESIAN_POINT('',(166.212502868,10.23899868,146.168828513));
#10269=DIRECTION('',(0.396783186,0.220440927,-0.891049326));
#10270=DIRECTION('',(-0.91352166,0.,-0.406790089));
#10271=AXIS2_PLACEMENT_3D('',#10268,#10269,#10270);
#10272=PLANE('',#10271);
#10273=ORIENTED_EDGE('',*,*,#7768,.F.);
#10274=CARTESIAN_POINT('',(149.999999998,22.260364641,141.923443465));
#10275=DIRECTION('',(0.485652736,-0.874151829,0.));
#10276=VECTOR('',#10275,6.177253372);
#10277=LINE('',#10274,#10276);
#10278=EDGE_CURVE('',#7757,#10227,#10277,.T.);
#10279=ORIENTED_EDGE('',*,*,#10278,.T.);
#10280=ORIENTED_EDGE('',*,*,#10232,.F.);
#10281=ORIENTED_EDGE('',*,*,#7593,.F.);
#10282=EDGE_LOOP('',(#10273,#10279,#10280,#10281));
#10283=FACE_BOUND('',#10282,.T.);
#10284=ADVANCED_FACE('',(#10283),#10272,.F.);
#10285=CARTESIAN_POINT('',(157.55,71.014974982,89.));
#10286=DIRECTION('',(0.,-0.707106781,0.707106781));
#10287=DIRECTION('',(1.,0.,0.));
#10288=AXIS2_PLACEMENT_3D('',#10285,#10286,#10287);
#10289=PLANE('',#10288);
#10290=ORIENTED_EDGE('',*,*,#8071,.T.);
#10291=CARTESIAN_POINT('',(180.285786438,62.730703735,80.715728753));
#10292=VERTEX_POINT('',#10291);
#10293=CARTESIAN_POINT('',(180.285786438,77.839391726,95.824416744));
#10294=DIRECTION('',(-0.,-0.707106781,-0.707106781));
#10295=VECTOR('',#10294,21.366911467);
#10296=LINE('',#10293,#10295);
#10297=EDGE_CURVE('',#8057,#10292,#10296,.T.);
#10298=ORIENTED_EDGE('',*,*,#10297,.T.);
#10299=CARTESIAN_POINT('',(152.500000001,62.730703734,80.715728753));
#10300=VERTEX_POINT('',#10299);
#10301=CARTESIAN_POINT('',(180.285786438,62.730703735,80.715728753));
#10302=DIRECTION('',(-1.,-0.,0.));
#10303=VECTOR('',#10302,27.785786437);
#10304=LINE('',#10301,#10303);
#10305=EDGE_CURVE('',#10292,#10300,#10304,.T.);
#10306=ORIENTED_EDGE('',*,*,#10305,.T.);
#10307=CARTESIAN_POINT('',(152.5,62.730703735,80.715728753));
#10308=DIRECTION('',(0.,0.707106781,0.707106781));
#10309=VECTOR('',#10308,21.366911467);
#10310=LINE('',#10307,#10309);
#10311=EDGE_CURVE('',#10300,#8066,#10310,.T.);
#10312=ORIENTED_EDGE('',*,*,#10311,.T.);
#10313=EDGE_LOOP('',(#10290,#10298,#10306,#10312));
#10314=FACE_BOUND('',#10313,.T.);
#10315=ADVANCED_FACE('',(#10314),#10289,.F.);
#10316=CARTESIAN_POINT('',(183.9,81.014971859,139.));
#10317=DIRECTION('',(1.,0.,0.));
#10318=DIRECTION('',(0.,-1.,0.));
#10319=AXIS2_PLACEMENT_3D('',#10316,#10317,#10318);
#10320=CONICAL_SURFACE('',#10319,5.3,44.999999898);
#10321=CARTESIAN_POINT('',(184.2,75.41497186,139.));
#10322=DIRECTION('',(-0.707106782,0.70710678,-0.));
#10323=VECTOR('',#10322,0.848528137);
#10324=LINE('',#10321,#10323);
#10325=EDGE_CURVE('',#7176,#10047,#10324,.T.);
#10326=ORIENTED_EDGE('',*,*,#10325,.F.);
#10327=ORIENTED_EDGE('',*,*,#7182,.F.);
#10328=ORIENTED_EDGE('',*,*,#7189,.F.);
#10329=ORIENTED_EDGE('',*,*,#10325,.T.);
#10330=ORIENTED_EDGE('',*,*,#10068,.F.);
#10331=ORIENTED_EDGE('',*,*,#10061,.F.);
#10332=EDGE_LOOP('',(#10326,#10327,#10328,#10329,#10330,#10331));
#10333=FACE_BOUND('',#10332,.T.);
#10334=ADVANCED_FACE('',(#10333),#10320,.F.);
#10335=CARTESIAN_POINT('',(183.9,61.014971859,119.));
#10336=DIRECTION('',(1.,0.,0.));
#10337=DIRECTION('',(0.,-1.,0.));
#10338=AXIS2_PLACEMENT_3D('',#10335,#10336,#10337);
#10339=CONICAL_SURFACE('',#10338,5.3,44.999999898);
#10340=CARTESIAN_POINT('',(184.2,55.41497186,119.));
#10341=DIRECTION('',(-0.707106782,0.70710678,-0.));
#10342=VECTOR('',#10341,0.848528137);
#10343=LINE('',#10340,#10342);
#10344=EDGE_CURVE('',#7196,#10082,#10343,.T.);
#10345=ORIENTED_EDGE('',*,*,#10344,.F.);
#10346=ORIENTED_EDGE('',*,*,#7202,.F.);
#10347=ORIENTED_EDGE('',*,*,#7209,.F.);
#10348=ORIENTED_EDGE('',*,*,#10344,.T.);
#10349=ORIENTED_EDGE('',*,*,#10103,.F.);
#10350=ORIENTED_EDGE('',*,*,#10096,.F.);
#10351=EDGE_LOOP('',(#10345,#10346,#10347,#10348,#10349,#10350));
#10352=FACE_BOUND('',#10351,.T.);
#10353=ADVANCED_FACE('',(#10352),#10339,.F.);
#10354=CARTESIAN_POINT('',(183.9,81.014971859,119.));
#10355=DIRECTION('',(1.,0.,0.));
#10356=DIRECTION('',(0.,-1.,0.));
#10357=AXIS2_PLACEMENT_3D('',#10354,#10355,#10356);
#10358=CONICAL_SURFACE('',#10357,5.3,44.999999898);
#10359=CARTESIAN_POINT('',(184.2,75.41497186,119.));
#10360=DIRECTION('',(-0.707106782,0.70710678,-0.));
#10361=VECTOR('',#10360,0.848528137);
#10362=LINE('',#10359,#10361);
#10363=EDGE_CURVE('',#7216,#10117,#10362,.T.);
#10364=ORIENTED_EDGE('',*,*,#10363,.F.);
#10365=ORIENTED_EDGE('',*,*,#7222,.F.);
#10366=ORIENTED_EDGE('',*,*,#7229,.F.);
#10367=ORIENTED_EDGE('',*,*,#10363,.T.);
#10368=ORIENTED_EDGE('',*,*,#10138,.F.);
#10369=ORIENTED_EDGE('',*,*,#10131,.F.);
#10370=EDGE_LOOP('',(#10364,#10365,#10366,#10367,#10368,#10369));
#10371=FACE_BOUND('',#10370,.T.);
#10372=ADVANCED_FACE('',(#10371),#10358,.F.);
#10373=CARTESIAN_POINT('',(183.9,61.014971859,139.));
#10374=DIRECTION('',(1.,0.,0.));
#10375=DIRECTION('',(0.,-1.,0.));
#10376=AXIS2_PLACEMENT_3D('',#10373,#10374,#10375);
#10377=CONICAL_SURFACE('',#10376,5.3,44.999999898);
#10378=CARTESIAN_POINT('',(184.2,55.41497186,139.));
#10379=DIRECTION('',(-0.707106782,0.70710678,-0.));
#10380=VECTOR('',#10379,0.848528137);
#10381=LINE('',#10378,#10380);
#10382=EDGE_CURVE('',#7236,#10152,#10381,.T.);
#10383=ORIENTED_EDGE('',*,*,#10382,.F.);
#10384=ORIENTED_EDGE('',*,*,#7242,.F.);
#10385=ORIENTED_EDGE('',*,*,#7249,.F.);
#10386=ORIENTED_EDGE('',*,*,#10382,.T.);
#10387=ORIENTED_EDGE('',*,*,#10173,.F.);
#10388=ORIENTED_EDGE('',*,*,#10166,.F.);
#10389=EDGE_LOOP('',(#10383,#10384,#10385,#10386,#10387,#10388));
#10390=FACE_BOUND('',#10389,.T.);
#10391=ADVANCED_FACE('',(#10390),#10377,.F.);
#10392=CARTESIAN_POINT('',(174.735245587,22.384625017,146.168828513));
#10393=DIRECTION('',(-0.396783186,0.220440927,-0.891049326));
#10394=DIRECTION('',(-0.91352166,-0.,0.406790089));
#10395=AXIS2_PLACEMENT_3D('',#10392,#10393,#10394);
#10396=PLANE('',#10395);
#10397=ORIENTED_EDGE('',*,*,#10262,.F.);
#10398=CARTESIAN_POINT('',(181.200000002,16.860507308,141.923443469));
#10399=DIRECTION('',(0.485652736,0.874151829,-0.));
#10400=VECTOR('',#10399,6.177253372);
#10401=LINE('',#10398,#10400);
#10402=EDGE_CURVE('',#10251,#7507,#10401,.T.);
#10403=ORIENTED_EDGE('',*,*,#10402,.T.);
#10404=ORIENTED_EDGE('',*,*,#7512,.F.);
#10405=ORIENTED_EDGE('',*,*,#8100,.T.);
#10406=ORIENTED_EDGE('',*,*,#7607,.F.);
#10407=EDGE_LOOP('',(#10397,#10403,#10404,#10405,#10406));
#10408=FACE_BOUND('',#10407,.T.);
#10409=ADVANCED_FACE('',(#10408),#10396,.F.);
#10410=CARTESIAN_POINT('',(157.55,91.014974982,52.431457505));
#10411=DIRECTION('',(-1.,0.,0.));
#10412=DIRECTION('',(0.,0.,1.));
#10413=AXIS2_PLACEMENT_3D('',#10410,#10411,#10412);
#10414=CYLINDRICAL_SURFACE('',#10413,40.);
#10415=ORIENTED_EDGE('',*,*,#10305,.F.);
#10416=CARTESIAN_POINT('',(180.285786438,91.014974982,52.431457505));
#10417=DIRECTION('',(1.,-0.,-0.));
#10418=DIRECTION('',(0.,0.,1.));
#10419=AXIS2_PLACEMENT_3D('',#10416,#10417,#10418);
#10420=CIRCLE('',#10419,40.);
#10421=EDGE_CURVE('',#10292,#9076,#10420,.T.);
#10422=ORIENTED_EDGE('',*,*,#10421,.T.);
#10423=ORIENTED_EDGE('',*,*,#9081,.F.);
#10424=CARTESIAN_POINT('',(152.5,91.014974982,52.431457505));
#10425=DIRECTION('',(-1.,0.,0.));
#10426=DIRECTION('',(0.,0.,1.));
#10427=AXIS2_PLACEMENT_3D('',#10424,#10425,#10426);
#10428=CIRCLE('',#10427,40.);
#10429=EDGE_CURVE('',#9074,#10300,#10428,.T.);
#10430=ORIENTED_EDGE('',*,*,#10429,.T.);
#10431=EDGE_LOOP('',(#10415,#10422,#10423,#10430));
#10432=FACE_BOUND('',#10431,.T.);
#10433=ADVANCED_FACE('',(#10432),#10414,.F.);
#10434=CARTESIAN_POINT('',(150.,31.918208029,53.438766953));
#10435=DIRECTION('',(0.707106781,-0.5,0.5));
#10436=DIRECTION('',(0.,-0.707106781,-0.707106781));
#10437=AXIS2_PLACEMENT_3D('',#10434,#10435,#10436);
#10438=PLANE('',#10437);
#10439=ORIENTED_EDGE('',*,*,#8132,.T.);
#10440=ORIENTED_EDGE('',*,*,#10311,.F.);
#10441=CARTESIAN_POINT('',(150.,60.962936782,82.483495706));
#10442=CARTESIAN_POINT('',(150.833333334,61.552192432,81.894240055));
#10443=CARTESIAN_POINT('',(151.666666668,62.141448083,81.304984405));
#10444=CARTESIAN_POINT('',(152.500000002,62.730703733,80.715728754));
#10445=B_SPLINE_CURVE_WITH_KNOTS('',3,(#10441,#10442,#10443,#10444),.UNSPECIFIED.,.F.,.F.,(4,4),(0.,3.535533906),.UNSPECIFIED.);
#10446=EDGE_CURVE('',#7797,#10300,#10445,.T.);
#10447=ORIENTED_EDGE('',*,*,#10446,.F.);
#10448=ORIENTED_EDGE('',*,*,#7802,.F.);
#10449=EDGE_LOOP('',(#10439,#10440,#10447,#10448));
#10450=FACE_BOUND('',#10449,.T.);
#10451=ADVANCED_FACE('',(#10450),#10438,.F.);
#10452=CARTESIAN_POINT('',(150.,91.014974982,52.431457505));
#10453=DIRECTION('',(-1.,0.,0.));
#10454=DIRECTION('',(0.,0.,1.));
#10455=AXIS2_PLACEMENT_3D('',#10452,#10453,#10454);
#10456=CONICAL_SURFACE('',#10455,42.5,44.999999949);
#10457=ORIENTED_EDGE('',*,*,#10446,.T.);
#10458=ORIENTED_EDGE('',*,*,#10429,.F.);
#10459=CARTESIAN_POINT('',(150.,48.514974982,52.431457505));
#10460=DIRECTION('',(0.707106781,0.707106781,0.));
#10461=VECTOR('',#10460,3.535533906);
#10462=LINE('',#10459,#10461);
#10463=EDGE_CURVE('',#7705,#9074,#10462,.T.);
#10464=ORIENTED_EDGE('',*,*,#10463,.F.);
#10465=ORIENTED_EDGE('',*,*,#7809,.F.);
#10466=EDGE_LOOP('',(#10457,#10458,#10464,#10465));
#10467=FACE_BOUND('',#10466,.T.);
#10468=ADVANCED_FACE('',(#10467),#10456,.F.);
#10469=CARTESIAN_POINT('',(150.,48.514974982,39.092));
#10470=DIRECTION('',(-0.707106781,0.707106781,0.));
#10471=DIRECTION('',(0.,0.,1.));
#10472=AXIS2_PLACEMENT_3D('',#10469,#10470,#10471);
#10473=PLANE('',#10472);
#10474=CARTESIAN_POINT('',(151.,49.514974982,43.55));
#10475=VERTEX_POINT('',#10474);
#10476=CARTESIAN_POINT('',(152.5,51.014974982,43.55));
#10477=DIRECTION('',(-0.707106781,-0.707106781,-0.));
#10478=VECTOR('',#10477,2.121320344);
#10479=LINE('',#10476,#10478);
#10480=EDGE_CURVE('',#9157,#10475,#10479,.T.);
#10481=ORIENTED_EDGE('',*,*,#10480,.T.);
#10482=CARTESIAN_POINT('',(151.,49.514974982,43.55));
#10483=DIRECTION('',(-0.577350269,-0.577350269,0.577350269));
#10484=VECTOR('',#10483,1.732050808);
#10485=LINE('',#10482,#10484);
#10486=EDGE_CURVE('',#10475,#7707,#10485,.T.);
#10487=ORIENTED_EDGE('',*,*,#10486,.T.);
#10488=ORIENTED_EDGE('',*,*,#7712,.F.);
#10489=ORIENTED_EDGE('',*,*,#10463,.T.);
#10490=ORIENTED_EDGE('',*,*,#9168,.F.);
#10491=EDGE_LOOP('',(#10481,#10487,#10488,#10489,#10490));
#10492=FACE_BOUND('',#10491,.T.);
#10493=ADVANCED_FACE('',(#10492),#10473,.T.);
#10494=CARTESIAN_POINT('',(164.2,-9.3,20.));
#10495=DIRECTION('',(-1.,0.,0.));
#10496=DIRECTION('',(0.,1.,0.));
#10497=AXIS2_PLACEMENT_3D('',#10494,#10495,#10496);
#10498=PLANE('',#10497);
#10499=CARTESIAN_POINT('',(164.2,-9.3,23.));
#10500=VERTEX_POINT('',#10499);
#10501=CARTESIAN_POINT('',(164.2,-6.3,20.));
#10502=VERTEX_POINT('',#10501);
#10503=CARTESIAN_POINT('',(164.2,-9.3,20.));
#10504=DIRECTION('',(1.,-0.,-0.));
#10505=DIRECTION('',(0.,0.,1.));
#10506=AXIS2_PLACEMENT_3D('',#10503,#10504,#10505);
#10507=CIRCLE('',#10506,3.);
#10508=EDGE_CURVE('',#10500,#10502,#10507,.T.);
#10509=ORIENTED_EDGE('',*,*,#10508,.T.);
#10510=CARTESIAN_POINT('',(164.2,-9.3,20.));
#10511=DIRECTION('',(1.,-0.,-0.));
#10512=DIRECTION('',(0.,0.,1.));
#10513=AXIS2_PLACEMENT_3D('',#10510,#10511,#10512);
#10514=CIRCLE('',#10513,3.);
#10515=EDGE_CURVE('',#10502,#10500,#10514,.T.);
#10516=ORIENTED_EDGE('',*,*,#10515,.T.);
#10517=EDGE_LOOP('',(#10509,#10516));
#10518=FACE_BOUND('',#10517,.T.);
#10519=CARTESIAN_POINT('',(164.2,-9.3,18.3));
#10520=VERTEX_POINT('',#10519);
#10521=CARTESIAN_POINT('',(164.2,-7.6,20.));
#10522=VERTEX_POINT('',#10521);
#10523=CARTESIAN_POINT('',(164.2,-9.3,20.));
#10524=DIRECTION('',(-1.,-0.,-0.));
#10525=DIRECTION('',(0.,0.,-1.));
#10526=AXIS2_PLACEMENT_3D('',#10523,#10524,#10525);
#10527=CIRCLE('',#10526,1.7);
#10528=EDGE_CURVE('',#10520,#10522,#10527,.T.);
#10529=ORIENTED_EDGE('',*,*,#10528,.T.);
#10530=CARTESIAN_POINT('',(164.2,-9.3,20.));
#10531=DIRECTION('',(-1.,-0.,-0.));
#10532=DIRECTION('',(0.,0.,-1.));
#10533=AXIS2_PLACEMENT_3D('',#10530,#10531,#10532);
#10534=CIRCLE('',#10533,1.7);
#10535=EDGE_CURVE('',#10522,#10520,#10534,.T.);
#10536=ORIENTED_EDGE('',*,*,#10535,.T.);
#10537=EDGE_LOOP('',(#10529,#10536));
#10538=FACE_BOUND('',#10537,.T.);
#10539=ADVANCED_FACE('',(#10518,#10538),#10498,.F.);
#10540=CARTESIAN_POINT('',(164.2,38.2,20.));
#10541=DIRECTION('',(-1.,0.,0.));
#10542=DIRECTION('',(0.,1.,0.));
#10543=AXIS2_PLACEMENT_3D('',#10540,#10541,#10542);
#10544=PLANE('',#10543);
#10545=CARTESIAN_POINT('',(164.2,38.2,23.));
#10546=VERTEX_POINT('',#10545);
#10547=CARTESIAN_POINT('',(164.2,41.2,20.));
#10548=VERTEX_POINT('',#10547);
#10549=CARTESIAN_POINT('',(164.2,38.2,20.));
#10550=DIRECTION('',(1.,-0.,-0.));
#10551=DIRECTION('',(0.,0.,1.));
#10552=AXIS2_PLACEMENT_3D('',#10549,#10550,#10551);
#10553=CIRCLE('',#10552,3.);
#10554=EDGE_CURVE('',#10546,#10548,#10553,.T.);
#10555=ORIENTED_EDGE('',*,*,#10554,.T.);
#10556=CARTESIAN_POINT('',(164.2,38.2,20.));
#10557=DIRECTION('',(1.,-0.,-0.));
#10558=DIRECTION('',(0.,0.,1.));
#10559=AXIS2_PLACEMENT_3D('',#10556,#10557,#10558);
#10560=CIRCLE('',#10559,3.);
#10561=EDGE_CURVE('',#10548,#10546,#10560,.T.);
#10562=ORIENTED_EDGE('',*,*,#10561,.T.);
#10563=EDGE_LOOP('',(#10555,#10562));
#10564=FACE_BOUND('',#10563,.T.);
#10565=CARTESIAN_POINT('',(164.2,38.2,18.3));
#10566=VERTEX_POINT('',#10565);
#10567=CARTESIAN_POINT('',(164.2,39.9,20.));
#10568=VERTEX_POINT('',#10567);
#10569=CARTESIAN_POINT('',(164.2,38.2,20.));
#10570=DIRECTION('',(-1.,-0.,-0.));
#10571=DIRECTION('',(0.,0.,-1.));
#10572=AXIS2_PLACEMENT_3D('',#10569,#10570,#10571);
#10573=CIRCLE('',#10572,1.7);
#10574=EDGE_CURVE('',#10566,#10568,#10573,.T.);
#10575=ORIENTED_EDGE('',*,*,#10574,.T.);
#10576=CARTESIAN_POINT('',(164.2,38.2,20.));
#10577=DIRECTION('',(-1.,-0.,-0.));
#10578=DIRECTION('',(0.,0.,-1.));
#10579=AXIS2_PLACEMENT_3D('',#10576,#10577,#10578);
#10580=CIRCLE('',#10579,1.7);
#10581=EDGE_CURVE('',#10568,#10566,#10580,.T.);
#10582=ORIENTED_EDGE('',*,*,#10581,.T.);
#10583=EDGE_LOOP('',(#10575,#10582));
#10584=FACE_BOUND('',#10583,.T.);
#10585=ADVANCED_FACE('',(#10564,#10584),#10544,.F.);
#10586=CARTESIAN_POINT('',(164.2,38.2,40.));
#10587=DIRECTION('',(-1.,0.,0.));
#10588=DIRECTION('',(0.,1.,0.));
#10589=AXIS2_PLACEMENT_3D('',#10586,#10587,#10588);
#10590=PLANE('',#10589);
#10591=CARTESIAN_POINT('',(164.2,38.2,43.));
#10592=VERTEX_POINT('',#10591);
#10593=CARTESIAN_POINT('',(164.2,41.2,40.));
#10594=VERTEX_POINT('',#10593);
#10595=CARTESIAN_POINT('',(164.2,38.2,40.));
#10596=DIRECTION('',(1.,-0.,-0.));
#10597=DIRECTION('',(0.,0.,1.));
#10598=AXIS2_PLACEMENT_3D('',#10595,#10596,#10597);
#10599=CIRCLE('',#10598,3.);
#10600=EDGE_CURVE('',#10592,#10594,#10599,.T.);
#10601=ORIENTED_EDGE('',*,*,#10600,.T.);
#10602=CARTESIAN_POINT('',(164.2,38.2,40.));
#10603=DIRECTION('',(1.,-0.,-0.));
#10604=DIRECTION('',(0.,0.,1.));
#10605=AXIS2_PLACEMENT_3D('',#10602,#10603,#10604);
#10606=CIRCLE('',#10605,3.);
#10607=EDGE_CURVE('',#10594,#10592,#10606,.T.);
#10608=ORIENTED_EDGE('',*,*,#10607,.T.);
#10609=EDGE_LOOP('',(#10601,#10608));
#10610=FACE_BOUND('',#10609,.T.);
#10611=CARTESIAN_POINT('',(164.2,38.2,38.3));
#10612=VERTEX_POINT('',#10611);
#10613=CARTESIAN_POINT('',(164.2,39.9,40.));
#10614=VERTEX_POINT('',#10613);
#10615=CARTESIAN_POINT('',(164.2,38.2,40.));
#10616=DIRECTION('',(-1.,-0.,-0.));
#10617=DIRECTION('',(0.,0.,-1.));
#10618=AXIS2_PLACEMENT_3D('',#10615,#10616,#10617);
#10619=CIRCLE('',#10618,1.7);
#10620=EDGE_CURVE('',#10612,#10614,#10619,.T.);
#10621=ORIENTED_EDGE('',*,*,#10620,.T.);
#10622=CARTESIAN_POINT('',(164.2,38.2,40.));
#10623=DIRECTION('',(-1.,-0.,-0.));
#10624=DIRECTION('',(0.,0.,-1.));
#10625=AXIS2_PLACEMENT_3D('',#10622,#10623,#10624);
#10626=CIRCLE('',#10625,1.7);
#10627=EDGE_CURVE('',#10614,#10612,#10626,.T.);
#10628=ORIENTED_EDGE('',*,*,#10627,.T.);
#10629=EDGE_LOOP('',(#10621,#10628));
#10630=FACE_BOUND('',#10629,.T.);
#10631=ADVANCED_FACE('',(#10610,#10630),#10590,.F.);
#10632=CARTESIAN_POINT('',(164.2,-9.3,40.));
#10633=DIRECTION('',(-1.,0.,0.));
#10634=DIRECTION('',(0.,1.,0.));
#10635=AXIS2_PLACEMENT_3D('',#10632,#10633,#10634);
#10636=PLANE('',#10635);
#10637=CARTESIAN_POINT('',(164.2,-9.3,43.));
#10638=VERTEX_POINT('',#10637);
#10639=CARTESIAN_POINT('',(164.2,-6.3,40.));
#10640=VERTEX_POINT('',#10639);
#10641=CARTESIAN_POINT('',(164.2,-9.3,40.));
#10642=DIRECTION('',(1.,-0.,-0.));
#10643=DIRECTION('',(0.,0.,1.));
#10644=AXIS2_PLACEMENT_3D('',#10641,#10642,#10643);
#10645=CIRCLE('',#10644,3.);
#10646=EDGE_CURVE('',#10638,#10640,#10645,.T.);
#10647=ORIENTED_EDGE('',*,*,#10646,.T.);
#10648=CARTESIAN_POINT('',(164.2,-9.3,40.));
#10649=DIRECTION('',(1.,-0.,-0.));
#10650=DIRECTION('',(0.,0.,1.));
#10651=AXIS2_PLACEMENT_3D('',#10648,#10649,#10650);
#10652=CIRCLE('',#10651,3.);
#10653=EDGE_CURVE('',#10640,#10638,#10652,.T.);
#10654=ORIENTED_EDGE('',*,*,#10653,.T.);
#10655=EDGE_LOOP('',(#10647,#10654));
#10656=FACE_BOUND('',#10655,.T.);
#10657=CARTESIAN_POINT('',(164.2,-9.3,38.3));
#10658=VERTEX_POINT('',#10657);
#10659=CARTESIAN_POINT('',(164.2,-7.6,40.));
#10660=VERTEX_POINT('',#10659);
#10661=CARTESIAN_POINT('',(164.2,-9.3,40.));
#10662=DIRECTION('',(-1.,-0.,-0.));
#10663=DIRECTION('',(0.,0.,-1.));
#10664=AXIS2_PLACEMENT_3D('',#10661,#10662,#10663);
#10665=CIRCLE('',#10664,1.7);
#10666=EDGE_CURVE('',#10658,#10660,#10665,.T.);
#10667=ORIENTED_EDGE('',*,*,#10666,.T.);
#10668=CARTESIAN_POINT('',(164.2,-9.3,40.));
#10669=DIRECTION('',(-1.,-0.,-0.));
#10670=DIRECTION('',(0.,0.,-1.));
#10671=AXIS2_PLACEMENT_3D('',#10668,#10669,#10670);
#10672=CIRCLE('',#10671,1.7);
#10673=EDGE_CURVE('',#10660,#10658,#10672,.T.);
#10674=ORIENTED_EDGE('',*,*,#10673,.T.);
#10675=EDGE_LOOP('',(#10667,#10674));
#10676=FACE_BOUND('',#10675,.T.);
#10677=ADVANCED_FACE('',(#10656,#10676),#10636,.F.);
#10678=CARTESIAN_POINT('',(164.2,-29.3,20.));
#10679=DIRECTION('',(-1.,0.,0.));
#10680=DIRECTION('',(0.,1.,0.));
#10681=AXIS2_PLACEMENT_3D('',#10678,#10679,#10680);
#10682=PLANE('',#10681);
#10683=CARTESIAN_POINT('',(164.2,-29.3,23.));
#10684=VERTEX_POINT('',#10683);
#10685=CARTESIAN_POINT('',(164.2,-26.3,20.));
#10686=VERTEX_POINT('',#10685);
#10687=CARTESIAN_POINT('',(164.2,-29.3,20.));
#10688=DIRECTION('',(1.,-0.,-0.));
#10689=DIRECTION('',(0.,0.,1.));
#10690=AXIS2_PLACEMENT_3D('',#10687,#10688,#10689);
#10691=CIRCLE('',#10690,3.);
#10692=EDGE_CURVE('',#10684,#10686,#10691,.T.);
#10693=ORIENTED_EDGE('',*,*,#10692,.T.);
#10694=CARTESIAN_POINT('',(164.2,-29.3,20.));
#10695=DIRECTION('',(1.,-0.,-0.));
#10696=DIRECTION('',(0.,0.,1.));
#10697=AXIS2_PLACEMENT_3D('',#10694,#10695,#10696);
#10698=CIRCLE('',#10697,3.);
#10699=EDGE_CURVE('',#10686,#10684,#10698,.T.);
#10700=ORIENTED_EDGE('',*,*,#10699,.T.);
#10701=EDGE_LOOP('',(#10693,#10700));
#10702=FACE_BOUND('',#10701,.T.);
#10703=CARTESIAN_POINT('',(164.2,-29.3,18.3));
#10704=VERTEX_POINT('',#10703);
#10705=CARTESIAN_POINT('',(164.2,-27.6,20.));
#10706=VERTEX_POINT('',#10705);
#10707=CARTESIAN_POINT('',(164.2,-29.3,20.));
#10708=DIRECTION('',(-1.,-0.,-0.));
#10709=DIRECTION('',(0.,0.,-1.));
#10710=AXIS2_PLACEMENT_3D('',#10707,#10708,#10709);
#10711=CIRCLE('',#10710,1.7);
#10712=EDGE_CURVE('',#10704,#10706,#10711,.T.);
#10713=ORIENTED_EDGE('',*,*,#10712,.T.);
#10714=CARTESIAN_POINT('',(164.2,-29.3,20.));
#10715=DIRECTION('',(-1.,-0.,-0.));
#10716=DIRECTION('',(0.,0.,-1.));
#10717=AXIS2_PLACEMENT_3D('',#10714,#10715,#10716);
#10718=CIRCLE('',#10717,1.7);
#10719=EDGE_CURVE('',#10706,#10704,#10718,.T.);
#10720=ORIENTED_EDGE('',*,*,#10719,.T.);
#10721=EDGE_LOOP('',(#10713,#10720));
#10722=FACE_BOUND('',#10721,.T.);
#10723=ADVANCED_FACE('',(#10702,#10722),#10682,.F.);
#10724=CARTESIAN_POINT('',(164.2,18.2,20.));
#10725=DIRECTION('',(-1.,0.,0.));
#10726=DIRECTION('',(0.,1.,0.));
#10727=AXIS2_PLACEMENT_3D('',#10724,#10725,#10726);
#10728=PLANE('',#10727);
#10729=CARTESIAN_POINT('',(164.2,18.2,23.));
#10730=VERTEX_POINT('',#10729);
#10731=CARTESIAN_POINT('',(164.2,21.2,20.));
#10732=VERTEX_POINT('',#10731);
#10733=CARTESIAN_POINT('',(164.2,18.2,20.));
#10734=DIRECTION('',(1.,-0.,-0.));
#10735=DIRECTION('',(0.,0.,1.));
#10736=AXIS2_PLACEMENT_3D('',#10733,#10734,#10735);
#10737=CIRCLE('',#10736,3.);
#10738=EDGE_CURVE('',#10730,#10732,#10737,.T.);
#10739=ORIENTED_EDGE('',*,*,#10738,.T.);
#10740=CARTESIAN_POINT('',(164.2,18.2,20.));
#10741=DIRECTION('',(1.,-0.,-0.));
#10742=DIRECTION('',(0.,0.,1.));
#10743=AXIS2_PLACEMENT_3D('',#10740,#10741,#10742);
#10744=CIRCLE('',#10743,3.);
#10745=EDGE_CURVE('',#10732,#10730,#10744,.T.);
#10746=ORIENTED_EDGE('',*,*,#10745,.T.);
#10747=EDGE_LOOP('',(#10739,#10746));
#10748=FACE_BOUND('',#10747,.T.);
#10749=CARTESIAN_POINT('',(164.2,18.2,18.3));
#10750=VERTEX_POINT('',#10749);
#10751=CARTESIAN_POINT('',(164.2,19.9,20.));
#10752=VERTEX_POINT('',#10751);
#10753=CARTESIAN_POINT('',(164.2,18.2,20.));
#10754=DIRECTION('',(-1.,-0.,-0.));
#10755=DIRECTION('',(0.,0.,-1.));
#10756=AXIS2_PLACEMENT_3D('',#10753,#10754,#10755);
#10757=CIRCLE('',#10756,1.7);
#10758=EDGE_CURVE('',#10750,#10752,#10757,.T.);
#10759=ORIENTED_EDGE('',*,*,#10758,.T.);
#10760=CARTESIAN_POINT('',(164.2,18.2,20.));
#10761=DIRECTION('',(-1.,-0.,-0.));
#10762=DIRECTION('',(0.,0.,-1.));
#10763=AXIS2_PLACEMENT_3D('',#10760,#10761,#10762);
#10764=CIRCLE('',#10763,1.7);
#10765=EDGE_CURVE('',#10752,#10750,#10764,.T.);
#10766=ORIENTED_EDGE('',*,*,#10765,.T.);
#10767=EDGE_LOOP('',(#10759,#10766));
#10768=FACE_BOUND('',#10767,.T.);
#10769=ADVANCED_FACE('',(#10748,#10768),#10728,.F.);
#10770=CARTESIAN_POINT('',(164.2,18.2,40.));
#10771=DIRECTION('',(-1.,0.,0.));
#10772=DIRECTION('',(0.,1.,0.));
#10773=AXIS2_PLACEMENT_3D('',#10770,#10771,#10772);
#10774=PLANE('',#10773);
#10775=CARTESIAN_POINT('',(164.2,18.2,43.));
#10776=VERTEX_POINT('',#10775);
#10777=CARTESIAN_POINT('',(164.2,21.2,40.));
#10778=VERTEX_POINT('',#10777);
#10779=CARTESIAN_POINT('',(164.2,18.2,40.));
#10780=DIRECTION('',(1.,-0.,-0.));
#10781=DIRECTION('',(0.,0.,1.));
#10782=AXIS2_PLACEMENT_3D('',#10779,#10780,#10781);
#10783=CIRCLE('',#10782,3.);
#10784=EDGE_CURVE('',#10776,#10778,#10783,.T.);
#10785=ORIENTED_EDGE('',*,*,#10784,.T.);
#10786=CARTESIAN_POINT('',(164.2,18.2,40.));
#10787=DIRECTION('',(1.,-0.,-0.));
#10788=DIRECTION('',(0.,0.,1.));
#10789=AXIS2_PLACEMENT_3D('',#10786,#10787,#10788);
#10790=CIRCLE('',#10789,3.);
#10791=EDGE_CURVE('',#10778,#10776,#10790,.T.);
#10792=ORIENTED_EDGE('',*,*,#10791,.T.);
#10793=EDGE_LOOP('',(#10785,#10792));
#10794=FACE_BOUND('',#10793,.T.);
#10795=CARTESIAN_POINT('',(164.2,18.2,38.3));
#10796=VERTEX_POINT('',#10795);
#10797=CARTESIAN_POINT('',(164.2,19.9,40.));
#10798=VERTEX_POINT('',#10797);
#10799=CARTESIAN_POINT('',(164.2,18.2,40.));
#10800=DIRECTION('',(-1.,-0.,-0.));
#10801=DIRECTION('',(0.,0.,-1.));
#10802=AXIS2_PLACEMENT_3D('',#10799,#10800,#10801);
#10803=CIRCLE('',#10802,1.7);
#10804=EDGE_CURVE('',#10796,#10798,#10803,.T.);
#10805=ORIENTED_EDGE('',*,*,#10804,.T.);
#10806=CARTESIAN_POINT('',(164.2,18.2,40.));
#10807=DIRECTION('',(-1.,-0.,-0.));
#10808=DIRECTION('',(0.,0.,-1.));
#10809=AXIS2_PLACEMENT_3D('',#10806,#10807,#10808);
#10810=CIRCLE('',#10809,1.7);
#10811=EDGE_CURVE('',#10798,#10796,#10810,.T.);
#10812=ORIENTED_EDGE('',*,*,#10811,.T.);
#10813=EDGE_LOOP('',(#10805,#10812));
#10814=FACE_BOUND('',#10813,.T.);
#10815=ADVANCED_FACE('',(#10794,#10814),#10774,.F.);
#10816=CARTESIAN_POINT('',(164.2,-29.3,40.));
#10817=DIRECTION('',(-1.,0.,0.));
#10818=DIRECTION('',(0.,1.,0.));
#10819=AXIS2_PLACEMENT_3D('',#10816,#10817,#10818);
#10820=PLANE('',#10819);
#10821=CARTESIAN_POINT('',(164.2,-29.3,43.));
#10822=VERTEX_POINT('',#10821);
#10823=CARTESIAN_POINT('',(164.2,-26.3,40.));
#10824=VERTEX_POINT('',#10823);
#10825=CARTESIAN_POINT('',(164.2,-29.3,40.));
#10826=DIRECTION('',(1.,-0.,-0.));
#10827=DIRECTION('',(0.,0.,1.));
#10828=AXIS2_PLACEMENT_3D('',#10825,#10826,#10827);
#10829=CIRCLE('',#10828,3.);
#10830=EDGE_CURVE('',#10822,#10824,#10829,.T.);
#10831=ORIENTED_EDGE('',*,*,#10830,.T.);
#10832=CARTESIAN_POINT('',(164.2,-29.3,40.));
#10833=DIRECTION('',(1.,-0.,-0.));
#10834=DIRECTION('',(0.,0.,1.));
#10835=AXIS2_PLACEMENT_3D('',#10832,#10833,#10834);
#10836=CIRCLE('',#10835,3.);
#10837=EDGE_CURVE('',#10824,#10822,#10836,.T.);
#10838=ORIENTED_EDGE('',*,*,#10837,.T.);
#10839=EDGE_LOOP('',(#10831,#10838));
#10840=FACE_BOUND('',#10839,.T.);
#10841=CARTESIAN_POINT('',(164.2,-29.3,38.3));
#10842=VERTEX_POINT('',#10841);
#10843=CARTESIAN_POINT('',(164.2,-27.6,40.));
#10844=VERTEX_POINT('',#10843);
#10845=CARTESIAN_POINT('',(164.2,-29.3,40.));
#10846=DIRECTION('',(-1.,-0.,-0.));
#10847=DIRECTION('',(0.,0.,-1.));
#10848=AXIS2_PLACEMENT_3D('',#10845,#10846,#10847);
#10849=CIRCLE('',#10848,1.7);
#10850=EDGE_CURVE('',#10842,#10844,#10849,.T.);
#10851=ORIENTED_EDGE('',*,*,#10850,.T.);
#10852=CARTESIAN_POINT('',(164.2,-29.3,40.));
#10853=DIRECTION('',(-1.,-0.,-0.));
#10854=DIRECTION('',(0.,0.,-1.));
#10855=AXIS2_PLACEMENT_3D('',#10852,#10853,#10854);
#10856=CIRCLE('',#10855,1.7);
#10857=EDGE_CURVE('',#10844,#10842,#10856,.T.);
#10858=ORIENTED_EDGE('',*,*,#10857,.T.);
#10859=EDGE_LOOP('',(#10851,#10858));
#10860=FACE_BOUND('',#10859,.T.);
#10861=ADVANCED_FACE('',(#10840,#10860),#10820,.F.);
#10862=CARTESIAN_POINT('',(174.2,-9.3,20.));
#10863=DIRECTION('',(-1.,0.,0.));
#10864=DIRECTION('',(0.,1.,0.));
#10865=AXIS2_PLACEMENT_3D('',#10862,#10863,#10864);
#10866=CYLINDRICAL_SURFACE('',#10865,3.);
#10867=CARTESIAN_POINT('',(183.8,-6.3,20.));
#10868=VERTEX_POINT('',#10867);
#10869=CARTESIAN_POINT('',(164.2,-6.3,20.));
#10870=DIRECTION('',(1.,-0.,-0.));
#10871=VECTOR('',#10870,19.6);
#10872=LINE('',#10869,#10871);
#10873=EDGE_CURVE('',#10502,#10868,#10872,.T.);
#10874=ORIENTED_EDGE('',*,*,#10873,.F.);
#10875=ORIENTED_EDGE('',*,*,#10508,.F.);
#10876=ORIENTED_EDGE('',*,*,#10515,.F.);
#10877=ORIENTED_EDGE('',*,*,#10873,.T.);
#10878=CARTESIAN_POINT('',(183.8,-9.3,23.));
#10879=VERTEX_POINT('',#10878);
#10880=CARTESIAN_POINT('',(183.8,-9.3,20.));
#10881=DIRECTION('',(1.,-0.,-0.));
#10882=DIRECTION('',(0.,0.,1.));
#10883=AXIS2_PLACEMENT_3D('',#10880,#10881,#10882);
#10884=CIRCLE('',#10883,3.);
#10885=EDGE_CURVE('',#10868,#10879,#10884,.T.);
#10886=ORIENTED_EDGE('',*,*,#10885,.T.);
#10887=CARTESIAN_POINT('',(183.8,-12.3,20.));
#10888=VERTEX_POINT('',#10887);
#10889=CARTESIAN_POINT('',(183.8,-9.3,20.));
#10890=DIRECTION('',(1.,-0.,-0.));
#10891=DIRECTION('',(0.,0.,1.));
#10892=AXIS2_PLACEMENT_3D('',#10889,#10890,#10891);
#10893=CIRCLE('',#10892,3.);
#10894=EDGE_CURVE('',#10879,#10888,#10893,.T.);
#10895=ORIENTED_EDGE('',*,*,#10894,.T.);
#10896=CARTESIAN_POINT('',(183.8,-9.3,20.));
#10897=DIRECTION('',(1.,-0.,-0.));
#10898=DIRECTION('',(0.,0.,1.));
#10899=AXIS2_PLACEMENT_3D('',#10896,#10897,#10898);
#10900=CIRCLE('',#10899,3.);
#10901=EDGE_CURVE('',#10888,#10868,#10900,.T.);
#10902=ORIENTED_EDGE('',*,*,#10901,.T.);
#10903=EDGE_LOOP('',(#10874,#10875,#10876,#10877,#10886,#10895,#10902));
#10904=FACE_BOUND('',#10903,.T.);
#10905=ADVANCED_FACE('',(#10904),#10866,.F.);
#10906=CARTESIAN_POINT('',(174.2,-29.3,40.));
#10907=DIRECTION('',(-1.,0.,0.));
#10908=DIRECTION('',(0.,1.,0.));
#10909=AXIS2_PLACEMENT_3D('',#10906,#10907,#10908);
#10910=CYLINDRICAL_SURFACE('',#10909,3.);
#10911=CARTESIAN_POINT('',(183.8,-26.3,40.));
#10912=VERTEX_POINT('',#10911);
#10913=CARTESIAN_POINT('',(164.2,-26.3,40.));
#10914=DIRECTION('',(1.,-0.,-0.));
#10915=VECTOR('',#10914,19.6);
#10916=LINE('',#10913,#10915);
#10917=EDGE_CURVE('',#10824,#10912,#10916,.T.);
#10918=ORIENTED_EDGE('',*,*,#10917,.F.);
#10919=ORIENTED_EDGE('',*,*,#10830,.F.);
#10920=ORIENTED_EDGE('',*,*,#10837,.F.);
#10921=ORIENTED_EDGE('',*,*,#10917,.T.);
#10922=CARTESIAN_POINT('',(183.8,-29.3,43.));
#10923=VERTEX_POINT('',#10922);
#10924=CARTESIAN_POINT('',(183.8,-29.3,40.));
#10925=DIRECTION('',(1.,-0.,-0.));
#10926=DIRECTION('',(0.,0.,1.));
#10927=AXIS2_PLACEMENT_3D('',#10924,#10925,#10926);
#10928=CIRCLE('',#10927,3.);
#10929=EDGE_CURVE('',#10912,#10923,#10928,.T.);
#10930=ORIENTED_EDGE('',*,*,#10929,.T.);
#10931=CARTESIAN_POINT('',(183.8,-32.3,40.));
#10932=VERTEX_POINT('',#10931);
#10933=CARTESIAN_POINT('',(183.8,-29.3,40.));
#10934=DIRECTION('',(1.,-0.,-0.));
#10935=DIRECTION('',(0.,0.,1.));
#10936=AXIS2_PLACEMENT_3D('',#10933,#10934,#10935);
#10937=CIRCLE('',#10936,3.);
#10938=EDGE_CURVE('',#10923,#10932,#10937,.T.);
#10939=ORIENTED_EDGE('',*,*,#10938,.T.);
#10940=CARTESIAN_POINT('',(183.8,-29.3,40.));
#10941=DIRECTION('',(1.,-0.,-0.));
#10942=DIRECTION('',(0.,0.,1.));
#10943=AXIS2_PLACEMENT_3D('',#10940,#10941,#10942);
#10944=CIRCLE('',#10943,3.);
#10945=EDGE_CURVE('',#10932,#10912,#10944,.T.);
#10946=ORIENTED_EDGE('',*,*,#10945,.T.);
#10947=EDGE_LOOP('',(#10918,#10919,#10920,#10921,#10930,#10939,#10946));
#10948=FACE_BOUND('',#10947,.T.);
#10949=ADVANCED_FACE('',(#10948),#10910,.F.);
#10950=CARTESIAN_POINT('',(174.2,18.2,40.));
#10951=DIRECTION('',(-1.,0.,0.));
#10952=DIRECTION('',(0.,1.,0.));
#10953=AXIS2_PLACEMENT_3D('',#10950,#10951,#10952);
#10954=CYLINDRICAL_SURFACE('',#10953,3.);
#10955=CARTESIAN_POINT('',(183.8,21.2,40.));
#10956=VERTEX_POINT('',#10955);
#10957=CARTESIAN_POINT('',(164.2,21.2,40.));
#10958=DIRECTION('',(1.,-0.,-0.));
#10959=VECTOR('',#10958,19.6);
#10960=LINE('',#10957,#10959);
#10961=EDGE_CURVE('',#10778,#10956,#10960,.T.);
#10962=ORIENTED_EDGE('',*,*,#10961,.F.);
#10963=ORIENTED_EDGE('',*,*,#10784,.F.);
#10964=ORIENTED_EDGE('',*,*,#10791,.F.);
#10965=ORIENTED_EDGE('',*,*,#10961,.T.);
#10966=CARTESIAN_POINT('',(183.8,18.2,43.));
#10967=VERTEX_POINT('',#10966);
#10968=CARTESIAN_POINT('',(183.8,18.2,40.));
#10969=DIRECTION('',(1.,-0.,-0.));
#10970=DIRECTION('',(0.,0.,1.));
#10971=AXIS2_PLACEMENT_3D('',#10968,#10969,#10970);
#10972=CIRCLE('',#10971,3.);
#10973=EDGE_CURVE('',#10956,#10967,#10972,.T.);
#10974=ORIENTED_EDGE('',*,*,#10973,.T.);
#10975=CARTESIAN_POINT('',(183.8,15.2,40.));
#10976=VERTEX_POINT('',#10975);
#10977=CARTESIAN_POINT('',(183.8,18.2,40.));
#10978=DIRECTION('',(1.,-0.,-0.));
#10979=DIRECTION('',(0.,0.,1.));
#10980=AXIS2_PLACEMENT_3D('',#10977,#10978,#10979);
#10981=CIRCLE('',#10980,3.);
#10982=EDGE_CURVE('',#10967,#10976,#10981,.T.);
#10983=ORIENTED_EDGE('',*,*,#10982,.T.);
#10984=CARTESIAN_POINT('',(183.8,18.2,40.));
#10985=DIRECTION('',(1.,-0.,-0.));
#10986=DIRECTION('',(0.,0.,1.));
#10987=AXIS2_PLACEMENT_3D('',#10984,#10985,#10986);
#10988=CIRCLE('',#10987,3.);
#10989=EDGE_CURVE('',#10976,#10956,#10988,.T.);
#10990=ORIENTED_EDGE('',*,*,#10989,.T.);
#10991=EDGE_LOOP('',(#10962,#10963,#10964,#10965,#10974,#10983,#10990));
#10992=FACE_BOUND('',#10991,.T.);
#10993=ADVANCED_FACE('',(#10992),#10954,.F.);
#10994=CARTESIAN_POINT('',(174.2,38.2,20.));
#10995=DIRECTION('',(-1.,0.,0.));
#10996=DIRECTION('',(0.,1.,0.));
#10997=AXIS2_PLACEMENT_3D('',#10994,#10995,#10996);
#10998=CYLINDRICAL_SURFACE('',#10997,3.);
#10999=CARTESIAN_POINT('',(183.8,41.2,20.));
#11000=VERTEX_POINT('',#10999);
#11001=CARTESIAN_POINT('',(164.2,41.2,20.));
#11002=DIRECTION('',(1.,-0.,-0.));
#11003=VECTOR('',#11002,19.6);
#11004=LINE('',#11001,#11003);
#11005=EDGE_CURVE('',#10548,#11000,#11004,.T.);
#11006=ORIENTED_EDGE('',*,*,#11005,.F.);
#11007=ORIENTED_EDGE('',*,*,#10554,.F.);
#11008=ORIENTED_EDGE('',*,*,#10561,.F.);
#11009=ORIENTED_EDGE('',*,*,#11005,.T.);
#11010=CARTESIAN_POINT('',(183.8,38.2,23.));
#11011=VERTEX_POINT('',#11010);
#11012=CARTESIAN_POINT('',(183.8,38.2,20.));
#11013=DIRECTION('',(1.,-0.,-0.));
#11014=DIRECTION('',(0.,0.,1.));
#11015=AXIS2_PLACEMENT_3D('',#11012,#11013,#11014);
#11016=CIRCLE('',#11015,3.);
#11017=EDGE_CURVE('',#11000,#11011,#11016,.T.);
#11018=ORIENTED_EDGE('',*,*,#11017,.T.);
#11019=CARTESIAN_POINT('',(183.8,35.2,20.));
#11020=VERTEX_POINT('',#11019);
#11021=CARTESIAN_POINT('',(183.8,38.2,20.));
#11022=DIRECTION('',(1.,-0.,-0.));
#11023=DIRECTION('',(0.,0.,1.));
#11024=AXIS2_PLACEMENT_3D('',#11021,#11022,#11023);
#11025=CIRCLE('',#11024,3.);
#11026=EDGE_CURVE('',#11011,#11020,#11025,.T.);
#11027=ORIENTED_EDGE('',*,*,#11026,.T.);
#11028=CARTESIAN_POINT('',(183.8,38.2,20.));
#11029=DIRECTION('',(1.,-0.,-0.));
#11030=DIRECTION('',(0.,0.,1.));
#11031=AXIS2_PLACEMENT_3D('',#11028,#11029,#11030);
#11032=CIRCLE('',#11031,3.);
#11033=EDGE_CURVE('',#11020,#11000,#11032,.T.);
#11034=ORIENTED_EDGE('',*,*,#11033,.T.);
#11035=EDGE_LOOP('',(#11006,#11007,#11008,#11009,#11018,#11027,#11034));
#11036=FACE_BOUND('',#11035,.T.);
#11037=ADVANCED_FACE('',(#11036),#10998,.F.);
#11038=CARTESIAN_POINT('',(174.2,18.2,20.));
#11039=DIRECTION('',(-1.,0.,0.));
#11040=DIRECTION('',(0.,1.,0.));
#11041=AXIS2_PLACEMENT_3D('',#11038,#11039,#11040);
#11042=CYLINDRICAL_SURFACE('',#11041,3.);
#11043=CARTESIAN_POINT('',(183.8,21.2,20.));
#11044=VERTEX_POINT('',#11043);
#11045=CARTESIAN_POINT('',(164.2,21.2,20.));
#11046=DIRECTION('',(1.,-0.,-0.));
#11047=VECTOR('',#11046,19.6);
#11048=LINE('',#11045,#11047);
#11049=EDGE_CURVE('',#10732,#11044,#11048,.T.);
#11050=ORIENTED_EDGE('',*,*,#11049,.F.);
#11051=ORIENTED_EDGE('',*,*,#10738,.F.);
#11052=ORIENTED_EDGE('',*,*,#10745,.F.);
#11053=ORIENTED_EDGE('',*,*,#11049,.T.);
#11054=CARTESIAN_POINT('',(183.8,18.2,23.));
#11055=VERTEX_POINT('',#11054);
#11056=CARTESIAN_POINT('',(183.8,18.2,20.));
#11057=DIRECTION('',(1.,-0.,-0.));
#11058=DIRECTION('',(0.,0.,1.));
#11059=AXIS2_PLACEMENT_3D('',#11056,#11057,#11058);
#11060=CIRCLE('',#11059,3.);
#11061=EDGE_CURVE('',#11044,#11055,#11060,.T.);
#11062=ORIENTED_EDGE('',*,*,#11061,.T.);
#11063=CARTESIAN_POINT('',(183.8,15.2,20.));
#11064=VERTEX_POINT('',#11063);
#11065=CARTESIAN_POINT('',(183.8,18.2,20.));
#11066=DIRECTION('',(1.,-0.,-0.));
#11067=DIRECTION('',(0.,0.,1.));
#11068=AXIS2_PLACEMENT_3D('',#11065,#11066,#11067);
#11069=CIRCLE('',#11068,3.);
#11070=EDGE_CURVE('',#11055,#11064,#11069,.T.);
#11071=ORIENTED_EDGE('',*,*,#11070,.T.);
#11072=CARTESIAN_POINT('',(183.8,18.2,20.));
#11073=DIRECTION('',(1.,-0.,-0.));
#11074=DIRECTION('',(0.,0.,1.));
#11075=AXIS2_PLACEMENT_3D('',#11072,#11073,#11074);
#11076=CIRCLE('',#11075,3.);
#11077=EDGE_CURVE('',#11064,#11044,#11076,.T.);
#11078=ORIENTED_EDGE('',*,*,#11077,.T.);
#11079=EDGE_LOOP('',(#11050,#11051,#11052,#11053,#11062,#11071,#11078));
#11080=FACE_BOUND('',#11079,.T.);
#11081=ADVANCED_FACE('',(#11080),#11042,.F.);
#11082=CARTESIAN_POINT('',(174.2,38.2,40.));
#11083=DIRECTION('',(-1.,0.,0.));
#11084=DIRECTION('',(0.,1.,0.));
#11085=AXIS2_PLACEMENT_3D('',#11082,#11083,#11084);
#11086=CYLINDRICAL_SURFACE('',#11085,3.);
#11087=CARTESIAN_POINT('',(183.8,41.2,40.));
#11088=VERTEX_POINT('',#11087);
#11089=CARTESIAN_POINT('',(164.2,41.2,40.));
#11090=DIRECTION('',(1.,-0.,-0.));
#11091=VECTOR('',#11090,19.6);
#11092=LINE('',#11089,#11091);
#11093=EDGE_CURVE('',#10594,#11088,#11092,.T.);
#11094=ORIENTED_EDGE('',*,*,#11093,.F.);
#11095=ORIENTED_EDGE('',*,*,#10600,.F.);
#11096=ORIENTED_EDGE('',*,*,#10607,.F.);
#11097=ORIENTED_EDGE('',*,*,#11093,.T.);
#11098=CARTESIAN_POINT('',(183.8,38.2,43.));
#11099=VERTEX_POINT('',#11098);
#11100=CARTESIAN_POINT('',(183.8,38.2,40.));
#11101=DIRECTION('',(1.,-0.,-0.));
#11102=DIRECTION('',(0.,0.,1.));
#11103=AXIS2_PLACEMENT_3D('',#11100,#11101,#11102);
#11104=CIRCLE('',#11103,3.);
#11105=EDGE_CURVE('',#11088,#11099,#11104,.T.);
#11106=ORIENTED_EDGE('',*,*,#11105,.T.);
#11107=CARTESIAN_POINT('',(183.8,35.2,40.));
#11108=VERTEX_POINT('',#11107);
#11109=CARTESIAN_POINT('',(183.8,38.2,40.));
#11110=DIRECTION('',(1.,-0.,-0.));
#11111=DIRECTION('',(0.,0.,1.));
#11112=AXIS2_PLACEMENT_3D('',#11109,#11110,#11111);
#11113=CIRCLE('',#11112,3.);
#11114=EDGE_CURVE('',#11099,#11108,#11113,.T.);
#11115=ORIENTED_EDGE('',*,*,#11114,.T.);
#11116=CARTESIAN_POINT('',(183.8,38.2,40.));
#11117=DIRECTION('',(1.,-0.,-0.));
#11118=DIRECTION('',(0.,0.,1.));
#11119=AXIS2_PLACEMENT_3D('',#11116,#11117,#11118);
#11120=CIRCLE('',#11119,3.);
#11121=EDGE_CURVE('',#11108,#11088,#11120,.T.);
#11122=ORIENTED_EDGE('',*,*,#11121,.T.);
#11123=EDGE_LOOP('',(#11094,#11095,#11096,#11097,#11106,#11115,#11122));
#11124=FACE_BOUND('',#11123,.T.);
#11125=ADVANCED_FACE('',(#11124),#11086,.F.);
#11126=CARTESIAN_POINT('',(174.2,-9.3,40.));
#11127=DIRECTION('',(-1.,0.,0.));
#11128=DIRECTION('',(0.,1.,0.));
#11129=AXIS2_PLACEMENT_3D('',#11126,#11127,#11128);
#11130=CYLINDRICAL_SURFACE('',#11129,3.);
#11131=CARTESIAN_POINT('',(183.8,-6.3,40.));
#11132=VERTEX_POINT('',#11131);
#11133=CARTESIAN_POINT('',(164.2,-6.3,40.));
#11134=DIRECTION('',(1.,-0.,-0.));
#11135=VECTOR('',#11134,19.6);
#11136=LINE('',#11133,#11135);
#11137=EDGE_CURVE('',#10640,#11132,#11136,.T.);
#11138=ORIENTED_EDGE('',*,*,#11137,.F.);
#11139=ORIENTED_EDGE('',*,*,#10646,.F.);
#11140=ORIENTED_EDGE('',*,*,#10653,.F.);
#11141=ORIENTED_EDGE('',*,*,#11137,.T.);
#11142=CARTESIAN_POINT('',(183.8,-9.3,43.));
#11143=VERTEX_POINT('',#11142);
#11144=CARTESIAN_POINT('',(183.8,-9.3,40.));
#11145=DIRECTION('',(1.,-0.,-0.));
#11146=DIRECTION('',(0.,0.,1.));
#11147=AXIS2_PLACEMENT_3D('',#11144,#11145,#11146);
#11148=CIRCLE('',#11147,3.);
#11149=EDGE_CURVE('',#11132,#11143,#11148,.T.);
#11150=ORIENTED_EDGE('',*,*,#11149,.T.);
#11151=CARTESIAN_POINT('',(183.8,-12.3,40.));
#11152=VERTEX_POINT('',#11151);
#11153=CARTESIAN_POINT('',(183.8,-9.3,40.));
#11154=DIRECTION('',(1.,-0.,-0.));
#11155=DIRECTION('',(0.,0.,1.));
#11156=AXIS2_PLACEMENT_3D('',#11153,#11154,#11155);
#11157=CIRCLE('',#11156,3.);
#11158=EDGE_CURVE('',#11143,#11152,#11157,.T.);
#11159=ORIENTED_EDGE('',*,*,#11158,.T.);
#11160=CARTESIAN_POINT('',(183.8,-9.3,40.));
#11161=DIRECTION('',(1.,-0.,-0.));
#11162=DIRECTION('',(0.,0.,1.));
#11163=AXIS2_PLACEMENT_3D('',#11160,#11161,#11162);
#11164=CIRCLE('',#11163,3.);
#11165=EDGE_CURVE('',#11152,#11132,#11164,.T.);
#11166=ORIENTED_EDGE('',*,*,#11165,.T.);
#11167=EDGE_LOOP('',(#11138,#11139,#11140,#11141,#11150,#11159,#11166));
#11168=FACE_BOUND('',#11167,.T.);
#11169=ADVANCED_FACE('',(#11168),#11130,.F.);
#11170=CARTESIAN_POINT('',(174.2,-29.3,20.));
#11171=DIRECTION('',(-1.,0.,0.));
#11172=DIRECTION('',(0.,1.,0.));
#11173=AXIS2_PLACEMENT_3D('',#11170,#11171,#11172);
#11174=CYLINDRICAL_SURFACE('',#11173,3.);
#11175=CARTESIAN_POINT('',(183.8,-26.3,20.));
#11176=VERTEX_POINT('',#11175);
#11177=CARTESIAN_POINT('',(164.2,-26.3,20.));
#11178=DIRECTION('',(1.,-0.,-0.));
#11179=VECTOR('',#11178,19.6);
#11180=LINE('',#11177,#11179);
#11181=EDGE_CURVE('',#10686,#11176,#11180,.T.);
#11182=ORIENTED_EDGE('',*,*,#11181,.F.);
#11183=ORIENTED_EDGE('',*,*,#10692,.F.);
#11184=ORIENTED_EDGE('',*,*,#10699,.F.);
#11185=ORIENTED_EDGE('',*,*,#11181,.T.);
#11186=CARTESIAN_POINT('',(183.8,-29.3,23.));
#11187=VERTEX_POINT('',#11186);
#11188=CARTESIAN_POINT('',(183.8,-29.3,20.));
#11189=DIRECTION('',(1.,-0.,-0.));
#11190=DIRECTION('',(0.,0.,1.));
#11191=AXIS2_PLACEMENT_3D('',#11188,#11189,#11190);
#11192=CIRCLE('',#11191,3.);
#11193=EDGE_CURVE('',#11176,#11187,#11192,.T.);
#11194=ORIENTED_EDGE('',*,*,#11193,.T.);
#11195=CARTESIAN_POINT('',(183.8,-32.3,20.));
#11196=VERTEX_POINT('',#11195);
#11197=CARTESIAN_POINT('',(183.8,-29.3,20.));
#11198=DIRECTION('',(1.,-0.,-0.));
#11199=DIRECTION('',(0.,0.,1.));
#11200=AXIS2_PLACEMENT_3D('',#11197,#11198,#11199);
#11201=CIRCLE('',#11200,3.);
#11202=EDGE_CURVE('',#11187,#11196,#11201,.T.);
#11203=ORIENTED_EDGE('',*,*,#11202,.T.);
#11204=CARTESIAN_POINT('',(183.8,-29.3,20.));
#11205=DIRECTION('',(1.,-0.,-0.));
#11206=DIRECTION('',(0.,0.,1.));
#11207=AXIS2_PLACEMENT_3D('',#11204,#11205,#11206);
#11208=CIRCLE('',#11207,3.);
#11209=EDGE_CURVE('',#11196,#11176,#11208,.T.);
#11210=ORIENTED_EDGE('',*,*,#11209,.T.);
#11211=EDGE_LOOP('',(#11182,#11183,#11184,#11185,#11194,#11203,#11210));
#11212=FACE_BOUND('',#11211,.T.);
#11213=ADVANCED_FACE('',(#11212),#11174,.F.);
#11214=CARTESIAN_POINT('',(158.2,-9.3,20.));
#11215=DIRECTION('',(1.,0.,0.));
#11216=DIRECTION('',(-0.,1.,0.));
#11217=AXIS2_PLACEMENT_3D('',#11214,#11215,#11216);
#11218=CYLINDRICAL_SURFACE('',#11217,1.7);
#11219=CARTESIAN_POINT('',(158.,-7.6,20.));
#11220=VERTEX_POINT('',#11219);
#11221=CARTESIAN_POINT('',(164.2,-7.6,20.));
#11222=DIRECTION('',(-1.,-0.,-0.));
#11223=VECTOR('',#11222,6.2);
#11224=LINE('',#11221,#11223);
#11225=EDGE_CURVE('',#10522,#11220,#11224,.T.);
#11226=ORIENTED_EDGE('',*,*,#11225,.F.);
#11227=ORIENTED_EDGE('',*,*,#10528,.F.);
#11228=ORIENTED_EDGE('',*,*,#10535,.F.);
#11229=ORIENTED_EDGE('',*,*,#11225,.T.);
#11230=CARTESIAN_POINT('',(158.,-9.3,18.3));
#11231=VERTEX_POINT('',#11230);
#11232=CARTESIAN_POINT('',(158.,-9.3,20.));
#11233=DIRECTION('',(-1.,-0.,-0.));
#11234=DIRECTION('',(0.,0.,-1.));
#11235=AXIS2_PLACEMENT_3D('',#11232,#11233,#11234);
#11236=CIRCLE('',#11235,1.7);
#11237=EDGE_CURVE('',#11220,#11231,#11236,.T.);
#11238=ORIENTED_EDGE('',*,*,#11237,.T.);
#11239=CARTESIAN_POINT('',(158.,-9.3,20.));
#11240=DIRECTION('',(-1.,-0.,-0.));
#11241=DIRECTION('',(0.,0.,-1.));
#11242=AXIS2_PLACEMENT_3D('',#11239,#11240,#11241);
#11243=CIRCLE('',#11242,1.7);
#11244=EDGE_CURVE('',#11231,#11220,#11243,.T.);
#11245=ORIENTED_EDGE('',*,*,#11244,.T.);
#11246=EDGE_LOOP('',(#11226,#11227,#11228,#11229,#11238,#11245));
#11247=FACE_BOUND('',#11246,.T.);
#11248=ADVANCED_FACE('',(#11247),#11218,.F.);
#11249=CARTESIAN_POINT('',(158.2,38.2,20.));
#11250=DIRECTION('',(1.,0.,0.));
#11251=DIRECTION('',(-0.,1.,0.));
#11252=AXIS2_PLACEMENT_3D('',#11249,#11250,#11251);
#11253=CYLINDRICAL_SURFACE('',#11252,1.7);
#11254=CARTESIAN_POINT('',(158.,39.9,20.));
#11255=VERTEX_POINT('',#11254);
#11256=CARTESIAN_POINT('',(164.2,39.9,20.));
#11257=DIRECTION('',(-1.,-0.,-0.));
#11258=VECTOR('',#11257,6.2);
#11259=LINE('',#11256,#11258);
#11260=EDGE_CURVE('',#10568,#11255,#11259,.T.);
#11261=ORIENTED_EDGE('',*,*,#11260,.F.);
#11262=ORIENTED_EDGE('',*,*,#10574,.F.);
#11263=ORIENTED_EDGE('',*,*,#10581,.F.);
#11264=ORIENTED_EDGE('',*,*,#11260,.T.);
#11265=CARTESIAN_POINT('',(158.,38.2,18.3));
#11266=VERTEX_POINT('',#11265);
#11267=CARTESIAN_POINT('',(158.,38.2,20.));
#11268=DIRECTION('',(-1.,-0.,-0.));
#11269=DIRECTION('',(0.,0.,-1.));
#11270=AXIS2_PLACEMENT_3D('',#11267,#11268,#11269);
#11271=CIRCLE('',#11270,1.7);
#11272=EDGE_CURVE('',#11255,#11266,#11271,.T.);
#11273=ORIENTED_EDGE('',*,*,#11272,.T.);
#11274=CARTESIAN_POINT('',(158.,38.2,20.));
#11275=DIRECTION('',(-1.,-0.,-0.));
#11276=DIRECTION('',(0.,0.,-1.));
#11277=AXIS2_PLACEMENT_3D('',#11274,#11275,#11276);
#11278=CIRCLE('',#11277,1.7);
#11279=EDGE_CURVE('',#11266,#11255,#11278,.T.);
#11280=ORIENTED_EDGE('',*,*,#11279,.T.);
#11281=EDGE_LOOP('',(#11261,#11262,#11263,#11264,#11273,#11280));
#11282=FACE_BOUND('',#11281,.T.);
#11283=ADVANCED_FACE('',(#11282),#11253,.F.);
#11284=CARTESIAN_POINT('',(158.2,38.2,40.));
#11285=DIRECTION('',(1.,0.,0.));
#11286=DIRECTION('',(-0.,1.,0.));
#11287=AXIS2_PLACEMENT_3D('',#11284,#11285,#11286);
#11288=CYLINDRICAL_SURFACE('',#11287,1.7);
#11289=CARTESIAN_POINT('',(158.,39.9,40.));
#11290=VERTEX_POINT('',#11289);
#11291=CARTESIAN_POINT('',(164.2,39.9,40.));
#11292=DIRECTION('',(-1.,-0.,-0.));
#11293=VECTOR('',#11292,6.2);
#11294=LINE('',#11291,#11293);
#11295=EDGE_CURVE('',#10614,#11290,#11294,.T.);
#11296=ORIENTED_EDGE('',*,*,#11295,.F.);
#11297=ORIENTED_EDGE('',*,*,#10620,.F.);
#11298=ORIENTED_EDGE('',*,*,#10627,.F.);
#11299=ORIENTED_EDGE('',*,*,#11295,.T.);
#11300=CARTESIAN_POINT('',(158.,38.2,38.3));
#11301=VERTEX_POINT('',#11300);
#11302=CARTESIAN_POINT('',(158.,38.2,40.));
#11303=DIRECTION('',(-1.,-0.,-0.));
#11304=DIRECTION('',(0.,0.,-1.));
#11305=AXIS2_PLACEMENT_3D('',#11302,#11303,#11304);
#11306=CIRCLE('',#11305,1.7);
#11307=EDGE_CURVE('',#11290,#11301,#11306,.T.);
#11308=ORIENTED_EDGE('',*,*,#11307,.T.);
#11309=CARTESIAN_POINT('',(158.,38.2,40.));
#11310=DIRECTION('',(-1.,-0.,-0.));
#11311=DIRECTION('',(0.,0.,-1.));
#11312=AXIS2_PLACEMENT_3D('',#11309,#11310,#11311);
#11313=CIRCLE('',#11312,1.7);
#11314=EDGE_CURVE('',#11301,#11290,#11313,.T.);
#11315=ORIENTED_EDGE('',*,*,#11314,.T.);
#11316=EDGE_LOOP('',(#11296,#11297,#11298,#11299,#11308,#11315));
#11317=FACE_BOUND('',#11316,.T.);
#11318=ADVANCED_FACE('',(#11317),#11288,.F.);
#11319=CARTESIAN_POINT('',(158.2,-9.3,40.));
#11320=DIRECTION('',(1.,0.,0.));
#11321=DIRECTION('',(-0.,1.,0.));
#11322=AXIS2_PLACEMENT_3D('',#11319,#11320,#11321);
#11323=CYLINDRICAL_SURFACE('',#11322,1.7);
#11324=CARTESIAN_POINT('',(158.,-7.6,40.));
#11325=VERTEX_POINT('',#11324);
#11326=CARTESIAN_POINT('',(164.2,-7.6,40.));
#11327=DIRECTION('',(-1.,-0.,-0.));
#11328=VECTOR('',#11327,6.2);
#11329=LINE('',#11326,#11328);
#11330=EDGE_CURVE('',#10660,#11325,#11329,.T.);
#11331=ORIENTED_EDGE('',*,*,#11330,.F.);
#11332=ORIENTED_EDGE('',*,*,#10666,.F.);
#11333=ORIENTED_EDGE('',*,*,#10673,.F.);
#11334=ORIENTED_EDGE('',*,*,#11330,.T.);
#11335=CARTESIAN_POINT('',(158.,-9.3,38.3));
#11336=VERTEX_POINT('',#11335);
#11337=CARTESIAN_POINT('',(158.,-9.3,40.));
#11338=DIRECTION('',(-1.,-0.,-0.));
#11339=DIRECTION('',(0.,0.,-1.));
#11340=AXIS2_PLACEMENT_3D('',#11337,#11338,#11339);
#11341=CIRCLE('',#11340,1.7);
#11342=EDGE_CURVE('',#11325,#11336,#11341,.T.);
#11343=ORIENTED_EDGE('',*,*,#11342,.T.);
#11344=CARTESIAN_POINT('',(158.,-9.3,40.));
#11345=DIRECTION('',(-1.,-0.,-0.));
#11346=DIRECTION('',(0.,0.,-1.));
#11347=AXIS2_PLACEMENT_3D('',#11344,#11345,#11346);
#11348=CIRCLE('',#11347,1.7);
#11349=EDGE_CURVE('',#11336,#11325,#11348,.T.);
#11350=ORIENTED_EDGE('',*,*,#11349,.T.);
#11351=EDGE_LOOP('',(#11331,#11332,#11333,#11334,#11343,#11350));
#11352=FACE_BOUND('',#11351,.T.);
#11353=ADVANCED_FACE('',(#11352),#11323,.F.);
#11354=CARTESIAN_POINT('',(158.2,-29.3,20.));
#11355=DIRECTION('',(1.,0.,0.));
#11356=DIRECTION('',(-0.,1.,0.));
#11357=AXIS2_PLACEMENT_3D('',#11354,#11355,#11356);
#11358=CYLINDRICAL_SURFACE('',#11357,1.7);
#11359=CARTESIAN_POINT('',(158.,-27.6,20.));
#11360=VERTEX_POINT('',#11359);
#11361=CARTESIAN_POINT('',(164.2,-27.6,20.));
#11362=DIRECTION('',(-1.,-0.,-0.));
#11363=VECTOR('',#11362,6.2);
#11364=LINE('',#11361,#11363);
#11365=EDGE_CURVE('',#10706,#11360,#11364,.T.);
#11366=ORIENTED_EDGE('',*,*,#11365,.F.);
#11367=ORIENTED_EDGE('',*,*,#10712,.F.);
#11368=ORIENTED_EDGE('',*,*,#10719,.F.);
#11369=ORIENTED_EDGE('',*,*,#11365,.T.);
#11370=CARTESIAN_POINT('',(158.,-29.3,18.3));
#11371=VERTEX_POINT('',#11370);
#11372=CARTESIAN_POINT('',(158.,-29.3,20.));
#11373=DIRECTION('',(-1.,-0.,-0.));
#11374=DIRECTION('',(0.,0.,-1.));
#11375=AXIS2_PLACEMENT_3D('',#11372,#11373,#11374);
#11376=CIRCLE('',#11375,1.7);
#11377=EDGE_CURVE('',#11360,#11371,#11376,.T.);
#11378=ORIENTED_EDGE('',*,*,#11377,.T.);
#11379=CARTESIAN_POINT('',(158.,-29.3,20.));
#11380=DIRECTION('',(-1.,-0.,-0.));
#11381=DIRECTION('',(0.,0.,-1.));
#11382=AXIS2_PLACEMENT_3D('',#11379,#11380,#11381);
#11383=CIRCLE('',#11382,1.7);
#11384=EDGE_CURVE('',#11371,#11360,#11383,.T.);
#11385=ORIENTED_EDGE('',*,*,#11384,.T.);
#11386=EDGE_LOOP('',(#11366,#11367,#11368,#11369,#11378,#11385));
#11387=FACE_BOUND('',#11386,.T.);
#11388=ADVANCED_FACE('',(#11387),#11358,.F.);
#11389=CARTESIAN_POINT('',(158.2,18.2,20.));
#11390=DIRECTION('',(1.,0.,0.));
#11391=DIRECTION('',(-0.,1.,0.));
#11392=AXIS2_PLACEMENT_3D('',#11389,#11390,#11391);
#11393=CYLINDRICAL_SURFACE('',#11392,1.7);
#11394=CARTESIAN_POINT('',(158.,19.9,20.));
#11395=VERTEX_POINT('',#11394);
#11396=CARTESIAN_POINT('',(164.2,19.9,20.));
#11397=DIRECTION('',(-1.,-0.,-0.));
#11398=VECTOR('',#11397,6.2);
#11399=LINE('',#11396,#11398);
#11400=EDGE_CURVE('',#10752,#11395,#11399,.T.);
#11401=ORIENTED_EDGE('',*,*,#11400,.F.);
#11402=ORIENTED_EDGE('',*,*,#10758,.F.);
#11403=ORIENTED_EDGE('',*,*,#10765,.F.);
#11404=ORIENTED_EDGE('',*,*,#11400,.T.);
#11405=CARTESIAN_POINT('',(158.,18.2,18.3));
#11406=VERTEX_POINT('',#11405);
#11407=CARTESIAN_POINT('',(158.,18.2,20.));
#11408=DIRECTION('',(-1.,-0.,-0.));
#11409=DIRECTION('',(0.,0.,-1.));
#11410=AXIS2_PLACEMENT_3D('',#11407,#11408,#11409);
#11411=CIRCLE('',#11410,1.7);
#11412=EDGE_CURVE('',#11395,#11406,#11411,.T.);
#11413=ORIENTED_EDGE('',*,*,#11412,.T.);
#11414=CARTESIAN_POINT('',(158.,18.2,20.));
#11415=DIRECTION('',(-1.,-0.,-0.));
#11416=DIRECTION('',(0.,0.,-1.));
#11417=AXIS2_PLACEMENT_3D('',#11414,#11415,#11416);
#11418=CIRCLE('',#11417,1.7);
#11419=EDGE_CURVE('',#11406,#11395,#11418,.T.);
#11420=ORIENTED_EDGE('',*,*,#11419,.T.);
#11421=EDGE_LOOP('',(#11401,#11402,#11403,#11404,#11413,#11420));
#11422=FACE_BOUND('',#11421,.T.);
#11423=ADVANCED_FACE('',(#11422),#11393,.F.);
#11424=CARTESIAN_POINT('',(158.2,18.2,40.));
#11425=DIRECTION('',(1.,0.,0.));
#11426=DIRECTION('',(-0.,1.,0.));
#11427=AXIS2_PLACEMENT_3D('',#11424,#11425,#11426);
#11428=CYLINDRICAL_SURFACE('',#11427,1.7);
#11429=CARTESIAN_POINT('',(158.,19.9,40.));
#11430=VERTEX_POINT('',#11429);
#11431=CARTESIAN_POINT('',(164.2,19.9,40.));
#11432=DIRECTION('',(-1.,-0.,-0.));
#11433=VECTOR('',#11432,6.2);
#11434=LINE('',#11431,#11433);
#11435=EDGE_CURVE('',#10798,#11430,#11434,.T.);
#11436=ORIENTED_EDGE('',*,*,#11435,.F.);
#11437=ORIENTED_EDGE('',*,*,#10804,.F.);
#11438=ORIENTED_EDGE('',*,*,#10811,.F.);
#11439=ORIENTED_EDGE('',*,*,#11435,.T.);
#11440=CARTESIAN_POINT('',(158.,18.2,38.3));
#11441=VERTEX_POINT('',#11440);
#11442=CARTESIAN_POINT('',(158.,18.2,40.));
#11443=DIRECTION('',(-1.,-0.,-0.));
#11444=DIRECTION('',(0.,0.,-1.));
#11445=AXIS2_PLACEMENT_3D('',#11442,#11443,#11444);
#11446=CIRCLE('',#11445,1.7);
#11447=EDGE_CURVE('',#11430,#11441,#11446,.T.);
#11448=ORIENTED_EDGE('',*,*,#11447,.T.);
#11449=CARTESIAN_POINT('',(158.,18.2,40.));
#11450=DIRECTION('',(-1.,-0.,-0.));
#11451=DIRECTION('',(0.,0.,-1.));
#11452=AXIS2_PLACEMENT_3D('',#11449,#11450,#11451);
#11453=CIRCLE('',#11452,1.7);
#11454=EDGE_CURVE('',#11441,#11430,#11453,.T.);
#11455=ORIENTED_EDGE('',*,*,#11454,.T.);
#11456=EDGE_LOOP('',(#11436,#11437,#11438,#11439,#11448,#11455));
#11457=FACE_BOUND('',#11456,.T.);
#11458=ADVANCED_FACE('',(#11457),#11428,.F.);
#11459=CARTESIAN_POINT('',(158.2,-29.3,40.));
#11460=DIRECTION('',(1.,0.,0.));
#11461=DIRECTION('',(-0.,1.,0.));
#11462=AXIS2_PLACEMENT_3D('',#11459,#11460,#11461);
#11463=CYLINDRICAL_SURFACE('',#11462,1.7);
#11464=CARTESIAN_POINT('',(158.,-27.6,40.));
#11465=VERTEX_POINT('',#11464);
#11466=CARTESIAN_POINT('',(164.2,-27.6,40.));
#11467=DIRECTION('',(-1.,-0.,-0.));
#11468=VECTOR('',#11467,6.2);
#11469=LINE('',#11466,#11468);
#11470=EDGE_CURVE('',#10844,#11465,#11469,.T.);
#11471=ORIENTED_EDGE('',*,*,#11470,.F.);
#11472=ORIENTED_EDGE('',*,*,#10850,.F.);
#11473=ORIENTED_EDGE('',*,*,#10857,.F.);
#11474=ORIENTED_EDGE('',*,*,#11470,.T.);
#11475=CARTESIAN_POINT('',(158.,-29.3,38.3));
#11476=VERTEX_POINT('',#11475);
#11477=CARTESIAN_POINT('',(158.,-29.3,40.));
#11478=DIRECTION('',(-1.,-0.,-0.));
#11479=DIRECTION('',(0.,0.,-1.));
#11480=AXIS2_PLACEMENT_3D('',#11477,#11478,#11479);
#11481=CIRCLE('',#11480,1.7);
#11482=EDGE_CURVE('',#11465,#11476,#11481,.T.);
#11483=ORIENTED_EDGE('',*,*,#11482,.T.);
#11484=CARTESIAN_POINT('',(158.,-29.3,40.));
#11485=DIRECTION('',(-1.,-0.,-0.));
#11486=DIRECTION('',(0.,0.,-1.));
#11487=AXIS2_PLACEMENT_3D('',#11484,#11485,#11486);
#11488=CIRCLE('',#11487,1.7);
#11489=EDGE_CURVE('',#11476,#11465,#11488,.T.);
#11490=ORIENTED_EDGE('',*,*,#11489,.T.);
#11491=EDGE_LOOP('',(#11471,#11472,#11473,#11474,#11483,#11490));
#11492=FACE_BOUND('',#11491,.T.);
#11493=ADVANCED_FACE('',(#11492),#11463,.F.);
#11494=CARTESIAN_POINT('',(184.,-9.3,20.));
#11495=DIRECTION('',(1.,0.,0.));
#11496=DIRECTION('',(0.,-1.,0.));
#11497=AXIS2_PLACEMENT_3D('',#11494,#11495,#11496);
#11498=CONICAL_SURFACE('',#11497,3.2,44.999999949);
#11499=CARTESIAN_POINT('',(184.2,-12.7,20.));
#11500=DIRECTION('',(-0.707106782,0.707106781,-0.));
#11501=VECTOR('',#11500,0.565685424);
#11502=LINE('',#11499,#11501);
#11503=EDGE_CURVE('',#7396,#10888,#11502,.T.);
#11504=ORIENTED_EDGE('',*,*,#11503,.F.);
#11505=ORIENTED_EDGE('',*,*,#7402,.F.);
#11506=ORIENTED_EDGE('',*,*,#7409,.F.);
#11507=ORIENTED_EDGE('',*,*,#11503,.T.);
#11508=ORIENTED_EDGE('',*,*,#10894,.F.);
#11509=ORIENTED_EDGE('',*,*,#10885,.F.);
#11510=ORIENTED_EDGE('',*,*,#10901,.F.);
#11511=EDGE_LOOP('',(#11504,#11505,#11506,#11507,#11508,#11509,#11510));
#11512=FACE_BOUND('',#11511,.T.);
#11513=ADVANCED_FACE('',(#11512),#11498,.F.);
#11514=CARTESIAN_POINT('',(184.,-29.3,40.));
#11515=DIRECTION('',(1.,0.,0.));
#11516=DIRECTION('',(0.,-1.,0.));
#11517=AXIS2_PLACEMENT_3D('',#11514,#11515,#11516);
#11518=CONICAL_SURFACE('',#11517,3.2,44.999999949);
#11519=CARTESIAN_POINT('',(184.2,-32.7,40.));
#11520=DIRECTION('',(-0.707106782,0.707106781,-0.));
#11521=VECTOR('',#11520,0.565685424);
#11522=LINE('',#11519,#11521);
#11523=EDGE_CURVE('',#7376,#10932,#11522,.T.);
#11524=ORIENTED_EDGE('',*,*,#11523,.F.);
#11525=ORIENTED_EDGE('',*,*,#7382,.F.);
#11526=ORIENTED_EDGE('',*,*,#7389,.F.);
#11527=ORIENTED_EDGE('',*,*,#11523,.T.);
#11528=ORIENTED_EDGE('',*,*,#10938,.F.);
#11529=ORIENTED_EDGE('',*,*,#10929,.F.);
#11530=ORIENTED_EDGE('',*,*,#10945,.F.);
#11531=EDGE_LOOP('',(#11524,#11525,#11526,#11527,#11528,#11529,#11530));
#11532=FACE_BOUND('',#11531,.T.);
#11533=ADVANCED_FACE('',(#11532),#11518,.F.);
#11534=CARTESIAN_POINT('',(184.,18.2,40.));
#11535=DIRECTION('',(1.,0.,0.));
#11536=DIRECTION('',(0.,-1.,0.));
#11537=AXIS2_PLACEMENT_3D('',#11534,#11535,#11536);
#11538=CONICAL_SURFACE('',#11537,3.2,44.999999949);
#11539=CARTESIAN_POINT('',(184.2,14.8,40.));
#11540=DIRECTION('',(-0.707106782,0.707106781,-0.));
#11541=VECTOR('',#11540,0.565685424);
#11542=LINE('',#11539,#11541);
#11543=EDGE_CURVE('',#7356,#10976,#11542,.T.);
#11544=ORIENTED_EDGE('',*,*,#11543,.F.);
#11545=ORIENTED_EDGE('',*,*,#7362,.F.);
#11546=ORIENTED_EDGE('',*,*,#7369,.F.);
#11547=ORIENTED_EDGE('',*,*,#11543,.T.);
#11548=ORIENTED_EDGE('',*,*,#10982,.F.);
#11549=ORIENTED_EDGE('',*,*,#10973,.F.);
#11550=ORIENTED_EDGE('',*,*,#10989,.F.);
#11551=EDGE_LOOP('',(#11544,#11545,#11546,#11547,#11548,#11549,#11550));
#11552=FACE_BOUND('',#11551,.T.);
#11553=ADVANCED_FACE('',(#11552),#11538,.F.);
#11554=CARTESIAN_POINT('',(184.,38.2,20.));
#11555=DIRECTION('',(1.,0.,0.));
#11556=DIRECTION('',(0.,-1.,0.));
#11557=AXIS2_PLACEMENT_3D('',#11554,#11555,#11556);
#11558=CONICAL_SURFACE('',#11557,3.2,44.999999949);
#11559=CARTESIAN_POINT('',(184.2,34.8,20.));
#11560=DIRECTION('',(-0.707106782,0.707106781,-0.));
#11561=VECTOR('',#11560,0.565685424);
#11562=LINE('',#11559,#11561);
#11563=EDGE_CURVE('',#7336,#11020,#11562,.T.);
#11564=ORIENTED_EDGE('',*,*,#11563,.F.);
#11565=ORIENTED_EDGE('',*,*,#7342,.F.);
#11566=ORIENTED_EDGE('',*,*,#7349,.F.);
#11567=ORIENTED_EDGE('',*,*,#11563,.T.);
#11568=ORIENTED_EDGE('',*,*,#11026,.F.);
#11569=ORIENTED_EDGE('',*,*,#11017,.F.);
#11570=ORIENTED_EDGE('',*,*,#11033,.F.);
#11571=EDGE_LOOP('',(#11564,#11565,#11566,#11567,#11568,#11569,#11570));
#11572=FACE_BOUND('',#11571,.T.);
#11573=ADVANCED_FACE('',(#11572),#11558,.F.);
#11574=CARTESIAN_POINT('',(184.,18.2,20.));
#11575=DIRECTION('',(1.,0.,0.));
#11576=DIRECTION('',(0.,-1.,0.));
#11577=AXIS2_PLACEMENT_3D('',#11574,#11575,#11576);
#11578=CONICAL_SURFACE('',#11577,3.2,44.999999949);
#11579=CARTESIAN_POINT('',(184.2,14.8,20.));
#11580=DIRECTION('',(-0.707106782,0.707106781,-0.));
#11581=VECTOR('',#11580,0.565685424);
#11582=LINE('',#11579,#11581);
#11583=EDGE_CURVE('',#7316,#11064,#11582,.T.);
#11584=ORIENTED_EDGE('',*,*,#11583,.F.);
#11585=ORIENTED_EDGE('',*,*,#7322,.F.);
#11586=ORIENTED_EDGE('',*,*,#7329,.F.);
#11587=ORIENTED_EDGE('',*,*,#11583,.T.);
#11588=ORIENTED_EDGE('',*,*,#11070,.F.);
#11589=ORIENTED_EDGE('',*,*,#11061,.F.);
#11590=ORIENTED_EDGE('',*,*,#11077,.F.);
#11591=EDGE_LOOP('',(#11584,#11585,#11586,#11587,#11588,#11589,#11590));
#11592=FACE_BOUND('',#11591,.T.);
#11593=ADVANCED_FACE('',(#11592),#11578,.F.);
#11594=CARTESIAN_POINT('',(184.,38.2,40.));
#11595=DIRECTION('',(1.,0.,0.));
#11596=DIRECTION('',(0.,-1.,0.));
#11597=AXIS2_PLACEMENT_3D('',#11594,#11595,#11596);
#11598=CONICAL_SURFACE('',#11597,3.2,44.999999949);
#11599=CARTESIAN_POINT('',(184.2,34.8,40.));
#11600=DIRECTION('',(-0.707106782,0.707106781,-0.));
#11601=VECTOR('',#11600,0.565685424);
#11602=LINE('',#11599,#11601);
#11603=EDGE_CURVE('',#7296,#11108,#11602,.T.);
#11604=ORIENTED_EDGE('',*,*,#11603,.F.);
#11605=ORIENTED_EDGE('',*,*,#7302,.F.);
#11606=ORIENTED_EDGE('',*,*,#7309,.F.);
#11607=ORIENTED_EDGE('',*,*,#11603,.T.);
#11608=ORIENTED_EDGE('',*,*,#11114,.F.);
#11609=ORIENTED_EDGE('',*,*,#11105,.F.);
#11610=ORIENTED_EDGE('',*,*,#11121,.F.);
#11611=EDGE_LOOP('',(#11604,#11605,#11606,#11607,#11608,#11609,#11610));
#11612=FACE_BOUND('',#11611,.T.);
#11613=ADVANCED_FACE('',(#11612),#11598,.F.);
#11614=CARTESIAN_POINT('',(184.,-9.3,40.));
#11615=DIRECTION('',(1.,0.,0.));
#11616=DIRECTION('',(0.,-1.,0.));
#11617=AXIS2_PLACEMENT_3D('',#11614,#11615,#11616);
#11618=CONICAL_SURFACE('',#11617,3.2,44.999999949);
#11619=CARTESIAN_POINT('',(184.2,-12.7,40.));
#11620=DIRECTION('',(-0.707106782,0.707106781,-0.));
#11621=VECTOR('',#11620,0.565685424);
#11622=LINE('',#11619,#11621);
#11623=EDGE_CURVE('',#7276,#11152,#11622,.T.);
#11624=ORIENTED_EDGE('',*,*,#11623,.F.);
#11625=ORIENTED_EDGE('',*,*,#7282,.F.);
#11626=ORIENTED_EDGE('',*,*,#7289,.F.);
#11627=ORIENTED_EDGE('',*,*,#11623,.T.);
#11628=ORIENTED_EDGE('',*,*,#11158,.F.);
#11629=ORIENTED_EDGE('',*,*,#11149,.F.);
#11630=ORIENTED_EDGE('',*,*,#11165,.F.);
#11631=EDGE_LOOP('',(#11624,#11625,#11626,#11627,#11628,#11629,#11630));
#11632=FACE_BOUND('',#11631,.T.);
#11633=ADVANCED_FACE('',(#11632),#11618,.F.);
#11634=CARTESIAN_POINT('',(184.,-29.3,20.));
#11635=DIRECTION('',(1.,0.,0.));
#11636=DIRECTION('',(0.,-1.,0.));
#11637=AXIS2_PLACEMENT_3D('',#11634,#11635,#11636);
#11638=CONICAL_SURFACE('',#11637,3.2,44.999999949);
#11639=CARTESIAN_POINT('',(184.2,-32.7,20.));
#11640=DIRECTION('',(-0.707106782,0.707106781,-0.));
#11641=VECTOR('',#11640,0.565685424);
#11642=LINE('',#11639,#11641);
#11643=EDGE_CURVE('',#7256,#11196,#11642,.T.);
#11644=ORIENTED_EDGE('',*,*,#11643,.F.);
#11645=ORIENTED_EDGE('',*,*,#7262,.F.);
#11646=ORIENTED_EDGE('',*,*,#7269,.F.);
#11647=ORIENTED_EDGE('',*,*,#11643,.T.);
#11648=ORIENTED_EDGE('',*,*,#11202,.F.);
#11649=ORIENTED_EDGE('',*,*,#11193,.F.);
#11650=ORIENTED_EDGE('',*,*,#11209,.F.);
#11651=EDGE_LOOP('',(#11644,#11645,#11646,#11647,#11648,#11649,#11650));
#11652=FACE_BOUND('',#11651,.T.);
#11653=ADVANCED_FACE('',(#11652),#11638,.F.);
#11654=CARTESIAN_POINT('',(158.,-35.5,43.5));
#11655=DIRECTION('',(1.,0.,0.));
#11656=DIRECTION('',(0.,0.,-1.));
#11657=AXIS2_PLACEMENT_3D('',#11654,#11655,#11656);
#11658=PLANE('',#11657);
#11659=ORIENTED_EDGE('',*,*,#8206,.T.);
#11660=CARTESIAN_POINT('',(158.,-41.985025018,43.55));
#11661=DIRECTION('',(0.,1.,0.));
#11662=VECTOR('',#11661,93.);
#11663=LINE('',#11660,#11662);
#11664=EDGE_CURVE('',#8193,#9149,#11663,.T.);
#11665=ORIENTED_EDGE('',*,*,#11664,.T.);
#11666=ORIENTED_EDGE('',*,*,#9154,.T.);
#11667=ORIENTED_EDGE('',*,*,#9063,.F.);
#11668=EDGE_LOOP('',(#11659,#11665,#11666,#11667));
#11669=FACE_BOUND('',#11668,.T.);
#11670=ORIENTED_EDGE('',*,*,#11482,.F.);
#11671=ORIENTED_EDGE('',*,*,#11489,.F.);
#11672=EDGE_LOOP('',(#11670,#11671));
#11673=FACE_BOUND('',#11672,.T.);
#11674=ORIENTED_EDGE('',*,*,#11447,.F.);
#11675=ORIENTED_EDGE('',*,*,#11454,.F.);
#11676=EDGE_LOOP('',(#11674,#11675));
#11677=FACE_BOUND('',#11676,.T.);
#11678=ORIENTED_EDGE('',*,*,#11412,.F.);
#11679=ORIENTED_EDGE('',*,*,#11419,.F.);
#11680=EDGE_LOOP('',(#11678,#11679));
#11681=FACE_BOUND('',#11680,.T.);
#11682=ORIENTED_EDGE('',*,*,#11377,.F.);
#11683=ORIENTED_EDGE('',*,*,#11384,.F.);
#11684=EDGE_LOOP('',(#11682,#11683));
#11685=FACE_BOUND('',#11684,.T.);
#11686=ORIENTED_EDGE('',*,*,#11342,.F.);
#11687=ORIENTED_EDGE('',*,*,#11349,.F.);
#11688=EDGE_LOOP('',(#11686,#11687));
#11689=FACE_BOUND('',#11688,.T.);
#11690=ORIENTED_EDGE('',*,*,#11307,.F.);
#11691=ORIENTED_EDGE('',*,*,#11314,.F.);
#11692=EDGE_LOOP('',(#11690,#11691));
#11693=FACE_BOUND('',#11692,.T.);
#11694=ORIENTED_EDGE('',*,*,#11272,.F.);
#11695=ORIENTED_EDGE('',*,*,#11279,.F.);
#11696=EDGE_LOOP('',(#11694,#11695));
#11697=FACE_BOUND('',#11696,.T.);
#11698=ORIENTED_EDGE('',*,*,#11237,.F.);
#11699=ORIENTED_EDGE('',*,*,#11244,.F.);
#11700=EDGE_LOOP('',(#11698,#11699));
#11701=FACE_BOUND('',#11700,.T.);
#11702=ADVANCED_FACE('',(#11669,#11673,#11677,#11681,#11685,#11689,#11693,#11697,#11701),#11658,.F.);
#11703=CARTESIAN_POINT('',(148.2,-35.5,43.55));
#11704=DIRECTION('',(0.,0.,1.));
#11705=DIRECTION('',(1.,0.,0.));
#11706=AXIS2_PLACEMENT_3D('',#11703,#11704,#11705);
#11707=PLANE('',#11706);
#11708=CARTESIAN_POINT('',(151.,-39.985025018,43.55));
#11709=VERTEX_POINT('',#11708);
#11710=CARTESIAN_POINT('',(153.,-41.985025018,43.55));
#11711=DIRECTION('',(-0.707106781,0.707106781,0.));
#11712=VECTOR('',#11711,2.828427125);
#11713=LINE('',#11710,#11712);
#11714=EDGE_CURVE('',#8185,#11709,#11713,.T.);
#11715=ORIENTED_EDGE('',*,*,#11714,.T.);
#11716=CARTESIAN_POINT('',(151.,-39.985025018,43.55));
#11717=DIRECTION('',(0.,1.,0.));
#11718=VECTOR('',#11717,89.5);
#11719=LINE('',#11716,#11718);
#11720=EDGE_CURVE('',#11709,#10475,#11719,.T.);
#11721=ORIENTED_EDGE('',*,*,#11720,.T.);
#11722=ORIENTED_EDGE('',*,*,#10480,.F.);
#11723=ORIENTED_EDGE('',*,*,#9162,.T.);
#11724=ORIENTED_EDGE('',*,*,#11664,.F.);
#11725=ORIENTED_EDGE('',*,*,#8198,.T.);
#11726=EDGE_LOOP('',(#11715,#11721,#11722,#11723,#11724,#11725));
#11727=FACE_BOUND('',#11726,.T.);
#11728=ADVANCED_FACE('',(#11727),#11707,.F.);
#11729=CARTESIAN_POINT('',(152.,61.,100.));
#11730=DIRECTION('',(0.,0.,-1.));
#11731=DIRECTION('',(-1.,0.,0.));
#11732=AXIS2_PLACEMENT_3D('',#11729,#11730,#11731);
#11733=PLANE('',#11732);
#11734=ORIENTED_EDGE('',*,*,#8014,.T.);
#11735=CARTESIAN_POINT('',(152.,54.,100.));
#11736=VERTEX_POINT('',#11735);
#11737=CARTESIAN_POINT('',(152.,54.,100.));
#11738=DIRECTION('',(-1.,-0.,0.));
#11739=VECTOR('',#11738,2.);
#11740=LINE('',#11737,#11739);
#11741=EDGE_CURVE('',#11736,#7999,#11740,.T.);
#11742=ORIENTED_EDGE('',*,*,#11741,.F.);
#11743=CARTESIAN_POINT('',(152.,68.,100.));
#11744=VERTEX_POINT('',#11743);
#11745=CARTESIAN_POINT('',(152.,68.,100.));
#11746=DIRECTION('',(0.,-1.,0.));
#11747=VECTOR('',#11746,14.);
#11748=LINE('',#11745,#11747);
#11749=EDGE_CURVE('',#11744,#11736,#11748,.T.);
#11750=ORIENTED_EDGE('',*,*,#11749,.F.);
#11751=CARTESIAN_POINT('',(152.,68.,100.));
#11752=DIRECTION('',(-1.,0.,0.));
#11753=VECTOR('',#11752,2.);
#11754=LINE('',#11751,#11753);
#11755=EDGE_CURVE('',#11744,#8009,#11754,.T.);
#11756=ORIENTED_EDGE('',*,*,#11755,.T.);
#11757=EDGE_LOOP('',(#11734,#11742,#11750,#11756));
#11758=FACE_BOUND('',#11757,.T.);
#11759=ADVANCED_FACE('',(#11758),#11733,.F.);
#11760=CARTESIAN_POINT('',(152.,54.,105.));
#11761=DIRECTION('',(0.,-1.,0.));
#11762=DIRECTION('',(0.,0.,-1.));
#11763=AXIS2_PLACEMENT_3D('',#11760,#11761,#11762);
#11764=PLANE('',#11763);
#11765=ORIENTED_EDGE('',*,*,#8006,.T.);
#11766=CARTESIAN_POINT('',(152.,54.,110.));
#11767=VERTEX_POINT('',#11766);
#11768=CARTESIAN_POINT('',(152.,54.,110.));
#11769=DIRECTION('',(-1.,-0.,0.));
#11770=VECTOR('',#11769,2.);
#11771=LINE('',#11768,#11770);
#11772=EDGE_CURVE('',#11767,#8001,#11771,.T.);
#11773=ORIENTED_EDGE('',*,*,#11772,.F.);
#11774=CARTESIAN_POINT('',(152.,54.,100.));
#11775=DIRECTION('',(0.,0.,1.));
#11776=VECTOR('',#11775,10.);
#11777=LINE('',#11774,#11776);
#11778=EDGE_CURVE('',#11736,#11767,#11777,.T.);
#11779=ORIENTED_EDGE('',*,*,#11778,.F.);
#11780=ORIENTED_EDGE('',*,*,#11741,.T.);
#11781=EDGE_LOOP('',(#11765,#11773,#11779,#11780));
#11782=FACE_BOUND('',#11781,.T.);
#11783=ADVANCED_FACE('',(#11782),#11764,.F.);
#11784=CARTESIAN_POINT('',(152.,61.,110.));
#11785=DIRECTION('',(0.,0.,1.));
#11786=DIRECTION('',(1.,0.,0.));
#11787=AXIS2_PLACEMENT_3D('',#11784,#11785,#11786);
#11788=PLANE('',#11787);
#11789=ORIENTED_EDGE('',*,*,#8028,.T.);
#11790=CARTESIAN_POINT('',(152.,68.,110.));
#11791=VERTEX_POINT('',#11790);
#11792=CARTESIAN_POINT('',(152.,68.,110.));
#11793=DIRECTION('',(-1.,-0.,0.));
#11794=VECTOR('',#11793,2.);
#11795=LINE('',#11792,#11794);
#11796=EDGE_CURVE('',#11791,#8017,#11795,.T.);
#11797=ORIENTED_EDGE('',*,*,#11796,.F.);
#11798=CARTESIAN_POINT('',(152.,54.,110.));
#11799=DIRECTION('',(-0.,1.,-0.));
#11800=VECTOR('',#11799,14.);
#11801=LINE('',#11798,#11800);
#11802=EDGE_CURVE('',#11767,#11791,#11801,.T.);
#11803=ORIENTED_EDGE('',*,*,#11802,.F.);
#11804=ORIENTED_EDGE('',*,*,#11772,.T.);
#11805=EDGE_LOOP('',(#11789,#11797,#11803,#11804));
#11806=FACE_BOUND('',#11805,.T.);
#11807=ADVANCED_FACE('',(#11806),#11788,.F.);
#11808=CARTESIAN_POINT('',(152.,68.,105.));
#11809=DIRECTION('',(0.,1.,0.));
#11810=DIRECTION('',(0.,0.,1.));
#11811=AXIS2_PLACEMENT_3D('',#11808,#11809,#11810);
#11812=PLANE('',#11811);
#11813=ORIENTED_EDGE('',*,*,#8022,.T.);
#11814=ORIENTED_EDGE('',*,*,#11755,.F.);
#11815=CARTESIAN_POINT('',(152.,68.,110.));
#11816=DIRECTION('',(-0.,-0.,-1.));
#11817=VECTOR('',#11816,10.);
#11818=LINE('',#11815,#11817);
#11819=EDGE_CURVE('',#11791,#11744,#11818,.T.);
#11820=ORIENTED_EDGE('',*,*,#11819,.F.);
#11821=ORIENTED_EDGE('',*,*,#11796,.T.);
#11822=EDGE_LOOP('',(#11813,#11814,#11820,#11821));
#11823=FACE_BOUND('',#11822,.T.);
#11824=ADVANCED_FACE('',(#11823),#11812,.F.);
#11825=CARTESIAN_POINT('',(152.,0.,0.));
#11826=DIRECTION('',(-1.,0.,0.));
#11827=DIRECTION('',(0.,-1.,0.));
#11828=AXIS2_PLACEMENT_3D('',#11825,#11826,#11827);
#11829=PLANE('',#11828);
#11830=ORIENTED_EDGE('',*,*,#11749,.T.);
#11831=ORIENTED_EDGE('',*,*,#11778,.T.);
#11832=ORIENTED_EDGE('',*,*,#11802,.T.);
#11833=ORIENTED_EDGE('',*,*,#11819,.T.);
#11834=EDGE_LOOP('',(#11830,#11831,#11832,#11833));
#11835=FACE_BOUND('',#11834,.T.);
#11836=ADVANCED_FACE('',(#11835),#11829,.T.);
#11837=CARTESIAN_POINT('',(166.800479996,27.000511655,134.));
#11838=DIRECTION('',(1.,0.,0.));
#11839=DIRECTION('',(0.,-1.,0.));
#11840=AXIS2_PLACEMENT_3D('',#11837,#11838,#11839);
#11841=PLANE('',#11840);
#11842=CARTESIAN_POINT('',(166.800479996,27.000511655,125.5));
#11843=VERTEX_POINT('',#11842);
#11844=CARTESIAN_POINT('',(166.800479996,25.500511655,127.));
#11845=VERTEX_POINT('',#11844);
#11846=CARTESIAN_POINT('',(166.800479996,27.000511655,127.));
#11847=DIRECTION('',(-1.,-0.,-0.));
#11848=DIRECTION('',(0.,0.,-1.));
#11849=AXIS2_PLACEMENT_3D('',#11846,#11847,#11848);
#11850=CIRCLE('',#11849,1.5);
#11851=EDGE_CURVE('',#11843,#11845,#11850,.T.);
#11852=ORIENTED_EDGE('',*,*,#11851,.T.);
#11853=CARTESIAN_POINT('',(166.800479996,27.000511655,127.));
#11854=DIRECTION('',(-1.,-0.,-0.));
#11855=DIRECTION('',(0.,0.,-1.));
#11856=AXIS2_PLACEMENT_3D('',#11853,#11854,#11855);
#11857=CIRCLE('',#11856,1.5);
#11858=EDGE_CURVE('',#11845,#11843,#11857,.T.);
#11859=ORIENTED_EDGE('',*,*,#11858,.T.);
#11860=EDGE_LOOP('',(#11852,#11859));
#11861=FACE_BOUND('',#11860,.T.);
#11862=ADVANCED_FACE('',(#11861),#11841,.F.);
#11863=CARTESIAN_POINT('',(156.800479996,27.000511655,127.));
#11864=DIRECTION('',(-1.,0.,0.));
#11865=DIRECTION('',(0.,-1.,0.));
#11866=AXIS2_PLACEMENT_3D('',#11863,#11864,#11865);
#11867=CYLINDRICAL_SURFACE('',#11866,1.5);
#11868=CARTESIAN_POINT('',(156.500480807,25.500511655,127.));
#11869=VERTEX_POINT('',#11868);
#11870=CARTESIAN_POINT('',(156.500480807,25.500511655,127.));
#11871=DIRECTION('',(1.,-0.,-0.));
#11872=VECTOR('',#11871,10.299999189);
#11873=LINE('',#11870,#11872);
#11874=EDGE_CURVE('',#11869,#11845,#11873,.T.);
#11875=ORIENTED_EDGE('',*,*,#11874,.F.);
#11876=CARTESIAN_POINT('',(156.500480807,27.000511655,125.5));
#11877=VERTEX_POINT('',#11876);
#11878=CARTESIAN_POINT('',(156.500480807,27.000511655,127.));
#11879=DIRECTION('',(1.,0.,0.));
#11880=DIRECTION('',(0.,0.,-1.));
#11881=AXIS2_PLACEMENT_3D('',#11878,#11879,#11880);
#11882=CIRCLE('',#11881,1.5);
#11883=EDGE_CURVE('',#11877,#11869,#11882,.T.);
#11884=ORIENTED_EDGE('',*,*,#11883,.F.);
#11885=CARTESIAN_POINT('',(156.500480807,27.000511655,127.));
#11886=DIRECTION('',(1.,0.,0.));
#11887=DIRECTION('',(0.,0.,-1.));
#11888=AXIS2_PLACEMENT_3D('',#11885,#11886,#11887);
#11889=CIRCLE('',#11888,1.5);
#11890=EDGE_CURVE('',#11869,#11877,#11889,.T.);
#11891=ORIENTED_EDGE('',*,*,#11890,.F.);
#11892=ORIENTED_EDGE('',*,*,#11874,.T.);
#11893=ORIENTED_EDGE('',*,*,#11851,.F.);
#11894=ORIENTED_EDGE('',*,*,#11858,.F.);
#11895=EDGE_LOOP('',(#11875,#11884,#11891,#11892,#11893,#11894));
#11896=FACE_BOUND('',#11895,.T.);
#11897=ADVANCED_FACE('',(#11896),#11867,.F.);
#11898=CARTESIAN_POINT('',(156.500480807,18.999971859,126.));
#11899=DIRECTION('',(1.,0.,0.));
#11900=DIRECTION('',(0.,0.,1.));
#11901=AXIS2_PLACEMENT_3D('',#11898,#11899,#11900);
#11902=PLANE('',#11901);
#11903=ORIENTED_EDGE('',*,*,#7030,.F.);
#11904=CARTESIAN_POINT('',(156.500480807,25.249999389,131.999999314));
#11905=VERTEX_POINT('',#11904);
#11906=CARTESIAN_POINT('',(156.500480807,26.999999389,131.999999314));
#11907=DIRECTION('',(-1.,-0.,-0.));
#11908=DIRECTION('',(0.,0.,-1.));
#11909=AXIS2_PLACEMENT_3D('',#11906,#11907,#11908);
#11910=CIRCLE('',#11909,1.75);
#11911=EDGE_CURVE('',#11905,#7017,#11910,.T.);
#11912=ORIENTED_EDGE('',*,*,#11911,.F.);
#11913=CARTESIAN_POINT('',(156.500480807,27.901386066,133.5));
#11914=VERTEX_POINT('',#11913);
#11915=CARTESIAN_POINT('',(156.500480807,26.999999389,131.999999314));
#11916=DIRECTION('',(-1.,-0.,-0.));
#11917=DIRECTION('',(0.,0.,-1.));
#11918=AXIS2_PLACEMENT_3D('',#11915,#11916,#11917);
#11919=CIRCLE('',#11918,1.75);
#11920=EDGE_CURVE('',#11914,#11905,#11919,.T.);
#11921=ORIENTED_EDGE('',*,*,#11920,.F.);
#11922=CARTESIAN_POINT('',(156.500480807,29.999971859,133.5));
#11923=VERTEX_POINT('',#11922);
#11924=CARTESIAN_POINT('',(156.500480807,29.999971859,133.5));
#11925=DIRECTION('',(0.,-1.,0.));
#11926=VECTOR('',#11925,2.098585793);
#11927=LINE('',#11924,#11926);
#11928=EDGE_CURVE('',#11923,#11914,#11927,.T.);
#11929=ORIENTED_EDGE('',*,*,#11928,.F.);
#11930=CARTESIAN_POINT('',(156.500480807,29.999971859,120.5));
#11931=DIRECTION('',(0.,0.,1.));
#11932=VECTOR('',#11931,13.);
#11933=LINE('',#11930,#11932);
#11934=EDGE_CURVE('',#9200,#11923,#11933,.T.);
#11935=ORIENTED_EDGE('',*,*,#11934,.F.);
#11936=ORIENTED_EDGE('',*,*,#9205,.F.);
#11937=CARTESIAN_POINT('',(156.500480807,25.265670474,121.858873259));
#11938=VERTEX_POINT('',#11937);
#11939=CARTESIAN_POINT('',(156.500480807,27.015670474,121.858873259));
#11940=DIRECTION('',(1.,0.,0.));
#11941=DIRECTION('',(0.,0.,-1.));
#11942=AXIS2_PLACEMENT_3D('',#11939,#11940,#11941);
#11943=CIRCLE('',#11942,1.75);
#11944=EDGE_CURVE('',#9192,#11938,#11943,.T.);
#11945=ORIENTED_EDGE('',*,*,#11944,.T.);
#11946=CARTESIAN_POINT('',(156.500480807,25.912963139,120.5));
#11947=VERTEX_POINT('',#11946);
#11948=CARTESIAN_POINT('',(156.500480807,27.015670474,121.858873259));
#11949=DIRECTION('',(1.,0.,0.));
#11950=DIRECTION('',(0.,0.,-1.));
#11951=AXIS2_PLACEMENT_3D('',#11948,#11949,#11950);
#11952=CIRCLE('',#11951,1.75);
#11953=EDGE_CURVE('',#11938,#11947,#11952,.T.);
#11954=ORIENTED_EDGE('',*,*,#11953,.T.);
#11955=CARTESIAN_POINT('',(156.500480807,23.999971859,120.5));
#11956=VERTEX_POINT('',#11955);
#11957=CARTESIAN_POINT('',(156.500480807,23.999971859,120.5));
#11958=DIRECTION('',(-0.,1.,-0.));
#11959=VECTOR('',#11958,1.91299128);
#11960=LINE('',#11957,#11959);
#11961=EDGE_CURVE('',#11956,#11947,#11960,.T.);
#11962=ORIENTED_EDGE('',*,*,#11961,.F.);
#11963=CARTESIAN_POINT('',(156.500480807,23.999971859,120.5));
#11964=DIRECTION('',(0.,0.,1.));
#11965=VECTOR('',#11964,13.);
#11966=LINE('',#11963,#11965);
#11967=EDGE_CURVE('',#11956,#7025,#11966,.T.);
#11968=ORIENTED_EDGE('',*,*,#11967,.T.);
#11969=EDGE_LOOP('',(#11903,#11912,#11921,#11929,#11935,#11936,#11945,#11954,#11962,#11968));
#11970=FACE_BOUND('',#11969,.T.);
#11971=ORIENTED_EDGE('',*,*,#11883,.T.);
#11972=ORIENTED_EDGE('',*,*,#11890,.T.);
#11973=EDGE_LOOP('',(#11971,#11972));
#11974=FACE_BOUND('',#11973,.T.);
#11975=ADVANCED_FACE('',(#11970,#11974),#11902,.F.);
#11976=CARTESIAN_POINT('',(156.166479996,29.999971859,120.6));
#11977=DIRECTION('',(0.,1.,0.));
#11978=DIRECTION('',(0.,0.,1.));
#11979=AXIS2_PLACEMENT_3D('',#11976,#11977,#11978);
#11980=PLANE('',#11979);
#11981=ORIENTED_EDGE('',*,*,#9211,.T.);
#11982=ORIENTED_EDGE('',*,*,#11934,.T.);
#11983=CARTESIAN_POINT('',(150.5,29.999971859,133.5));
#11984=VERTEX_POINT('',#11983);
#11985=CARTESIAN_POINT('',(156.500480807,29.999971859,133.5));
#11986=DIRECTION('',(-1.,-0.,0.));
#11987=VECTOR('',#11986,6.000480807);
#11988=LINE('',#11985,#11987);
#11989=EDGE_CURVE('',#11923,#11984,#11988,.T.);
#11990=ORIENTED_EDGE('',*,*,#11989,.T.);
#11991=CARTESIAN_POINT('',(150.5,29.999971859,120.5));
#11992=DIRECTION('',(0.,0.,1.));
#11993=VECTOR('',#11992,13.);
#11994=LINE('',#11991,#11993);
#11995=EDGE_CURVE('',#9184,#11984,#11994,.T.);
#11996=ORIENTED_EDGE('',*,*,#11995,.F.);
#11997=EDGE_LOOP('',(#11981,#11982,#11990,#11996));
#11998=FACE_BOUND('',#11997,.T.);
#11999=ADVANCED_FACE('',(#11998),#11980,.F.);
#12000=CARTESIAN_POINT('',(156.166479996,29.899971859,133.5));
#12001=DIRECTION('',(0.,0.,1.));
#12002=DIRECTION('',(-1.,0.,0.));
#12003=AXIS2_PLACEMENT_3D('',#12000,#12001,#12002);
#12004=PLANE('',#12003);
#12005=ORIENTED_EDGE('',*,*,#11928,.T.);
#12006=CARTESIAN_POINT('',(150.5,27.901386066,133.5));
#12007=VERTEX_POINT('',#12006);
#12008=CARTESIAN_POINT('',(156.500480807,27.901386066,133.5));
#12009=DIRECTION('',(-1.,-0.,0.));
#12010=VECTOR('',#12009,6.000480807);
#12011=LINE('',#12008,#12010);
#12012=EDGE_CURVE('',#11914,#12007,#12011,.T.);
#12013=ORIENTED_EDGE('',*,*,#12012,.T.);
#12014=CARTESIAN_POINT('',(150.5,29.999971859,133.5));
#12015=DIRECTION('',(0.,-1.,0.));
#12016=VECTOR('',#12015,2.098585793);
#12017=LINE('',#12014,#12016);
#12018=EDGE_CURVE('',#11984,#12007,#12017,.T.);
#12019=ORIENTED_EDGE('',*,*,#12018,.F.);
#12020=ORIENTED_EDGE('',*,*,#11989,.F.);
#12021=EDGE_LOOP('',(#12005,#12013,#12019,#12020));
#12022=FACE_BOUND('',#12021,.T.);
#12023=ADVANCED_FACE('',(#12022),#12004,.F.);
#12024=CARTESIAN_POINT('',(156.166479996,23.999971859,133.4));
#12025=DIRECTION('',(0.,-1.,0.));
#12026=DIRECTION('',(0.,0.,-1.));
#12027=AXIS2_PLACEMENT_3D('',#12024,#12025,#12026);
#12028=PLANE('',#12027);
#12029=ORIENTED_EDGE('',*,*,#7036,.F.);
#12030=ORIENTED_EDGE('',*,*,#11967,.F.);
#12031=CARTESIAN_POINT('',(150.5,23.999971859,120.5));
#12032=VERTEX_POINT('',#12031);
#12033=CARTESIAN_POINT('',(150.5,23.999971859,120.5));
#12034=DIRECTION('',(1.,0.,-0.));
#12035=VECTOR('',#12034,6.000480807);
#12036=LINE('',#12033,#12035);
#12037=EDGE_CURVE('',#12032,#11956,#12036,.T.);
#12038=ORIENTED_EDGE('',*,*,#12037,.F.);
#12039=CARTESIAN_POINT('',(150.5,23.999971859,133.5));
#12040=DIRECTION('',(0.,0.,-1.));
#12041=VECTOR('',#12040,13.);
#12042=LINE('',#12039,#12041);
#12043=EDGE_CURVE('',#7009,#12032,#12042,.T.);
#12044=ORIENTED_EDGE('',*,*,#12043,.F.);
#12045=EDGE_LOOP('',(#12029,#12030,#12038,#12044));
#12046=FACE_BOUND('',#12045,.T.);
#12047=ADVANCED_FACE('',(#12046),#12028,.F.);
#12048=CARTESIAN_POINT('',(156.500475451,27.015670474,121.858873259));
#12049=DIRECTION('',(1.,0.,0.));
#12050=DIRECTION('',(0.,-1.,0.));
#12051=AXIS2_PLACEMENT_3D('',#12048,#12049,#12050);
#12052=CYLINDRICAL_SURFACE('',#12051,1.75);
#12053=CARTESIAN_POINT('',(184.2,25.265670474,121.858873259));
#12054=DIRECTION('',(-1.,-0.,-0.));
#12055=VECTOR('',#12054,27.699519193);
#12056=LINE('',#12053,#12055);
#12057=EDGE_CURVE('',#7154,#11938,#12056,.T.);
#12058=ORIENTED_EDGE('',*,*,#12057,.F.);
#12059=ORIENTED_EDGE('',*,*,#7162,.T.);
#12060=ORIENTED_EDGE('',*,*,#7169,.T.);
#12061=ORIENTED_EDGE('',*,*,#12057,.T.);
#12062=ORIENTED_EDGE('',*,*,#11944,.F.);
#12063=ORIENTED_EDGE('',*,*,#9197,.F.);
#12064=CARTESIAN_POINT('',(150.5,25.912963139,120.5));
#12065=VERTEX_POINT('',#12064);
#12066=CARTESIAN_POINT('',(151.858873259,27.015670474,121.858873259));
#12067=DIRECTION('',(-0.707106781,0.,0.707106781));
#12068=DIRECTION('',(0.707106781,0.,0.707106781));
#12069=AXIS2_PLACEMENT_3D('',#12066,#12067,#12068);
#12070=ELLIPSE('',#12069,2.474873734,1.75);
#12071=EDGE_CURVE('',#9182,#12065,#12070,.T.);
#12072=ORIENTED_EDGE('',*,*,#12071,.T.);
#12073=CARTESIAN_POINT('',(156.500480807,25.912963139,120.5));
#12074=DIRECTION('',(-1.,-0.,0.));
#12075=VECTOR('',#12074,6.000480807);
#12076=LINE('',#12073,#12075);
#12077=EDGE_CURVE('',#11947,#12065,#12076,.T.);
#12078=ORIENTED_EDGE('',*,*,#12077,.F.);
#12079=ORIENTED_EDGE('',*,*,#11953,.F.);
#12080=EDGE_LOOP('',(#12058,#12059,#12060,#12061,#12062,#12063,#12072,#12078,#12079));
#12081=FACE_BOUND('',#12080,.T.);
#12082=ADVANCED_FACE('',(#12081),#12052,.F.);
#12083=CARTESIAN_POINT('',(156.500475451,26.999999389,131.999999314));
#12084=DIRECTION('',(1.,0.,0.));
#12085=DIRECTION('',(0.,-1.,0.));
#12086=AXIS2_PLACEMENT_3D('',#12083,#12084,#12085);
#12087=CYLINDRICAL_SURFACE('',#12086,1.75);
#12088=CARTESIAN_POINT('',(184.2,25.249999389,131.999999314));
#12089=DIRECTION('',(-1.,-0.,-0.));
#12090=VECTOR('',#12089,27.699519193);
#12091=LINE('',#12088,#12090);
#12092=EDGE_CURVE('',#7047,#11905,#12091,.T.);
#12093=ORIENTED_EDGE('',*,*,#12092,.F.);
#12094=ORIENTED_EDGE('',*,*,#7055,.T.);
#12095=ORIENTED_EDGE('',*,*,#7062,.T.);
#12096=ORIENTED_EDGE('',*,*,#12092,.T.);
#12097=ORIENTED_EDGE('',*,*,#11911,.T.);
#12098=ORIENTED_EDGE('',*,*,#7022,.F.);
#12099=CARTESIAN_POINT('',(152.000000686,26.999999389,131.999999314));
#12100=DIRECTION('',(-0.707106781,0.,-0.707106781));
#12101=DIRECTION('',(0.707106781,0.,-0.707106781));
#12102=AXIS2_PLACEMENT_3D('',#12099,#12100,#12101);
#12103=ELLIPSE('',#12102,2.474873734,1.75);
#12104=EDGE_CURVE('',#7007,#12007,#12103,.T.);
#12105=ORIENTED_EDGE('',*,*,#12104,.T.);
#12106=ORIENTED_EDGE('',*,*,#12012,.F.);
#12107=ORIENTED_EDGE('',*,*,#11920,.T.);
#12108=EDGE_LOOP('',(#12093,#12094,#12095,#12096,#12097,#12098,#12105,#12106,#12107));
#12109=FACE_BOUND('',#12108,.T.);
#12110=ADVANCED_FACE('',(#12109),#12087,.F.);
#12111=CARTESIAN_POINT('',(156.166479996,24.099971859,120.5));
#12112=DIRECTION('',(0.,0.,-1.));
#12113=DIRECTION('',(1.,0.,0.));
#12114=AXIS2_PLACEMENT_3D('',#12111,#12112,#12113);
#12115=PLANE('',#12114);
#12116=ORIENTED_EDGE('',*,*,#11961,.T.);
#12117=ORIENTED_EDGE('',*,*,#12077,.T.);
#12118=CARTESIAN_POINT('',(150.5,23.999971859,120.5));
#12119=DIRECTION('',(0.,1.,0.));
#12120=VECTOR('',#12119,1.91299128);
#12121=LINE('',#12118,#12120);
#12122=EDGE_CURVE('',#12032,#12065,#12121,.T.);
#12123=ORIENTED_EDGE('',*,*,#12122,.F.);
#12124=ORIENTED_EDGE('',*,*,#12037,.T.);
#12125=EDGE_LOOP('',(#12116,#12117,#12123,#12124));
#12126=FACE_BOUND('',#12125,.T.);
#12127=ADVANCED_FACE('',(#12126),#12115,.F.);
#12128=CARTESIAN_POINT('',(150.,30.499971859,100.092));
#12129=DIRECTION('',(-0.707106781,-0.707106781,0.));
#12130=DIRECTION('',(0.,0.,1.));
#12131=AXIS2_PLACEMENT_3D('',#12128,#12129,#12130);
#12132=PLANE('',#12131);
#12133=CARTESIAN_POINT('',(150.5,29.999971859,133.5));
#12134=DIRECTION('',(-0.577350269,0.577350269,0.577350269));
#12135=VECTOR('',#12134,0.866025404);
#12136=LINE('',#12133,#12135);
#12137=EDGE_CURVE('',#11984,#7824,#12136,.T.);
#12138=ORIENTED_EDGE('',*,*,#12137,.T.);
#12139=ORIENTED_EDGE('',*,*,#7829,.T.);
#12140=CARTESIAN_POINT('',(150.,30.499971859,120.));
#12141=DIRECTION('',(0.577350269,-0.577350269,0.577350269));
#12142=VECTOR('',#12141,0.866025404);
#12143=LINE('',#12140,#12142);
#12144=EDGE_CURVE('',#7814,#9184,#12143,.T.);
#12145=ORIENTED_EDGE('',*,*,#12144,.T.);
#12146=ORIENTED_EDGE('',*,*,#11995,.T.);
#12147=EDGE_LOOP('',(#12138,#12139,#12145,#12146));
#12148=FACE_BOUND('',#12147,.T.);
#12149=ADVANCED_FACE('',(#12148),#12132,.T.);
#12150=CARTESIAN_POINT('',(150.,51.264974982,134.));
#12151=DIRECTION('',(-0.707106781,0.,-0.707106781));
#12152=DIRECTION('',(0.,-1.,0.));
#12153=AXIS2_PLACEMENT_3D('',#12150,#12151,#12152);
#12154=PLANE('',#12153);
#12155=ORIENTED_EDGE('',*,*,#12104,.F.);
#12156=ORIENTED_EDGE('',*,*,#7014,.T.);
#12157=CARTESIAN_POINT('',(150.5,23.999971859,133.5));
#12158=DIRECTION('',(-0.577350269,-0.577350269,0.577350269));
#12159=VECTOR('',#12158,0.866025404);
#12160=LINE('',#12157,#12159);
#12161=EDGE_CURVE('',#7009,#7832,#12160,.T.);
#12162=ORIENTED_EDGE('',*,*,#12161,.T.);
#12163=ORIENTED_EDGE('',*,*,#7837,.T.);
#12164=ORIENTED_EDGE('',*,*,#12137,.F.);
#12165=ORIENTED_EDGE('',*,*,#12018,.T.);
#12166=EDGE_LOOP('',(#12155,#12156,#12162,#12163,#12164,#12165));
#12167=FACE_BOUND('',#12166,.T.);
#12168=ADVANCED_FACE('',(#12167),#12154,.T.);
#12169=CARTESIAN_POINT('',(150.,23.499971859,100.092));
#12170=DIRECTION('',(-0.707106781,0.707106781,0.));
#12171=DIRECTION('',(0.,0.,-1.));
#12172=AXIS2_PLACEMENT_3D('',#12169,#12170,#12171);
#12173=PLANE('',#12172);
#12174=CARTESIAN_POINT('',(150.,23.499971859,120.));
#12175=DIRECTION('',(0.577350269,0.577350269,0.577350269));
#12176=VECTOR('',#12175,0.866025404);
#12177=LINE('',#12174,#12176);
#12178=EDGE_CURVE('',#7816,#12032,#12177,.T.);
#12179=ORIENTED_EDGE('',*,*,#12178,.F.);
#12180=ORIENTED_EDGE('',*,*,#7843,.T.);
#12181=ORIENTED_EDGE('',*,*,#12161,.F.);
#12182=ORIENTED_EDGE('',*,*,#12043,.T.);
#12183=EDGE_LOOP('',(#12179,#12180,#12181,#12182));
#12184=FACE_BOUND('',#12183,.T.);
#12185=ADVANCED_FACE('',(#12184),#12173,.T.);
#12186=CARTESIAN_POINT('',(150.,51.264974982,120.));
#12187=DIRECTION('',(-0.707106781,0.,0.707106781));
#12188=DIRECTION('',(0.,1.,0.));
#12189=AXIS2_PLACEMENT_3D('',#12186,#12187,#12188);
#12190=PLANE('',#12189);
#12191=ORIENTED_EDGE('',*,*,#12071,.F.);
#12192=ORIENTED_EDGE('',*,*,#9189,.T.);
#12193=ORIENTED_EDGE('',*,*,#12144,.F.);
#12194=ORIENTED_EDGE('',*,*,#7821,.T.);
#12195=ORIENTED_EDGE('',*,*,#12178,.T.);
#12196=ORIENTED_EDGE('',*,*,#12122,.T.);
#12197=EDGE_LOOP('',(#12191,#12192,#12193,#12194,#12195,#12196));
#12198=FACE_BOUND('',#12197,.T.);
#12199=ADVANCED_FACE('',(#12198),#12190,.T.);
#12200=CARTESIAN_POINT('',(150.,0.,0.));
#12201=DIRECTION('',(-1.,0.,0.));
#12202=DIRECTION('',(0.,-1.,0.));
#12203=AXIS2_PLACEMENT_3D('',#12200,#12201,#12202);
#12204=PLANE('',#12203);
#12205=CARTESIAN_POINT('',(150.000000046,-40.985025018,7.961066513));
#12206=VERTEX_POINT('',#12205);
#12207=CARTESIAN_POINT('',(150.,-40.985025018,15.45));
#12208=VERTEX_POINT('',#12207);
#12209=CARTESIAN_POINT('',(150.,-40.985025018,7.96136035));
#12210=DIRECTION('',(0.,0.,1.));
#12211=VECTOR('',#12210,7.48863965);
#12212=LINE('',#12209,#12211);
#12213=EDGE_CURVE('',#12206,#12208,#12212,.T.);
#12214=ORIENTED_EDGE('',*,*,#12213,.T.);
#12215=CARTESIAN_POINT('',(150.,50.014974982,15.45));
#12216=VERTEX_POINT('',#12215);
#12217=CARTESIAN_POINT('',(150.,-40.985025018,15.45));
#12218=DIRECTION('',(-0.,1.,-0.));
#12219=VECTOR('',#12218,91.);
#12220=LINE('',#12217,#12219);
#12221=EDGE_CURVE('',#12208,#12216,#12220,.T.);
#12222=ORIENTED_EDGE('',*,*,#12221,.T.);
#12223=CARTESIAN_POINT('',(150.,50.014974982,7.383748199));
#12224=VERTEX_POINT('',#12223);
#12225=CARTESIAN_POINT('',(150.,50.014974982,15.45));
#12226=DIRECTION('',(-0.,-0.,-1.));
#12227=VECTOR('',#12226,8.066251801);
#12228=LINE('',#12225,#12227);
#12229=EDGE_CURVE('',#12216,#12224,#12228,.T.);
#12230=ORIENTED_EDGE('',*,*,#12229,.T.);
#12231=CARTESIAN_POINT('',(150.,50.014974982,7.383748199));
#12232=DIRECTION('',(0.,-0.999979856,0.006347258));
#12233=VECTOR('',#12232,91.001833145);
#12234=LINE('',#12231,#12233);
#12235=EDGE_CURVE('',#12224,#12206,#12234,.T.);
#12236=ORIENTED_EDGE('',*,*,#12235,.T.);
#12237=EDGE_LOOP('',(#12214,#12222,#12230,#12236));
#12238=FACE_BOUND('',#12237,.T.);
#12239=ADVANCED_FACE('',(#12238),#12204,.T.);
#12240=CARTESIAN_POINT('',(150.,0.043622361,6.872491864));
#12241=DIRECTION('',(-0.707106781,-0.004488189,-0.707092537));
#12242=DIRECTION('',(0.,0.999979856,-0.006347258));
#12243=AXIS2_PLACEMENT_3D('',#12240,#12241,#12242);
#12244=PLANE('',#12243);
#12245=CARTESIAN_POINT('',(150.585786427,-40.985035084,6.547118352));
#12246=VERTEX_POINT('',#12245);
#12247=CARTESIAN_POINT('',(150.585564476,50.01498691,5.969729173));
#12248=VERTEX_POINT('',#12247);
#12249=CARTESIAN_POINT('',(150.585786424,-40.985035084,6.547118349));
#12250=DIRECTION('',(0.,0.999979856,-0.006347258));
#12251=VECTOR('',#12250,91.001856259);
#12252=LINE('',#12249,#12251);
#12253=EDGE_CURVE('',#12246,#12248,#12252,.T.);
#12254=ORIENTED_EDGE('',*,*,#12253,.T.);
#12255=CARTESIAN_POINT('',(153.114213576,50.014985078,3.441028039));
#12256=VERTEX_POINT('',#12255);
#12257=CARTESIAN_POINT('',(150.585563931,50.014985085,5.969728628));
#12258=DIRECTION('',(0.707099659,0.,-0.707113903));
#12259=VECTOR('',#12258,3.576086646);
#12260=LINE('',#12257,#12259);
#12261=EDGE_CURVE('',#12248,#12256,#12260,.T.);
#12262=ORIENTED_EDGE('',*,*,#12261,.T.);
#12263=CARTESIAN_POINT('',(153.114213561,-40.985035084,4.018640284));
#12264=VERTEX_POINT('',#12263);
#12265=CARTESIAN_POINT('',(153.114213579,50.014985078,3.441028042));
#12266=DIRECTION('',(-0.,-0.999979856,0.006347258));
#12267=VECTOR('',#12266,91.001853307);
#12268=LINE('',#12265,#12267);
#12269=EDGE_CURVE('',#12256,#12264,#12268,.T.);
#12270=ORIENTED_EDGE('',*,*,#12269,.T.);
#12271=CARTESIAN_POINT('',(153.114213559,-40.98503509,4.018640281));
#12272=DIRECTION('',(-0.707099659,-0.,0.707113903));
#12273=VECTOR('',#12272,3.575771961);
#12274=LINE('',#12271,#12273);
#12275=EDGE_CURVE('',#12264,#12246,#12274,.T.);
#12276=ORIENTED_EDGE('',*,*,#12275,.T.);
#12277=EDGE_LOOP('',(#12254,#12262,#12270,#12276));
#12278=FACE_BOUND('',#12277,.T.);
#12279=ADVANCED_FACE('',(#12278),#12244,.T.);
#12280=CARTESIAN_POINT('',(151.7,0.014879263,2.34415596));
#12281=DIRECTION('',(0.,0.999979856,-0.006347258));
#12282=DIRECTION('',(0.,0.006347258,0.999979856));
#12283=AXIS2_PLACEMENT_3D('',#12280,#12281,#12282);
#12284=CYLINDRICAL_SURFACE('',#12283,2.);
#12285=ORIENTED_EDGE('',*,*,#12269,.F.);
#12286=CARTESIAN_POINT('',(153.114213573,50.014985069,3.441028036));
#12287=CARTESIAN_POINT('',(153.207655442,50.014983737,3.347584291));
#12288=CARTESIAN_POINT('',(153.290221704,50.01541279,3.246675182));
#12289=CARTESIAN_POINT('',(153.362453238,50.015771074,3.138670857));
#12290=CARTESIAN_POINT('',(153.434684771,50.016129358,3.030666532));
#12291=CARTESIAN_POINT('',(153.496934227,50.016412888,2.914688071));
#12292=CARTESIAN_POINT('',(153.547369545,50.016414579,2.793098931));
#12293=CARTESIAN_POINT('',(153.597804864,50.016416269,2.671509791));
#12294=CARTESIAN_POINT('',(153.635638013,50.016138898,2.546714029));
#12295=CARTESIAN_POINT('',(153.661206149,50.015777686,2.418797077));
#12296=CARTESIAN_POINT('',(153.686774285,50.015416474,2.290880124));
#12297=CARTESIAN_POINT('',(153.7,50.014974983,2.158933474));
#12298=CARTESIAN_POINT('',(153.7,50.014974982,2.026786057));
#12299=B_SPLINE_CURVE_WITH_KNOTS('',3,(#12286,#12287,#12288,#12289,#12290,#12291,#12292,#12293,#12294,#12295,#12296,#12297,#12298),.UNSPECIFIED.,.F.,.F.,(4,3,3,3,4),(0.,0.000389769,0.000779537,0.001169306,0.001559074),.UNSPECIFIED.);
#12300=EDGE_CURVE('',#12256,#8967,#12299,.T.);
#12301=ORIENTED_EDGE('',*,*,#12300,.T.);
#12302=ORIENTED_EDGE('',*,*,#8972,.F.);
#12303=CARTESIAN_POINT('',(153.7,-40.985025018,2.60439819));
#12304=CARTESIAN_POINT('',(153.699999999,-40.985025017,2.736551726));
#12305=CARTESIAN_POINT('',(153.68703228,-40.985453373,2.866287803));
#12306=CARTESIAN_POINT('',(153.661742219,-40.985811519,2.993727672));
#12307=CARTESIAN_POINT('',(153.636452158,-40.986169665,3.121167542));
#12308=CARTESIAN_POINT('',(153.598479437,-40.986453641,3.247156083));
#12309=CARTESIAN_POINT('',(153.548160233,-40.986457225,3.368820302));
#12310=CARTESIAN_POINT('',(153.49784103,-40.986460809,3.49048452));
#12311=CARTESIAN_POINT('',(153.436342888,-40.986186595,3.60548993));
#12312=CARTESIAN_POINT('',(153.363971792,-40.985828939,3.714019191));
#12313=CARTESIAN_POINT('',(153.291600696,-40.985471282,3.822548451));
#12314=CARTESIAN_POINT('',(153.20765897,-40.985033748,3.92519299));
#12315=CARTESIAN_POINT('',(153.114213555,-40.985035078,4.018640295));
#12316=B_SPLINE_CURVE_WITH_KNOTS('',3,(#12303,#12304,#12305,#12306,#12307,#12308,#12309,#12310,#12311,#12312,#12313,#12314,#12315),.UNSPECIFIED.,.F.,.F.,(4,3,3,3,4),(0.,0.00038975,0.0007795,0.00116925,0.001559),.UNSPECIFIED.);
#12317=EDGE_CURVE('',#8965,#12264,#12316,.T.);
#12318=ORIENTED_EDGE('',*,*,#12317,.T.);
#12319=EDGE_LOOP('',(#12285,#12301,#12302,#12318));
#12320=FACE_BOUND('',#12319,.T.);
#12321=ADVANCED_FACE('',(#12320),#12284,.F.);
#12322=CARTESIAN_POINT('',(152.,0.048880602,7.700902301));
#12323=DIRECTION('',(0.,-0.999979856,0.006347258));
#12324=DIRECTION('',(0.,-0.006347258,-0.999979856));
#12325=AXIS2_PLACEMENT_3D('',#12322,#12323,#12324);
#12326=CYLINDRICAL_SURFACE('',#12325,2.);
#12327=ORIENTED_EDGE('',*,*,#12235,.F.);
#12328=CARTESIAN_POINT('',(150.,50.014974982,7.383748199));
#12329=CARTESIAN_POINT('',(150.000000001,50.014974983,7.251756298));
#12330=CARTESIAN_POINT('',(150.012937753,50.014320982,7.1219961));
#12331=CARTESIAN_POINT('',(150.038269643,50.013779504,6.99437153));
#12332=CARTESIAN_POINT('',(150.063601533,50.013238025,6.866746959));
#12333=CARTESIAN_POINT('',(150.101921017,50.012812163,6.739961388));
#12334=CARTESIAN_POINT('',(150.152026313,50.012807755,6.618898052));
#12335=CARTESIAN_POINT('',(150.20213161,50.012803347,6.497834716));
#12336=CARTESIAN_POINT('',(150.263442156,50.0132127,6.383039859));
#12337=CARTESIAN_POINT('',(150.335828148,50.013757837,6.274440109));
#12338=CARTESIAN_POINT('',(150.40821414,50.014302974,6.165840358));
#12339=CARTESIAN_POINT('',(150.492248026,50.014982709,6.063075821));
#12340=CARTESIAN_POINT('',(150.585563942,50.014985064,5.96972864));
#12341=B_SPLINE_CURVE_WITH_KNOTS('',3,(#12328,#12329,#12330,#12331,#12332,#12333,#12334,#12335,#12336,#12337,#12338,#12339,#12340),.UNSPECIFIED.,.F.,.F.,(4,3,3,3,4),(0.,0.000390221,0.000780443,0.001170664,0.001560886),.UNSPECIFIED.);
#12342=EDGE_CURVE('',#12224,#12248,#12341,.T.);
#12343=ORIENTED_EDGE('',*,*,#12342,.T.);
#12344=ORIENTED_EDGE('',*,*,#12253,.F.);
#12345=CARTESIAN_POINT('',(150.585786429,-40.985035078,6.547118354));
#12346=CARTESIAN_POINT('',(150.492450737,-40.985033749,6.64045592));
#12347=CARTESIAN_POINT('',(150.409844542,-40.984375748,6.741358614));
#12348=CARTESIAN_POINT('',(150.337515199,-40.983830658,6.849510097));
#12349=CARTESIAN_POINT('',(150.265185856,-40.983285568,6.95766158));
#12350=CARTESIAN_POINT('',(150.202637306,-40.982856342,7.074390708));
#12351=CARTESIAN_POINT('',(150.152456185,-40.982850051,7.195444782));
#12352=CARTESIAN_POINT('',(150.102275063,-40.982843759,7.316498856));
#12353=CARTESIAN_POINT('',(150.064460151,-40.983252794,7.441034105));
#12354=CARTESIAN_POINT('',(150.03885944,-40.983798131,7.569008429));
#12355=CARTESIAN_POINT('',(150.013258729,-40.984343468,7.696982754));
#12356=CARTESIAN_POINT('',(150.000019413,-40.985024057,7.829069628));
#12357=CARTESIAN_POINT('',(150.000000022,-40.985025017,7.961066513));
#12358=B_SPLINE_CURVE_WITH_KNOTS('',3,(#12345,#12346,#12347,#12348,#12349,#12350,#12351,#12352,#12353,#12354,#12355,#12356,#12357),.UNSPECIFIED.,.F.,.F.,(4,3,3,3,4),(0.,0.000390209,0.000780418,0.001170627,0.001560837),.UNSPECIFIED.);
#12359=EDGE_CURVE('',#12246,#12206,#12358,.T.);
#12360=ORIENTED_EDGE('',*,*,#12359,.T.);
#12361=EDGE_LOOP('',(#12327,#12343,#12344,#12360));
#12362=FACE_BOUND('',#12361,.T.);
#12363=ADVANCED_FACE('',(#12362),#12326,.T.);
#12364=CARTESIAN_POINT('',(150.,-40.985025018,0.));
#12365=DIRECTION('',(-0.707106781,-0.707106781,0.));
#12366=DIRECTION('',(0.,0.,-1.));
#12367=AXIS2_PLACEMENT_3D('',#12364,#12365,#12366);
#12368=PLANE('',#12367);
#12369=ORIENTED_EDGE('',*,*,#8222,.F.);
#12370=CARTESIAN_POINT('',(151.,-41.985025018,16.45));
#12371=DIRECTION('',(-0.577350269,0.577350269,-0.577350269));
#12372=VECTOR('',#12371,1.732050808);
#12373=LINE('',#12370,#12372);
#12374=EDGE_CURVE('',#8209,#12208,#12373,.T.);
#12375=ORIENTED_EDGE('',*,*,#12374,.T.);
#12376=ORIENTED_EDGE('',*,*,#12213,.F.);
#12377=CARTESIAN_POINT('',(151.,-41.985025018,7.96136035));
#12378=DIRECTION('',(-0.707106781,0.707106781,-0.));
#12379=VECTOR('',#12378,1.414213562);
#12380=LINE('',#12377,#12379);
#12381=EDGE_CURVE('',#8217,#12206,#12380,.T.);
#12382=ORIENTED_EDGE('',*,*,#12381,.F.);
#12383=EDGE_LOOP('',(#12369,#12375,#12376,#12382));
#12384=FACE_BOUND('',#12383,.T.);
#12385=ADVANCED_FACE('',(#12384),#12368,.T.);
#12386=CARTESIAN_POINT('',(151.,-41.985025018,7.96136035));
#12387=CARTESIAN_POINT('',(151.001655841,-41.985025018,7.700469735));
#12388=CARTESIAN_POINT('',(151.11086532,-41.985025018,7.440941497));
#12389=CARTESIAN_POINT('',(151.296074002,-41.985025018,7.25739162));
#12390=CARTESIAN_POINT('',(150.,-40.985025018,7.96136035));
#12391=CARTESIAN_POINT('',(150.,-40.985025018,7.439641385));
#12392=CARTESIAN_POINT('',(150.215265632,-40.985029812,6.917646599));
#12393=CARTESIAN_POINT('',(150.585786438,-40.98503509,6.547118363));
#12394=CARTESIAN_POINT('',(149.997819281,-40.982844299,7.96136035));
#12395=CARTESIAN_POINT('',(149.99781567,-40.982844299,7.439072592));
#12396=CARTESIAN_POINT('',(150.213312581,-40.982849104,6.91650544));
#12397=CARTESIAN_POINT('',(150.584237501,-40.982854393,6.545569457));
#12398=B_SPLINE_SURFACE_WITH_KNOTS('',1,3,((#12386,#12387,#12388,#12389),(#12390,#12391,#12392,#12393),(#12394,#12395,#12396,#12397)),.UNSPECIFIED.,.F.,.F.,.U.,(2,1,2),(4,4),(0.,1.,1.002180719),(0.083700365,0.91631236),.UNSPECIFIED.);
#12399=ORIENTED_EDGE('',*,*,#12381,.T.);
#12400=ORIENTED_EDGE('',*,*,#12359,.F.);
#12401=CARTESIAN_POINT('',(151.296073997,-41.985025021,7.257391615));
#12402=DIRECTION('',(-0.501125838,0.705518182,-0.501115744));
#12403=VECTOR('',#12402,1.41738365);
#12404=LINE('',#12401,#12403);
#12405=EDGE_CURVE('',#8225,#12246,#12404,.T.);
#12406=ORIENTED_EDGE('',*,*,#12405,.F.);
#12407=ORIENTED_EDGE('',*,*,#8234,.F.);
#12408=EDGE_LOOP('',(#12399,#12400,#12406,#12407));
#12409=FACE_BOUND('',#12408,.T.);
#12410=ADVANCED_FACE('',(#12409),#12398,.T.);
#12411=CARTESIAN_POINT('',(137.65555601,-41.985025018,20.898184392));
#12412=DIRECTION('',(-0.498881716,-0.708691819,-0.498871666));
#12413=DIRECTION('',(-0.707099659,0.,0.707113903));
#12414=AXIS2_PLACEMENT_3D('',#12411,#12412,#12413);
#12415=PLANE('',#12414);
#12416=ORIENTED_EDGE('',*,*,#12405,.T.);
#12417=ORIENTED_EDGE('',*,*,#12275,.F.);
#12418=CARTESIAN_POINT('',(153.824501122,-41.985025024,4.728913557));
#12419=DIRECTION('',(-0.501125838,0.705518182,-0.501115744));
#12420=VECTOR('',#12419,1.417383654);
#12421=LINE('',#12418,#12420);
#12422=EDGE_CURVE('',#8237,#12264,#12421,.T.);
#12423=ORIENTED_EDGE('',*,*,#12422,.F.);
#12424=ORIENTED_EDGE('',*,*,#8242,.F.);
#12425=EDGE_LOOP('',(#12416,#12417,#12423,#12424));
#12426=FACE_BOUND('',#12425,.T.);
#12427=ADVANCED_FACE('',(#12426),#12415,.T.);
#12428=CARTESIAN_POINT('',(153.824501127,-41.985025018,4.728913561));
#12429=CARTESIAN_POINT('',(154.381467313,-41.985025018,4.170269584));
#12430=CARTESIAN_POINT('',(154.701668804,-41.985025018,3.393156166));
#12431=CARTESIAN_POINT('',(154.7,-41.985025018,2.60439819));
#12432=CARTESIAN_POINT('',(153.114213562,-40.98503509,4.018640305));
#12433=CARTESIAN_POINT('',(153.485491605,-40.985029801,3.647354749));
#12434=CARTESIAN_POINT('',(153.7,-40.985025018,3.130256315));
#12435=CARTESIAN_POINT('',(153.7,-40.985025018,2.60439819));
#12436=B_SPLINE_SURFACE_WITH_KNOTS('',1,3,((#12428,#12429,#12430,#12431),(#12432,#12433,#12434,#12435)),.UNSPECIFIED.,.F.,.F.,.U.,(2,2),(4,4),(0.,1.),(0.084927535,0.916660881),.UNSPECIFIED.);
#12437=ORIENTED_EDGE('',*,*,#12422,.T.);
#12438=ORIENTED_EDGE('',*,*,#12317,.F.);
#12439=CARTESIAN_POINT('',(154.7,-41.985025018,2.60439819));
#12440=DIRECTION('',(-0.707106781,0.707106781,-0.));
#12441=VECTOR('',#12440,1.414213562);
#12442=LINE('',#12439,#12441);
#12443=EDGE_CURVE('',#8245,#8965,#12442,.T.);
#12444=ORIENTED_EDGE('',*,*,#12443,.F.);
#12445=ORIENTED_EDGE('',*,*,#8263,.F.);
#12446=EDGE_LOOP('',(#12437,#12438,#12444,#12445));
#12447=FACE_BOUND('',#12446,.T.);
#12448=ADVANCED_FACE('',(#12447),#12436,.T.);
#12449=CARTESIAN_POINT('',(153.7,-40.985025018,-2.));
#12450=DIRECTION('',(-0.707106781,-0.707106781,0.));
#12451=DIRECTION('',(0.,0.,-1.));
#12452=AXIS2_PLACEMENT_3D('',#12449,#12450,#12451);
#12453=PLANE('',#12452);
#12454=ORIENTED_EDGE('',*,*,#8271,.F.);
#12455=ORIENTED_EDGE('',*,*,#12443,.T.);
#12456=ORIENTED_EDGE('',*,*,#8987,.F.);
#12457=ORIENTED_EDGE('',*,*,#8834,.F.);
#12458=EDGE_LOOP('',(#12454,#12455,#12456,#12457));
#12459=FACE_BOUND('',#12458,.T.);
#12460=ADVANCED_FACE('',(#12459),#12453,.T.);
#12461=CARTESIAN_POINT('',(150.,50.014974982,0.));
#12462=DIRECTION('',(0.707106781,-0.707106781,0.));
#12463=DIRECTION('',(0.,0.,-1.));
#12464=AXIS2_PLACEMENT_3D('',#12461,#12462,#12463);
#12465=PLANE('',#12464);
#12466=ORIENTED_EDGE('',*,*,#12229,.F.);
#12467=CARTESIAN_POINT('',(150.,50.014974982,15.45));
#12468=DIRECTION('',(0.577350269,0.577350269,0.577350269));
#12469=VECTOR('',#12468,1.732050808);
#12470=LINE('',#12467,#12469);
#12471=EDGE_CURVE('',#12216,#9045,#12470,.T.);
#12472=ORIENTED_EDGE('',*,*,#12471,.T.);
#12473=ORIENTED_EDGE('',*,*,#9145,.F.);
#12474=CARTESIAN_POINT('',(150.,50.014974982,7.383748199));
#12475=DIRECTION('',(0.707106781,0.707106781,0.));
#12476=VECTOR('',#12475,1.414213562);
#12477=LINE('',#12474,#12476);
#12478=EDGE_CURVE('',#12224,#9130,#12477,.T.);
#12479=ORIENTED_EDGE('',*,*,#12478,.F.);
#12480=EDGE_LOOP('',(#12466,#12472,#12473,#12479));
#12481=FACE_BOUND('',#12480,.T.);
#12482=ADVANCED_FACE('',(#12481),#12465,.F.);
#12483=CARTESIAN_POINT('',(151.28972668,51.014974982,6.673432146));
#12484=CARTESIAN_POINT('',(151.105208096,51.014974982,6.85961079));
#12485=CARTESIAN_POINT('',(150.998337063,51.014974982,7.121739217));
#12486=CARTESIAN_POINT('',(151.,51.014974982,7.383748199));
#12487=CARTESIAN_POINT('',(150.585786438,50.014985054,5.969506084));
#12488=CARTESIAN_POINT('',(150.216861421,50.014979799,6.338438565));
#12489=CARTESIAN_POINT('',(150.,50.014974982,6.859718918));
#12490=CARTESIAN_POINT('',(150.,50.014974982,7.383748199));
#12491=CARTESIAN_POINT('',(150.584256806,50.012812119,5.967976483));
#12492=CARTESIAN_POINT('',(150.214931082,50.012806852,6.33730608));
#12493=CARTESIAN_POINT('',(149.997830656,50.012802025,6.859149559));
#12494=CARTESIAN_POINT('',(149.997827043,50.012802025,7.383748199));
#12495=B_SPLINE_SURFACE_WITH_KNOTS('',1,3,((#12483,#12484,#12485,#12486),(#12487,#12488,#12489,#12490),(#12491,#12492,#12493,#12494)),.UNSPECIFIED.,.F.,.F.,.U.,(2,1,2),(4,4),(0.,1.,1.002172957),(0.087711222,0.917039346),.UNSPECIFIED.);
#12496=ORIENTED_EDGE('',*,*,#12478,.T.);
#12497=ORIENTED_EDGE('',*,*,#9139,.F.);
#12498=CARTESIAN_POINT('',(150.585787492,50.014986546,5.969507119));
#12499=CARTESIAN_POINT('',(151.289726677,51.014974987,6.673432143));
#12500=B_SPLINE_CURVE_WITH_KNOTS('',1,(#12498,#12499),.UNSPECIFIED.,.F.,.F.,(2,2),(0.,1.411034265),.UNSPECIFIED.);
#12501=EDGE_CURVE('',#12248,#9122,#12500,.T.);
#12502=ORIENTED_EDGE('',*,*,#12501,.F.);
#12503=ORIENTED_EDGE('',*,*,#12342,.F.);
#12504=EDGE_LOOP('',(#12496,#12497,#12502,#12503));
#12505=FACE_BOUND('',#12504,.T.);
#12506=ADVANCED_FACE('',(#12505),#12495,.T.);
#12507=CARTESIAN_POINT('',(129.86040255,51.014974982,28.103187958));
#12508=DIRECTION('',(0.501125839,-0.705518182,0.501115744));
#12509=DIRECTION('',(-0.707099659,-0.,0.707113903));
#12510=AXIS2_PLACEMENT_3D('',#12507,#12508,#12509);
#12511=PLANE('',#12510);
#12512=ORIENTED_EDGE('',*,*,#12501,.T.);
#12513=ORIENTED_EDGE('',*,*,#9127,.F.);
#12514=CARTESIAN_POINT('',(153.114213574,50.01498508,3.441028037));
#12515=DIRECTION('',(0.498881715,0.70869182,0.498871666));
#12516=VECTOR('',#12515,1.41103633);
#12517=LINE('',#12514,#12516);
#12518=EDGE_CURVE('',#12256,#9101,#12517,.T.);
#12519=ORIENTED_EDGE('',*,*,#12518,.F.);
#12520=ORIENTED_EDGE('',*,*,#12261,.F.);
#12521=EDGE_LOOP('',(#12512,#12513,#12519,#12520));
#12522=FACE_BOUND('',#12521,.T.);
#12523=ADVANCED_FACE('',(#12522),#12511,.F.);
#12524=CARTESIAN_POINT('',(154.7,51.014974982,2.026786038));
#12525=CARTESIAN_POINT('',(154.698333683,51.014974982,2.814367093));
#12526=CARTESIAN_POINT('',(154.375821995,51.014974982,3.58894333));
#12527=CARTESIAN_POINT('',(153.818153804,51.014974982,4.144954087));
#12528=CARTESIAN_POINT('',(153.7,50.014974982,2.026786038));
#12529=CARTESIAN_POINT('',(153.7,50.014974982,2.551834889));
#12530=CARTESIAN_POINT('',(153.486027491,50.014979758,3.06920664));
#12531=CARTESIAN_POINT('',(153.114213562,50.014985054,3.441028025));
#12532=B_SPLINE_SURFACE_WITH_KNOTS('',1,3,((#12524,#12525,#12526,#12527),(#12528,#12529,#12530,#12531)),.UNSPECIFIED.,.F.,.F.,.U.,(2,2),(4,4),(0.,1.),(0.083584767,0.916418746),.UNSPECIFIED.);
#12533=ORIENTED_EDGE('',*,*,#12518,.T.);
#12534=ORIENTED_EDGE('',*,*,#9119,.F.);
#12535=CARTESIAN_POINT('',(153.699999437,50.014974419,2.026786057));
#12536=DIRECTION('',(0.707106781,0.707106781,0.));
#12537=VECTOR('',#12536,1.414214359);
#12538=LINE('',#12535,#12537);
#12539=EDGE_CURVE('',#8967,#9093,#12538,.T.);
#12540=ORIENTED_EDGE('',*,*,#12539,.F.);
#12541=ORIENTED_EDGE('',*,*,#12300,.F.);
#12542=EDGE_LOOP('',(#12533,#12534,#12540,#12541));
#12543=FACE_BOUND('',#12542,.T.);
#12544=ADVANCED_FACE('',(#12543),#12532,.T.);
#12545=CARTESIAN_POINT('',(153.7,50.014974982,-2.));
#12546=DIRECTION('',(0.707106781,-0.707106781,0.));
#12547=DIRECTION('',(0.,0.,-1.));
#12548=AXIS2_PLACEMENT_3D('',#12545,#12546,#12547);
#12549=PLANE('',#12548);
#12550=ORIENTED_EDGE('',*,*,#12539,.T.);
#12551=ORIENTED_EDGE('',*,*,#9098,.F.);
#12552=ORIENTED_EDGE('',*,*,#8914,.F.);
#12553=ORIENTED_EDGE('',*,*,#8978,.F.);
#12554=EDGE_LOOP('',(#12550,#12551,#12552,#12553));
#12555=FACE_BOUND('',#12554,.T.);
#12556=ADVANCED_FACE('',(#12555),#12549,.F.);
#12557=CARTESIAN_POINT('',(165.6,6.165664171,104.710133393));
#12558=DIRECTION('',(-1.,0.,0.));
#12559=DIRECTION('',(0.,0.,1.));
#12560=AXIS2_PLACEMENT_3D('',#12557,#12558,#12559);
#12561=CYLINDRICAL_SURFACE('',#12560,25.);
#12562=ORIENTED_EDGE('',*,*,#10248,.F.);
#12563=CARTESIAN_POINT('',(153.,6.165664171,104.710133393));
#12564=DIRECTION('',(1.,-0.,-0.));
#12565=DIRECTION('',(0.,0.,1.));
#12566=AXIS2_PLACEMENT_3D('',#12563,#12564,#12565);
#12567=CIRCLE('',#12566,25.);
#12568=EDGE_CURVE('',#10235,#10189,#12567,.T.);
#12569=ORIENTED_EDGE('',*,*,#12568,.T.);
#12570=ORIENTED_EDGE('',*,*,#10194,.F.);
#12571=CARTESIAN_POINT('',(181.2,6.165664171,104.710133393));
#12572=DIRECTION('',(-1.,0.,0.));
#12573=DIRECTION('',(0.,0.,1.));
#12574=AXIS2_PLACEMENT_3D('',#12571,#12572,#12573);
#12575=CIRCLE('',#12574,25.);
#12576=EDGE_CURVE('',#10187,#10243,#12575,.T.);
#12577=ORIENTED_EDGE('',*,*,#12576,.T.);
#12578=EDGE_LOOP('',(#12562,#12569,#12570,#12577));
#12579=FACE_BOUND('',#12578,.T.);
#12580=ADVANCED_FACE('',(#12579),#12561,.T.);
#12581=CARTESIAN_POINT('',(168.85,-21.985025018,49.813987326));
#12582=DIRECTION('',(-1.,0.,0.));
#12583=DIRECTION('',(0.,0.,1.));
#12584=AXIS2_PLACEMENT_3D('',#12581,#12582,#12583);
#12585=CYLINDRICAL_SURFACE('',#12584,20.);
#12586=ORIENTED_EDGE('',*,*,#10210,.F.);
#12587=CARTESIAN_POINT('',(153.,-21.985025018,49.813987326));
#12588=DIRECTION('',(1.,-0.,-0.));
#12589=DIRECTION('',(0.,0.,1.));
#12590=AXIS2_PLACEMENT_3D('',#12587,#12588,#12589);
#12591=CIRCLE('',#12590,20.);
#12592=EDGE_CURVE('',#10197,#8177,#12591,.T.);
#12593=ORIENTED_EDGE('',*,*,#12592,.T.);
#12594=ORIENTED_EDGE('',*,*,#8182,.F.);
#12595=CARTESIAN_POINT('',(181.2,-21.985025018,49.813987326));
#12596=DIRECTION('',(-1.,0.,0.));
#12597=DIRECTION('',(0.,0.,1.));
#12598=AXIS2_PLACEMENT_3D('',#12595,#12596,#12597);
#12599=CIRCLE('',#12598,20.);
#12600=EDGE_CURVE('',#8175,#10205,#12599,.T.);
#12601=ORIENTED_EDGE('',*,*,#12600,.T.);
#12602=EDGE_LOOP('',(#12586,#12593,#12594,#12601));
#12603=FACE_BOUND('',#12602,.T.);
#12604=ADVANCED_FACE('',(#12603),#12585,.T.);
#12605=CARTESIAN_POINT('',(183.492893219,68.747208029,91.267766953));
#12606=DIRECTION('',(0.707106781,0.5,-0.5));
#12607=DIRECTION('',(0.,-0.707106781,-0.707106781));
#12608=AXIS2_PLACEMENT_3D('',#12605,#12606,#12607);
#12609=PLANE('',#12608);
#12610=ORIENTED_EDGE('',*,*,#8164,.T.);
#12611=ORIENTED_EDGE('',*,*,#7479,.F.);
#12612=CARTESIAN_POINT('',(180.285786437,62.730703735,80.715728753));
#12613=CARTESIAN_POINT('',(181.590524292,61.808114752,81.638317737));
#12614=CARTESIAN_POINT('',(182.895262146,60.88552577,82.56090672));
#12615=CARTESIAN_POINT('',(184.2,59.962936788,83.483495703));
#12616=B_SPLINE_CURVE_WITH_KNOTS('',3,(#12612,#12613,#12614,#12615),.UNSPECIFIED.,.F.,.F.,(4,4),(0.,5.535533906),.UNSPECIFIED.);
#12617=EDGE_CURVE('',#10292,#7465,#12616,.T.);
#12618=ORIENTED_EDGE('',*,*,#12617,.F.);
#12619=ORIENTED_EDGE('',*,*,#10297,.F.);
#12620=EDGE_LOOP('',(#12610,#12611,#12618,#12619));
#12621=FACE_BOUND('',#12620,.T.);
#12622=ADVANCED_FACE('',(#12621),#12609,.T.);
#12623=CARTESIAN_POINT('',(180.992893219,91.014974982,52.431457505));
#12624=DIRECTION('',(1.,0.,0.));
#12625=DIRECTION('',(0.,0.,-1.));
#12626=AXIS2_PLACEMENT_3D('',#12623,#12624,#12625);
#12627=CONICAL_SURFACE('',#12626,40.707106781,44.999999949);
#12628=ORIENTED_EDGE('',*,*,#12617,.T.);
#12629=ORIENTED_EDGE('',*,*,#7471,.F.);
#12630=CARTESIAN_POINT('',(180.285786438,51.014974982,52.431457505));
#12631=DIRECTION('',(0.707106781,-0.707106781,-0.));
#12632=VECTOR('',#12631,5.535533905);
#12633=LINE('',#12630,#12632);
#12634=EDGE_CURVE('',#9076,#7457,#12633,.T.);
#12635=ORIENTED_EDGE('',*,*,#12634,.F.);
#12636=ORIENTED_EDGE('',*,*,#10421,.F.);
#12637=EDGE_LOOP('',(#12628,#12629,#12635,#12636));
#12638=FACE_BOUND('',#12637,.T.);
#12639=ADVANCED_FACE('',(#12638),#12627,.F.);
#12640=CARTESIAN_POINT('',(183.492893219,47.807868201,109.));
#12641=DIRECTION('',(-0.707106781,-0.707106781,0.));
#12642=DIRECTION('',(0.,0.,1.));
#12643=AXIS2_PLACEMENT_3D('',#12640,#12641,#12642);
#12644=PLANE('',#12643);
#12645=ORIENTED_EDGE('',*,*,#9009,.F.);
#12646=ORIENTED_EDGE('',*,*,#9087,.F.);
#12647=ORIENTED_EDGE('',*,*,#12634,.T.);
#12648=ORIENTED_EDGE('',*,*,#7462,.F.);
#12649=EDGE_LOOP('',(#12645,#12646,#12647,#12648));
#12650=FACE_BOUND('',#12649,.T.);
#12651=ADVANCED_FACE('',(#12650),#12644,.F.);
#12652=CARTESIAN_POINT('',(-165.1,95.014974982,61.903219777));
#12653=DIRECTION('',(0.,1.,0.));
#12654=DIRECTION('',(0.,0.,1.));
#12655=AXIS2_PLACEMENT_3D('',#12652,#12653,#12654);
#12656=PLANE('',#12655);
#12657=CARTESIAN_POINT('',(154.,95.014974982,147.358578644));
#12658=VERTEX_POINT('',#12657);
#12659=CARTESIAN_POINT('',(177.185786438,95.014974982,147.358578644));
#12660=VERTEX_POINT('',#12659);
#12661=CARTESIAN_POINT('',(154.,95.014974982,147.358578644));
#12662=DIRECTION('',(1.,0.,-0.));
#12663=VECTOR('',#12662,23.185786438);
#12664=LINE('',#12661,#12663);
#12665=EDGE_CURVE('',#12658,#12660,#12664,.T.);
#12666=ORIENTED_EDGE('',*,*,#12665,.T.);
#12667=CARTESIAN_POINT('',(177.2,95.014974982,147.348528137));
#12668=VERTEX_POINT('',#12667);
#12669=CARTESIAN_POINT('',(177.185786438,95.014974982,147.358578644));
#12670=DIRECTION('',(0.816496556,0.,-0.577350305));
#12671=VECTOR('',#12670,0.017407988);
#12672=LINE('',#12669,#12671);
#12673=EDGE_CURVE('',#12660,#12668,#12672,.T.);
#12674=ORIENTED_EDGE('',*,*,#12673,.T.);
#12675=CARTESIAN_POINT('',(177.2,95.014974982,119.403524495));
#12676=VERTEX_POINT('',#12675);
#12677=CARTESIAN_POINT('',(177.2,95.014974982,147.348528137));
#12678=DIRECTION('',(-0.,-0.,-1.));
#12679=VECTOR('',#12678,27.945003642);
#12680=LINE('',#12677,#12679);
#12681=EDGE_CURVE('',#12668,#12676,#12680,.T.);
#12682=ORIENTED_EDGE('',*,*,#12681,.T.);
#12683=CARTESIAN_POINT('',(172.413655449,95.014974982,112.809964689));
#12684=VERTEX_POINT('',#12683);
#12685=CARTESIAN_POINT('',(177.2,95.014974982,119.403524495));
#12686=DIRECTION('',(-0.587451262,0.,-0.809259548));
#12687=VECTOR('',#12686,8.14764537);
#12688=LINE('',#12685,#12687);
#12689=EDGE_CURVE('',#12676,#12684,#12688,.T.);
#12690=ORIENTED_EDGE('',*,*,#12689,.T.);
#12691=CARTESIAN_POINT('',(154.,95.014974982,112.809964689));
#12692=VERTEX_POINT('',#12691);
#12693=CARTESIAN_POINT('',(172.413655449,95.014974982,112.809964689));
#12694=DIRECTION('',(-1.,-0.,0.));
#12695=VECTOR('',#12694,18.413655449);
#12696=LINE('',#12693,#12695);
#12697=EDGE_CURVE('',#12684,#12692,#12696,.T.);
#12698=ORIENTED_EDGE('',*,*,#12697,.T.);
#12699=CARTESIAN_POINT('',(154.,95.014974982,112.809964689));
#12700=DIRECTION('',(0.,0.,1.));
#12701=VECTOR('',#12700,34.548613955);
#12702=LINE('',#12699,#12701);
#12703=EDGE_CURVE('',#12692,#12658,#12702,.T.);
#12704=ORIENTED_EDGE('',*,*,#12703,.T.);
#12705=EDGE_LOOP('',(#12666,#12674,#12682,#12690,#12698,#12704));
#12706=FACE_BOUND('',#12705,.T.);
#12707=ADVANCED_FACE('',(#12706),#12656,.T.);
#12708=CARTESIAN_POINT('',(157.55,91.873185821,107.557029757));
#12709=DIRECTION('',(0.,0.858210839,-0.513297337));
#12710=DIRECTION('',(1.,0.,0.));
#12711=AXIS2_PLACEMENT_3D('',#12708,#12709,#12710);
#12712=PLANE('',#12711);
#12713=ORIENTED_EDGE('',*,*,#8125,.T.);
#12714=CARTESIAN_POINT('',(150.672344399,91.687319381,107.246269148));
#12715=DIRECTION('',(0.456652489,0.456652489,0.763503116));
#12716=VECTOR('',#12715,7.287063309);
#12717=LINE('',#12714,#12716);
#12718=EDGE_CURVE('',#8112,#12692,#12717,.T.);
#12719=ORIENTED_EDGE('',*,*,#12718,.T.);
#12720=ORIENTED_EDGE('',*,*,#12697,.F.);
#12721=CARTESIAN_POINT('',(172.413655449,95.014974982,112.809964689));
#12722=DIRECTION('',(0.456652489,-0.456652489,-0.763503116));
#12723=VECTOR('',#12722,10.874939916);
#12724=LINE('',#12721,#12723);
#12725=EDGE_CURVE('',#12684,#8041,#12724,.T.);
#12726=ORIENTED_EDGE('',*,*,#12725,.T.);
#12727=ORIENTED_EDGE('',*,*,#8046,.F.);
#12728=EDGE_LOOP('',(#12713,#12719,#12720,#12726,#12727));
#12729=FACE_BOUND('',#12728,.T.);
#12730=ADVANCED_FACE('',(#12729),#12712,.T.);
#12731=CARTESIAN_POINT('',(184.2,88.014974982,109.));
#12732=DIRECTION('',(-0.707106781,-0.707106781,0.));
#12733=DIRECTION('',(0.,0.,1.));
#12734=AXIS2_PLACEMENT_3D('',#12731,#12732,#12733);
#12735=PLANE('',#12734);
#12736=ORIENTED_EDGE('',*,*,#12681,.F.);
#12737=CARTESIAN_POINT('',(177.2,95.014974982,147.348528137));
#12738=DIRECTION('',(0.707106781,-0.707106781,-0.));
#12739=VECTOR('',#12738,9.899494937);
#12740=LINE('',#12737,#12739);
#12741=EDGE_CURVE('',#12668,#7491,#12740,.T.);
#12742=ORIENTED_EDGE('',*,*,#12741,.T.);
#12743=ORIENTED_EDGE('',*,*,#7496,.F.);
#12744=ORIENTED_EDGE('',*,*,#8157,.F.);
#12745=CARTESIAN_POINT('',(184.126038211,88.088936771,107.82348962));
#12746=DIRECTION('',(-0.456652489,0.456652489,0.763503116));
#12747=VECTOR('',#12746,15.166977889);
#12748=LINE('',#12745,#12747);
#12749=EDGE_CURVE('',#8144,#12676,#12748,.T.);
#12750=ORIENTED_EDGE('',*,*,#12749,.T.);
#12751=EDGE_LOOP('',(#12736,#12742,#12743,#12744,#12750));
#12752=FACE_BOUND('',#12751,.T.);
#12753=ADVANCED_FACE('',(#12752),#12735,.F.);
#12754=CARTESIAN_POINT('',(183.746688005,88.468286977,108.457746677));
#12755=DIRECTION('',(0.394441663,0.873172909,-0.286329958));
#12756=DIRECTION('',(0.456652489,-0.456652489,-0.763503116));
#12757=AXIS2_PLACEMENT_3D('',#12754,#12755,#12756);
#12758=PLANE('',#12757);
#12759=ORIENTED_EDGE('',*,*,#8054,.F.);
#12760=ORIENTED_EDGE('',*,*,#12725,.F.);
#12761=ORIENTED_EDGE('',*,*,#12689,.F.);
#12762=ORIENTED_EDGE('',*,*,#12749,.F.);
#12763=ORIENTED_EDGE('',*,*,#8150,.F.);
#12764=EDGE_LOOP('',(#12759,#12760,#12761,#12762,#12763));
#12765=FACE_BOUND('',#12764,.T.);
#12766=ADVANCED_FACE('',(#12765),#12758,.T.);
#12767=CARTESIAN_POINT('',(-165.1,94.944264304,147.429289322));
#12768=DIRECTION('',(0.,-0.707106781,-0.707106781));
#12769=DIRECTION('',(1.,0.,0.));
#12770=AXIS2_PLACEMENT_3D('',#12767,#12768,#12769);
#12771=PLANE('',#12770);
#12772=ORIENTED_EDGE('',*,*,#7569,.F.);
#12773=CARTESIAN_POINT('',(176.50588745,93.373553626,149.));
#12774=DIRECTION('',(0.281084638,0.678598344,-0.678598344));
#12775=VECTOR('',#12774,2.41884079);
#12776=LINE('',#12773,#12775);
#12777=EDGE_CURVE('',#7556,#12660,#12776,.T.);
#12778=ORIENTED_EDGE('',*,*,#12777,.T.);
#12779=ORIENTED_EDGE('',*,*,#12665,.F.);
#12780=CARTESIAN_POINT('',(154.,95.014974982,147.358578644));
#12781=DIRECTION('',(0.281084638,-0.678598345,0.678598345));
#12782=VECTOR('',#12781,2.41884079);
#12783=LINE('',#12780,#12782);
#12784=EDGE_CURVE('',#12658,#7564,#12783,.T.);
#12785=ORIENTED_EDGE('',*,*,#12784,.T.);
#12786=EDGE_LOOP('',(#12772,#12778,#12779,#12785));
#12787=FACE_BOUND('',#12786,.T.);
#12788=ADVANCED_FACE('',(#12787),#12771,.F.);
#12789=CARTESIAN_POINT('',(150.,91.014974982,39.092));
#12790=DIRECTION('',(-0.707106781,0.707106781,0.));
#12791=DIRECTION('',(0.,0.,1.));
#12792=AXIS2_PLACEMENT_3D('',#12789,#12790,#12791);
#12793=PLANE('',#12792);
#12794=ORIENTED_EDGE('',*,*,#8118,.F.);
#12795=ORIENTED_EDGE('',*,*,#7785,.F.);
#12796=CARTESIAN_POINT('',(150.,91.014974982,147.358578644));
#12797=DIRECTION('',(0.707106781,0.707106781,0.));
#12798=VECTOR('',#12797,5.656854249);
#12799=LINE('',#12796,#12798);
#12800=EDGE_CURVE('',#7772,#12658,#12799,.T.);
#12801=ORIENTED_EDGE('',*,*,#12800,.T.);
#12802=ORIENTED_EDGE('',*,*,#12703,.F.);
#12803=ORIENTED_EDGE('',*,*,#12718,.F.);
#12804=EDGE_LOOP('',(#12794,#12795,#12801,#12802,#12803));
#12805=FACE_BOUND('',#12804,.T.);
#12806=ADVANCED_FACE('',(#12805),#12793,.T.);
#12807=CARTESIAN_POINT('',(130.835660172,69.62931481,148.929289322));
#12808=DIRECTION('',(0.5,-0.5,-0.707106781));
#12809=DIRECTION('',(-0.707106781,-0.707106781,0.));
#12810=AXIS2_PLACEMENT_3D('',#12807,#12808,#12809);
#12811=PLANE('',#12810);
#12812=ORIENTED_EDGE('',*,*,#12784,.F.);
#12813=ORIENTED_EDGE('',*,*,#12800,.F.);
#12814=ORIENTED_EDGE('',*,*,#7777,.F.);
#12815=ORIENTED_EDGE('',*,*,#7577,.F.);
#12816=EDGE_LOOP('',(#12812,#12813,#12814,#12815));
#12817=FACE_BOUND('',#12816,.T.);
#12818=ADVANCED_FACE('',(#12817),#12811,.F.);
#12819=CARTESIAN_POINT('',(214.107233047,55.172208029,149.424264069));
#12820=DIRECTION('',(0.5,0.5,0.707106781));
#12821=DIRECTION('',(0.707106781,-0.707106781,0.));
#12822=AXIS2_PLACEMENT_3D('',#12819,#12820,#12821);
#12823=PLANE('',#12822);
#12824=ORIENTED_EDGE('',*,*,#8093,.F.);
#12825=ORIENTED_EDGE('',*,*,#12741,.F.);
#12826=ORIENTED_EDGE('',*,*,#12673,.F.);
#12827=ORIENTED_EDGE('',*,*,#12777,.F.);
#12828=ORIENTED_EDGE('',*,*,#7561,.F.);
#12829=EDGE_LOOP('',(#12824,#12825,#12826,#12827,#12828));
#12830=FACE_BOUND('',#12829,.T.);
#12831=ADVANCED_FACE('',(#12830),#12823,.T.);
#12832=CARTESIAN_POINT('',(244.46766848,-5.,100.));
#12833=DIRECTION('',(0.,0.,1.));
#12834=DIRECTION('',(1.,0.,0.));
#12835=AXIS2_PLACEMENT_3D('',#12832,#12833,#12834);
#12836=PLANE('',#12835);
#12837=CARTESIAN_POINT('',(181.2,-0.968901116,100.));
#12838=VERTEX_POINT('',#12837);
#12839=CARTESIAN_POINT('',(153.,-0.968901116,100.));
#12840=VERTEX_POINT('',#12839);
#12841=CARTESIAN_POINT('',(181.2,-0.968901116,100.));
#12842=DIRECTION('',(-1.,-0.,0.));
#12843=VECTOR('',#12842,28.2);
#12844=LINE('',#12841,#12843);
#12845=EDGE_CURVE('',#12838,#12840,#12844,.T.);
#12846=ORIENTED_EDGE('',*,*,#12845,.T.);
#12847=CARTESIAN_POINT('',(153.,2.,100.));
#12848=VERTEX_POINT('',#12847);
#12849=CARTESIAN_POINT('',(153.,-0.968901116,100.));
#12850=DIRECTION('',(0.,1.,0.));
#12851=VECTOR('',#12850,2.968901116);
#12852=LINE('',#12849,#12851);
#12853=EDGE_CURVE('',#12840,#12848,#12852,.T.);
#12854=ORIENTED_EDGE('',*,*,#12853,.T.);
#12855=CARTESIAN_POINT('',(181.2,2.,100.));
#12856=VERTEX_POINT('',#12855);
#12857=CARTESIAN_POINT('',(153.,2.,100.));
#12858=DIRECTION('',(1.,0.,-0.));
#12859=VECTOR('',#12858,28.2);
#12860=LINE('',#12857,#12859);
#12861=EDGE_CURVE('',#12848,#12856,#12860,.T.);
#12862=ORIENTED_EDGE('',*,*,#12861,.T.);
#12863=CARTESIAN_POINT('',(181.2,2.,100.));
#12864=DIRECTION('',(-0.,-1.,-0.));
#12865=VECTOR('',#12864,2.968901116);
#12866=LINE('',#12863,#12865);
#12867=EDGE_CURVE('',#12856,#12838,#12866,.T.);
#12868=ORIENTED_EDGE('',*,*,#12867,.T.);
#12869=EDGE_LOOP('',(#12846,#12854,#12862,#12868));
#12870=FACE_BOUND('',#12869,.T.);
#12871=ADVANCED_FACE('',(#12870),#12836,.F.);
#12872=CARTESIAN_POINT('',(244.46766848,-23.,50.));
#12873=DIRECTION('',(0.,-0.928476691,0.371390676));
#12874=DIRECTION('',(0.,-0.371390676,-0.928476691));
#12875=AXIS2_PLACEMENT_3D('',#12872,#12873,#12874);
#12876=PLANE('',#12875);
#12877=CARTESIAN_POINT('',(181.199999999,-21.35433119,54.11417203));
#12878=VERTEX_POINT('',#12877);
#12879=CARTESIAN_POINT('',(152.999999998,-21.354331188,54.114172029));
#12880=VERTEX_POINT('',#12879);
#12881=CARTESIAN_POINT('',(181.199999999,-21.35433119,54.11417203));
#12882=DIRECTION('',(-1.,-0.,0.));
#12883=VECTOR('',#12882,28.200000001);
#12884=LINE('',#12881,#12883);
#12885=EDGE_CURVE('',#12878,#12880,#12884,.T.);
#12886=ORIENTED_EDGE('',*,*,#12885,.T.);
#12887=CARTESIAN_POINT('',(153.,-3.754331198,98.114172032));
#12888=VERTEX_POINT('',#12887);
#12889=CARTESIAN_POINT('',(153.,-21.35433119,54.11417203));
#12890=DIRECTION('',(-0.,0.371390676,0.928476691));
#12891=VECTOR('',#12890,47.389450302);
#12892=LINE('',#12889,#12891);
#12893=EDGE_CURVE('',#12880,#12888,#12892,.T.);
#12894=ORIENTED_EDGE('',*,*,#12893,.T.);
#12895=CARTESIAN_POINT('',(181.199999999,-3.754331199,98.114172033));
#12896=VERTEX_POINT('',#12895);
#12897=CARTESIAN_POINT('',(153.,-3.754331206,98.114172036));
#12898=DIRECTION('',(1.,0.,-0.));
#12899=VECTOR('',#12898,28.199999998);
#12900=LINE('',#12897,#12899);
#12901=EDGE_CURVE('',#12888,#12896,#12900,.T.);
#12902=ORIENTED_EDGE('',*,*,#12901,.T.);
#12903=CARTESIAN_POINT('',(181.2,-3.754331206,98.114172036));
#12904=DIRECTION('',(0.,-0.371390676,-0.928476691));
#12905=VECTOR('',#12904,47.389450303);
#12906=LINE('',#12903,#12905);
#12907=EDGE_CURVE('',#12896,#12878,#12906,.T.);
#12908=ORIENTED_EDGE('',*,*,#12907,.T.);
#12909=EDGE_LOOP('',(#12886,#12894,#12902,#12908));
#12910=FACE_BOUND('',#12909,.T.);
#12911=ADVANCED_FACE('',(#12910),#12876,.F.);
#12912=CARTESIAN_POINT('',(244.46766848,5.,50.));
#12913=DIRECTION('',(0.,0.,-1.));
#12914=DIRECTION('',(-1.,0.,0.));
#12915=AXIS2_PLACEMENT_3D('',#12912,#12913,#12914);
#12916=PLANE('',#12915);
#12917=CARTESIAN_POINT('',(181.199999997,-10.25936991,49.999999997));
#12918=VERTEX_POINT('',#12917);
#12919=CARTESIAN_POINT('',(153.,-10.25936991,50.));
#12920=VERTEX_POINT('',#12919);
#12921=CARTESIAN_POINT('',(181.199999997,-10.25936991,50.));
#12922=DIRECTION('',(-1.,0.,0.));
#12923=VECTOR('',#12922,28.199999997);
#12924=LINE('',#12921,#12923);
#12925=EDGE_CURVE('',#12918,#12920,#12924,.T.);
#12926=ORIENTED_EDGE('',*,*,#12925,.T.);
#12927=CARTESIAN_POINT('',(153.,-18.568901116,50.));
#12928=VERTEX_POINT('',#12927);
#12929=CARTESIAN_POINT('',(153.,-10.25936991,50.));
#12930=DIRECTION('',(-0.,-1.,-0.));
#12931=VECTOR('',#12930,8.309531206);
#12932=LINE('',#12929,#12931);
#12933=EDGE_CURVE('',#12920,#12928,#12932,.T.);
#12934=ORIENTED_EDGE('',*,*,#12933,.T.);
#12935=CARTESIAN_POINT('',(181.2,-18.568901116,50.));
#12936=VERTEX_POINT('',#12935);
#12937=CARTESIAN_POINT('',(153.,-18.568901116,50.));
#12938=DIRECTION('',(1.,-0.,-0.));
#12939=VECTOR('',#12938,28.2);
#12940=LINE('',#12937,#12939);
#12941=EDGE_CURVE('',#12928,#12936,#12940,.T.);
#12942=ORIENTED_EDGE('',*,*,#12941,.T.);
#12943=CARTESIAN_POINT('',(181.2,-18.568901116,50.));
#12944=DIRECTION('',(0.,1.,0.));
#12945=VECTOR('',#12944,8.309531206);
#12946=LINE('',#12943,#12945);
#12947=EDGE_CURVE('',#12936,#12918,#12946,.T.);
#12948=ORIENTED_EDGE('',*,*,#12947,.T.);
#12949=EDGE_LOOP('',(#12926,#12934,#12942,#12948));
#12950=FACE_BOUND('',#12949,.T.);
#12951=ADVANCED_FACE('',(#12950),#12916,.F.);
#12952=CARTESIAN_POINT('',(244.46766848,5.,100.));
#12953=DIRECTION('',(0.,1.,0.));
#12954=DIRECTION('',(-1.,0.,0.));
#12955=AXIS2_PLACEMENT_3D('',#12952,#12953,#12954);
#12956=PLANE('',#12955);
#12957=CARTESIAN_POINT('',(181.2,5.,97.));
#12958=VERTEX_POINT('',#12957);
#12959=CARTESIAN_POINT('',(153.000000001,5.000000001,97.000000001));
#12960=VERTEX_POINT('',#12959);
#12961=CARTESIAN_POINT('',(181.2,5.,97.));
#12962=DIRECTION('',(-1.,0.,0.));
#12963=VECTOR('',#12962,28.199999999);
#12964=LINE('',#12961,#12963);
#12965=EDGE_CURVE('',#12958,#12960,#12964,.T.);
#12966=ORIENTED_EDGE('',*,*,#12965,.T.);
#12967=CARTESIAN_POINT('',(153.,5.,84.386948409));
#12968=VERTEX_POINT('',#12967);
#12969=CARTESIAN_POINT('',(153.,5.,97.000000001));
#12970=DIRECTION('',(-0.,-0.,-1.));
#12971=VECTOR('',#12970,12.613051592);
#12972=LINE('',#12969,#12971);
#12973=EDGE_CURVE('',#12960,#12968,#12972,.T.);
#12974=ORIENTED_EDGE('',*,*,#12973,.T.);
#12975=CARTESIAN_POINT('',(181.199999999,5.000000001,84.386948409));
#12976=VERTEX_POINT('',#12975);
#12977=CARTESIAN_POINT('',(153.,5.,84.386948409));
#12978=DIRECTION('',(1.,-0.,-0.));
#12979=VECTOR('',#12978,28.199999999);
#12980=LINE('',#12977,#12979);
#12981=EDGE_CURVE('',#12968,#12976,#12980,.T.);
#12982=ORIENTED_EDGE('',*,*,#12981,.T.);
#12983=CARTESIAN_POINT('',(181.2,5.,84.386948409));
#12984=DIRECTION('',(0.,0.,1.));
#12985=VECTOR('',#12984,12.613051591);
#12986=LINE('',#12983,#12985);
#12987=EDGE_CURVE('',#12976,#12958,#12986,.T.);
#12988=ORIENTED_EDGE('',*,*,#12987,.T.);
#12989=EDGE_LOOP('',(#12966,#12974,#12982,#12988));
#12990=FACE_BOUND('',#12989,.T.);
#12991=ADVANCED_FACE('',(#12990),#12956,.F.);
#12992=CARTESIAN_POINT('',(244.46766848,2.,97.));
#12993=DIRECTION('',(1.,0.,0.));
#12994=DIRECTION('',(0.,0.,-1.));
#12995=AXIS2_PLACEMENT_3D('',#12992,#12993,#12994);
#12996=CYLINDRICAL_SURFACE('',#12995,3.);
#12997=ORIENTED_EDGE('',*,*,#12861,.F.);
#12998=CARTESIAN_POINT('',(153.,2.,97.));
#12999=DIRECTION('',(-1.,-0.,-0.));
#13000=DIRECTION('',(0.,0.,-1.));
#13001=AXIS2_PLACEMENT_3D('',#12998,#12999,#13000);
#13002=CIRCLE('',#13001,3.);
#13003=EDGE_CURVE('',#12848,#12960,#13002,.T.);
#13004=ORIENTED_EDGE('',*,*,#13003,.T.);
#13005=ORIENTED_EDGE('',*,*,#12965,.F.);
#13006=CARTESIAN_POINT('',(181.2,2.,97.));
#13007=DIRECTION('',(1.,0.,0.));
#13008=DIRECTION('',(0.,0.,-1.));
#13009=AXIS2_PLACEMENT_3D('',#13006,#13007,#13008);
#13010=CIRCLE('',#13009,3.);
#13011=EDGE_CURVE('',#12958,#12856,#13010,.T.);
#13012=ORIENTED_EDGE('',*,*,#13011,.T.);
#13013=EDGE_LOOP('',(#12997,#13004,#13005,#13012));
#13014=FACE_BOUND('',#13013,.T.);
#13015=ADVANCED_FACE('',(#13014),#12996,.F.);
#13016=CARTESIAN_POINT('',(244.46766848,-0.968901116,97.));
#13017=DIRECTION('',(1.,0.,0.));
#13018=DIRECTION('',(0.,0.,-1.));
#13019=AXIS2_PLACEMENT_3D('',#13016,#13017,#13018);
#13020=CYLINDRICAL_SURFACE('',#13019,3.);
#13021=ORIENTED_EDGE('',*,*,#12901,.F.);
#13022=CARTESIAN_POINT('',(153.,-0.968901116,97.));
#13023=DIRECTION('',(-1.,-0.,-0.));
#13024=DIRECTION('',(0.,0.,-1.));
#13025=AXIS2_PLACEMENT_3D('',#13022,#13023,#13024);
#13026=CIRCLE('',#13025,3.);
#13027=EDGE_CURVE('',#12888,#12840,#13026,.T.);
#13028=ORIENTED_EDGE('',*,*,#13027,.T.);
#13029=ORIENTED_EDGE('',*,*,#12845,.F.);
#13030=CARTESIAN_POINT('',(181.2,-0.968901116,97.));
#13031=DIRECTION('',(1.,0.,0.));
#13032=DIRECTION('',(0.,0.,-1.));
#13033=AXIS2_PLACEMENT_3D('',#13030,#13031,#13032);
#13034=CIRCLE('',#13033,3.);
#13035=EDGE_CURVE('',#12838,#12896,#13034,.T.);
#13036=ORIENTED_EDGE('',*,*,#13035,.T.);
#13037=EDGE_LOOP('',(#13021,#13028,#13029,#13036));
#13038=FACE_BOUND('',#13037,.T.);
#13039=ADVANCED_FACE('',(#13038),#13020,.F.);
#13040=CARTESIAN_POINT('',(244.46766848,-18.568901116,53.));
#13041=DIRECTION('',(1.,0.,0.));
#13042=DIRECTION('',(0.,0.,-1.));
#13043=AXIS2_PLACEMENT_3D('',#13040,#13041,#13042);
#13044=CYLINDRICAL_SURFACE('',#13043,3.);
#13045=ORIENTED_EDGE('',*,*,#12941,.F.);
#13046=CARTESIAN_POINT('',(153.,-18.568901116,53.));
#13047=DIRECTION('',(-1.,-0.,-0.));
#13048=DIRECTION('',(0.,0.,-1.));
#13049=AXIS2_PLACEMENT_3D('',#13046,#13047,#13048);
#13050=CIRCLE('',#13049,3.);
#13051=EDGE_CURVE('',#12928,#12880,#13050,.T.);
#13052=ORIENTED_EDGE('',*,*,#13051,.T.);
#13053=ORIENTED_EDGE('',*,*,#12885,.F.);
#13054=CARTESIAN_POINT('',(181.2,-18.568901116,53.));
#13055=DIRECTION('',(1.,0.,0.));
#13056=DIRECTION('',(0.,0.,-1.));
#13057=AXIS2_PLACEMENT_3D('',#13054,#13055,#13056);
#13058=CIRCLE('',#13057,3.);
#13059=EDGE_CURVE('',#12878,#12936,#13058,.T.);
#13060=ORIENTED_EDGE('',*,*,#13059,.T.);
#13061=EDGE_LOOP('',(#13045,#13052,#13053,#13060));
#13062=FACE_BOUND('',#13061,.T.);
#13063=ADVANCED_FACE('',(#13062),#13044,.F.);
#13064=CARTESIAN_POINT('',(244.46766848,5.,82.));
#13065=DIRECTION('',(0.,0.923879533,-0.382683432));
#13066=DIRECTION('',(1.,0.,0.));
#13067=AXIS2_PLACEMENT_3D('',#13064,#13065,#13066);
#13068=PLANE('',#13067);
#13069=CARTESIAN_POINT('',(181.199999999,4.086554393,79.794747222));
#13070=VERTEX_POINT('',#13069);
#13071=CARTESIAN_POINT('',(153.000000001,4.086554393,79.794747223));
#13072=VERTEX_POINT('',#13071);
#13073=CARTESIAN_POINT('',(181.199999999,4.086554391,79.794747219));
#13074=DIRECTION('',(-1.,-0.,0.));
#13075=VECTOR('',#13074,28.199999997);
#13076=LINE('',#13073,#13075);
#13077=EDGE_CURVE('',#13070,#13072,#13076,.T.);
#13078=ORIENTED_EDGE('',*,*,#13077,.T.);
#13079=CARTESIAN_POINT('',(153.,-7.487731304,51.8519497));
#13080=VERTEX_POINT('',#13079);
#13081=CARTESIAN_POINT('',(153.,4.086554393,79.794747223));
#13082=DIRECTION('',(0.,-0.382683432,-0.923879533));
#13083=VECTOR('',#13082,30.24506609);
#13084=LINE('',#13081,#13083);
#13085=EDGE_CURVE('',#13072,#13080,#13084,.T.);
#13086=ORIENTED_EDGE('',*,*,#13085,.T.);
#13087=CARTESIAN_POINT('',(181.200000014,-7.487731309,51.851949702));
#13088=VERTEX_POINT('',#13087);
#13089=CARTESIAN_POINT('',(153.,-7.487731296,51.851949696));
#13090=DIRECTION('',(1.,0.,-0.));
#13091=VECTOR('',#13090,28.200000014);
#13092=LINE('',#13089,#13091);
#13093=EDGE_CURVE('',#13080,#13088,#13092,.T.);
#13094=ORIENTED_EDGE('',*,*,#13093,.T.);
#13095=CARTESIAN_POINT('',(181.2,-7.487731296,51.851949696));
#13096=DIRECTION('',(-0.,0.382683432,0.923879533));
#13097=VECTOR('',#13096,30.24506609);
#13098=LINE('',#13095,#13097);
#13099=EDGE_CURVE('',#13088,#13070,#13098,.T.);
#13100=ORIENTED_EDGE('',*,*,#13099,.T.);
#13101=EDGE_LOOP('',(#13078,#13086,#13094,#13100));
#13102=FACE_BOUND('',#13101,.T.);
#13103=ADVANCED_FACE('',(#13102),#13068,.F.);
#13104=CARTESIAN_POINT('',(244.46766848,-7.,84.386948409));
#13105=DIRECTION('',(-1.,0.,0.));
#13106=DIRECTION('',(0.,0.,1.));
#13107=AXIS2_PLACEMENT_3D('',#13104,#13105,#13106);
#13108=CYLINDRICAL_SURFACE('',#13107,12.);
#13109=ORIENTED_EDGE('',*,*,#12981,.F.);
#13110=CARTESIAN_POINT('',(153.,-7.,84.386948409));
#13111=DIRECTION('',(-1.,0.,0.));
#13112=DIRECTION('',(0.,0.,1.));
#13113=AXIS2_PLACEMENT_3D('',#13110,#13111,#13112);
#13114=CIRCLE('',#13113,12.);
#13115=EDGE_CURVE('',#12968,#13072,#13114,.T.);
#13116=ORIENTED_EDGE('',*,*,#13115,.T.);
#13117=ORIENTED_EDGE('',*,*,#13077,.F.);
#13118=CARTESIAN_POINT('',(181.2,-7.,84.386948409));
#13119=DIRECTION('',(1.,-0.,-0.));
#13120=DIRECTION('',(0.,0.,1.));
#13121=AXIS2_PLACEMENT_3D('',#13118,#13119,#13120);
#13122=CIRCLE('',#13121,12.);
#13123=EDGE_CURVE('',#13070,#12976,#13122,.T.);
#13124=ORIENTED_EDGE('',*,*,#13123,.T.);
#13125=EDGE_LOOP('',(#13109,#13116,#13117,#13124));
#13126=FACE_BOUND('',#13125,.T.);
#13127=ADVANCED_FACE('',(#13126),#13108,.F.);
#13128=CARTESIAN_POINT('',(244.46766848,-10.25936991,53.));
#13129=DIRECTION('',(1.,0.,0.));
#13130=DIRECTION('',(0.,0.,-1.));
#13131=AXIS2_PLACEMENT_3D('',#13128,#13129,#13130);
#13132=CYLINDRICAL_SURFACE('',#13131,3.);
#13133=ORIENTED_EDGE('',*,*,#13093,.F.);
#13134=CARTESIAN_POINT('',(153.,-10.25936991,53.));
#13135=DIRECTION('',(-1.,-0.,-0.));
#13136=DIRECTION('',(0.,0.,-1.));
#13137=AXIS2_PLACEMENT_3D('',#13134,#13135,#13136);
#13138=CIRCLE('',#13137,3.);
#13139=EDGE_CURVE('',#13080,#12920,#13138,.T.);
#13140=ORIENTED_EDGE('',*,*,#13139,.T.);
#13141=ORIENTED_EDGE('',*,*,#12925,.F.);
#13142=CARTESIAN_POINT('',(181.2,-10.25936991,53.));
#13143=DIRECTION('',(1.,0.,0.));
#13144=DIRECTION('',(0.,0.,-1.));
#13145=AXIS2_PLACEMENT_3D('',#13142,#13143,#13144);
#13146=CIRCLE('',#13145,3.);
#13147=EDGE_CURVE('',#12918,#13088,#13146,.T.);
#13148=ORIENTED_EDGE('',*,*,#13147,.T.);
#13149=EDGE_LOOP('',(#13133,#13140,#13141,#13148));
#13150=FACE_BOUND('',#13149,.T.);
#13151=ADVANCED_FACE('',(#13150),#13132,.F.);
#13152=CARTESIAN_POINT('',(181.2,-23.,50.));
#13153=DIRECTION('',(0.707106781,0.656532164,-0.262612866));
#13154=DIRECTION('',(0.,0.371390676,0.928476691));
#13155=AXIS2_PLACEMENT_3D('',#13152,#13153,#13154);
#13156=PLANE('',#13155);
#13157=CARTESIAN_POINT('',(181.199999997,-21.354331191,54.11417203));
#13158=CARTESIAN_POINT('',(182.199999998,-22.282807881,54.485562706));
#13159=CARTESIAN_POINT('',(183.199999999,-23.211284571,54.856953382));
#13160=CARTESIAN_POINT('',(184.2,-24.139761261,55.228344058));
#13161=B_SPLINE_CURVE_WITH_KNOTS('',3,(#13157,#13158,#13159,#13160),.UNSPECIFIED.,.F.,.F.,(4,4),(0.,4.242640687),.UNSPECIFIED.);
#13162=EDGE_CURVE('',#12878,#7111,#13161,.T.);
#13163=ORIENTED_EDGE('',*,*,#13162,.F.);
#13164=ORIENTED_EDGE('',*,*,#12907,.F.);
#13165=CARTESIAN_POINT('',(184.2,-6.539761261,99.228344058));
#13166=CARTESIAN_POINT('',(183.199999999,-5.611284571,98.856953383));
#13167=CARTESIAN_POINT('',(182.199999998,-4.68280788,98.485562708));
#13168=CARTESIAN_POINT('',(181.199999997,-3.75433119,98.114172032));
#13169=B_SPLINE_CURVE_WITH_KNOTS('',3,(#13165,#13166,#13167,#13168),.UNSPECIFIED.,.F.,.F.,(4,4),(0.,4.242640687),.UNSPECIFIED.);
#13170=EDGE_CURVE('',#7120,#12896,#13169,.T.);
#13171=ORIENTED_EDGE('',*,*,#13170,.F.);
#13172=ORIENTED_EDGE('',*,*,#7125,.F.);
#13173=EDGE_LOOP('',(#13163,#13164,#13171,#13172));
#13174=FACE_BOUND('',#13173,.T.);
#13175=ADVANCED_FACE('',(#13174),#13156,.T.);
#13176=CARTESIAN_POINT('',(184.2,-0.968901116,97.));
#13177=DIRECTION('',(1.,0.,0.));
#13178=DIRECTION('',(0.,0.,-1.));
#13179=AXIS2_PLACEMENT_3D('',#13176,#13177,#13178);
#13180=CONICAL_SURFACE('',#13179,6.,44.999999949);
#13181=ORIENTED_EDGE('',*,*,#13170,.T.);
#13182=ORIENTED_EDGE('',*,*,#13035,.F.);
#13183=CARTESIAN_POINT('',(184.2,-0.968901116,103.));
#13184=DIRECTION('',(-0.707106781,0.,-0.707106781));
#13185=VECTOR('',#13184,4.242640687);
#13186=LINE('',#13183,#13185);
#13187=EDGE_CURVE('',#7128,#12838,#13186,.T.);
#13188=ORIENTED_EDGE('',*,*,#13187,.F.);
#13189=ORIENTED_EDGE('',*,*,#7134,.F.);
#13190=EDGE_LOOP('',(#13181,#13182,#13188,#13189));
#13191=FACE_BOUND('',#13190,.T.);
#13192=ADVANCED_FACE('',(#13191),#13180,.F.);
#13193=CARTESIAN_POINT('',(184.2,-18.568901116,53.));
#13194=DIRECTION('',(1.,0.,0.));
#13195=DIRECTION('',(0.,0.,-1.));
#13196=AXIS2_PLACEMENT_3D('',#13193,#13194,#13195);
#13197=CONICAL_SURFACE('',#13196,6.,44.999999949);
#13198=ORIENTED_EDGE('',*,*,#13162,.T.);
#13199=ORIENTED_EDGE('',*,*,#7117,.F.);
#13200=CARTESIAN_POINT('',(181.2,-18.568901116,50.));
#13201=DIRECTION('',(0.707106781,0.,-0.707106781));
#13202=VECTOR('',#13201,4.242640687);
#13203=LINE('',#13200,#13202);
#13204=EDGE_CURVE('',#12936,#7103,#13203,.T.);
#13205=ORIENTED_EDGE('',*,*,#13204,.F.);
#13206=ORIENTED_EDGE('',*,*,#13059,.F.);
#13207=EDGE_LOOP('',(#13198,#13199,#13205,#13206));
#13208=FACE_BOUND('',#13207,.T.);
#13209=ADVANCED_FACE('',(#13208),#13197,.F.);
#13210=CARTESIAN_POINT('',(184.2,51.014974982,103.));
#13211=DIRECTION('',(0.707106781,0.,-0.707106781));
#13212=DIRECTION('',(0.,-1.,0.));
#13213=AXIS2_PLACEMENT_3D('',#13210,#13211,#13212);
#13214=PLANE('',#13213);
#13215=ORIENTED_EDGE('',*,*,#13187,.T.);
#13216=ORIENTED_EDGE('',*,*,#12867,.F.);
#13217=CARTESIAN_POINT('',(184.200000001,2.,102.999999996));
#13218=DIRECTION('',(-0.707106782,-0.,-0.707106781));
#13219=VECTOR('',#13218,4.242640685);
#13220=LINE('',#13217,#13219);
#13221=EDGE_CURVE('',#7137,#12856,#13220,.T.);
#13222=ORIENTED_EDGE('',*,*,#13221,.F.);
#13223=ORIENTED_EDGE('',*,*,#7142,.F.);
#13224=EDGE_LOOP('',(#13215,#13216,#13222,#13223));
#13225=FACE_BOUND('',#13224,.T.);
#13226=ADVANCED_FACE('',(#13225),#13214,.T.);
#13227=CARTESIAN_POINT('',(181.2,5.,50.));
#13228=DIRECTION('',(0.707106781,0.,0.707106781));
#13229=DIRECTION('',(0.,-1.,0.));
#13230=AXIS2_PLACEMENT_3D('',#13227,#13228,#13229);
#13231=PLANE('',#13230);
#13232=ORIENTED_EDGE('',*,*,#13204,.T.);
#13233=ORIENTED_EDGE('',*,*,#7108,.F.);
#13234=CARTESIAN_POINT('',(181.199999997,-10.25936991,49.999999997));
#13235=DIRECTION('',(0.707106782,0.,-0.707106781));
#13236=VECTOR('',#13235,4.242640687);
#13237=LINE('',#13234,#13236);
#13238=EDGE_CURVE('',#12918,#7094,#13237,.T.);
#13239=ORIENTED_EDGE('',*,*,#13238,.F.);
#13240=ORIENTED_EDGE('',*,*,#12947,.F.);
#13241=EDGE_LOOP('',(#13232,#13233,#13239,#13240));
#13242=FACE_BOUND('',#13241,.T.);
#13243=ADVANCED_FACE('',(#13242),#13231,.T.);
#13244=CARTESIAN_POINT('',(181.2,2.,97.));
#13245=DIRECTION('',(1.,0.,0.));
#13246=DIRECTION('',(0.,0.,-1.));
#13247=AXIS2_PLACEMENT_3D('',#13244,#13245,#13246);
#13248=CONICAL_SURFACE('',#13247,3.,44.999999949);
#13249=ORIENTED_EDGE('',*,*,#13221,.T.);
#13250=ORIENTED_EDGE('',*,*,#13011,.F.);
#13251=CARTESIAN_POINT('',(184.2,8.,97.));
#13252=DIRECTION('',(-0.707106781,-0.707106781,-0.));
#13253=VECTOR('',#13252,4.242640687);
#13254=LINE('',#13251,#13253);
#13255=EDGE_CURVE('',#7067,#12958,#13254,.T.);
#13256=ORIENTED_EDGE('',*,*,#13255,.F.);
#13257=ORIENTED_EDGE('',*,*,#7149,.F.);
#13258=EDGE_LOOP('',(#13249,#13250,#13256,#13257));
#13259=FACE_BOUND('',#13258,.T.);
#13260=ADVANCED_FACE('',(#13259),#13248,.F.);
#13261=CARTESIAN_POINT('',(184.2,-10.25936991,53.));
#13262=DIRECTION('',(1.,0.,0.));
#13263=DIRECTION('',(0.,0.,-1.));
#13264=AXIS2_PLACEMENT_3D('',#13261,#13262,#13263);
#13265=CONICAL_SURFACE('',#13264,6.,44.999999949);
#13266=ORIENTED_EDGE('',*,*,#13238,.T.);
#13267=ORIENTED_EDGE('',*,*,#7100,.F.);
#13268=CARTESIAN_POINT('',(181.200000014,-7.487731309,51.851949702));
#13269=DIRECTION('',(0.707106781,0.653281483,-0.27059805));
#13270=VECTOR('',#13269,4.242640671);
#13271=LINE('',#13268,#13270);
#13272=EDGE_CURVE('',#13088,#7086,#13271,.T.);
#13273=ORIENTED_EDGE('',*,*,#13272,.F.);
#13274=ORIENTED_EDGE('',*,*,#13147,.F.);
#13275=EDGE_LOOP('',(#13266,#13267,#13273,#13274));
#13276=FACE_BOUND('',#13275,.T.);
#13277=ADVANCED_FACE('',(#13276),#13265,.F.);
#13278=CARTESIAN_POINT('',(181.2,5.,100.));
#13279=DIRECTION('',(0.707106781,-0.707106781,0.));
#13280=DIRECTION('',(0.,0.,-1.));
#13281=AXIS2_PLACEMENT_3D('',#13278,#13279,#13280);
#13282=PLANE('',#13281);
#13283=ORIENTED_EDGE('',*,*,#13255,.T.);
#13284=ORIENTED_EDGE('',*,*,#12987,.F.);
#13285=CARTESIAN_POINT('',(184.2,8.,84.386948409));
#13286=CARTESIAN_POINT('',(183.199999999,7.000000001,84.386948409));
#13287=CARTESIAN_POINT('',(182.199999998,6.000000002,84.386948409));
#13288=CARTESIAN_POINT('',(181.199999997,5.000000003,84.386948408));
#13289=B_SPLINE_CURVE_WITH_KNOTS('',3,(#13285,#13286,#13287,#13288),.UNSPECIFIED.,.F.,.F.,(4,4),(0.,4.242640687),.UNSPECIFIED.);
#13290=EDGE_CURVE('',#7069,#12976,#13289,.T.);
#13291=ORIENTED_EDGE('',*,*,#13290,.F.);
#13292=ORIENTED_EDGE('',*,*,#7074,.F.);
#13293=EDGE_LOOP('',(#13283,#13284,#13291,#13292));
#13294=FACE_BOUND('',#13293,.T.);
#13295=ADVANCED_FACE('',(#13294),#13282,.T.);
#13296=CARTESIAN_POINT('',(184.2,24.056317212,120.166641672));
#13297=DIRECTION('',(0.707106781,-0.653281482,0.27059805));
#13298=DIRECTION('',(-0.,0.382683432,0.923879533));
#13299=AXIS2_PLACEMENT_3D('',#13296,#13297,#13298);
#13300=PLANE('',#13299);
#13301=ORIENTED_EDGE('',*,*,#13272,.T.);
#13302=ORIENTED_EDGE('',*,*,#7091,.F.);
#13303=CARTESIAN_POINT('',(181.199999997,4.086554392,79.794747219));
#13304=CARTESIAN_POINT('',(182.199999998,5.010433924,79.412063787));
#13305=CARTESIAN_POINT('',(183.199999999,5.934313456,79.029380355));
#13306=CARTESIAN_POINT('',(184.2,6.858192987,78.646696923));
#13307=B_SPLINE_CURVE_WITH_KNOTS('',3,(#13303,#13304,#13305,#13306),.UNSPECIFIED.,.F.,.F.,(4,4),(0.,4.242640687),.UNSPECIFIED.);
#13308=EDGE_CURVE('',#13070,#7077,#13307,.T.);
#13309=ORIENTED_EDGE('',*,*,#13308,.F.);
#13310=ORIENTED_EDGE('',*,*,#13099,.F.);
#13311=EDGE_LOOP('',(#13301,#13302,#13309,#13310));
#13312=FACE_BOUND('',#13311,.T.);
#13313=ADVANCED_FACE('',(#13312),#13300,.T.);
#13314=CARTESIAN_POINT('',(184.2,-7.,84.386948409));
#13315=DIRECTION('',(1.,0.,0.));
#13316=DIRECTION('',(0.,0.,-1.));
#13317=AXIS2_PLACEMENT_3D('',#13314,#13315,#13316);
#13318=CONICAL_SURFACE('',#13317,15.,44.999999949);
#13319=ORIENTED_EDGE('',*,*,#13290,.T.);
#13320=ORIENTED_EDGE('',*,*,#13123,.F.);
#13321=ORIENTED_EDGE('',*,*,#13308,.T.);
#13322=ORIENTED_EDGE('',*,*,#7083,.F.);
#13323=EDGE_LOOP('',(#13319,#13320,#13321,#13322));
#13324=FACE_BOUND('',#13323,.T.);
#13325=ADVANCED_FACE('',(#13324),#13318,.F.);
#13326=CARTESIAN_POINT('',(150.,-1.355514613,58.817052637));
#13327=DIRECTION('',(0.707106781,0.653281482,-0.27059805));
#13328=DIRECTION('',(0.,0.382683432,0.923879533));
#13329=AXIS2_PLACEMENT_3D('',#13326,#13327,#13328);
#13330=PLANE('',#13329);
#13331=CARTESIAN_POINT('',(150.,6.858192988,78.646696923));
#13332=CARTESIAN_POINT('',(151.000000001,5.934313456,79.029380355));
#13333=CARTESIAN_POINT('',(152.000000002,5.010433924,79.412063788));
#13334=CARTESIAN_POINT('',(153.000000003,4.086554393,79.79474722));
#13335=B_SPLINE_CURVE_WITH_KNOTS('',3,(#13331,#13332,#13333,#13334),.UNSPECIFIED.,.F.,.F.,(4,4),(0.,4.242640687),.UNSPECIFIED.);
#13336=EDGE_CURVE('',#7671,#13072,#13335,.T.);
#13337=ORIENTED_EDGE('',*,*,#13336,.F.);
#13338=ORIENTED_EDGE('',*,*,#7676,.F.);
#13339=CARTESIAN_POINT('',(153.000000003,-7.48773131,51.851949702));
#13340=CARTESIAN_POINT('',(152.000000002,-6.563851778,51.46926627));
#13341=CARTESIAN_POINT('',(151.000000001,-5.639972246,51.086582838));
#13342=CARTESIAN_POINT('',(150.,-4.716092715,50.703899406));
#13343=B_SPLINE_CURVE_WITH_KNOTS('',3,(#13339,#13340,#13341,#13342),.UNSPECIFIED.,.F.,.F.,(4,4),(0.,4.242640687),.UNSPECIFIED.);
#13344=EDGE_CURVE('',#13080,#7662,#13343,.T.);
#13345=ORIENTED_EDGE('',*,*,#13344,.F.);
#13346=ORIENTED_EDGE('',*,*,#13085,.F.);
#13347=EDGE_LOOP('',(#13337,#13338,#13345,#13346));
#13348=FACE_BOUND('',#13347,.T.);
#13349=ADVANCED_FACE('',(#13348),#13330,.F.);
#13350=CARTESIAN_POINT('',(150.,-10.25936991,53.));
#13351=DIRECTION('',(-1.,0.,0.));
#13352=DIRECTION('',(0.,0.,1.));
#13353=AXIS2_PLACEMENT_3D('',#13350,#13351,#13352);
#13354=CONICAL_SURFACE('',#13353,6.,44.999999949);
#13355=ORIENTED_EDGE('',*,*,#13344,.T.);
#13356=ORIENTED_EDGE('',*,*,#7668,.F.);
#13357=CARTESIAN_POINT('',(153.,-10.25936991,50.));
#13358=DIRECTION('',(-0.707106781,0.,-0.707106781));
#13359=VECTOR('',#13358,4.242640687);
#13360=LINE('',#13357,#13359);
#13361=EDGE_CURVE('',#12920,#7654,#13360,.T.);
#13362=ORIENTED_EDGE('',*,*,#13361,.F.);
#13363=ORIENTED_EDGE('',*,*,#13139,.F.);
#13364=EDGE_LOOP('',(#13355,#13356,#13362,#13363));
#13365=FACE_BOUND('',#13364,.T.);
#13366=ADVANCED_FACE('',(#13365),#13354,.F.);
#13367=CARTESIAN_POINT('',(150.,-7.,84.386948409));
#13368=DIRECTION('',(-1.,0.,0.));
#13369=DIRECTION('',(0.,0.,1.));
#13370=AXIS2_PLACEMENT_3D('',#13367,#13368,#13369);
#13371=CONICAL_SURFACE('',#13370,15.,44.999999949);
#13372=ORIENTED_EDGE('',*,*,#13336,.T.);
#13373=ORIENTED_EDGE('',*,*,#13115,.F.);
#13374=CARTESIAN_POINT('',(150.,8.,84.386948409));
#13375=DIRECTION('',(0.707106781,-0.707106781,0.));
#13376=VECTOR('',#13375,4.242640687);
#13377=LINE('',#13374,#13376);
#13378=EDGE_CURVE('',#7679,#12968,#13377,.T.);
#13379=ORIENTED_EDGE('',*,*,#13378,.F.);
#13380=ORIENTED_EDGE('',*,*,#7685,.F.);
#13381=EDGE_LOOP('',(#13372,#13373,#13379,#13380));
#13382=FACE_BOUND('',#13381,.T.);
#13383=ADVANCED_FACE('',(#13382),#13371,.F.);
#13384=CARTESIAN_POINT('',(153.,5.,50.));
#13385=DIRECTION('',(0.707106781,0.,-0.707106781));
#13386=DIRECTION('',(0.,-1.,0.));
#13387=AXIS2_PLACEMENT_3D('',#13384,#13385,#13386);
#13388=PLANE('',#13387);
#13389=ORIENTED_EDGE('',*,*,#13361,.T.);
#13390=ORIENTED_EDGE('',*,*,#7659,.F.);
#13391=CARTESIAN_POINT('',(153.,-18.568901116,50.));
#13392=CARTESIAN_POINT('',(152.,-18.568901115,49.000000002));
#13393=CARTESIAN_POINT('',(151.,-18.568901113,48.000000004));
#13394=CARTESIAN_POINT('',(150.,-18.568901111,47.000000005));
#13395=B_SPLINE_CURVE_WITH_KNOTS('',3,(#13391,#13392,#13393,#13394),.UNSPECIFIED.,.F.,.F.,(4,4),(0.,4.242640687),.UNSPECIFIED.);
#13396=EDGE_CURVE('',#12928,#7645,#13395,.T.);
#13397=ORIENTED_EDGE('',*,*,#13396,.F.);
#13398=ORIENTED_EDGE('',*,*,#12933,.F.);
#13399=EDGE_LOOP('',(#13389,#13390,#13397,#13398));
#13400=FACE_BOUND('',#13399,.T.);
#13401=ADVANCED_FACE('',(#13400),#13388,.F.);
#13402=CARTESIAN_POINT('',(150.,8.,39.092));
#13403=DIRECTION('',(0.707106781,0.707106781,0.));
#13404=DIRECTION('',(0.,0.,1.));
#13405=AXIS2_PLACEMENT_3D('',#13402,#13403,#13404);
#13406=PLANE('',#13405);
#13407=ORIENTED_EDGE('',*,*,#13378,.T.);
#13408=ORIENTED_EDGE('',*,*,#12973,.F.);
#13409=CARTESIAN_POINT('',(150.,8.,97.));
#13410=CARTESIAN_POINT('',(151.000000001,7.000000001,97.000000001));
#13411=CARTESIAN_POINT('',(152.000000002,6.000000002,97.000000002));
#13412=CARTESIAN_POINT('',(153.000000003,5.000000003,97.000000002));
#13413=B_SPLINE_CURVE_WITH_KNOTS('',3,(#13409,#13410,#13411,#13412),.UNSPECIFIED.,.F.,.F.,(4,4),(0.,4.242640687),.UNSPECIFIED.);
#13414=EDGE_CURVE('',#7688,#12960,#13413,.T.);
#13415=ORIENTED_EDGE('',*,*,#13414,.F.);
#13416=ORIENTED_EDGE('',*,*,#7693,.F.);
#13417=EDGE_LOOP('',(#13407,#13408,#13415,#13416));
#13418=FACE_BOUND('',#13417,.T.);
#13419=ADVANCED_FACE('',(#13418),#13406,.F.);
#13420=CARTESIAN_POINT('',(153.,-18.568901116,53.));
#13421=DIRECTION('',(-1.,0.,0.));
#13422=DIRECTION('',(0.,0.,1.));
#13423=AXIS2_PLACEMENT_3D('',#13420,#13421,#13422);
#13424=CONICAL_SURFACE('',#13423,3.,44.999999949);
#13425=ORIENTED_EDGE('',*,*,#13396,.T.);
#13426=ORIENTED_EDGE('',*,*,#7651,.F.);
#13427=CARTESIAN_POINT('',(152.999999998,-21.354331188,54.114172029));
#13428=DIRECTION('',(-0.707106781,-0.656532164,0.262612865));
#13429=VECTOR('',#13428,4.242640685);
#13430=LINE('',#13427,#13429);
#13431=EDGE_CURVE('',#12880,#7637,#13430,.T.);
#13432=ORIENTED_EDGE('',*,*,#13431,.F.);
#13433=ORIENTED_EDGE('',*,*,#13051,.F.);
#13434=EDGE_LOOP('',(#13425,#13426,#13432,#13433));
#13435=FACE_BOUND('',#13434,.T.);
#13436=ADVANCED_FACE('',(#13435),#13424,.F.);
#13437=CARTESIAN_POINT('',(150.,2.,97.));
#13438=DIRECTION('',(-1.,0.,0.));
#13439=DIRECTION('',(0.,0.,1.));
#13440=AXIS2_PLACEMENT_3D('',#13437,#13438,#13439);
#13441=CONICAL_SURFACE('',#13440,6.,44.999999949);
#13442=ORIENTED_EDGE('',*,*,#13414,.T.);
#13443=ORIENTED_EDGE('',*,*,#13003,.F.);
#13444=CARTESIAN_POINT('',(150.,2.,103.));
#13445=DIRECTION('',(0.707106781,-0.,-0.707106781));
#13446=VECTOR('',#13445,4.242640687);
#13447=LINE('',#13444,#13446);
#13448=EDGE_CURVE('',#7618,#12848,#13447,.T.);
#13449=ORIENTED_EDGE('',*,*,#13448,.F.);
#13450=ORIENTED_EDGE('',*,*,#7700,.F.);
#13451=EDGE_LOOP('',(#13442,#13443,#13449,#13450));
#13452=FACE_BOUND('',#13451,.T.);
#13453=ADVANCED_FACE('',(#13452),#13441,.F.);
#13454=CARTESIAN_POINT('',(153.,-23.,50.));
#13455=DIRECTION('',(0.707106781,-0.656532164,0.262612866));
#13456=DIRECTION('',(-0.,0.371390676,0.928476691));
#13457=AXIS2_PLACEMENT_3D('',#13454,#13455,#13456);
#13458=PLANE('',#13457);
#13459=ORIENTED_EDGE('',*,*,#13431,.T.);
#13460=ORIENTED_EDGE('',*,*,#7642,.F.);
#13461=CARTESIAN_POINT('',(153.,-3.754331188,98.114172029));
#13462=CARTESIAN_POINT('',(152.,-4.682807878,98.485562704));
#13463=CARTESIAN_POINT('',(151.,-5.611284568,98.856953379));
#13464=CARTESIAN_POINT('',(150.,-6.539761257,99.228344053));
#13465=B_SPLINE_CURVE_WITH_KNOTS('',3,(#13461,#13462,#13463,#13464),.UNSPECIFIED.,.F.,.F.,(4,4),(0.,4.242640687),.UNSPECIFIED.);
#13466=EDGE_CURVE('',#12888,#7628,#13465,.T.);
#13467=ORIENTED_EDGE('',*,*,#13466,.F.);
#13468=ORIENTED_EDGE('',*,*,#12893,.F.);
#13469=EDGE_LOOP('',(#13459,#13460,#13467,#13468));
#13470=FACE_BOUND('',#13469,.T.);
#13471=ADVANCED_FACE('',(#13470),#13458,.F.);
#13472=CARTESIAN_POINT('',(153.,-5.,100.));
#13473=DIRECTION('',(0.707106781,0.,0.707106781));
#13474=DIRECTION('',(0.,1.,0.));
#13475=AXIS2_PLACEMENT_3D('',#13472,#13473,#13474);
#13476=PLANE('',#13475);
#13477=ORIENTED_EDGE('',*,*,#13448,.T.);
#13478=ORIENTED_EDGE('',*,*,#12853,.F.);
#13479=CARTESIAN_POINT('',(149.999999999,-0.968901116,102.999999996));
#13480=DIRECTION('',(0.707106782,-0.,-0.707106781));
#13481=VECTOR('',#13480,4.242640685);
#13482=LINE('',#13479,#13481);
#13483=EDGE_CURVE('',#7620,#12840,#13482,.T.);
#13484=ORIENTED_EDGE('',*,*,#13483,.F.);
#13485=ORIENTED_EDGE('',*,*,#7625,.F.);
#13486=EDGE_LOOP('',(#13477,#13478,#13484,#13485));
#13487=FACE_BOUND('',#13486,.T.);
#13488=ADVANCED_FACE('',(#13487),#13476,.F.);
#13489=CARTESIAN_POINT('',(153.,-0.968901116,97.));
#13490=DIRECTION('',(-1.,0.,0.));
#13491=DIRECTION('',(0.,0.,1.));
#13492=AXIS2_PLACEMENT_3D('',#13489,#13490,#13491);
#13493=CONICAL_SURFACE('',#13492,3.,44.999999949);
#13494=ORIENTED_EDGE('',*,*,#13466,.T.);
#13495=ORIENTED_EDGE('',*,*,#7634,.F.);
#13496=ORIENTED_EDGE('',*,*,#13483,.T.);
#13497=ORIENTED_EDGE('',*,*,#13027,.F.);
#13498=EDGE_LOOP('',(#13494,#13495,#13496,#13497));
#13499=FACE_BOUND('',#13498,.T.);
#13500=ADVANCED_FACE('',(#13499),#13493,.F.);
#13501=CARTESIAN_POINT('',(181.2,6.711071116,135.141807012));
#13502=DIRECTION('',(0.707106781,-0.392847479,0.587937801));
#13503=DIRECTION('',(0.,-0.831469612,-0.555570233));
#13504=AXIS2_PLACEMENT_3D('',#13501,#13502,#13503);
#13505=PLANE('',#13504);
#13506=ORIENTED_EDGE('',*,*,#10402,.F.);
#13507=ORIENTED_EDGE('',*,*,#10256,.F.);
#13508=CARTESIAN_POINT('',(184.2,-6.056880958,123.002464862));
#13509=CARTESIAN_POINT('',(183.2,-6.61245119,123.833934473));
#13510=CARTESIAN_POINT('',(182.2,-7.168021421,124.665404084));
#13511=CARTESIAN_POINT('',(181.2,-7.723591653,125.496873695));
#13512=B_SPLINE_CURVE_WITH_KNOTS('',3,(#13508,#13509,#13510,#13511),.UNSPECIFIED.,.F.,.F.,(4,4),(0.,4.242640687),.UNSPECIFIED.);
#13513=EDGE_CURVE('',#7515,#10243,#13512,.T.);
#13514=ORIENTED_EDGE('',*,*,#13513,.F.);
#13515=ORIENTED_EDGE('',*,*,#7520,.F.);
#13516=EDGE_LOOP('',(#13506,#13507,#13514,#13515));
#13517=FACE_BOUND('',#13516,.T.);
#13518=ADVANCED_FACE('',(#13517),#13505,.T.);
#13519=CARTESIAN_POINT('',(184.2,6.165664171,104.710133393));
#13520=DIRECTION('',(-1.,0.,0.));
#13521=DIRECTION('',(0.,0.,1.));
#13522=AXIS2_PLACEMENT_3D('',#13519,#13520,#13521);
#13523=CONICAL_SURFACE('',#13522,22.,44.999999949);
#13524=ORIENTED_EDGE('',*,*,#13513,.T.);
#13525=ORIENTED_EDGE('',*,*,#12576,.F.);
#13526=CARTESIAN_POINT('',(184.200000001,-14.15968555,113.129168895));
#13527=DIRECTION('',(-0.707106782,-0.653281482,0.27059805));
#13528=VECTOR('',#13527,4.242640686);
#13529=LINE('',#13526,#13528);
#13530=EDGE_CURVE('',#7523,#10187,#13529,.T.);
#13531=ORIENTED_EDGE('',*,*,#13530,.F.);
#13532=ORIENTED_EDGE('',*,*,#7529,.F.);
#13533=EDGE_LOOP('',(#13524,#13525,#13531,#13532));
#13534=FACE_BOUND('',#13533,.T.);
#13535=ADVANCED_FACE('',(#13534),#13523,.T.);
#13536=CARTESIAN_POINT('',(184.2,-6.07495918,132.64742497));
#13537=DIRECTION('',(0.707106781,-0.653281483,0.27059805));
#13538=DIRECTION('',(-0.,0.382683432,0.923879533));
#13539=AXIS2_PLACEMENT_3D('',#13536,#13537,#13538);
#13540=PLANE('',#13539);
#13541=ORIENTED_EDGE('',*,*,#13530,.T.);
#13542=ORIENTED_EDGE('',*,*,#10216,.F.);
#13543=CARTESIAN_POINT('',(184.2,-37.690977074,56.319605668));
#13544=CARTESIAN_POINT('',(183.2,-38.614856605,56.7022891));
#13545=CARTESIAN_POINT('',(182.2,-39.538736136,57.084972531));
#13546=CARTESIAN_POINT('',(181.2,-40.462615667,57.467655963));
#13547=B_SPLINE_CURVE_WITH_KNOTS('',3,(#13543,#13544,#13545,#13546),.UNSPECIFIED.,.F.,.F.,(4,4),(0.,4.242640687),.UNSPECIFIED.);
#13548=EDGE_CURVE('',#7414,#10205,#13547,.T.);
#13549=ORIENTED_EDGE('',*,*,#13548,.F.);
#13550=ORIENTED_EDGE('',*,*,#7535,.F.);
#13551=EDGE_LOOP('',(#13541,#13542,#13549,#13550));
#13552=FACE_BOUND('',#13551,.T.);
#13553=ADVANCED_FACE('',(#13552),#13540,.T.);
#13554=CARTESIAN_POINT('',(184.2,-21.985025018,49.813987326));
#13555=DIRECTION('',(-1.,0.,0.));
#13556=DIRECTION('',(0.,0.,1.));
#13557=AXIS2_PLACEMENT_3D('',#13554,#13555,#13556);
#13558=CONICAL_SURFACE('',#13557,17.,44.999999949);
#13559=ORIENTED_EDGE('',*,*,#13548,.T.);
#13560=ORIENTED_EDGE('',*,*,#12600,.F.);
#13561=CARTESIAN_POINT('',(184.2,-38.985025018,49.813987326));
#13562=DIRECTION('',(-0.707106781,-0.707106781,0.));
#13563=VECTOR('',#13562,4.242640687);
#13564=LINE('',#13561,#13563);
#13565=EDGE_CURVE('',#7416,#8175,#13564,.T.);
#13566=ORIENTED_EDGE('',*,*,#13565,.F.);
#13567=ORIENTED_EDGE('',*,*,#7422,.F.);
#13568=EDGE_LOOP('',(#13559,#13560,#13566,#13567));
#13569=FACE_BOUND('',#13568,.T.);
#13570=ADVANCED_FACE('',(#13569),#13558,.T.);
#13571=CARTESIAN_POINT('',(184.2,-38.985025018,109.));
#13572=DIRECTION('',(0.707106781,-0.707106781,0.));
#13573=DIRECTION('',(0.,0.,1.));
#13574=AXIS2_PLACEMENT_3D('',#13571,#13572,#13573);
#13575=PLANE('',#13574);
#13576=ORIENTED_EDGE('',*,*,#13565,.T.);
#13577=ORIENTED_EDGE('',*,*,#8301,.F.);
#13578=ORIENTED_EDGE('',*,*,#9028,.F.);
#13579=ORIENTED_EDGE('',*,*,#7430,.F.);
#13580=EDGE_LOOP('',(#13576,#13577,#13578,#13579));
#13581=FACE_BOUND('',#13580,.T.);
#13582=ADVANCED_FACE('',(#13581),#13575,.T.);
#13583=CARTESIAN_POINT('',(150.,-38.985025018,39.092));
#13584=DIRECTION('',(0.707106781,0.707106781,0.));
#13585=DIRECTION('',(0.,0.,1.));
#13586=AXIS2_PLACEMENT_3D('',#13583,#13584,#13585);
#13587=PLANE('',#13586);
#13588=ORIENTED_EDGE('',*,*,#7728,.F.);
#13589=CARTESIAN_POINT('',(150.,-38.985025018,44.55));
#13590=DIRECTION('',(0.577350269,-0.577350269,-0.577350269));
#13591=VECTOR('',#13590,1.732050808);
#13592=LINE('',#13589,#13591);
#13593=EDGE_CURVE('',#7715,#11709,#13592,.T.);
#13594=ORIENTED_EDGE('',*,*,#13593,.T.);
#13595=ORIENTED_EDGE('',*,*,#11714,.F.);
#13596=ORIENTED_EDGE('',*,*,#8190,.F.);
#13597=CARTESIAN_POINT('',(149.999999997,-38.98502502,49.813987326));
#13598=DIRECTION('',(0.707106782,-0.707106781,0.));
#13599=VECTOR('',#13598,4.242640688);
#13600=LINE('',#13597,#13599);
#13601=EDGE_CURVE('',#7723,#8177,#13600,.T.);
#13602=ORIENTED_EDGE('',*,*,#13601,.F.);
#13603=EDGE_LOOP('',(#13588,#13594,#13595,#13596,#13602));
#13604=FACE_BOUND('',#13603,.T.);
#13605=ADVANCED_FACE('',(#13604),#13587,.F.);
#13606=CARTESIAN_POINT('',(153.,-21.985025018,49.813987326));
#13607=DIRECTION('',(1.,0.,0.));
#13608=DIRECTION('',(0.,0.,-1.));
#13609=AXIS2_PLACEMENT_3D('',#13606,#13607,#13608);
#13610=CONICAL_SURFACE('',#13609,20.,44.999999949);
#13611=ORIENTED_EDGE('',*,*,#13601,.T.);
#13612=ORIENTED_EDGE('',*,*,#12592,.F.);
#13613=CARTESIAN_POINT('',(149.999999998,-37.690977074,56.319605668));
#13614=DIRECTION('',(0.707106782,-0.653281482,0.27059805));
#13615=VECTOR('',#13614,4.242640688);
#13616=LINE('',#13613,#13615);
#13617=EDGE_CURVE('',#7731,#10197,#13616,.T.);
#13618=ORIENTED_EDGE('',*,*,#13617,.F.);
#13619=ORIENTED_EDGE('',*,*,#7737,.F.);
#13620=EDGE_LOOP('',(#13611,#13612,#13618,#13619));
#13621=FACE_BOUND('',#13620,.T.);
#13622=ADVANCED_FACE('',(#13621),#13610,.T.);
#13623=CARTESIAN_POINT('',(150.,-31.486790976,71.297835911));
#13624=DIRECTION('',(0.707106781,0.653281483,-0.27059805));
#13625=DIRECTION('',(0.,0.382683432,0.923879533));
#13626=AXIS2_PLACEMENT_3D('',#13623,#13624,#13625);
#13627=PLANE('',#13626);
#13628=ORIENTED_EDGE('',*,*,#13617,.T.);
#13629=ORIENTED_EDGE('',*,*,#10202,.F.);
#13630=CARTESIAN_POINT('',(149.999999997,-14.159685551,113.129168895));
#13631=CARTESIAN_POINT('',(150.999999998,-15.083565083,113.511852327));
#13632=CARTESIAN_POINT('',(151.999999999,-16.007444615,113.894535758));
#13633=CARTESIAN_POINT('',(153.,-16.931324147,114.27721919));
#13634=B_SPLINE_CURVE_WITH_KNOTS('',3,(#13630,#13631,#13632,#13633),.UNSPECIFIED.,.F.,.F.,(4,4),(0.,4.242640687),.UNSPECIFIED.);
#13635=EDGE_CURVE('',#7740,#10189,#13634,.T.);
#13636=ORIENTED_EDGE('',*,*,#13635,.F.);
#13637=ORIENTED_EDGE('',*,*,#7745,.F.);
#13638=EDGE_LOOP('',(#13628,#13629,#13636,#13637));
#13639=FACE_BOUND('',#13638,.T.);
#13640=ADVANCED_FACE('',(#13639),#13627,.F.);
#13641=CARTESIAN_POINT('',(153.,6.165664171,104.710133393));
#13642=DIRECTION('',(1.,0.,0.));
#13643=DIRECTION('',(0.,0.,-1.));
#13644=AXIS2_PLACEMENT_3D('',#13641,#13642,#13643);
#13645=CONICAL_SURFACE('',#13644,25.,44.999999949);
#13646=ORIENTED_EDGE('',*,*,#13635,.T.);
#13647=ORIENTED_EDGE('',*,*,#12568,.F.);
#13648=CARTESIAN_POINT('',(149.999999998,-6.056880958,123.002464863));
#13649=DIRECTION('',(0.707106781,-0.392847479,0.587937801));
#13650=VECTOR('',#13649,4.242640688);
#13651=LINE('',#13648,#13650);
#13652=EDGE_CURVE('',#7748,#10235,#13651,.T.);
#13653=ORIENTED_EDGE('',*,*,#13652,.F.);
#13654=ORIENTED_EDGE('',*,*,#7754,.F.);
#13655=EDGE_LOOP('',(#13646,#13647,#13653,#13654));
#13656=FACE_BOUND('',#13655,.T.);
#13657=ADVANCED_FACE('',(#13656),#13645,.T.);
#13658=CARTESIAN_POINT('',(153.,6.711071116,135.141807012));
#13659=DIRECTION('',(0.707106781,0.392847479,-0.587937801));
#13660=DIRECTION('',(-0.,-0.831469612,-0.555570233));
#13661=AXIS2_PLACEMENT_3D('',#13658,#13659,#13660);
#13662=PLANE('',#13661);
#13663=ORIENTED_EDGE('',*,*,#10278,.F.);
#13664=ORIENTED_EDGE('',*,*,#7762,.F.);
#13665=ORIENTED_EDGE('',*,*,#13652,.T.);
#13666=ORIENTED_EDGE('',*,*,#10240,.F.);
#13667=EDGE_LOOP('',(#13663,#13664,#13665,#13666));
#13668=FACE_BOUND('',#13667,.T.);
#13669=ADVANCED_FACE('',(#13668),#13662,.F.);
#13670=CARTESIAN_POINT('',(159.1,-37.48502463,-1.5));
#13671=DIRECTION('',(0.,-1.,0.));
#13672=DIRECTION('',(0.,0.,-1.));
#13673=AXIS2_PLACEMENT_3D('',#13670,#13671,#13672);
#13674=CONICAL_SURFACE('',#13673,1.4,44.999999949);
#13675=CARTESIAN_POINT('',(159.1,-38.48502463,-3.899999998));
#13676=DIRECTION('',(-0.,0.707106782,0.707106781));
#13677=VECTOR('',#13676,1.414213561);
#13678=LINE('',#13675,#13677);
#13679=EDGE_CURVE('',#8343,#8555,#13678,.T.);
#13680=ORIENTED_EDGE('',*,*,#13679,.F.);
#13681=ORIENTED_EDGE('',*,*,#8349,.F.);
#13682=ORIENTED_EDGE('',*,*,#13679,.T.);
#13683=ORIENTED_EDGE('',*,*,#8561,.F.);
#13684=ORIENTED_EDGE('',*,*,#8568,.F.);
#13685=EDGE_LOOP('',(#13680,#13681,#13682,#13683,#13684));
#13686=FACE_BOUND('',#13685,.T.);
#13687=ADVANCED_FACE('',(#13686),#13674,.F.);
#13688=CARTESIAN_POINT('',(175.1,-37.48502463,-1.5));
#13689=DIRECTION('',(0.,-1.,0.));
#13690=DIRECTION('',(0.,0.,-1.));
#13691=AXIS2_PLACEMENT_3D('',#13688,#13689,#13690);
#13692=CONICAL_SURFACE('',#13691,1.4,44.999999949);
#13693=CARTESIAN_POINT('',(175.1,-38.48502463,-3.899999998));
#13694=DIRECTION('',(-0.,0.707106782,0.707106781));
#13695=VECTOR('',#13694,1.414213561);
#13696=LINE('',#13693,#13695);
#13697=EDGE_CURVE('',#8332,#8606,#13696,.T.);
#13698=ORIENTED_EDGE('',*,*,#13697,.F.);
#13699=ORIENTED_EDGE('',*,*,#8338,.F.);
#13700=ORIENTED_EDGE('',*,*,#13697,.T.);
#13701=ORIENTED_EDGE('',*,*,#8612,.F.);
#13702=ORIENTED_EDGE('',*,*,#8619,.F.);
#13703=EDGE_LOOP('',(#13698,#13699,#13700,#13701,#13702));
#13704=FACE_BOUND('',#13703,.T.);
#13705=ADVANCED_FACE('',(#13704),#13692,.F.);
#13706=CARTESIAN_POINT('',(151.,-35.5,43.55));
#13707=DIRECTION('',(0.707106781,0.,0.707106781));
#13708=DIRECTION('',(0.,1.,0.));
#13709=AXIS2_PLACEMENT_3D('',#13706,#13707,#13708);
#13710=PLANE('',#13709);
#13711=ORIENTED_EDGE('',*,*,#13593,.F.);
#13712=ORIENTED_EDGE('',*,*,#7720,.F.);
#13713=ORIENTED_EDGE('',*,*,#10486,.F.);
#13714=ORIENTED_EDGE('',*,*,#11720,.F.);
#13715=EDGE_LOOP('',(#13711,#13712,#13713,#13714));
#13716=FACE_BOUND('',#13715,.T.);
#13717=ADVANCED_FACE('',(#13716),#13710,.F.);
#13718=CARTESIAN_POINT('',(150.,0.,15.45));
#13719=DIRECTION('',(-0.707106781,0.,0.707106781));
#13720=DIRECTION('',(0.,-1.,0.));
#13721=AXIS2_PLACEMENT_3D('',#13718,#13719,#13720);
#13722=PLANE('',#13721);
#13723=ORIENTED_EDGE('',*,*,#12374,.F.);
#13724=ORIENTED_EDGE('',*,*,#9056,.F.);
#13725=ORIENTED_EDGE('',*,*,#12471,.F.);
#13726=ORIENTED_EDGE('',*,*,#12221,.F.);
#13727=EDGE_LOOP('',(#13723,#13724,#13725,#13726));
#13728=FACE_BOUND('',#13727,.T.);
#13729=ADVANCED_FACE('',(#13728),#13722,.T.);
#13730=CLOSED_SHELL('',(#7040,#7539,#7611,#8032,#8082,#8104,#8136,#8168,#8325,#8433,#8468,#8503,#8538,#8589,#8640,#8659,#8696,#8736,#8799,#8821,#8847,#8869,#8894,#8934,#8958,#8991,
#9017,#9036,#9067,#9175,#9215,#9257,#9276,#9285,#9327,#9346,#9355,#9397,#9416,#9425,#9460,#9495,#9538,#9573,#9582,#9596,#9657,#9718,#9779,#9840,#9870,
#9900,#9930,#9960,#9980,#10000,#10020,#10040,#10075,#10110,#10145,#10180,#10220,#10267,#10284,#10315,#10334,#10353,#10372,#10391,#10409,#10433,#10451,#10468,#10493,#10539,
#10585,#10631,#10677,#10723,#10769,#10815,#10861,#10905,#10949,#10993,#11037,#11081,#11125,#11169,#11213,#11248,#11283,#11318,#11353,#11388,#11423,#11458,#11493,#11513,#11533,
#11553,#11573,#11593,#11613,#11633,#11653,#11702,#11728,#11759,#11783,#11807,#11824,#11836,#11862,#11897,#11975,#11999,#12023,#12047,#12082,#12110,#12127,#12149,#12168,#12185,
#12199,#12239,#12279,#12321,#12363,#12385,#12410,#12427,#12448,#12460,#12482,#12506,#12523,#12544,#12556,#12580,#12604,#12622,#12639,#12651,#12707,#12730,#12753,#12766,#12788,
#12806,#12818,#12831,#12871,#12911,#12951,#12991,#13015,#13039,#13063,#13103,#13127,#13151,#13175,#13192,#13209,#13226,#13243,#13260,#13277,#13295,#13313,#13325,#13349,#13366,
#13383,#13401,#13419,#13436,#13453,#13471,#13488,#13500,#13518,#13535,#13553,#13570,#13582,#13605,#13622,#13640,#13657,#13669,#13687,#13705,#13717,#13729));
#13731=MANIFOLD_SOLID_BREP('Y1',#13730);
#7000=STYLED_ITEM('',(#6999),#13731);
#35=SHAPE_REPRESENTATION('LIGHTENED Y GANTRY',(#15),#33);
#36=ADVANCED_BREP_SHAPE_REPRESENTATION('LIGHTENED Y GANTRY',(#6992,#13731),#33);
#13739=SHAPE_REPRESENTATION_RELATIONSHIP('','',#35,#36);
#13740=CARTESIAN_POINT('',(0.,0.,0.));
#13741=DIRECTION('',(0.,0.,1.));
#13742=DIRECTION('',(1.,0.,0.));
#13743=AXIS2_PLACEMENT_3D('',#13740,#13741,#13742);
#13745=MAPPED_ITEM('',#13744,#13743);
#13744=REPRESENTATION_MAP(#13743,#35);
#13746=APPLICATION_CONTEXT('Managed model based 3d engineering');
#13747=APPLICATION_PROTOCOL_DEFINITION('international standard','ap242_managed_model_based_3d_engineering',2014,#13746);
#13748=PRODUCT_CONTEXT('',#13746,'mechanical');
#13749=PRODUCT_DEFINITION_CONTEXT('part definition',#13746,'design');
#43=PRODUCT('LIGHTENED Y GANTRY','LIGHTENED Y GANTRY','',(#13748));
#13750=PRODUCT_RELATED_PRODUCT_CATEGORY('part','',(#43));
#13751=PRODUCT_DEFINITION_FORMATION_WITH_SPECIFIED_SOURCE('','',#43,.NOT_KNOWN.);
#44=PRODUCT_DEFINITION('design','',#13751,#13749);
#42=PRODUCT_DEFINITION_SHAPE('','',#44);
#13752=SHAPE_DEFINITION_REPRESENTATION(#42,#35);
#34=DRAUGHTING_MODEL('',(#13745),#33);
#16=SHAPE_REPRESENTATION('root',(#15,#48),#10);
#13753=CARTESIAN_POINT('',(0.,0.,0.));
#13754=DIRECTION('',(0.,0.,1.));
#13755=DIRECTION('',(1.,0.,0.));
#13756=AXIS2_PLACEMENT_3D('',#13753,#13754,#13755);
#13758=MAPPED_ITEM('',#13757,#13756);
#13757=REPRESENTATION_MAP(#13756,#16);
#24=PRODUCT('root','root','',(#13748));
#13759=PRODUCT_RELATED_PRODUCT_CATEGORY('part','',(#24));
#13760=PRODUCT_DEFINITION_FORMATION_WITH_SPECIFIED_SOURCE('','',#24,.NOT_KNOWN.);
#25=PRODUCT_DEFINITION('design','',#13760,#13749);
#23=PRODUCT_DEFINITION_SHAPE('','',#25);
#13761=SHAPE_DEFINITION_REPRESENTATION(#23,#16);
#11=DRAUGHTING_MODEL('',(#13758),#10);
#13762=DESCRIPTIVE_REPRESENTATION_ITEM('KEY','C:\\Users\\Lande\\AppData\\Local\\Packages\\Shapr3D.Shapr3D_j403pzjkqtqbj\\TempState\\0e1154b8-7b0d-49f4-9d99-57a107bfa977.tmp');
#13763=PROPERTY_DEFINITION('KEY','',#25);
#13764=REPRESENTATION('',(#13762),#10);
#13765=PROPERTY_DEFINITION_REPRESENTATION(#13763,#13764);
#13766=GENERAL_PROPERTY('','KEY','');
#13767=GENERAL_PROPERTY_ASSOCIATION('','',#13766,#13763);
#1=MECHANICAL_DESIGN_GEOMETRIC_PRESENTATION_REPRESENTATION('',(#54,#7000),#10);
ENDSEC;
END-ISO-10303-21;
