ISO-10303-21;
HEADER;

/* File generated by Shapr3D Version 26.50.10685.0 */

FILE_DESCRIPTION(('HOOPS Exchange Step'),'2;1');

FILE_NAME('C:\\Users\\Lande\\AppData\\Local\\Packages\\Shapr3D.Shapr3D_j403pzjkqtqbj\\TempState\\export\\temp_export',
'2026-04-14T16:17:22-04:00',
('Lande'),
('Shapr3D Limited'),
'HOOPS Exchange 2025.9',
'Shapr3D',
'Authorized');

FILE_SCHEMA( ('AP242_MANAGED_MODEL_BASED_3D_ENGINEERING_MIM_LF {1 0 10303 442 1 1 4}') );

ENDSEC;

DATA;
#3=(NAMED_UNIT(*)PLANE_ANGLE_UNIT()SI_UNIT($,.RADIAN.));
#4=PLANE_ANGLE_MEASURE_WITH_UNIT(PLANE_ANGLE_MEASURE(0.0174532925),#3);
#5=(CONVERSION_BASED_UNIT('DEGREE',#4)NAMED_UNIT(#6)PLANE_ANGLE_UNIT());
#6=DIMENSIONAL_EXPONENTS(0.,0.,0.,0.,0.,0.,0.);
#7=(NAMED_UNIT(*)SI_UNIT($,.STERADIAN.)SOLID_ANGLE_UNIT());
#8=(LENGTH_UNIT()NAMED_UNIT(*)SI_UNIT(.MILLI.,.METRE.));
#9=UNCERTAINTY_MEASURE_WITH_UNIT(LENGTH_MEASURE(1.000000E-03),#8,'DISTANCE_ACCURACY_VALUE','Maximum Tolerance applied to model');
#10=(GEOMETRIC_REPRESENTATION_CONTEXT(3)GLOBAL_UNCERTAINTY_ASSIGNED_CONTEXT((#9))GLOBAL_UNIT_ASSIGNED_CONTEXT((#8,#5,#7))REPRESENTATION_CONTEXT('','root'));
#12=CARTESIAN_POINT('',(0.,0.,0.));
#13=DIRECTION('',(0.,0.,1.));
#14=DIRECTION('',(1.,0.,0.));
#15=AXIS2_PLACEMENT_3D('',#12,#13,#14);
#26=(NAMED_UNIT(*)PLANE_ANGLE_UNIT()SI_UNIT($,.RADIAN.));
#27=PLANE_ANGLE_MEASURE_WITH_UNIT(PLANE_ANGLE_MEASURE(0.0174532925),#26);
#28=(CONVERSION_BASED_UNIT('DEGREE',#27)NAMED_UNIT(#29)PLANE_ANGLE_UNIT());
#29=DIMENSIONAL_EXPONENTS(0.,0.,0.,0.,0.,0.,0.);
#30=(NAMED_UNIT(*)SI_UNIT($,.STERADIAN.)SOLID_ANGLE_UNIT());
#31=(LENGTH_UNIT()NAMED_UNIT(*)SI_UNIT(.MILLI.,.METRE.));
#32=UNCERTAINTY_MEASURE_WITH_UNIT(LENGTH_MEASURE(1.000000E-03),#31,'DISTANCE_ACCURACY_VALUE','Maximum Tolerance applied to model');
#33=(GEOMETRIC_REPRESENTATION_CONTEXT(3)GLOBAL_UNCERTAINTY_ASSIGNED_CONTEXT((#32))GLOBAL_UNIT_ASSIGNED_CONTEXT((#31,#28,#30))REPRESENTATION_CONTEXT('','E3CNC_MGN_ALT'));
#45=CARTESIAN_POINT('',(0.,0.,0.));
#46=DIRECTION('',(0.,0.,1.));
#47=DIRECTION('',(1.,0.,-0.));
#48=AXIS2_PLACEMENT_3D('',#45,#46,#47);
#49=ITEM_DEFINED_TRANSFORMATION('','',#48,#15);
#50=(REPRESENTATION_RELATIONSHIP('','',#35,#16)REPRESENTATION_RELATIONSHIP_WITH_TRANSFORMATION(#49)SHAPE_REPRESENTATION_RELATIONSHIP());
#51=NEXT_ASSEMBLY_USAGE_OCCURRENCE('E3CNC_MGN_ALT_1','E3CNC_MGN_ALT','E3CNC_MGN_ALT',#25,#44,$);
#52=PRODUCT_DEFINITION_SHAPE('','',#51);
#53=CONTEXT_DEPENDENT_SHAPE_REPRESENTATION(#50,#52);
#54=(NAMED_UNIT(*)PLANE_ANGLE_UNIT()SI_UNIT($,.RADIAN.));
#55=PLANE_ANGLE_MEASURE_WITH_UNIT(PLANE_ANGLE_MEASURE(0.0174532925),#54);
#56=(CONVERSION_BASED_UNIT('DEGREE',#55)NAMED_UNIT(#57)PLANE_ANGLE_UNIT());
#57=DIMENSIONAL_EXPONENTS(0.,0.,0.,0.,0.,0.,0.);
#58=(NAMED_UNIT(*)SI_UNIT($,.STERADIAN.)SOLID_ANGLE_UNIT());
#59=(LENGTH_UNIT()NAMED_UNIT(*)SI_UNIT(.MILLI.,.METRE.));
#60=UNCERTAINTY_MEASURE_WITH_UNIT(LENGTH_MEASURE(1.000000E-03),#59,'DISTANCE_ACCURACY_VALUE','Maximum Tolerance applied to model');
#61=(GEOMETRIC_REPRESENTATION_CONTEXT(3)GLOBAL_UNCERTAINTY_ASSIGNED_CONTEXT((#60))GLOBAL_UNIT_ASSIGNED_CONTEXT((#59,#56,#58))REPRESENTATION_CONTEXT('','Edits'));
#73=CARTESIAN_POINT('',(0.,0.,0.));
#74=DIRECTION('',(0.,0.,1.));
#75=DIRECTION('',(1.,0.,-0.));
#76=AXIS2_PLACEMENT_3D('',#73,#74,#75);
#77=ITEM_DEFINED_TRANSFORMATION('','',#76,#15);
#78=(REPRESENTATION_RELATIONSHIP('','',#63,#35)REPRESENTATION_RELATIONSHIP_WITH_TRANSFORMATION(#77)SHAPE_REPRESENTATION_RELATIONSHIP());
#79=NEXT_ASSEMBLY_USAGE_OCCURRENCE('Edits_2','Edits','Edits',#44,#72,$);
#80=PRODUCT_DEFINITION_SHAPE('','',#79);
#81=CONTEXT_DEPENDENT_SHAPE_REPRESENTATION(#78,#80);
#82=(NAMED_UNIT(*)PLANE_ANGLE_UNIT()SI_UNIT($,.RADIAN.));
#83=PLANE_ANGLE_MEASURE_WITH_UNIT(PLANE_ANGLE_MEASURE(0.0174532925),#82);
#84=(CONVERSION_BASED_UNIT('DEGREE',#83)NAMED_UNIT(#85)PLANE_ANGLE_UNIT());
#85=DIMENSIONAL_EXPONENTS(0.,0.,0.,0.,0.,0.,0.);
#86=(NAMED_UNIT(*)SI_UNIT($,.STERADIAN.)SOLID_ANGLE_UNIT());
#87=(LENGTH_UNIT()NAMED_UNIT(*)SI_UNIT(.MILLI.,.METRE.));
#88=UNCERTAINTY_MEASURE_WITH_UNIT(LENGTH_MEASURE(1.000000E-03),#87,'DISTANCE_ACCURACY_VALUE','Maximum Tolerance applied to model');
#89=(GEOMETRIC_REPRESENTATION_CONTEXT(3)GLOBAL_UNCERTAINTY_ASSIGNED_CONTEXT((#88))GLOBAL_UNIT_ASSIGNED_CONTEXT((#87,#84,#86))REPRESENTATION_CONTEXT('','52MM_ROUTER_STANDARD_Z.step'));
#101=CARTESIAN_POINT('',(0.,0.,0.));
#102=DIRECTION('',(0.,0.,1.));
#103=DIRECTION('',(1.,0.,-0.));
#104=AXIS2_PLACEMENT_3D('',#101,#102,#103);
#105=ITEM_DEFINED_TRANSFORMATION('','',#104,#15);
#106=(REPRESENTATION_RELATIONSHIP('','',#91,#63)REPRESENTATION_RELATIONSHIP_WITH_TRANSFORMATION(#105)SHAPE_REPRESENTATION_RELATIONSHIP());
#107=NEXT_ASSEMBLY_USAGE_OCCURRENCE('52MM_ROUTER_STANDARD_Z.step_3','52MM_ROUTER_STANDARD_Z.step','52MM_ROUTER_STANDARD_Z.step',#72,#100,$);
#108=PRODUCT_DEFINITION_SHAPE('','',#107);
#109=CONTEXT_DEPENDENT_SHAPE_REPRESENTATION(#106,#108);
#110=(NAMED_UNIT(*)PLANE_ANGLE_UNIT()SI_UNIT($,.RADIAN.));
#111=PLANE_ANGLE_MEASURE_WITH_UNIT(PLANE_ANGLE_MEASURE(0.0174532925),#110);
#112=(CONVERSION_BASED_UNIT('DEGREE',#111)NAMED_UNIT(#113)PLANE_ANGLE_UNIT());
#113=DIMENSIONAL_EXPONENTS(0.,0.,0.,0.,0.,0.,0.);
#114=(NAMED_UNIT(*)SI_UNIT($,.STERADIAN.)SOLID_ANGLE_UNIT());
#115=(LENGTH_UNIT()NAMED_UNIT(*)SI_UNIT(.MILLI.,.METRE.));
#116=UNCERTAINTY_MEASURE_WITH_UNIT(LENGTH_MEASURE(1.000000E-05),#115,'DISTANCE_ACCURACY_VALUE','Maximum Tolerance applied to model');
#117=(GEOMETRIC_REPRESENTATION_CONTEXT(3)GLOBAL_UNCERTAINTY_ASSIGNED_CONTEXT((#116))GLOBAL_UNIT_ASSIGNED_CONTEXT((#115,#112,#114))REPRESENTATION_CONTEXT('','52MM SPINDLE CLAMP'));
#129=CARTESIAN_POINT('',(0.,0.,0.));
#130=DIRECTION('',(0.,0.,1.));
#131=DIRECTION('',(1.,0.,-0.));
#132=AXIS2_PLACEMENT_3D('',#129,#130,#131);
#133=ITEM_DEFINED_TRANSFORMATION('','',#132,#15);
#134=(REPRESENTATION_RELATIONSHIP('','',#119,#91)REPRESENTATION_RELATIONSHIP_WITH_TRANSFORMATION(#133)SHAPE_REPRESENTATION_RELATIONSHIP());
#135=NEXT_ASSEMBLY_USAGE_OCCURRENCE('52MM SPINDLE CLAMP_4','52MM SPINDLE CLAMP','52MM SPINDLE CLAMP',#100,#128,$);
#136=PRODUCT_DEFINITION_SHAPE('','',#135);
#137=CONTEXT_DEPENDENT_SHAPE_REPRESENTATION(#134,#136);
#139=CARTESIAN_POINT('',(451.33378583,-73.452081636,143.342000894));
#140=DIRECTION('',(0.,1.,0.));
#141=DIRECTION('',(-1.,0.,0.));
#142=AXIS2_PLACEMENT_3D('',#139,#140,#141);
#143=CYLINDRICAL_SURFACE('',#142,2.5);
#144=CARTESIAN_POINT('',(448.83378583,-52.952081636,143.342000894));
#145=VERTEX_POINT('',#144);
#146=CARTESIAN_POINT('',(448.83378583,-111.952078867,143.342000894));
#147=VERTEX_POINT('',#146);
#148=CARTESIAN_POINT('',(448.83378583,-52.952081636,143.342000894));
#149=DIRECTION('',(0.,-1.,-0.));
#150=VECTOR('',#149,58.999997231);
#151=LINE('',#148,#150);
#152=EDGE_CURVE('',#145,#147,#151,.T.);
#153=ORIENTED_EDGE('',*,*,#152,.T.);
#154=CARTESIAN_POINT('',(451.33378583,-111.952078867,145.842000894));
#155=VERTEX_POINT('',#154);
#156=CARTESIAN_POINT('',(451.33378583,-111.952078867,143.342000894));
#157=DIRECTION('',(-0.,-1.,-0.));
#158=DIRECTION('',(0.,-0.,1.));
#159=AXIS2_PLACEMENT_3D('',#156,#157,#158);
#160=CIRCLE('',#159,2.5);
#161=EDGE_CURVE('',#155,#147,#160,.T.);
#162=ORIENTED_EDGE('',*,*,#161,.F.);
#163=CARTESIAN_POINT('',(451.33378583,-111.952078867,143.342000894));
#164=DIRECTION('',(-0.,-1.,-0.));
#165=DIRECTION('',(0.,-0.,1.));
#166=AXIS2_PLACEMENT_3D('',#163,#164,#165);
#167=CIRCLE('',#166,2.5);
#168=EDGE_CURVE('',#147,#155,#167,.T.);
#169=ORIENTED_EDGE('',*,*,#168,.F.);
#170=ORIENTED_EDGE('',*,*,#152,.F.);
#171=CARTESIAN_POINT('',(451.33378583,-52.952081636,145.842000894));
#172=VERTEX_POINT('',#171);
#173=CARTESIAN_POINT('',(451.33378583,-52.952081636,143.342000894));
#174=DIRECTION('',(0.,1.,0.));
#175=DIRECTION('',(0.,-0.,1.));
#176=AXIS2_PLACEMENT_3D('',#173,#174,#175);
#177=CIRCLE('',#176,2.5);
#178=EDGE_CURVE('',#172,#145,#177,.T.);
#179=ORIENTED_EDGE('',*,*,#178,.F.);
#180=CARTESIAN_POINT('',(451.33378583,-52.952081636,143.342000894));
#181=DIRECTION('',(0.,1.,0.));
#182=DIRECTION('',(0.,-0.,1.));
#183=AXIS2_PLACEMENT_3D('',#180,#181,#182);
#184=CIRCLE('',#183,2.5);
#185=EDGE_CURVE('',#145,#172,#184,.T.);
#186=ORIENTED_EDGE('',*,*,#185,.F.);
#187=EDGE_LOOP('',(#153,#162,#169,#170,#179,#186));
#188=FACE_BOUND('',#187,.T.);
#189=ADVANCED_FACE('',(#188),#143,.T.);
#190=CARTESIAN_POINT('',(451.33378583,-52.952081636,143.342000894));
#191=DIRECTION('',(0.,1.,0.));
#192=DIRECTION('',(-1.,0.,0.));
#193=AXIS2_PLACEMENT_3D('',#190,#191,#192);
#194=PLANE('',#193);
#195=ORIENTED_EDGE('',*,*,#178,.T.);
#196=ORIENTED_EDGE('',*,*,#185,.T.);
#197=EDGE_LOOP('',(#195,#196));
#198=FACE_BOUND('',#197,.T.);
#199=ADVANCED_FACE('',(#198),#194,.T.);
#200=CARTESIAN_POINT('',(451.33378583,-112.952081636,143.342000894));
#201=DIRECTION('',(0.,-1.,0.));
#202=DIRECTION('',(-1.,0.,0.));
#203=AXIS2_PLACEMENT_3D('',#200,#201,#202);
#204=CYLINDRICAL_SURFACE('',#203,4.25);
#205=CARTESIAN_POINT('',(447.08378583,-117.952078867,143.342000894));
#206=VERTEX_POINT('',#205);
#207=CARTESIAN_POINT('',(447.08378583,-111.952078867,143.342000894));
#208=VERTEX_POINT('',#207);
#209=CARTESIAN_POINT('',(447.08378583,-117.952078867,143.342000894));
#210=DIRECTION('',(-0.,1.,-0.));
#211=VECTOR('',#210,6.);
#212=LINE('',#209,#211);
#213=EDGE_CURVE('',#206,#208,#212,.T.);
#214=ORIENTED_EDGE('',*,*,#213,.T.);
#215=CARTESIAN_POINT('',(451.33378583,-111.952078867,139.092000894));
#216=VERTEX_POINT('',#215);
#217=CARTESIAN_POINT('',(451.33378583,-111.952078867,143.342000894));
#218=DIRECTION('',(0.,-1.,0.));
#219=DIRECTION('',(0.,0.,-1.));
#220=AXIS2_PLACEMENT_3D('',#217,#218,#219);
#221=CIRCLE('',#220,4.25);
#222=EDGE_CURVE('',#208,#216,#221,.T.);
#223=ORIENTED_EDGE('',*,*,#222,.T.);
#224=CARTESIAN_POINT('',(451.33378583,-111.952078867,143.342000894));
#225=DIRECTION('',(0.,-1.,0.));
#226=DIRECTION('',(0.,0.,-1.));
#227=AXIS2_PLACEMENT_3D('',#224,#225,#226);
#228=CIRCLE('',#227,4.25);
#229=EDGE_CURVE('',#216,#208,#228,.T.);
#230=ORIENTED_EDGE('',*,*,#229,.T.);
#231=ORIENTED_EDGE('',*,*,#213,.F.);
#232=CARTESIAN_POINT('',(451.33378583,-117.952078867,147.592000894));
#233=VERTEX_POINT('',#232);
#234=CARTESIAN_POINT('',(451.33378583,-117.952078867,143.342000894));
#235=DIRECTION('',(0.,1.,0.));
#236=DIRECTION('',(0.,-0.,1.));
#237=AXIS2_PLACEMENT_3D('',#234,#235,#236);
#238=CIRCLE('',#237,4.25);
#239=EDGE_CURVE('',#206,#233,#238,.T.);
#240=ORIENTED_EDGE('',*,*,#239,.T.);
#241=CARTESIAN_POINT('',(451.33378583,-117.952078867,143.342000894));
#242=DIRECTION('',(0.,1.,0.));
#243=DIRECTION('',(0.,-0.,1.));
#244=AXIS2_PLACEMENT_3D('',#241,#242,#243);
#245=CIRCLE('',#244,4.25);
#246=EDGE_CURVE('',#233,#206,#245,.T.);
#247=ORIENTED_EDGE('',*,*,#246,.T.);
#248=EDGE_LOOP('',(#214,#223,#230,#231,#240,#247));
#249=FACE_BOUND('',#248,.T.);
#250=ADVANCED_FACE('',(#249),#204,.T.);
#251=CARTESIAN_POINT('',(451.33378583,-111.952078867,143.342000894));
#252=DIRECTION('',(0.,1.,0.));
#253=DIRECTION('',(-1.,0.,0.));
#254=AXIS2_PLACEMENT_3D('',#251,#252,#253);
#255=PLANE('',#254);
#256=ORIENTED_EDGE('',*,*,#222,.F.);
#257=ORIENTED_EDGE('',*,*,#229,.F.);
#258=EDGE_LOOP('',(#256,#257));
#259=FACE_BOUND('',#258,.T.);
#260=ORIENTED_EDGE('',*,*,#161,.T.);
#261=ORIENTED_EDGE('',*,*,#168,.T.);
#262=EDGE_LOOP('',(#260,#261));
#263=FACE_BOUND('',#262,.T.);
#264=ADVANCED_FACE('',(#259,#263),#255,.T.);
#265=COLOUR_RGB('',0.627451003,0.627451003,0.627451003);
#266=FILL_AREA_STYLE_COLOUR('',#265);
#267=FILL_AREA_STYLE('',(#266));
#268=SURFACE_STYLE_FILL_AREA(#267);
#269=SURFACE_SIDE_STYLE('',(#268));
#270=SURFACE_STYLE_USAGE(.BOTH.,#269);
#271=PRESENTATION_STYLE_ASSIGNMENT((#270));
#272=OVER_RIDING_STYLED_ITEM('',(#271),#264,#138);
#273=CARTESIAN_POINT('',(451.33378583,-112.952081636,143.342000894));
#274=DIRECTION('',(0.,1.,0.));
#275=DIRECTION('',(-1.,0.,0.));
#276=AXIS2_PLACEMENT_3D('',#273,#274,#275);
#277=CYLINDRICAL_SURFACE('',#276,2.5);
#278=CARTESIAN_POINT('',(448.83378583,-112.952078867,143.342000894));
#279=VERTEX_POINT('',#278);
#280=CARTESIAN_POINT('',(448.83378583,-117.952078867,143.342000894));
#281=VERTEX_POINT('',#280);
#282=CARTESIAN_POINT('',(448.83378583,-112.952078867,143.342000894));
#283=DIRECTION('',(0.,-1.,-0.));
#284=VECTOR('',#283,5.);
#285=LINE('',#282,#284);
#286=EDGE_CURVE('',#279,#281,#285,.T.);
#287=ORIENTED_EDGE('',*,*,#286,.F.);
#288=CARTESIAN_POINT('',(451.33378583,-112.952078867,145.842000894));
#289=VERTEX_POINT('',#288);
#290=CARTESIAN_POINT('',(451.33378583,-112.952078867,143.342000894));
#291=DIRECTION('',(0.,1.,0.));
#292=DIRECTION('',(0.,-0.,1.));
#293=AXIS2_PLACEMENT_3D('',#290,#291,#292);
#294=CIRCLE('',#293,2.5);
#295=EDGE_CURVE('',#279,#289,#294,.T.);
#296=ORIENTED_EDGE('',*,*,#295,.T.);
#297=CARTESIAN_POINT('',(451.33378583,-112.952078867,143.342000894));
#298=DIRECTION('',(0.,1.,0.));
#299=DIRECTION('',(0.,-0.,1.));
#300=AXIS2_PLACEMENT_3D('',#297,#298,#299);
#301=CIRCLE('',#300,2.5);
#302=EDGE_CURVE('',#289,#279,#301,.T.);
#303=ORIENTED_EDGE('',*,*,#302,.T.);
#304=ORIENTED_EDGE('',*,*,#286,.T.);
#305=CARTESIAN_POINT('',(451.33378583,-117.952078867,145.842000894));
#306=VERTEX_POINT('',#305);
#307=CARTESIAN_POINT('',(451.33378583,-117.952078867,143.342000894));
#308=DIRECTION('',(-0.,-1.,-0.));
#309=DIRECTION('',(0.,-0.,1.));
#310=AXIS2_PLACEMENT_3D('',#307,#308,#309);
#311=CIRCLE('',#310,2.5);
#312=EDGE_CURVE('',#281,#306,#311,.T.);
#313=ORIENTED_EDGE('',*,*,#312,.T.);
#314=CARTESIAN_POINT('',(451.33378583,-117.952078867,143.342000894));
#315=DIRECTION('',(-0.,-1.,-0.));
#316=DIRECTION('',(0.,-0.,1.));
#317=AXIS2_PLACEMENT_3D('',#314,#315,#316);
#318=CIRCLE('',#317,2.5);
#319=EDGE_CURVE('',#306,#281,#318,.T.);
#320=ORIENTED_EDGE('',*,*,#319,.T.);
#321=EDGE_LOOP('',(#287,#296,#303,#304,#313,#320));
#322=FACE_BOUND('',#321,.T.);
#323=ADVANCED_FACE('',(#322),#277,.F.);
#324=CARTESIAN_POINT('',(451.33378583,-117.952078867,143.342000894));
#325=DIRECTION('',(0.,1.,0.));
#326=DIRECTION('',(-1.,0.,0.));
#327=AXIS2_PLACEMENT_3D('',#324,#325,#326);
#328=PLANE('',#327);
#329=ORIENTED_EDGE('',*,*,#239,.F.);
#330=ORIENTED_EDGE('',*,*,#246,.F.);
#331=EDGE_LOOP('',(#329,#330));
#332=FACE_BOUND('',#331,.T.);
#333=ORIENTED_EDGE('',*,*,#312,.F.);
#334=ORIENTED_EDGE('',*,*,#319,.F.);
#335=EDGE_LOOP('',(#333,#334));
#336=FACE_BOUND('',#335,.T.);
#337=ADVANCED_FACE('',(#332,#336),#328,.F.);
#338=CARTESIAN_POINT('',(451.33378583,-112.952081636,143.342000894));
#339=DIRECTION('',(0.,1.,0.));
#340=DIRECTION('',(-1.,0.,0.));
#341=AXIS2_PLACEMENT_3D('',#338,#339,#340);
#342=PLANE('',#341);
#343=ORIENTED_EDGE('',*,*,#295,.F.);
#344=ORIENTED_EDGE('',*,*,#302,.F.);
#345=EDGE_LOOP('',(#343,#344));
#346=FACE_BOUND('',#345,.T.);
#347=ADVANCED_FACE('',(#346),#342,.F.);
#348=CLOSED_SHELL('',(#189,#199,#250,#264,#323,#337,#347));
#349=MANIFOLD_SOLID_BREP('Spindle Screw 1',#348);
#350=DRAUGHTING_PRE_DEFINED_COLOUR('black');
#351=FILL_AREA_STYLE_COLOUR('',#350);
#352=FILL_AREA_STYLE('',(#351));
#353=SURFACE_STYLE_FILL_AREA(#352);
#354=SURFACE_SIDE_STYLE('',(#353));
#355=SURFACE_STYLE_USAGE(.BOTH.,#354);
#356=PRESENTATION_STYLE_ASSIGNMENT((#355));
#138=STYLED_ITEM('',(#356),#349);
#358=CARTESIAN_POINT('',(381.33378583,-112.952081636,143.342000894));
#359=DIRECTION('',(0.,1.,0.));
#360=DIRECTION('',(-1.,0.,0.));
#361=AXIS2_PLACEMENT_3D('',#358,#359,#360);
#362=CYLINDRICAL_SURFACE('',#361,2.5);
#363=CARTESIAN_POINT('',(378.83378583,-112.952078867,143.342000894));
#364=VERTEX_POINT('',#363);
#365=CARTESIAN_POINT('',(378.83378583,-117.952078867,143.342000894));
#366=VERTEX_POINT('',#365);
#367=CARTESIAN_POINT('',(378.83378583,-112.952078867,143.342000894));
#368=DIRECTION('',(0.,-1.,-0.));
#369=VECTOR('',#368,5.);
#370=LINE('',#367,#369);
#371=EDGE_CURVE('',#364,#366,#370,.T.);
#372=ORIENTED_EDGE('',*,*,#371,.F.);
#373=CARTESIAN_POINT('',(381.33378583,-112.952078867,145.842000894));
#374=VERTEX_POINT('',#373);
#375=CARTESIAN_POINT('',(381.33378583,-112.952078867,143.342000894));
#376=DIRECTION('',(0.,1.,0.));
#377=DIRECTION('',(0.,-0.,1.));
#378=AXIS2_PLACEMENT_3D('',#375,#376,#377);
#379=CIRCLE('',#378,2.5);
#380=EDGE_CURVE('',#364,#374,#379,.T.);
#381=ORIENTED_EDGE('',*,*,#380,.T.);
#382=CARTESIAN_POINT('',(381.33378583,-112.952078867,143.342000894));
#383=DIRECTION('',(0.,1.,0.));
#384=DIRECTION('',(0.,-0.,1.));
#385=AXIS2_PLACEMENT_3D('',#382,#383,#384);
#386=CIRCLE('',#385,2.5);
#387=EDGE_CURVE('',#374,#364,#386,.T.);
#388=ORIENTED_EDGE('',*,*,#387,.T.);
#389=ORIENTED_EDGE('',*,*,#371,.T.);
#390=CARTESIAN_POINT('',(381.33378583,-117.952078867,145.842000894));
#391=VERTEX_POINT('',#390);
#392=CARTESIAN_POINT('',(381.33378583,-117.952078867,143.342000894));
#393=DIRECTION('',(-0.,-1.,-0.));
#394=DIRECTION('',(0.,-0.,1.));
#395=AXIS2_PLACEMENT_3D('',#392,#393,#394);
#396=CIRCLE('',#395,2.5);
#397=EDGE_CURVE('',#366,#391,#396,.T.);
#398=ORIENTED_EDGE('',*,*,#397,.T.);
#399=CARTESIAN_POINT('',(381.33378583,-117.952078867,143.342000894));
#400=DIRECTION('',(-0.,-1.,-0.));
#401=DIRECTION('',(0.,-0.,1.));
#402=AXIS2_PLACEMENT_3D('',#399,#400,#401);
#403=CIRCLE('',#402,2.5);
#404=EDGE_CURVE('',#391,#366,#403,.T.);
#405=ORIENTED_EDGE('',*,*,#404,.T.);
#406=EDGE_LOOP('',(#372,#381,#388,#389,#398,#405));
#407=FACE_BOUND('',#406,.T.);
#408=ADVANCED_FACE('',(#407),#362,.F.);
#409=CARTESIAN_POINT('',(381.33378583,-112.952081636,143.342000894));
#410=DIRECTION('',(0.,1.,0.));
#411=DIRECTION('',(-1.,0.,0.));
#412=AXIS2_PLACEMENT_3D('',#409,#410,#411);
#413=CYLINDRICAL_SURFACE('',#412,4.25);
#414=CARTESIAN_POINT('',(377.08378583,-111.952078867,143.342000894));
#415=VERTEX_POINT('',#414);
#416=CARTESIAN_POINT('',(377.08378583,-117.952078867,143.342000894));
#417=VERTEX_POINT('',#416);
#418=CARTESIAN_POINT('',(377.08378583,-111.952078867,143.342000894));
#419=DIRECTION('',(0.,-1.,-0.));
#420=VECTOR('',#419,6.);
#421=LINE('',#418,#420);
#422=EDGE_CURVE('',#415,#417,#421,.T.);
#423=ORIENTED_EDGE('',*,*,#422,.T.);
#424=CARTESIAN_POINT('',(381.33378583,-117.952078867,147.592000894));
#425=VERTEX_POINT('',#424);
#426=CARTESIAN_POINT('',(381.33378583,-117.952078867,143.342000894));
#427=DIRECTION('',(0.,1.,0.));
#428=DIRECTION('',(0.,-0.,1.));
#429=AXIS2_PLACEMENT_3D('',#426,#427,#428);
#430=CIRCLE('',#429,4.25);
#431=EDGE_CURVE('',#417,#425,#430,.T.);
#432=ORIENTED_EDGE('',*,*,#431,.T.);
#433=CARTESIAN_POINT('',(381.33378583,-117.952078867,143.342000894));
#434=DIRECTION('',(0.,1.,0.));
#435=DIRECTION('',(0.,-0.,1.));
#436=AXIS2_PLACEMENT_3D('',#433,#434,#435);
#437=CIRCLE('',#436,4.25);
#438=EDGE_CURVE('',#425,#417,#437,.T.);
#439=ORIENTED_EDGE('',*,*,#438,.T.);
#440=ORIENTED_EDGE('',*,*,#422,.F.);
#441=CARTESIAN_POINT('',(381.33378583,-111.952078867,139.092000894));
#442=VERTEX_POINT('',#441);
#443=CARTESIAN_POINT('',(381.33378583,-111.952078867,143.342000894));
#444=DIRECTION('',(0.,-1.,0.));
#445=DIRECTION('',(0.,0.,-1.));
#446=AXIS2_PLACEMENT_3D('',#443,#444,#445);
#447=CIRCLE('',#446,4.25);
#448=EDGE_CURVE('',#415,#442,#447,.T.);
#449=ORIENTED_EDGE('',*,*,#448,.T.);
#450=CARTESIAN_POINT('',(381.33378583,-111.952078867,143.342000894));
#451=DIRECTION('',(0.,-1.,0.));
#452=DIRECTION('',(0.,0.,-1.));
#453=AXIS2_PLACEMENT_3D('',#450,#451,#452);
#454=CIRCLE('',#453,4.25);
#455=EDGE_CURVE('',#442,#415,#454,.T.);
#456=ORIENTED_EDGE('',*,*,#455,.T.);
#457=EDGE_LOOP('',(#423,#432,#439,#440,#449,#456));
#458=FACE_BOUND('',#457,.T.);
#459=ADVANCED_FACE('',(#458),#413,.T.);
#460=OVER_RIDING_STYLED_ITEM('',(#271),#459,#357);
#461=CARTESIAN_POINT('',(381.33378583,-117.952078867,143.342000894));
#462=DIRECTION('',(0.,1.,0.));
#463=DIRECTION('',(-1.,0.,0.));
#464=AXIS2_PLACEMENT_3D('',#461,#462,#463);
#465=PLANE('',#464);
#466=ORIENTED_EDGE('',*,*,#431,.F.);
#467=ORIENTED_EDGE('',*,*,#438,.F.);
#468=EDGE_LOOP('',(#466,#467));
#469=FACE_BOUND('',#468,.T.);
#470=ORIENTED_EDGE('',*,*,#397,.F.);
#471=ORIENTED_EDGE('',*,*,#404,.F.);
#472=EDGE_LOOP('',(#470,#471));
#473=FACE_BOUND('',#472,.T.);
#474=ADVANCED_FACE('',(#469,#473),#465,.F.);
#475=CARTESIAN_POINT('',(381.33378583,-112.952081636,143.342000894));
#476=DIRECTION('',(0.,1.,0.));
#477=DIRECTION('',(-1.,0.,0.));
#478=AXIS2_PLACEMENT_3D('',#475,#476,#477);
#479=PLANE('',#478);
#480=ORIENTED_EDGE('',*,*,#380,.F.);
#481=ORIENTED_EDGE('',*,*,#387,.F.);
#482=EDGE_LOOP('',(#480,#481));
#483=FACE_BOUND('',#482,.T.);
#484=ADVANCED_FACE('',(#483),#479,.F.);
#485=OVER_RIDING_STYLED_ITEM('',(#271),#484,#357);
#486=CARTESIAN_POINT('',(381.33378583,-73.452081636,143.342000894));
#487=DIRECTION('',(0.,1.,0.));
#488=DIRECTION('',(-1.,0.,0.));
#489=AXIS2_PLACEMENT_3D('',#486,#487,#488);
#490=CYLINDRICAL_SURFACE('',#489,2.5);
#491=CARTESIAN_POINT('',(378.83378583,-52.952081636,143.342000894));
#492=VERTEX_POINT('',#491);
#493=CARTESIAN_POINT('',(378.83378583,-111.952078867,143.342000894));
#494=VERTEX_POINT('',#493);
#495=CARTESIAN_POINT('',(378.83378583,-52.952081636,143.342000894));
#496=DIRECTION('',(0.,-1.,-0.));
#497=VECTOR('',#496,58.999997231);
#498=LINE('',#495,#497);
#499=EDGE_CURVE('',#492,#494,#498,.T.);
#500=ORIENTED_EDGE('',*,*,#499,.T.);
#501=CARTESIAN_POINT('',(381.33378583,-111.952078867,145.842000894));
#502=VERTEX_POINT('',#501);
#503=CARTESIAN_POINT('',(381.33378583,-111.952078867,143.342000894));
#504=DIRECTION('',(-0.,-1.,-0.));
#505=DIRECTION('',(0.,-0.,1.));
#506=AXIS2_PLACEMENT_3D('',#503,#504,#505);
#507=CIRCLE('',#506,2.5);
#508=EDGE_CURVE('',#502,#494,#507,.T.);
#509=ORIENTED_EDGE('',*,*,#508,.F.);
#510=CARTESIAN_POINT('',(381.33378583,-111.952078867,143.342000894));
#511=DIRECTION('',(-0.,-1.,-0.));
#512=DIRECTION('',(0.,-0.,1.));
#513=AXIS2_PLACEMENT_3D('',#510,#511,#512);
#514=CIRCLE('',#513,2.5);
#515=EDGE_CURVE('',#494,#502,#514,.T.);
#516=ORIENTED_EDGE('',*,*,#515,.F.);
#517=ORIENTED_EDGE('',*,*,#499,.F.);
#518=CARTESIAN_POINT('',(381.33378583,-52.952081636,145.842000894));
#519=VERTEX_POINT('',#518);
#520=CARTESIAN_POINT('',(381.33378583,-52.952081636,143.342000894));
#521=DIRECTION('',(0.,1.,0.));
#522=DIRECTION('',(0.,-0.,1.));
#523=AXIS2_PLACEMENT_3D('',#520,#521,#522);
#524=CIRCLE('',#523,2.5);
#525=EDGE_CURVE('',#519,#492,#524,.T.);
#526=ORIENTED_EDGE('',*,*,#525,.F.);
#527=CARTESIAN_POINT('',(381.33378583,-52.952081636,143.342000894));
#528=DIRECTION('',(0.,1.,0.));
#529=DIRECTION('',(0.,-0.,1.));
#530=AXIS2_PLACEMENT_3D('',#527,#528,#529);
#531=CIRCLE('',#530,2.5);
#532=EDGE_CURVE('',#492,#519,#531,.T.);
#533=ORIENTED_EDGE('',*,*,#532,.F.);
#534=EDGE_LOOP('',(#500,#509,#516,#517,#526,#533));
#535=FACE_BOUND('',#534,.T.);
#536=ADVANCED_FACE('',(#535),#490,.T.);
#537=CARTESIAN_POINT('',(381.33378583,-52.952081636,143.342000894));
#538=DIRECTION('',(0.,1.,0.));
#539=DIRECTION('',(-1.,0.,0.));
#540=AXIS2_PLACEMENT_3D('',#537,#538,#539);
#541=PLANE('',#540);
#542=ORIENTED_EDGE('',*,*,#525,.T.);
#543=ORIENTED_EDGE('',*,*,#532,.T.);
#544=EDGE_LOOP('',(#542,#543));
#545=FACE_BOUND('',#544,.T.);
#546=ADVANCED_FACE('',(#545),#541,.T.);
#547=CARTESIAN_POINT('',(381.33378583,-111.952078867,143.342000894));
#548=DIRECTION('',(0.,1.,0.));
#549=DIRECTION('',(-1.,0.,0.));
#550=AXIS2_PLACEMENT_3D('',#547,#548,#549);
#551=PLANE('',#550);
#552=ORIENTED_EDGE('',*,*,#448,.F.);
#553=ORIENTED_EDGE('',*,*,#455,.F.);
#554=EDGE_LOOP('',(#552,#553));
#555=FACE_BOUND('',#554,.T.);
#556=ORIENTED_EDGE('',*,*,#508,.T.);
#557=ORIENTED_EDGE('',*,*,#515,.T.);
#558=EDGE_LOOP('',(#556,#557));
#559=FACE_BOUND('',#558,.T.);
#560=ADVANCED_FACE('',(#555,#559),#551,.T.);
#561=OVER_RIDING_STYLED_ITEM('',(#271),#560,#357);
#562=CLOSED_SHELL('',(#408,#459,#474,#484,#536,#546,#560));
#563=MANIFOLD_SOLID_BREP('Spindle Screw 2',#562);
#357=STYLED_ITEM('',(#356),#563);
#565=CARTESIAN_POINT('',(451.33378583,-112.952081636,123.342000894));
#566=DIRECTION('',(0.,1.,0.));
#567=DIRECTION('',(-1.,0.,0.));
#568=AXIS2_PLACEMENT_3D('',#565,#566,#567);
#569=CYLINDRICAL_SURFACE('',#568,2.5);
#570=CARTESIAN_POINT('',(448.83378583,-112.952078867,123.342000894));
#571=VERTEX_POINT('',#570);
#572=CARTESIAN_POINT('',(448.83378583,-117.952078867,123.342000894));
#573=VERTEX_POINT('',#572);
#574=CARTESIAN_POINT('',(448.83378583,-112.952078867,123.342000894));
#575=DIRECTION('',(0.,-1.,-0.));
#576=VECTOR('',#575,5.);
#577=LINE('',#574,#576);
#578=EDGE_CURVE('',#571,#573,#577,.T.);
#579=ORIENTED_EDGE('',*,*,#578,.F.);
#580=CARTESIAN_POINT('',(451.33378583,-112.952078867,125.842000894));
#581=VERTEX_POINT('',#580);
#582=CARTESIAN_POINT('',(451.33378583,-112.952078867,123.342000894));
#583=DIRECTION('',(0.,1.,0.));
#584=DIRECTION('',(0.,-0.,1.));
#585=AXIS2_PLACEMENT_3D('',#582,#583,#584);
#586=CIRCLE('',#585,2.5);
#587=EDGE_CURVE('',#571,#581,#586,.T.);
#588=ORIENTED_EDGE('',*,*,#587,.T.);
#589=CARTESIAN_POINT('',(451.33378583,-112.952078867,123.342000894));
#590=DIRECTION('',(0.,1.,0.));
#591=DIRECTION('',(0.,-0.,1.));
#592=AXIS2_PLACEMENT_3D('',#589,#590,#591);
#593=CIRCLE('',#592,2.5);
#594=EDGE_CURVE('',#581,#571,#593,.T.);
#595=ORIENTED_EDGE('',*,*,#594,.T.);
#596=ORIENTED_EDGE('',*,*,#578,.T.);
#597=CARTESIAN_POINT('',(451.33378583,-117.952078867,125.842000894));
#598=VERTEX_POINT('',#597);
#599=CARTESIAN_POINT('',(451.33378583,-117.952078867,123.342000894));
#600=DIRECTION('',(-0.,-1.,-0.));
#601=DIRECTION('',(0.,-0.,1.));
#602=AXIS2_PLACEMENT_3D('',#599,#600,#601);
#603=CIRCLE('',#602,2.5);
#604=EDGE_CURVE('',#573,#598,#603,.T.);
#605=ORIENTED_EDGE('',*,*,#604,.T.);
#606=CARTESIAN_POINT('',(451.33378583,-117.952078867,123.342000894));
#607=DIRECTION('',(-0.,-1.,-0.));
#608=DIRECTION('',(0.,-0.,1.));
#609=AXIS2_PLACEMENT_3D('',#606,#607,#608);
#610=CIRCLE('',#609,2.5);
#611=EDGE_CURVE('',#598,#573,#610,.T.);
#612=ORIENTED_EDGE('',*,*,#611,.T.);
#613=EDGE_LOOP('',(#579,#588,#595,#596,#605,#612));
#614=FACE_BOUND('',#613,.T.);
#615=ADVANCED_FACE('',(#614),#569,.F.);
#616=CARTESIAN_POINT('',(451.33378583,-112.952081636,123.342000894));
#617=DIRECTION('',(0.,1.,0.));
#618=DIRECTION('',(-1.,0.,0.));
#619=AXIS2_PLACEMENT_3D('',#616,#617,#618);
#620=CYLINDRICAL_SURFACE('',#619,4.25);
#621=CARTESIAN_POINT('',(447.08378583,-111.952078867,123.342000894));
#622=VERTEX_POINT('',#621);
#623=CARTESIAN_POINT('',(447.08378583,-117.952078867,123.342000894));
#624=VERTEX_POINT('',#623);
#625=CARTESIAN_POINT('',(447.08378583,-111.952078867,123.342000894));
#626=DIRECTION('',(0.,-1.,-0.));
#627=VECTOR('',#626,6.);
#628=LINE('',#625,#627);
#629=EDGE_CURVE('',#622,#624,#628,.T.);
#630=ORIENTED_EDGE('',*,*,#629,.T.);
#631=CARTESIAN_POINT('',(451.33378583,-117.952078867,127.592000894));
#632=VERTEX_POINT('',#631);
#633=CARTESIAN_POINT('',(451.33378583,-117.952078867,123.342000894));
#634=DIRECTION('',(0.,1.,0.));
#635=DIRECTION('',(0.,-0.,1.));
#636=AXIS2_PLACEMENT_3D('',#633,#634,#635);
#637=CIRCLE('',#636,4.25);
#638=EDGE_CURVE('',#624,#632,#637,.T.);
#639=ORIENTED_EDGE('',*,*,#638,.T.);
#640=CARTESIAN_POINT('',(451.33378583,-117.952078867,123.342000894));
#641=DIRECTION('',(0.,1.,0.));
#642=DIRECTION('',(0.,-0.,1.));
#643=AXIS2_PLACEMENT_3D('',#640,#641,#642);
#644=CIRCLE('',#643,4.25);
#645=EDGE_CURVE('',#632,#624,#644,.T.);
#646=ORIENTED_EDGE('',*,*,#645,.T.);
#647=ORIENTED_EDGE('',*,*,#629,.F.);
#648=CARTESIAN_POINT('',(451.33378583,-111.952078867,119.092000894));
#649=VERTEX_POINT('',#648);
#650=CARTESIAN_POINT('',(451.33378583,-111.952078867,123.342000894));
#651=DIRECTION('',(0.,-1.,0.));
#652=DIRECTION('',(0.,0.,-1.));
#653=AXIS2_PLACEMENT_3D('',#650,#651,#652);
#654=CIRCLE('',#653,4.25);
#655=EDGE_CURVE('',#622,#649,#654,.T.);
#656=ORIENTED_EDGE('',*,*,#655,.T.);
#657=CARTESIAN_POINT('',(451.33378583,-111.952078867,123.342000894));
#658=DIRECTION('',(0.,-1.,0.));
#659=DIRECTION('',(0.,0.,-1.));
#660=AXIS2_PLACEMENT_3D('',#657,#658,#659);
#661=CIRCLE('',#660,4.25);
#662=EDGE_CURVE('',#649,#622,#661,.T.);
#663=ORIENTED_EDGE('',*,*,#662,.T.);
#664=EDGE_LOOP('',(#630,#639,#646,#647,#656,#663));
#665=FACE_BOUND('',#664,.T.);
#666=ADVANCED_FACE('',(#665),#620,.T.);
#667=OVER_RIDING_STYLED_ITEM('',(#271),#666,#564);
#668=CARTESIAN_POINT('',(451.33378583,-117.952078867,123.342000894));
#669=DIRECTION('',(0.,1.,0.));
#670=DIRECTION('',(-1.,0.,0.));
#671=AXIS2_PLACEMENT_3D('',#668,#669,#670);
#672=PLANE('',#671);
#673=ORIENTED_EDGE('',*,*,#638,.F.);
#674=ORIENTED_EDGE('',*,*,#645,.F.);
#675=EDGE_LOOP('',(#673,#674));
#676=FACE_BOUND('',#675,.T.);
#677=ORIENTED_EDGE('',*,*,#604,.F.);
#678=ORIENTED_EDGE('',*,*,#611,.F.);
#679=EDGE_LOOP('',(#677,#678));
#680=FACE_BOUND('',#679,.T.);
#681=ADVANCED_FACE('',(#676,#680),#672,.F.);
#682=CARTESIAN_POINT('',(451.33378583,-112.952078867,123.342000894));
#683=DIRECTION('',(0.,1.,0.));
#684=DIRECTION('',(-1.,0.,0.));
#685=AXIS2_PLACEMENT_3D('',#682,#683,#684);
#686=PLANE('',#685);
#687=ORIENTED_EDGE('',*,*,#587,.F.);
#688=ORIENTED_EDGE('',*,*,#594,.F.);
#689=EDGE_LOOP('',(#687,#688));
#690=FACE_BOUND('',#689,.T.);
#691=ADVANCED_FACE('',(#690),#686,.F.);
#692=CARTESIAN_POINT('',(451.33378583,-111.952078867,123.342000894));
#693=DIRECTION('',(0.,1.,0.));
#694=DIRECTION('',(-1.,0.,0.));
#695=AXIS2_PLACEMENT_3D('',#692,#693,#694);
#696=PLANE('',#695);
#697=ORIENTED_EDGE('',*,*,#655,.F.);
#698=ORIENTED_EDGE('',*,*,#662,.F.);
#699=EDGE_LOOP('',(#697,#698));
#700=FACE_BOUND('',#699,.T.);
#701=CARTESIAN_POINT('',(448.83378583,-111.952078867,123.342000894));
#702=VERTEX_POINT('',#701);
#703=CARTESIAN_POINT('',(451.33378583,-111.952078867,120.842000894));
#704=VERTEX_POINT('',#703);
#705=CARTESIAN_POINT('',(451.33378583,-111.952078867,123.342000894));
#706=DIRECTION('',(-0.,1.,-0.));
#707=DIRECTION('',(0.,0.,-1.));
#708=AXIS2_PLACEMENT_3D('',#705,#706,#707);
#709=CIRCLE('',#708,2.5);
#710=EDGE_CURVE('',#702,#704,#709,.T.);
#711=ORIENTED_EDGE('',*,*,#710,.F.);
#712=CARTESIAN_POINT('',(451.33378583,-111.952078867,123.342000894));
#713=DIRECTION('',(-0.,1.,-0.));
#714=DIRECTION('',(0.,0.,-1.));
#715=AXIS2_PLACEMENT_3D('',#712,#713,#714);
#716=CIRCLE('',#715,2.5);
#717=EDGE_CURVE('',#704,#702,#716,.T.);
#718=ORIENTED_EDGE('',*,*,#717,.F.);
#719=EDGE_LOOP('',(#711,#718));
#720=FACE_BOUND('',#719,.T.);
#721=ADVANCED_FACE('',(#700,#720),#696,.T.);
#722=OVER_RIDING_STYLED_ITEM('',(#271),#721,#564);
#723=CARTESIAN_POINT('',(451.33378583,-73.452081636,123.342000894));
#724=DIRECTION('',(0.,1.,0.));
#725=DIRECTION('',(-1.,0.,0.));
#726=AXIS2_PLACEMENT_3D('',#723,#724,#725);
#727=CYLINDRICAL_SURFACE('',#726,2.5);
#728=CARTESIAN_POINT('',(448.83378583,-52.952081636,123.342000894));
#729=VERTEX_POINT('',#728);
#730=CARTESIAN_POINT('',(448.83378583,-52.952081636,123.342000894));
#731=DIRECTION('',(0.,-1.,-0.));
#732=VECTOR('',#731,58.999997231);
#733=LINE('',#730,#732);
#734=EDGE_CURVE('',#729,#702,#733,.T.);
#735=ORIENTED_EDGE('',*,*,#734,.T.);
#736=ORIENTED_EDGE('',*,*,#710,.T.);
#737=ORIENTED_EDGE('',*,*,#717,.T.);
#738=ORIENTED_EDGE('',*,*,#734,.F.);
#739=CARTESIAN_POINT('',(451.33378583,-52.952081636,125.842000894));
#740=VERTEX_POINT('',#739);
#741=CARTESIAN_POINT('',(451.33378583,-52.952081636,123.342000894));
#742=DIRECTION('',(0.,1.,0.));
#743=DIRECTION('',(0.,-0.,1.));
#744=AXIS2_PLACEMENT_3D('',#741,#742,#743);
#745=CIRCLE('',#744,2.5);
#746=EDGE_CURVE('',#740,#729,#745,.T.);
#747=ORIENTED_EDGE('',*,*,#746,.F.);
#748=CARTESIAN_POINT('',(451.33378583,-52.952081636,123.342000894));
#749=DIRECTION('',(0.,1.,0.));
#750=DIRECTION('',(0.,-0.,1.));
#751=AXIS2_PLACEMENT_3D('',#748,#749,#750);
#752=CIRCLE('',#751,2.5);
#753=EDGE_CURVE('',#729,#740,#752,.T.);
#754=ORIENTED_EDGE('',*,*,#753,.F.);
#755=EDGE_LOOP('',(#735,#736,#737,#738,#747,#754));
#756=FACE_BOUND('',#755,.T.);
#757=ADVANCED_FACE('',(#756),#727,.T.);
#758=CARTESIAN_POINT('',(451.33378583,-52.952081636,123.342000894));
#759=DIRECTION('',(0.,1.,0.));
#760=DIRECTION('',(-1.,0.,0.));
#761=AXIS2_PLACEMENT_3D('',#758,#759,#760);
#762=PLANE('',#761);
#763=ORIENTED_EDGE('',*,*,#746,.T.);
#764=ORIENTED_EDGE('',*,*,#753,.T.);
#765=EDGE_LOOP('',(#763,#764));
#766=FACE_BOUND('',#765,.T.);
#767=ADVANCED_FACE('',(#766),#762,.T.);
#768=CLOSED_SHELL('',(#615,#666,#681,#691,#721,#757,#767));
#769=MANIFOLD_SOLID_BREP('Spindle Screw 3',#768);
#564=STYLED_ITEM('',(#356),#769);
#771=CARTESIAN_POINT('',(381.33378583,-112.952081636,123.342000894));
#772=DIRECTION('',(0.,1.,0.));
#773=DIRECTION('',(-1.,0.,0.));
#774=AXIS2_PLACEMENT_3D('',#771,#772,#773);
#775=CYLINDRICAL_SURFACE('',#774,2.5);
#776=CARTESIAN_POINT('',(378.83378583,-112.952078867,123.342000894));
#777=VERTEX_POINT('',#776);
#778=CARTESIAN_POINT('',(378.83378583,-117.952078867,123.342000894));
#779=VERTEX_POINT('',#778);
#780=CARTESIAN_POINT('',(378.83378583,-112.952078867,123.342000894));
#781=DIRECTION('',(0.,-1.,-0.));
#782=VECTOR('',#781,5.);
#783=LINE('',#780,#782);
#784=EDGE_CURVE('',#777,#779,#783,.T.);
#785=ORIENTED_EDGE('',*,*,#784,.F.);
#786=CARTESIAN_POINT('',(381.33378583,-112.952078867,125.842000894));
#787=VERTEX_POINT('',#786);
#788=CARTESIAN_POINT('',(381.33378583,-112.952078867,123.342000894));
#789=DIRECTION('',(0.,1.,0.));
#790=DIRECTION('',(0.,-0.,1.));
#791=AXIS2_PLACEMENT_3D('',#788,#789,#790);
#792=CIRCLE('',#791,2.5);
#793=EDGE_CURVE('',#777,#787,#792,.T.);
#794=ORIENTED_EDGE('',*,*,#793,.T.);
#795=CARTESIAN_POINT('',(381.33378583,-112.952078867,123.342000894));
#796=DIRECTION('',(0.,1.,0.));
#797=DIRECTION('',(0.,-0.,1.));
#798=AXIS2_PLACEMENT_3D('',#795,#796,#797);
#799=CIRCLE('',#798,2.5);
#800=EDGE_CURVE('',#787,#777,#799,.T.);
#801=ORIENTED_EDGE('',*,*,#800,.T.);
#802=ORIENTED_EDGE('',*,*,#784,.T.);
#803=CARTESIAN_POINT('',(381.33378583,-117.952078867,125.842000894));
#804=VERTEX_POINT('',#803);
#805=CARTESIAN_POINT('',(381.33378583,-117.952078867,123.342000894));
#806=DIRECTION('',(-0.,-1.,-0.));
#807=DIRECTION('',(0.,-0.,1.));
#808=AXIS2_PLACEMENT_3D('',#805,#806,#807);
#809=CIRCLE('',#808,2.5);
#810=EDGE_CURVE('',#779,#804,#809,.T.);
#811=ORIENTED_EDGE('',*,*,#810,.T.);
#812=CARTESIAN_POINT('',(381.33378583,-117.952078867,123.342000894));
#813=DIRECTION('',(-0.,-1.,-0.));
#814=DIRECTION('',(0.,-0.,1.));
#815=AXIS2_PLACEMENT_3D('',#812,#813,#814);
#816=CIRCLE('',#815,2.5);
#817=EDGE_CURVE('',#804,#779,#816,.T.);
#818=ORIENTED_EDGE('',*,*,#817,.T.);
#819=EDGE_LOOP('',(#785,#794,#801,#802,#811,#818));
#820=FACE_BOUND('',#819,.T.);
#821=ADVANCED_FACE('',(#820),#775,.F.);
#822=CARTESIAN_POINT('',(381.33378583,-112.952081636,123.342000894));
#823=DIRECTION('',(0.,1.,0.));
#824=DIRECTION('',(-1.,0.,0.));
#825=AXIS2_PLACEMENT_3D('',#822,#823,#824);
#826=CYLINDRICAL_SURFACE('',#825,4.25);
#827=CARTESIAN_POINT('',(377.08378583,-111.952078867,123.342000894));
#828=VERTEX_POINT('',#827);
#829=CARTESIAN_POINT('',(377.08378583,-117.952078867,123.342000894));
#830=VERTEX_POINT('',#829);
#831=CARTESIAN_POINT('',(377.08378583,-111.952078867,123.342000894));
#832=DIRECTION('',(0.,-1.,-0.));
#833=VECTOR('',#832,6.);
#834=LINE('',#831,#833);
#835=EDGE_CURVE('',#828,#830,#834,.T.);
#836=ORIENTED_EDGE('',*,*,#835,.T.);
#837=CARTESIAN_POINT('',(381.33378583,-117.952078867,127.592000894));
#838=VERTEX_POINT('',#837);
#839=CARTESIAN_POINT('',(381.33378583,-117.952078867,123.342000894));
#840=DIRECTION('',(0.,1.,0.));
#841=DIRECTION('',(0.,-0.,1.));
#842=AXIS2_PLACEMENT_3D('',#839,#840,#841);
#843=CIRCLE('',#842,4.25);
#844=EDGE_CURVE('',#830,#838,#843,.T.);
#845=ORIENTED_EDGE('',*,*,#844,.T.);
#846=CARTESIAN_POINT('',(381.33378583,-117.952078867,123.342000894));
#847=DIRECTION('',(0.,1.,0.));
#848=DIRECTION('',(0.,-0.,1.));
#849=AXIS2_PLACEMENT_3D('',#846,#847,#848);
#850=CIRCLE('',#849,4.25);
#851=EDGE_CURVE('',#838,#830,#850,.T.);
#852=ORIENTED_EDGE('',*,*,#851,.T.);
#853=ORIENTED_EDGE('',*,*,#835,.F.);
#854=CARTESIAN_POINT('',(381.33378583,-111.952078867,119.092000894));
#855=VERTEX_POINT('',#854);
#856=CARTESIAN_POINT('',(381.33378583,-111.952078867,123.342000894));
#857=DIRECTION('',(0.,-1.,0.));
#858=DIRECTION('',(0.,0.,-1.));
#859=AXIS2_PLACEMENT_3D('',#856,#857,#858);
#860=CIRCLE('',#859,4.25);
#861=EDGE_CURVE('',#828,#855,#860,.T.);
#862=ORIENTED_EDGE('',*,*,#861,.T.);
#863=CARTESIAN_POINT('',(381.33378583,-111.952078867,123.342000894));
#864=DIRECTION('',(0.,-1.,0.));
#865=DIRECTION('',(0.,0.,-1.));
#866=AXIS2_PLACEMENT_3D('',#863,#864,#865);
#867=CIRCLE('',#866,4.25);
#868=EDGE_CURVE('',#855,#828,#867,.T.);
#869=ORIENTED_EDGE('',*,*,#868,.T.);
#870=EDGE_LOOP('',(#836,#845,#852,#853,#862,#869));
#871=FACE_BOUND('',#870,.T.);
#872=ADVANCED_FACE('',(#871),#826,.T.);
#873=CARTESIAN_POINT('',(381.33378583,-117.952078867,123.342000894));
#874=DIRECTION('',(0.,1.,0.));
#875=DIRECTION('',(-1.,0.,0.));
#876=AXIS2_PLACEMENT_3D('',#873,#874,#875);
#877=PLANE('',#876);
#878=ORIENTED_EDGE('',*,*,#844,.F.);
#879=ORIENTED_EDGE('',*,*,#851,.F.);
#880=EDGE_LOOP('',(#878,#879));
#881=FACE_BOUND('',#880,.T.);
#882=ORIENTED_EDGE('',*,*,#810,.F.);
#883=ORIENTED_EDGE('',*,*,#817,.F.);
#884=EDGE_LOOP('',(#882,#883));
#885=FACE_BOUND('',#884,.T.);
#886=ADVANCED_FACE('',(#881,#885),#877,.F.);
#887=CARTESIAN_POINT('',(381.33378583,-112.952078867,123.342000894));
#888=DIRECTION('',(0.,1.,0.));
#889=DIRECTION('',(-1.,0.,0.));
#890=AXIS2_PLACEMENT_3D('',#887,#888,#889);
#891=PLANE('',#890);
#892=ORIENTED_EDGE('',*,*,#793,.F.);
#893=ORIENTED_EDGE('',*,*,#800,.F.);
#894=EDGE_LOOP('',(#892,#893));
#895=FACE_BOUND('',#894,.T.);
#896=ADVANCED_FACE('',(#895),#891,.F.);
#897=CARTESIAN_POINT('',(381.33378583,-111.952078867,123.342000894));
#898=DIRECTION('',(0.,1.,0.));
#899=DIRECTION('',(-1.,0.,0.));
#900=AXIS2_PLACEMENT_3D('',#897,#898,#899);
#901=PLANE('',#900);
#902=ORIENTED_EDGE('',*,*,#861,.F.);
#903=ORIENTED_EDGE('',*,*,#868,.F.);
#904=EDGE_LOOP('',(#902,#903));
#905=FACE_BOUND('',#904,.T.);
#906=CARTESIAN_POINT('',(378.83378583,-111.952078867,123.342000894));
#907=VERTEX_POINT('',#906);
#908=CARTESIAN_POINT('',(381.33378583,-111.952078867,120.842000894));
#909=VERTEX_POINT('',#908);
#910=CARTESIAN_POINT('',(381.33378583,-111.952078867,123.342000894));
#911=DIRECTION('',(-0.,1.,-0.));
#912=DIRECTION('',(0.,0.,-1.));
#913=AXIS2_PLACEMENT_3D('',#910,#911,#912);
#914=CIRCLE('',#913,2.5);
#915=EDGE_CURVE('',#907,#909,#914,.T.);
#916=ORIENTED_EDGE('',*,*,#915,.F.);
#917=CARTESIAN_POINT('',(381.33378583,-111.952078867,123.342000894));
#918=DIRECTION('',(-0.,1.,-0.));
#919=DIRECTION('',(0.,0.,-1.));
#920=AXIS2_PLACEMENT_3D('',#917,#918,#919);
#921=CIRCLE('',#920,2.5);
#922=EDGE_CURVE('',#909,#907,#921,.T.);
#923=ORIENTED_EDGE('',*,*,#922,.F.);
#924=EDGE_LOOP('',(#916,#923));
#925=FACE_BOUND('',#924,.T.);
#926=ADVANCED_FACE('',(#905,#925),#901,.T.);
#927=OVER_RIDING_STYLED_ITEM('',(#271),#926,#770);
#928=CARTESIAN_POINT('',(381.33378583,-73.452081636,123.342000894));
#929=DIRECTION('',(0.,1.,0.));
#930=DIRECTION('',(-1.,0.,0.));
#931=AXIS2_PLACEMENT_3D('',#928,#929,#930);
#932=CYLINDRICAL_SURFACE('',#931,2.5);
#933=CARTESIAN_POINT('',(378.83378583,-52.952081636,123.342000894));
#934=VERTEX_POINT('',#933);
#935=CARTESIAN_POINT('',(378.83378583,-52.952081636,123.342000894));
#936=DIRECTION('',(0.,-1.,-0.));
#937=VECTOR('',#936,58.999997231);
#938=LINE('',#935,#937);
#939=EDGE_CURVE('',#934,#907,#938,.T.);
#940=ORIENTED_EDGE('',*,*,#939,.T.);
#941=ORIENTED_EDGE('',*,*,#915,.T.);
#942=ORIENTED_EDGE('',*,*,#922,.T.);
#943=ORIENTED_EDGE('',*,*,#939,.F.);
#944=CARTESIAN_POINT('',(381.33378583,-52.952081636,125.842000894));
#945=VERTEX_POINT('',#944);
#946=CARTESIAN_POINT('',(381.33378583,-52.952081636,123.342000894));
#947=DIRECTION('',(0.,1.,0.));
#948=DIRECTION('',(0.,-0.,1.));
#949=AXIS2_PLACEMENT_3D('',#946,#947,#948);
#950=CIRCLE('',#949,2.5);
#951=EDGE_CURVE('',#945,#934,#950,.T.);
#952=ORIENTED_EDGE('',*,*,#951,.F.);
#953=CARTESIAN_POINT('',(381.33378583,-52.952081636,123.342000894));
#954=DIRECTION('',(0.,1.,0.));
#955=DIRECTION('',(0.,-0.,1.));
#956=AXIS2_PLACEMENT_3D('',#953,#954,#955);
#957=CIRCLE('',#956,2.5);
#958=EDGE_CURVE('',#934,#945,#957,.T.);
#959=ORIENTED_EDGE('',*,*,#958,.F.);
#960=EDGE_LOOP('',(#940,#941,#942,#943,#952,#959));
#961=FACE_BOUND('',#960,.T.);
#962=ADVANCED_FACE('',(#961),#932,.T.);
#963=CARTESIAN_POINT('',(381.33378583,-52.952081636,123.342000894));
#964=DIRECTION('',(0.,1.,0.));
#965=DIRECTION('',(-1.,0.,0.));
#966=AXIS2_PLACEMENT_3D('',#963,#964,#965);
#967=PLANE('',#966);
#968=ORIENTED_EDGE('',*,*,#951,.T.);
#969=ORIENTED_EDGE('',*,*,#958,.T.);
#970=EDGE_LOOP('',(#968,#969));
#971=FACE_BOUND('',#970,.T.);
#972=ADVANCED_FACE('',(#971),#967,.T.);
#973=CLOSED_SHELL('',(#821,#872,#886,#896,#926,#962,#972));
#974=MANIFOLD_SOLID_BREP('Spindle Screw 4',#973);
#770=STYLED_ITEM('',(#356),#974);
#976=CARTESIAN_POINT('',(381.33378583,-58.952078867,143.342000894));
#977=DIRECTION('',(0.,1.,0.));
#978=DIRECTION('',(0.,0.,-1.));
#979=AXIS2_PLACEMENT_3D('',#976,#977,#978);
#980=CONICAL_SURFACE('',#979,3.75,44.999999949);
#981=CARTESIAN_POINT('',(381.33378583,-58.952078867,139.592000894));
#982=VERTEX_POINT('',#981);
#983=CARTESIAN_POINT('',(381.33378583,-59.452078867,140.092000894));
#984=VERTEX_POINT('',#983);
#985=CARTESIAN_POINT('',(381.33378583,-58.952078867,139.592000894));
#986=DIRECTION('',(-0.,-0.707106782,0.707106781));
#987=VECTOR('',#986,0.707106781);
#988=LINE('',#985,#987);
#989=EDGE_CURVE('',#982,#984,#988,.T.);
#990=ORIENTED_EDGE('',*,*,#989,.F.);
#991=CARTESIAN_POINT('',(381.33378583,-58.952078867,147.092000894));
#992=VERTEX_POINT('',#991);
#993=CARTESIAN_POINT('',(381.33378583,-58.952078867,143.342000894));
#994=DIRECTION('',(-0.,-1.,-0.));
#995=DIRECTION('',(0.,-0.,1.));
#996=AXIS2_PLACEMENT_3D('',#993,#994,#995);
#997=CIRCLE('',#996,3.75);
#998=EDGE_CURVE('',#992,#982,#997,.T.);
#999=ORIENTED_EDGE('',*,*,#998,.F.);
#1000=CARTESIAN_POINT('',(381.33378583,-58.952078867,143.342000894));
#1001=DIRECTION('',(-0.,-1.,-0.));
#1002=DIRECTION('',(0.,-0.,1.));
#1003=AXIS2_PLACEMENT_3D('',#1000,#1001,#1002);
#1004=CIRCLE('',#1003,3.75);
#1005=EDGE_CURVE('',#982,#992,#1004,.T.);
#1006=ORIENTED_EDGE('',*,*,#1005,.F.);
#1007=ORIENTED_EDGE('',*,*,#989,.T.);
#1008=CARTESIAN_POINT('',(384.58378583,-59.452078867,143.342000894));
#1009=VERTEX_POINT('',#1008);
#1010=CARTESIAN_POINT('',(381.33378583,-59.452078867,143.342000894));
#1011=DIRECTION('',(-0.,1.,-0.));
#1012=DIRECTION('',(0.,0.,-1.));
#1013=AXIS2_PLACEMENT_3D('',#1010,#1011,#1012);
#1014=CIRCLE('',#1013,3.25);
#1015=EDGE_CURVE('',#1009,#984,#1014,.T.);
#1016=ORIENTED_EDGE('',*,*,#1015,.F.);
#1017=CARTESIAN_POINT('',(381.33378583,-59.452078867,143.342000894));
#1018=DIRECTION('',(-0.,1.,-0.));
#1019=DIRECTION('',(0.,0.,-1.));
#1020=AXIS2_PLACEMENT_3D('',#1017,#1018,#1019);
#1021=CIRCLE('',#1020,3.25);
#1022=EDGE_CURVE('',#984,#1009,#1021,.T.);
#1023=ORIENTED_EDGE('',*,*,#1022,.F.);
#1024=EDGE_LOOP('',(#990,#999,#1006,#1007,#1016,#1023));
#1025=FACE_BOUND('',#1024,.T.);
#1026=ADVANCED_FACE('',(#1025),#980,.F.);
#1027=CARTESIAN_POINT('',(381.33378583,-58.952078867,123.342000894));
#1028=DIRECTION('',(0.,1.,0.));
#1029=DIRECTION('',(0.,0.,-1.));
#1030=AXIS2_PLACEMENT_3D('',#1027,#1028,#1029);
#1031=CONICAL_SURFACE('',#1030,3.75,44.999999949);
#1032=CARTESIAN_POINT('',(381.33378583,-58.952078867,119.592000894));
#1033=VERTEX_POINT('',#1032);
#1034=CARTESIAN_POINT('',(381.33378583,-59.452078867,120.092000894));
#1035=VERTEX_POINT('',#1034);
#1036=CARTESIAN_POINT('',(381.33378583,-58.952078867,119.592000894));
#1037=DIRECTION('',(-0.,-0.707106782,0.707106781));
#1038=VECTOR('',#1037,0.707106781);
#1039=LINE('',#1036,#1038);
#1040=EDGE_CURVE('',#1033,#1035,#1039,.T.);
#1041=ORIENTED_EDGE('',*,*,#1040,.F.);
#1042=CARTESIAN_POINT('',(381.33378583,-58.952078867,127.092000894));
#1043=VERTEX_POINT('',#1042);
#1044=CARTESIAN_POINT('',(381.33378583,-58.952078867,123.342000894));
#1045=DIRECTION('',(-0.,-1.,-0.));
#1046=DIRECTION('',(0.,-0.,1.));
#1047=AXIS2_PLACEMENT_3D('',#1044,#1045,#1046);
#1048=CIRCLE('',#1047,3.75);
#1049=EDGE_CURVE('',#1043,#1033,#1048,.T.);
#1050=ORIENTED_EDGE('',*,*,#1049,.F.);
#1051=CARTESIAN_POINT('',(381.33378583,-58.952078867,123.342000894));
#1052=DIRECTION('',(-0.,-1.,-0.));
#1053=DIRECTION('',(0.,-0.,1.));
#1054=AXIS2_PLACEMENT_3D('',#1051,#1052,#1053);
#1055=CIRCLE('',#1054,3.75);
#1056=EDGE_CURVE('',#1033,#1043,#1055,.T.);
#1057=ORIENTED_EDGE('',*,*,#1056,.F.);
#1058=ORIENTED_EDGE('',*,*,#1040,.T.);
#1059=CARTESIAN_POINT('',(384.58378583,-59.452078867,123.342000894));
#1060=VERTEX_POINT('',#1059);
#1061=CARTESIAN_POINT('',(381.33378583,-59.452078867,123.342000894));
#1062=DIRECTION('',(-0.,1.,-0.));
#1063=DIRECTION('',(0.,0.,-1.));
#1064=AXIS2_PLACEMENT_3D('',#1061,#1062,#1063);
#1065=CIRCLE('',#1064,3.25);
#1066=EDGE_CURVE('',#1060,#1035,#1065,.T.);
#1067=ORIENTED_EDGE('',*,*,#1066,.F.);
#1068=CARTESIAN_POINT('',(381.33378583,-59.452078867,123.342000894));
#1069=DIRECTION('',(-0.,1.,-0.));
#1070=DIRECTION('',(0.,0.,-1.));
#1071=AXIS2_PLACEMENT_3D('',#1068,#1069,#1070);
#1072=CIRCLE('',#1071,3.25);
#1073=EDGE_CURVE('',#1035,#1060,#1072,.T.);
#1074=ORIENTED_EDGE('',*,*,#1073,.F.);
#1075=EDGE_LOOP('',(#1041,#1050,#1057,#1058,#1067,#1074));
#1076=FACE_BOUND('',#1075,.T.);
#1077=ADVANCED_FACE('',(#1076),#1031,.F.);
#1078=CARTESIAN_POINT('',(451.33378583,-58.952078867,123.342000894));
#1079=DIRECTION('',(0.,1.,0.));
#1080=DIRECTION('',(0.,0.,-1.));
#1081=AXIS2_PLACEMENT_3D('',#1078,#1079,#1080);
#1082=CONICAL_SURFACE('',#1081,3.75,44.999999949);
#1083=CARTESIAN_POINT('',(451.33378583,-58.952078867,119.592000894));
#1084=VERTEX_POINT('',#1083);
#1085=CARTESIAN_POINT('',(451.33378583,-59.452078867,120.092000894));
#1086=VERTEX_POINT('',#1085);
#1087=CARTESIAN_POINT('',(451.33378583,-58.952078867,119.592000894));
#1088=DIRECTION('',(-0.,-0.707106782,0.707106781));
#1089=VECTOR('',#1088,0.707106781);
#1090=LINE('',#1087,#1089);
#1091=EDGE_CURVE('',#1084,#1086,#1090,.T.);
#1092=ORIENTED_EDGE('',*,*,#1091,.F.);
#1093=CARTESIAN_POINT('',(451.33378583,-58.952078867,127.092000894));
#1094=VERTEX_POINT('',#1093);
#1095=CARTESIAN_POINT('',(451.33378583,-58.952078867,123.342000894));
#1096=DIRECTION('',(-0.,-1.,-0.));
#1097=DIRECTION('',(0.,-0.,1.));
#1098=AXIS2_PLACEMENT_3D('',#1095,#1096,#1097);
#1099=CIRCLE('',#1098,3.75);
#1100=EDGE_CURVE('',#1094,#1084,#1099,.T.);
#1101=ORIENTED_EDGE('',*,*,#1100,.F.);
#1102=CARTESIAN_POINT('',(451.33378583,-58.952078867,123.342000894));
#1103=DIRECTION('',(-0.,-1.,-0.));
#1104=DIRECTION('',(0.,-0.,1.));
#1105=AXIS2_PLACEMENT_3D('',#1102,#1103,#1104);
#1106=CIRCLE('',#1105,3.75);
#1107=EDGE_CURVE('',#1084,#1094,#1106,.T.);
#1108=ORIENTED_EDGE('',*,*,#1107,.F.);
#1109=ORIENTED_EDGE('',*,*,#1091,.T.);
#1110=CARTESIAN_POINT('',(454.58378583,-59.452078867,123.342000894));
#1111=VERTEX_POINT('',#1110);
#1112=CARTESIAN_POINT('',(451.33378583,-59.452078867,123.342000894));
#1113=DIRECTION('',(-0.,1.,-0.));
#1114=DIRECTION('',(0.,0.,-1.));
#1115=AXIS2_PLACEMENT_3D('',#1112,#1113,#1114);
#1116=CIRCLE('',#1115,3.25);
#1117=EDGE_CURVE('',#1111,#1086,#1116,.T.);
#1118=ORIENTED_EDGE('',*,*,#1117,.F.);
#1119=CARTESIAN_POINT('',(451.33378583,-59.452078867,123.342000894));
#1120=DIRECTION('',(-0.,1.,-0.));
#1121=DIRECTION('',(0.,0.,-1.));
#1122=AXIS2_PLACEMENT_3D('',#1119,#1120,#1121);
#1123=CIRCLE('',#1122,3.25);
#1124=EDGE_CURVE('',#1086,#1111,#1123,.T.);
#1125=ORIENTED_EDGE('',*,*,#1124,.F.);
#1126=EDGE_LOOP('',(#1092,#1101,#1108,#1109,#1118,#1125));
#1127=FACE_BOUND('',#1126,.T.);
#1128=ADVANCED_FACE('',(#1127),#1082,.F.);
#1129=CARTESIAN_POINT('',(451.33378583,-58.952078867,143.342000894));
#1130=DIRECTION('',(0.,1.,0.));
#1131=DIRECTION('',(0.,0.,-1.));
#1132=AXIS2_PLACEMENT_3D('',#1129,#1130,#1131);
#1133=CONICAL_SURFACE('',#1132,3.75,44.999999949);
#1134=CARTESIAN_POINT('',(451.33378583,-58.952078867,139.592000894));
#1135=VERTEX_POINT('',#1134);
#1136=CARTESIAN_POINT('',(451.33378583,-59.452078867,140.092000894));
#1137=VERTEX_POINT('',#1136);
#1138=CARTESIAN_POINT('',(451.33378583,-58.952078867,139.592000894));
#1139=DIRECTION('',(-0.,-0.707106782,0.707106781));
#1140=VECTOR('',#1139,0.707106781);
#1141=LINE('',#1138,#1140);
#1142=EDGE_CURVE('',#1135,#1137,#1141,.T.);
#1143=ORIENTED_EDGE('',*,*,#1142,.F.);
#1144=CARTESIAN_POINT('',(451.33378583,-58.952078867,147.092000894));
#1145=VERTEX_POINT('',#1144);
#1146=CARTESIAN_POINT('',(451.33378583,-58.952078867,143.342000894));
#1147=DIRECTION('',(-0.,-1.,-0.));
#1148=DIRECTION('',(0.,-0.,1.));
#1149=AXIS2_PLACEMENT_3D('',#1146,#1147,#1148);
#1150=CIRCLE('',#1149,3.75);
#1151=EDGE_CURVE('',#1145,#1135,#1150,.T.);
#1152=ORIENTED_EDGE('',*,*,#1151,.F.);
#1153=CARTESIAN_POINT('',(451.33378583,-58.952078867,143.342000894));
#1154=DIRECTION('',(-0.,-1.,-0.));
#1155=DIRECTION('',(0.,-0.,1.));
#1156=AXIS2_PLACEMENT_3D('',#1153,#1154,#1155);
#1157=CIRCLE('',#1156,3.75);
#1158=EDGE_CURVE('',#1135,#1145,#1157,.T.);
#1159=ORIENTED_EDGE('',*,*,#1158,.F.);
#1160=ORIENTED_EDGE('',*,*,#1142,.T.);
#1161=CARTESIAN_POINT('',(454.58378583,-59.452078867,143.342000894));
#1162=VERTEX_POINT('',#1161);
#1163=CARTESIAN_POINT('',(451.33378583,-59.452078867,143.342000894));
#1164=DIRECTION('',(-0.,1.,-0.));
#1165=DIRECTION('',(0.,0.,-1.));
#1166=AXIS2_PLACEMENT_3D('',#1163,#1164,#1165);
#1167=CIRCLE('',#1166,3.25);
#1168=EDGE_CURVE('',#1162,#1137,#1167,.T.);
#1169=ORIENTED_EDGE('',*,*,#1168,.F.);
#1170=CARTESIAN_POINT('',(451.33378583,-59.452078867,143.342000894));
#1171=DIRECTION('',(-0.,1.,-0.));
#1172=DIRECTION('',(0.,0.,-1.));
#1173=AXIS2_PLACEMENT_3D('',#1170,#1171,#1172);
#1174=CIRCLE('',#1173,3.25);
#1175=EDGE_CURVE('',#1137,#1162,#1174,.T.);
#1176=ORIENTED_EDGE('',*,*,#1175,.F.);
#1177=EDGE_LOOP('',(#1143,#1152,#1159,#1160,#1169,#1176));
#1178=FACE_BOUND('',#1177,.T.);
#1179=ADVANCED_FACE('',(#1178),#1133,.F.);
#1180=CARTESIAN_POINT('',(451.33378583,-58.952078867,143.342000894));
#1181=DIRECTION('',(0.,-1.,0.));
#1182=DIRECTION('',(1.,0.,0.));
#1183=AXIS2_PLACEMENT_3D('',#1180,#1181,#1182);
#1184=CYLINDRICAL_SURFACE('',#1183,3.25);
#1185=CARTESIAN_POINT('',(454.58378583,-112.952078867,143.342000894));
#1186=VERTEX_POINT('',#1185);
#1187=CARTESIAN_POINT('',(454.58378583,-112.952078867,143.342000894));
#1188=DIRECTION('',(-0.,1.,-0.));
#1189=VECTOR('',#1188,53.5);
#1190=LINE('',#1187,#1189);
#1191=EDGE_CURVE('',#1186,#1162,#1190,.T.);
#1192=ORIENTED_EDGE('',*,*,#1191,.F.);
#1193=CARTESIAN_POINT('',(451.33378583,-112.952078867,140.092000894));
#1194=VERTEX_POINT('',#1193);
#1195=CARTESIAN_POINT('',(451.33378583,-112.952078867,143.342000894));
#1196=DIRECTION('',(0.,-1.,0.));
#1197=DIRECTION('',(0.,0.,-1.));
#1198=AXIS2_PLACEMENT_3D('',#1195,#1196,#1197);
#1199=CIRCLE('',#1198,3.25);
#1200=EDGE_CURVE('',#1186,#1194,#1199,.T.);
#1201=ORIENTED_EDGE('',*,*,#1200,.T.);
#1202=CARTESIAN_POINT('',(451.33378583,-112.952078867,143.342000894));
#1203=DIRECTION('',(0.,-1.,0.));
#1204=DIRECTION('',(0.,0.,-1.));
#1205=AXIS2_PLACEMENT_3D('',#1202,#1203,#1204);
#1206=CIRCLE('',#1205,3.25);
#1207=EDGE_CURVE('',#1194,#1186,#1206,.T.);
#1208=ORIENTED_EDGE('',*,*,#1207,.T.);
#1209=ORIENTED_EDGE('',*,*,#1191,.T.);
#1210=ORIENTED_EDGE('',*,*,#1168,.T.);
#1211=ORIENTED_EDGE('',*,*,#1175,.T.);
#1212=EDGE_LOOP('',(#1192,#1201,#1208,#1209,#1210,#1211));
#1213=FACE_BOUND('',#1212,.T.);
#1214=ADVANCED_FACE('',(#1213),#1184,.F.);
#1215=CARTESIAN_POINT('',(451.33378583,-58.952078867,123.342000894));
#1216=DIRECTION('',(0.,-1.,0.));
#1217=DIRECTION('',(1.,0.,0.));
#1218=AXIS2_PLACEMENT_3D('',#1215,#1216,#1217);
#1219=CYLINDRICAL_SURFACE('',#1218,3.25);
#1220=CARTESIAN_POINT('',(454.58378583,-112.952078867,123.342000894));
#1221=VERTEX_POINT('',#1220);
#1222=CARTESIAN_POINT('',(454.58378583,-112.952078867,123.342000894));
#1223=DIRECTION('',(-0.,1.,-0.));
#1224=VECTOR('',#1223,53.5);
#1225=LINE('',#1222,#1224);
#1226=EDGE_CURVE('',#1221,#1111,#1225,.T.);
#1227=ORIENTED_EDGE('',*,*,#1226,.F.);
#1228=CARTESIAN_POINT('',(451.33378583,-112.952078867,120.092000894));
#1229=VERTEX_POINT('',#1228);
#1230=CARTESIAN_POINT('',(451.33378583,-112.952078867,123.342000894));
#1231=DIRECTION('',(0.,-1.,0.));
#1232=DIRECTION('',(0.,0.,-1.));
#1233=AXIS2_PLACEMENT_3D('',#1230,#1231,#1232);
#1234=CIRCLE('',#1233,3.25);
#1235=EDGE_CURVE('',#1221,#1229,#1234,.T.);
#1236=ORIENTED_EDGE('',*,*,#1235,.T.);
#1237=CARTESIAN_POINT('',(451.33378583,-112.952078867,123.342000894));
#1238=DIRECTION('',(0.,-1.,0.));
#1239=DIRECTION('',(0.,0.,-1.));
#1240=AXIS2_PLACEMENT_3D('',#1237,#1238,#1239);
#1241=CIRCLE('',#1240,3.25);
#1242=EDGE_CURVE('',#1229,#1221,#1241,.T.);
#1243=ORIENTED_EDGE('',*,*,#1242,.T.);
#1244=ORIENTED_EDGE('',*,*,#1226,.T.);
#1245=ORIENTED_EDGE('',*,*,#1117,.T.);
#1246=ORIENTED_EDGE('',*,*,#1124,.T.);
#1247=EDGE_LOOP('',(#1227,#1236,#1243,#1244,#1245,#1246));
#1248=FACE_BOUND('',#1247,.T.);
#1249=ADVANCED_FACE('',(#1248),#1219,.F.);
#1250=CARTESIAN_POINT('',(381.33378583,-58.952078867,123.342000894));
#1251=DIRECTION('',(0.,-1.,0.));
#1252=DIRECTION('',(1.,0.,0.));
#1253=AXIS2_PLACEMENT_3D('',#1250,#1251,#1252);
#1254=CYLINDRICAL_SURFACE('',#1253,3.25);
#1255=CARTESIAN_POINT('',(384.58378583,-91.452078867,123.342000894));
#1256=VERTEX_POINT('',#1255);
#1257=CARTESIAN_POINT('',(384.58378583,-91.452078867,123.342000894));
#1258=DIRECTION('',(-0.,1.,-0.));
#1259=VECTOR('',#1258,32.);
#1260=LINE('',#1257,#1259);
#1261=EDGE_CURVE('',#1256,#1060,#1260,.T.);
#1262=ORIENTED_EDGE('',*,*,#1261,.F.);
#1263=CARTESIAN_POINT('',(381.33378583,-91.452078867,120.092000894));
#1264=VERTEX_POINT('',#1263);
#1265=CARTESIAN_POINT('',(381.33378583,-91.452078867,123.342000894));
#1266=DIRECTION('',(-0.,1.,-0.));
#1267=DIRECTION('',(0.,0.,-1.));
#1268=AXIS2_PLACEMENT_3D('',#1265,#1266,#1267);
#1269=CIRCLE('',#1268,3.25);
#1270=EDGE_CURVE('',#1264,#1256,#1269,.T.);
#1271=ORIENTED_EDGE('',*,*,#1270,.F.);
#1272=CARTESIAN_POINT('',(381.33378583,-91.452078867,123.342000894));
#1273=DIRECTION('',(-0.,1.,-0.));
#1274=DIRECTION('',(0.,0.,-1.));
#1275=AXIS2_PLACEMENT_3D('',#1272,#1273,#1274);
#1276=CIRCLE('',#1275,3.25);
#1277=EDGE_CURVE('',#1256,#1264,#1276,.T.);
#1278=ORIENTED_EDGE('',*,*,#1277,.F.);
#1279=ORIENTED_EDGE('',*,*,#1261,.T.);
#1280=ORIENTED_EDGE('',*,*,#1066,.T.);
#1281=ORIENTED_EDGE('',*,*,#1073,.T.);
#1282=EDGE_LOOP('',(#1262,#1271,#1278,#1279,#1280,#1281));
#1283=FACE_BOUND('',#1282,.T.);
#1284=ADVANCED_FACE('',(#1283),#1254,.F.);
#1285=CARTESIAN_POINT('',(381.33378583,-58.952078867,143.342000894));
#1286=DIRECTION('',(0.,-1.,0.));
#1287=DIRECTION('',(1.,0.,0.));
#1288=AXIS2_PLACEMENT_3D('',#1285,#1286,#1287);
#1289=CYLINDRICAL_SURFACE('',#1288,3.25);
#1290=CARTESIAN_POINT('',(384.58378583,-91.452078867,143.342000894));
#1291=VERTEX_POINT('',#1290);
#1292=CARTESIAN_POINT('',(384.58378583,-91.452078867,143.342000894));
#1293=DIRECTION('',(-0.,1.,-0.));
#1294=VECTOR('',#1293,32.);
#1295=LINE('',#1292,#1294);
#1296=EDGE_CURVE('',#1291,#1009,#1295,.T.);
#1297=ORIENTED_EDGE('',*,*,#1296,.F.);
#1298=CARTESIAN_POINT('',(381.33378583,-91.452078867,140.092000894));
#1299=VERTEX_POINT('',#1298);
#1300=CARTESIAN_POINT('',(381.33378583,-91.452078867,143.342000894));
#1301=DIRECTION('',(-0.,1.,-0.));
#1302=DIRECTION('',(0.,0.,-1.));
#1303=AXIS2_PLACEMENT_3D('',#1300,#1301,#1302);
#1304=CIRCLE('',#1303,3.25);
#1305=EDGE_CURVE('',#1299,#1291,#1304,.T.);
#1306=ORIENTED_EDGE('',*,*,#1305,.F.);
#1307=CARTESIAN_POINT('',(381.33378583,-91.452078867,143.342000894));
#1308=DIRECTION('',(-0.,1.,-0.));
#1309=DIRECTION('',(0.,0.,-1.));
#1310=AXIS2_PLACEMENT_3D('',#1307,#1308,#1309);
#1311=CIRCLE('',#1310,3.25);
#1312=EDGE_CURVE('',#1291,#1299,#1311,.T.);
#1313=ORIENTED_EDGE('',*,*,#1312,.F.);
#1314=ORIENTED_EDGE('',*,*,#1296,.T.);
#1315=ORIENTED_EDGE('',*,*,#1015,.T.);
#1316=ORIENTED_EDGE('',*,*,#1022,.T.);
#1317=EDGE_LOOP('',(#1297,#1306,#1313,#1314,#1315,#1316));
#1318=FACE_BOUND('',#1317,.T.);
#1319=ADVANCED_FACE('',(#1318),#1289,.F.);
#1320=CARTESIAN_POINT('',(381.33378583,-58.952078867,123.342000894));
#1321=DIRECTION('',(0.,-1.,0.));
#1322=DIRECTION('',(1.,0.,0.));
#1323=AXIS2_PLACEMENT_3D('',#1320,#1321,#1322);
#1324=CYLINDRICAL_SURFACE('',#1323,3.25);
#1325=CARTESIAN_POINT('',(384.58378583,-112.952078867,123.342000894));
#1326=VERTEX_POINT('',#1325);
#1327=CARTESIAN_POINT('',(384.58378583,-94.452078867,123.342000894));
#1328=VERTEX_POINT('',#1327);
#1329=CARTESIAN_POINT('',(384.58378583,-112.952078867,123.342000894));
#1330=DIRECTION('',(-0.,1.,-0.));
#1331=VECTOR('',#1330,18.5);
#1332=LINE('',#1329,#1331);
#1333=EDGE_CURVE('',#1326,#1328,#1332,.T.);
#1334=ORIENTED_EDGE('',*,*,#1333,.F.);
#1335=CARTESIAN_POINT('',(381.33378583,-112.952078867,120.092000894));
#1336=VERTEX_POINT('',#1335);
#1337=CARTESIAN_POINT('',(381.33378583,-112.952078867,123.342000894));
#1338=DIRECTION('',(0.,-1.,0.));
#1339=DIRECTION('',(0.,0.,-1.));
#1340=AXIS2_PLACEMENT_3D('',#1337,#1338,#1339);
#1341=CIRCLE('',#1340,3.25);
#1342=EDGE_CURVE('',#1326,#1336,#1341,.T.);
#1343=ORIENTED_EDGE('',*,*,#1342,.T.);
#1344=CARTESIAN_POINT('',(381.33378583,-112.952078867,123.342000894));
#1345=DIRECTION('',(0.,-1.,0.));
#1346=DIRECTION('',(0.,0.,-1.));
#1347=AXIS2_PLACEMENT_3D('',#1344,#1345,#1346);
#1348=CIRCLE('',#1347,3.25);
#1349=EDGE_CURVE('',#1336,#1326,#1348,.T.);
#1350=ORIENTED_EDGE('',*,*,#1349,.T.);
#1351=ORIENTED_EDGE('',*,*,#1333,.T.);
#1352=CARTESIAN_POINT('',(381.33378583,-94.452078867,120.092000894));
#1353=VERTEX_POINT('',#1352);
#1354=CARTESIAN_POINT('',(381.33378583,-94.452078867,123.342000894));
#1355=DIRECTION('',(0.,-1.,0.));
#1356=DIRECTION('',(0.,0.,-1.));
#1357=AXIS2_PLACEMENT_3D('',#1354,#1355,#1356);
#1358=CIRCLE('',#1357,3.25);
#1359=EDGE_CURVE('',#1353,#1328,#1358,.T.);
#1360=ORIENTED_EDGE('',*,*,#1359,.F.);
#1361=CARTESIAN_POINT('',(381.33378583,-94.452078867,123.342000894));
#1362=DIRECTION('',(0.,-1.,0.));
#1363=DIRECTION('',(0.,0.,-1.));
#1364=AXIS2_PLACEMENT_3D('',#1361,#1362,#1363);
#1365=CIRCLE('',#1364,3.25);
#1366=EDGE_CURVE('',#1328,#1353,#1365,.T.);
#1367=ORIENTED_EDGE('',*,*,#1366,.F.);
#1368=EDGE_LOOP('',(#1334,#1343,#1350,#1351,#1360,#1367));
#1369=FACE_BOUND('',#1368,.T.);
#1370=ADVANCED_FACE('',(#1369),#1324,.F.);
#1371=CARTESIAN_POINT('',(381.33378583,-58.952078867,143.342000894));
#1372=DIRECTION('',(0.,-1.,0.));
#1373=DIRECTION('',(1.,0.,0.));
#1374=AXIS2_PLACEMENT_3D('',#1371,#1372,#1373);
#1375=CYLINDRICAL_SURFACE('',#1374,3.25);
#1376=CARTESIAN_POINT('',(384.58378583,-112.952078867,143.342000894));
#1377=VERTEX_POINT('',#1376);
#1378=CARTESIAN_POINT('',(384.58378583,-94.452078867,143.342000894));
#1379=VERTEX_POINT('',#1378);
#1380=CARTESIAN_POINT('',(384.58378583,-112.952078867,143.342000894));
#1381=DIRECTION('',(-0.,1.,-0.));
#1382=VECTOR('',#1381,18.5);
#1383=LINE('',#1380,#1382);
#1384=EDGE_CURVE('',#1377,#1379,#1383,.T.);
#1385=ORIENTED_EDGE('',*,*,#1384,.F.);
#1386=CARTESIAN_POINT('',(381.33378583,-112.952078867,140.092000894));
#1387=VERTEX_POINT('',#1386);
#1388=CARTESIAN_POINT('',(381.33378583,-112.952078867,143.342000894));
#1389=DIRECTION('',(0.,-1.,0.));
#1390=DIRECTION('',(0.,0.,-1.));
#1391=AXIS2_PLACEMENT_3D('',#1388,#1389,#1390);
#1392=CIRCLE('',#1391,3.25);
#1393=EDGE_CURVE('',#1377,#1387,#1392,.T.);
#1394=ORIENTED_EDGE('',*,*,#1393,.T.);
#1395=CARTESIAN_POINT('',(381.33378583,-112.952078867,143.342000894));
#1396=DIRECTION('',(0.,-1.,0.));
#1397=DIRECTION('',(0.,0.,-1.));
#1398=AXIS2_PLACEMENT_3D('',#1395,#1396,#1397);
#1399=CIRCLE('',#1398,3.25);
#1400=EDGE_CURVE('',#1387,#1377,#1399,.T.);
#1401=ORIENTED_EDGE('',*,*,#1400,.T.);
#1402=ORIENTED_EDGE('',*,*,#1384,.T.);
#1403=CARTESIAN_POINT('',(381.33378583,-94.452078867,140.092000894));
#1404=VERTEX_POINT('',#1403);
#1405=CARTESIAN_POINT('',(381.33378583,-94.452078867,143.342000894));
#1406=DIRECTION('',(0.,-1.,0.));
#1407=DIRECTION('',(0.,0.,-1.));
#1408=AXIS2_PLACEMENT_3D('',#1405,#1406,#1407);
#1409=CIRCLE('',#1408,3.25);
#1410=EDGE_CURVE('',#1404,#1379,#1409,.T.);
#1411=ORIENTED_EDGE('',*,*,#1410,.F.);
#1412=CARTESIAN_POINT('',(381.33378583,-94.452078867,143.342000894));
#1413=DIRECTION('',(0.,-1.,0.));
#1414=DIRECTION('',(0.,0.,-1.));
#1415=AXIS2_PLACEMENT_3D('',#1412,#1413,#1414);
#1416=CIRCLE('',#1415,3.25);
#1417=EDGE_CURVE('',#1379,#1404,#1416,.T.);
#1418=ORIENTED_EDGE('',*,*,#1417,.F.);
#1419=EDGE_LOOP('',(#1385,#1394,#1401,#1402,#1411,#1418));
#1420=FACE_BOUND('',#1419,.T.);
#1421=ADVANCED_FACE('',(#1420),#1375,.F.);
#1422=CARTESIAN_POINT('',(416.33378583,-92.952078867,153.342000894));
#1423=DIRECTION('',(0.,0.,-1.));
#1424=DIRECTION('',(1.,0.,0.));
#1425=AXIS2_PLACEMENT_3D('',#1422,#1423,#1424);
#1426=CYLINDRICAL_SURFACE('',#1425,26.);
#1427=CARTESIAN_POINT('',(442.33378583,-92.952078867,113.342000894));
#1428=VERTEX_POINT('',#1427);
#1429=CARTESIAN_POINT('',(442.33378583,-92.952078867,153.342000894));
#1430=VERTEX_POINT('',#1429);
#1431=CARTESIAN_POINT('',(442.33378583,-92.952078867,113.342000894));
#1432=DIRECTION('',(-0.,-0.,1.));
#1433=VECTOR('',#1432,40.);
#1434=LINE('',#1431,#1433);
#1435=EDGE_CURVE('',#1428,#1430,#1434,.T.);
#1436=ORIENTED_EDGE('',*,*,#1435,.F.);
#1437=CARTESIAN_POINT('',(390.377091125,-94.452078867,113.342000894));
#1438=VERTEX_POINT('',#1437);
#1439=CARTESIAN_POINT('',(416.33378583,-92.952078867,113.342000894));
#1440=DIRECTION('',(0.,0.,-1.));
#1441=DIRECTION('',(-1.,0.,0.));
#1442=AXIS2_PLACEMENT_3D('',#1439,#1440,#1441);
#1443=CIRCLE('',#1442,26.);
#1444=EDGE_CURVE('',#1428,#1438,#1443,.T.);
#1445=ORIENTED_EDGE('',*,*,#1444,.T.);
#1446=CARTESIAN_POINT('',(390.377091125,-94.452078867,153.342000894));
#1447=VERTEX_POINT('',#1446);
#1448=CARTESIAN_POINT('',(390.377091125,-94.452078867,153.342000894));
#1449=DIRECTION('',(-0.,-0.,-1.));
#1450=VECTOR('',#1449,40.);
#1451=LINE('',#1448,#1450);
#1452=EDGE_CURVE('',#1447,#1438,#1451,.T.);
#1453=ORIENTED_EDGE('',*,*,#1452,.F.);
#1454=CARTESIAN_POINT('',(416.33378583,-92.952078867,153.342000894));
#1455=DIRECTION('',(0.,0.,-1.));
#1456=DIRECTION('',(-1.,0.,0.));
#1457=AXIS2_PLACEMENT_3D('',#1454,#1455,#1456);
#1458=CIRCLE('',#1457,26.);
#1459=EDGE_CURVE('',#1430,#1447,#1458,.T.);
#1460=ORIENTED_EDGE('',*,*,#1459,.F.);
#1461=EDGE_LOOP('',(#1436,#1445,#1453,#1460));
#1462=FACE_BOUND('',#1461,.T.);
#1463=ADVANCED_FACE('',(#1462),#1426,.F.);
#1464=CARTESIAN_POINT('',(443.83378583,-112.952078867,153.342000894));
#1465=DIRECTION('',(-0.707106781,0.707106781,0.));
#1466=DIRECTION('',(-0.707106781,-0.707106781,0.));
#1467=AXIS2_PLACEMENT_3D('',#1464,#1465,#1466);
#1468=PLANE('',#1467);
#1469=CARTESIAN_POINT('',(429.83378583,-126.952078867,113.342000894));
#1470=VERTEX_POINT('',#1469);
#1471=CARTESIAN_POINT('',(443.83378583,-112.952078867,113.342000894));
#1472=VERTEX_POINT('',#1471);
#1473=CARTESIAN_POINT('',(429.83378583,-126.952078867,113.342000894));
#1474=DIRECTION('',(0.707106781,0.707106781,-0.));
#1475=VECTOR('',#1474,19.798989873);
#1476=LINE('',#1473,#1475);
#1477=EDGE_CURVE('',#1470,#1472,#1476,.T.);
#1478=ORIENTED_EDGE('',*,*,#1477,.T.);
#1479=CARTESIAN_POINT('',(443.83378583,-112.952078867,153.342000894));
#1480=VERTEX_POINT('',#1479);
#1481=CARTESIAN_POINT('',(443.83378583,-112.952078867,153.342000894));
#1482=DIRECTION('',(-0.,-0.,-1.));
#1483=VECTOR('',#1482,40.);
#1484=LINE('',#1481,#1483);
#1485=EDGE_CURVE('',#1480,#1472,#1484,.T.);
#1486=ORIENTED_EDGE('',*,*,#1485,.F.);
#1487=CARTESIAN_POINT('',(429.83378583,-126.952078867,153.342000894));
#1488=VERTEX_POINT('',#1487);
#1489=CARTESIAN_POINT('',(429.83378583,-126.952078867,153.342000894));
#1490=DIRECTION('',(0.707106781,0.707106781,0.));
#1491=VECTOR('',#1490,19.798989873);
#1492=LINE('',#1489,#1491);
#1493=EDGE_CURVE('',#1488,#1480,#1492,.T.);
#1494=ORIENTED_EDGE('',*,*,#1493,.F.);
#1495=CARTESIAN_POINT('',(429.83378583,-126.952078867,153.342000894));
#1496=DIRECTION('',(-0.,-0.,-1.));
#1497=VECTOR('',#1496,40.);
#1498=LINE('',#1495,#1497);
#1499=EDGE_CURVE('',#1488,#1470,#1498,.T.);
#1500=ORIENTED_EDGE('',*,*,#1499,.T.);
#1501=EDGE_LOOP('',(#1478,#1486,#1494,#1500));
#1502=FACE_BOUND('',#1501,.T.);
#1503=ADVANCED_FACE('',(#1502),#1468,.F.);
#1504=CARTESIAN_POINT('',(458.33378583,-112.952078867,153.342000894));
#1505=DIRECTION('',(0.,1.,0.));
#1506=DIRECTION('',(-1.,0.,0.));
#1507=AXIS2_PLACEMENT_3D('',#1504,#1505,#1506);
#1508=PLANE('',#1507);
#1509=CARTESIAN_POINT('',(458.33378583,-112.952078867,113.342000894));
#1510=VERTEX_POINT('',#1509);
#1511=CARTESIAN_POINT('',(443.83378583,-112.952078867,113.342000894));
#1512=DIRECTION('',(1.,-0.,-0.));
#1513=VECTOR('',#1512,14.5);
#1514=LINE('',#1511,#1513);
#1515=EDGE_CURVE('',#1472,#1510,#1514,.T.);
#1516=ORIENTED_EDGE('',*,*,#1515,.T.);
#1517=CARTESIAN_POINT('',(458.33378583,-112.952078867,153.342000894));
#1518=VERTEX_POINT('',#1517);
#1519=CARTESIAN_POINT('',(458.33378583,-112.952078867,153.342000894));
#1520=DIRECTION('',(-0.,-0.,-1.));
#1521=VECTOR('',#1520,40.);
#1522=LINE('',#1519,#1521);
#1523=EDGE_CURVE('',#1518,#1510,#1522,.T.);
#1524=ORIENTED_EDGE('',*,*,#1523,.F.);
#1525=CARTESIAN_POINT('',(443.83378583,-112.952078867,153.342000894));
#1526=DIRECTION('',(1.,-0.,-0.));
#1527=VECTOR('',#1526,14.5);
#1528=LINE('',#1525,#1527);
#1529=EDGE_CURVE('',#1480,#1518,#1528,.T.);
#1530=ORIENTED_EDGE('',*,*,#1529,.F.);
#1531=ORIENTED_EDGE('',*,*,#1485,.T.);
#1532=EDGE_LOOP('',(#1516,#1524,#1530,#1531));
#1533=FACE_BOUND('',#1532,.T.);
#1534=ORIENTED_EDGE('',*,*,#1200,.F.);
#1535=ORIENTED_EDGE('',*,*,#1207,.F.);
#1536=EDGE_LOOP('',(#1534,#1535));
#1537=FACE_BOUND('',#1536,.T.);
#1538=ORIENTED_EDGE('',*,*,#1235,.F.);
#1539=ORIENTED_EDGE('',*,*,#1242,.F.);
#1540=EDGE_LOOP('',(#1538,#1539));
#1541=FACE_BOUND('',#1540,.T.);
#1542=ADVANCED_FACE('',(#1533,#1537,#1541),#1508,.F.);
#1543=CARTESIAN_POINT('',(458.33378583,-76.952078867,153.342000894));
#1544=DIRECTION('',(-1.,0.,0.));
#1545=DIRECTION('',(0.,-1.,0.));
#1546=AXIS2_PLACEMENT_3D('',#1543,#1544,#1545);
#1547=PLANE('',#1546);
#1548=CARTESIAN_POINT('',(458.33378583,-76.952078867,113.342000894));
#1549=VERTEX_POINT('',#1548);
#1550=CARTESIAN_POINT('',(458.33378583,-112.952078867,113.342000894));
#1551=DIRECTION('',(-0.,1.,-0.));
#1552=VECTOR('',#1551,36.);
#1553=LINE('',#1550,#1552);
#1554=EDGE_CURVE('',#1510,#1549,#1553,.T.);
#1555=ORIENTED_EDGE('',*,*,#1554,.T.);
#1556=CARTESIAN_POINT('',(458.33378583,-76.952078867,153.342000894));
#1557=VERTEX_POINT('',#1556);
#1558=CARTESIAN_POINT('',(458.33378583,-76.952078867,153.342000894));
#1559=DIRECTION('',(-0.,-0.,-1.));
#1560=VECTOR('',#1559,40.);
#1561=LINE('',#1558,#1560);
#1562=EDGE_CURVE('',#1557,#1549,#1561,.T.);
#1563=ORIENTED_EDGE('',*,*,#1562,.F.);
#1564=CARTESIAN_POINT('',(458.33378583,-112.952078867,153.342000894));
#1565=DIRECTION('',(-0.,1.,-0.));
#1566=VECTOR('',#1565,36.);
#1567=LINE('',#1564,#1566);
#1568=EDGE_CURVE('',#1518,#1557,#1567,.T.);
#1569=ORIENTED_EDGE('',*,*,#1568,.F.);
#1570=ORIENTED_EDGE('',*,*,#1523,.T.);
#1571=EDGE_LOOP('',(#1555,#1563,#1569,#1570));
#1572=FACE_BOUND('',#1571,.T.);
#1573=ADVANCED_FACE('',(#1572),#1547,.F.);
#1574=CARTESIAN_POINT('',(461.33378583,-73.952078867,153.342000894));
#1575=DIRECTION('',(-0.707106781,0.707106781,0.));
#1576=DIRECTION('',(-0.707106781,-0.707106781,0.));
#1577=AXIS2_PLACEMENT_3D('',#1574,#1575,#1576);
#1578=PLANE('',#1577);
#1579=CARTESIAN_POINT('',(461.33378583,-73.952078867,113.342000894));
#1580=VERTEX_POINT('',#1579);
#1581=CARTESIAN_POINT('',(458.33378583,-76.952078867,113.342000894));
#1582=DIRECTION('',(0.707106781,0.707106781,-0.));
#1583=VECTOR('',#1582,4.242640687);
#1584=LINE('',#1581,#1583);
#1585=EDGE_CURVE('',#1549,#1580,#1584,.T.);
#1586=ORIENTED_EDGE('',*,*,#1585,.T.);
#1587=CARTESIAN_POINT('',(461.33378583,-73.952078867,153.342000894));
#1588=VERTEX_POINT('',#1587);
#1589=CARTESIAN_POINT('',(461.33378583,-73.952078867,153.342000894));
#1590=DIRECTION('',(0.,0.,-1.));
#1591=VECTOR('',#1590,40.);
#1592=LINE('',#1589,#1591);
#1593=EDGE_CURVE('',#1588,#1580,#1592,.T.);
#1594=ORIENTED_EDGE('',*,*,#1593,.F.);
#1595=CARTESIAN_POINT('',(458.33378583,-76.952078867,153.342000894));
#1596=DIRECTION('',(0.707106781,0.707106781,0.));
#1597=VECTOR('',#1596,4.242640687);
#1598=LINE('',#1595,#1597);
#1599=EDGE_CURVE('',#1557,#1588,#1598,.T.);
#1600=ORIENTED_EDGE('',*,*,#1599,.F.);
#1601=ORIENTED_EDGE('',*,*,#1562,.T.);
#1602=EDGE_LOOP('',(#1586,#1594,#1600,#1601));
#1603=FACE_BOUND('',#1602,.T.);
#1604=ADVANCED_FACE('',(#1603),#1578,.F.);
#1605=CARTESIAN_POINT('',(461.33378583,-58.952078867,153.342000894));
#1606=DIRECTION('',(-1.,0.,0.));
#1607=DIRECTION('',(0.,0.,-1.));
#1608=AXIS2_PLACEMENT_3D('',#1605,#1606,#1607);
#1609=PLANE('',#1608);
#1610=CARTESIAN_POINT('',(461.33378583,-59.952078867,113.342000894));
#1611=VERTEX_POINT('',#1610);
#1612=CARTESIAN_POINT('',(461.33378583,-73.952078867,113.342000894));
#1613=DIRECTION('',(-0.,1.,-0.));
#1614=VECTOR('',#1613,14.);
#1615=LINE('',#1612,#1614);
#1616=EDGE_CURVE('',#1580,#1611,#1615,.T.);
#1617=ORIENTED_EDGE('',*,*,#1616,.T.);
#1618=CARTESIAN_POINT('',(461.33378583,-59.952078867,153.342000894));
#1619=VERTEX_POINT('',#1618);
#1620=CARTESIAN_POINT('',(461.33378583,-59.952078867,113.342000894));
#1621=DIRECTION('',(-0.,-0.,1.));
#1622=VECTOR('',#1621,40.);
#1623=LINE('',#1620,#1622);
#1624=EDGE_CURVE('',#1611,#1619,#1623,.T.);
#1625=ORIENTED_EDGE('',*,*,#1624,.T.);
#1626=CARTESIAN_POINT('',(461.33378583,-73.952078867,153.342000894));
#1627=DIRECTION('',(-0.,1.,-0.));
#1628=VECTOR('',#1627,14.);
#1629=LINE('',#1626,#1628);
#1630=EDGE_CURVE('',#1588,#1619,#1629,.T.);
#1631=ORIENTED_EDGE('',*,*,#1630,.F.);
#1632=ORIENTED_EDGE('',*,*,#1593,.T.);
#1633=EDGE_LOOP('',(#1617,#1625,#1631,#1632));
#1634=FACE_BOUND('',#1633,.T.);
#1635=ADVANCED_FACE('',(#1634),#1609,.F.);
#1636=CARTESIAN_POINT('',(442.33378583,-58.952078867,153.342000894));
#1637=DIRECTION('',(0.,-1.,0.));
#1638=DIRECTION('',(1.,0.,0.));
#1639=AXIS2_PLACEMENT_3D('',#1636,#1637,#1638);
#1640=PLANE('',#1639);
#1641=CARTESIAN_POINT('',(460.33378583,-58.952078867,153.342000894));
#1642=VERTEX_POINT('',#1641);
#1643=CARTESIAN_POINT('',(441.03378583,-58.952078867,153.342000894));
#1644=VERTEX_POINT('',#1643);
#1645=CARTESIAN_POINT('',(460.33378583,-58.952078867,153.342000894));
#1646=DIRECTION('',(-1.,0.,0.));
#1647=VECTOR('',#1646,19.3);
#1648=LINE('',#1645,#1647);
#1649=EDGE_CURVE('',#1642,#1644,#1648,.T.);
#1650=ORIENTED_EDGE('',*,*,#1649,.F.);
#1651=CARTESIAN_POINT('',(460.33378583,-58.952078867,113.342000894));
#1652=VERTEX_POINT('',#1651);
#1653=CARTESIAN_POINT('',(460.33378583,-58.952078867,153.342000894));
#1654=DIRECTION('',(-0.,-0.,-1.));
#1655=VECTOR('',#1654,40.);
#1656=LINE('',#1653,#1655);
#1657=EDGE_CURVE('',#1642,#1652,#1656,.T.);
#1658=ORIENTED_EDGE('',*,*,#1657,.T.);
#1659=CARTESIAN_POINT('',(441.03378583,-58.952078867,113.342000894));
#1660=VERTEX_POINT('',#1659);
#1661=CARTESIAN_POINT('',(460.33378583,-58.952078867,113.342000894));
#1662=DIRECTION('',(-1.,-0.,0.));
#1663=VECTOR('',#1662,19.3);
#1664=LINE('',#1661,#1663);
#1665=EDGE_CURVE('',#1652,#1660,#1664,.T.);
#1666=ORIENTED_EDGE('',*,*,#1665,.T.);
#1667=CARTESIAN_POINT('',(441.03378583,-58.952078867,153.342000894));
#1668=DIRECTION('',(-0.,-0.,-1.));
#1669=VECTOR('',#1668,40.);
#1670=LINE('',#1667,#1669);
#1671=EDGE_CURVE('',#1644,#1660,#1670,.T.);
#1672=ORIENTED_EDGE('',*,*,#1671,.F.);
#1673=EDGE_LOOP('',(#1650,#1658,#1666,#1672));
#1674=FACE_BOUND('',#1673,.T.);
#1675=ORIENTED_EDGE('',*,*,#1151,.T.);
#1676=ORIENTED_EDGE('',*,*,#1158,.T.);
#1677=EDGE_LOOP('',(#1675,#1676));
#1678=FACE_BOUND('',#1677,.T.);
#1679=ORIENTED_EDGE('',*,*,#1100,.T.);
#1680=ORIENTED_EDGE('',*,*,#1107,.T.);
#1681=EDGE_LOOP('',(#1679,#1680));
#1682=FACE_BOUND('',#1681,.T.);
#1683=ADVANCED_FACE('',(#1674,#1678,#1682),#1640,.F.);
#1684=CARTESIAN_POINT('',(440.03378583,-60.452078867,153.342000894));
#1685=DIRECTION('',(0.832050294,-0.554700196,0.));
#1686=DIRECTION('',(0.554700196,0.832050294,0.));
#1687=AXIS2_PLACEMENT_3D('',#1684,#1685,#1686);
#1688=PLANE('',#1687);
#1689=CARTESIAN_POINT('',(440.03378583,-60.452078867,113.342000894));
#1690=VERTEX_POINT('',#1689);
#1691=CARTESIAN_POINT('',(441.03378583,-58.952078867,113.342000894));
#1692=DIRECTION('',(-0.554700196,-0.832050294,-0.));
#1693=VECTOR('',#1692,1.802775638);
#1694=LINE('',#1691,#1693);
#1695=EDGE_CURVE('',#1660,#1690,#1694,.T.);
#1696=ORIENTED_EDGE('',*,*,#1695,.T.);
#1697=CARTESIAN_POINT('',(440.03378583,-60.452078867,153.342000894));
#1698=VERTEX_POINT('',#1697);
#1699=CARTESIAN_POINT('',(440.03378583,-60.452078867,153.342000894));
#1700=DIRECTION('',(-0.,-0.,-1.));
#1701=VECTOR('',#1700,40.);
#1702=LINE('',#1699,#1701);
#1703=EDGE_CURVE('',#1698,#1690,#1702,.T.);
#1704=ORIENTED_EDGE('',*,*,#1703,.F.);
#1705=CARTESIAN_POINT('',(441.03378583,-58.952078867,153.342000894));
#1706=DIRECTION('',(-0.554700196,-0.832050294,0.));
#1707=VECTOR('',#1706,1.802775638);
#1708=LINE('',#1705,#1707);
#1709=EDGE_CURVE('',#1644,#1698,#1708,.T.);
#1710=ORIENTED_EDGE('',*,*,#1709,.F.);
#1711=ORIENTED_EDGE('',*,*,#1671,.T.);
#1712=EDGE_LOOP('',(#1696,#1704,#1710,#1711));
#1713=FACE_BOUND('',#1712,.T.);
#1714=ADVANCED_FACE('',(#1713),#1688,.F.);
#1715=CARTESIAN_POINT('',(429.33378583,-60.452078867,153.342000894));
#1716=DIRECTION('',(0.,-1.,0.));
#1717=DIRECTION('',(0.,0.,1.));
#1718=AXIS2_PLACEMENT_3D('',#1715,#1716,#1717);
#1719=PLANE('',#1718);
#1720=CARTESIAN_POINT('',(425.03378583,-60.452078867,113.342000894));
#1721=VERTEX_POINT('',#1720);
#1722=CARTESIAN_POINT('',(440.03378583,-60.452078867,113.342000894));
#1723=DIRECTION('',(-1.,0.,0.));
#1724=VECTOR('',#1723,15.);
#1725=LINE('',#1722,#1724);
#1726=EDGE_CURVE('',#1690,#1721,#1725,.T.);
#1727=ORIENTED_EDGE('',*,*,#1726,.T.);
#1728=CARTESIAN_POINT('',(425.03378583,-60.452078867,153.342000894));
#1729=VERTEX_POINT('',#1728);
#1730=CARTESIAN_POINT('',(425.03378583,-60.452078867,153.342000894));
#1731=DIRECTION('',(-0.,-0.,-1.));
#1732=VECTOR('',#1731,40.);
#1733=LINE('',#1730,#1732);
#1734=EDGE_CURVE('',#1729,#1721,#1733,.T.);
#1735=ORIENTED_EDGE('',*,*,#1734,.F.);
#1736=CARTESIAN_POINT('',(440.03378583,-60.452078867,153.342000894));
#1737=DIRECTION('',(-1.,0.,0.));
#1738=VECTOR('',#1737,15.);
#1739=LINE('',#1736,#1738);
#1740=EDGE_CURVE('',#1698,#1729,#1739,.T.);
#1741=ORIENTED_EDGE('',*,*,#1740,.F.);
#1742=ORIENTED_EDGE('',*,*,#1703,.T.);
#1743=EDGE_LOOP('',(#1727,#1735,#1741,#1742));
#1744=FACE_BOUND('',#1743,.T.);
#1745=ADVANCED_FACE('',(#1744),#1719,.F.);
#1746=CARTESIAN_POINT('',(425.03378583,-60.452078867,153.342000894));
#1747=DIRECTION('',(-0.832050294,-0.554700196,0.));
#1748=DIRECTION('',(0.554700196,-0.832050294,0.));
#1749=AXIS2_PLACEMENT_3D('',#1746,#1747,#1748);
#1750=PLANE('',#1749);
#1751=CARTESIAN_POINT('',(424.03378583,-58.952078867,113.342000894));
#1752=VERTEX_POINT('',#1751);
#1753=CARTESIAN_POINT('',(425.03378583,-60.452078867,113.342000894));
#1754=DIRECTION('',(-0.554700196,0.832050294,-0.));
#1755=VECTOR('',#1754,1.802775638);
#1756=LINE('',#1753,#1755);
#1757=EDGE_CURVE('',#1721,#1752,#1756,.T.);
#1758=ORIENTED_EDGE('',*,*,#1757,.T.);
#1759=CARTESIAN_POINT('',(424.03378583,-58.952078867,153.342000894));
#1760=VERTEX_POINT('',#1759);
#1761=CARTESIAN_POINT('',(424.03378583,-58.952078867,153.342000894));
#1762=DIRECTION('',(-0.,-0.,-1.));
#1763=VECTOR('',#1762,40.);
#1764=LINE('',#1761,#1763);
#1765=EDGE_CURVE('',#1760,#1752,#1764,.T.);
#1766=ORIENTED_EDGE('',*,*,#1765,.F.);
#1767=CARTESIAN_POINT('',(425.03378583,-60.452078867,153.342000894));
#1768=DIRECTION('',(-0.554700196,0.832050294,0.));
#1769=VECTOR('',#1768,1.802775638);
#1770=LINE('',#1767,#1769);
#1771=EDGE_CURVE('',#1729,#1760,#1770,.T.);
#1772=ORIENTED_EDGE('',*,*,#1771,.F.);
#1773=ORIENTED_EDGE('',*,*,#1734,.T.);
#1774=EDGE_LOOP('',(#1758,#1766,#1772,#1773));
#1775=FACE_BOUND('',#1774,.T.);
#1776=ADVANCED_FACE('',(#1775),#1750,.F.);
#1777=CARTESIAN_POINT('',(404.33378583,-58.952078867,153.342000894));
#1778=DIRECTION('',(0.,-1.,0.));
#1779=DIRECTION('',(0.,0.,1.));
#1780=AXIS2_PLACEMENT_3D('',#1777,#1778,#1779);
#1781=PLANE('',#1780);
#1782=CARTESIAN_POINT('',(408.63378583,-58.952078867,113.342000894));
#1783=VERTEX_POINT('',#1782);
#1784=CARTESIAN_POINT('',(424.03378583,-58.952078867,113.342000894));
#1785=DIRECTION('',(-1.,0.,0.));
#1786=VECTOR('',#1785,15.4);
#1787=LINE('',#1784,#1786);
#1788=EDGE_CURVE('',#1752,#1783,#1787,.T.);
#1789=ORIENTED_EDGE('',*,*,#1788,.T.);
#1790=CARTESIAN_POINT('',(408.63378583,-58.952078867,153.342000894));
#1791=VERTEX_POINT('',#1790);
#1792=CARTESIAN_POINT('',(408.63378583,-58.952078867,153.342000894));
#1793=DIRECTION('',(-0.,-0.,-1.));
#1794=VECTOR('',#1793,40.);
#1795=LINE('',#1792,#1794);
#1796=EDGE_CURVE('',#1791,#1783,#1795,.T.);
#1797=ORIENTED_EDGE('',*,*,#1796,.F.);
#1798=CARTESIAN_POINT('',(424.03378583,-58.952078867,153.342000894));
#1799=DIRECTION('',(-1.,0.,0.));
#1800=VECTOR('',#1799,15.4);
#1801=LINE('',#1798,#1800);
#1802=EDGE_CURVE('',#1760,#1791,#1801,.T.);
#1803=ORIENTED_EDGE('',*,*,#1802,.F.);
#1804=ORIENTED_EDGE('',*,*,#1765,.T.);
#1805=EDGE_LOOP('',(#1789,#1797,#1803,#1804));
#1806=FACE_BOUND('',#1805,.T.);
#1807=ADVANCED_FACE('',(#1806),#1781,.F.);
#1808=CARTESIAN_POINT('',(407.63378583,-60.452078867,153.342000894));
#1809=DIRECTION('',(0.832050294,-0.554700196,0.));
#1810=DIRECTION('',(0.554700196,0.832050294,0.));
#1811=AXIS2_PLACEMENT_3D('',#1808,#1809,#1810);
#1812=PLANE('',#1811);
#1813=CARTESIAN_POINT('',(407.63378583,-60.452078867,113.342000894));
#1814=VERTEX_POINT('',#1813);
#1815=CARTESIAN_POINT('',(408.63378583,-58.952078867,113.342000894));
#1816=DIRECTION('',(-0.554700196,-0.832050294,-0.));
#1817=VECTOR('',#1816,1.802775638);
#1818=LINE('',#1815,#1817);
#1819=EDGE_CURVE('',#1783,#1814,#1818,.T.);
#1820=ORIENTED_EDGE('',*,*,#1819,.T.);
#1821=CARTESIAN_POINT('',(407.63378583,-60.452078867,153.342000894));
#1822=VERTEX_POINT('',#1821);
#1823=CARTESIAN_POINT('',(407.63378583,-60.452078867,153.342000894));
#1824=DIRECTION('',(-0.,-0.,-1.));
#1825=VECTOR('',#1824,40.);
#1826=LINE('',#1823,#1825);
#1827=EDGE_CURVE('',#1822,#1814,#1826,.T.);
#1828=ORIENTED_EDGE('',*,*,#1827,.F.);
#1829=CARTESIAN_POINT('',(408.63378583,-58.952078867,153.342000894));
#1830=DIRECTION('',(-0.554700196,-0.832050294,0.));
#1831=VECTOR('',#1830,1.802775638);
#1832=LINE('',#1829,#1831);
#1833=EDGE_CURVE('',#1791,#1822,#1832,.T.);
#1834=ORIENTED_EDGE('',*,*,#1833,.F.);
#1835=ORIENTED_EDGE('',*,*,#1796,.T.);
#1836=EDGE_LOOP('',(#1820,#1828,#1834,#1835));
#1837=FACE_BOUND('',#1836,.T.);
#1838=ADVANCED_FACE('',(#1837),#1812,.F.);
#1839=CARTESIAN_POINT('',(391.33378583,-60.452078867,153.342000894));
#1840=DIRECTION('',(0.,-1.,0.));
#1841=DIRECTION('',(0.,0.,1.));
#1842=AXIS2_PLACEMENT_3D('',#1839,#1840,#1841);
#1843=PLANE('',#1842);
#1844=CARTESIAN_POINT('',(392.63378583,-60.452078867,113.342000894));
#1845=VERTEX_POINT('',#1844);
#1846=CARTESIAN_POINT('',(407.63378583,-60.452078867,113.342000894));
#1847=DIRECTION('',(-1.,0.,0.));
#1848=VECTOR('',#1847,15.);
#1849=LINE('',#1846,#1848);
#1850=EDGE_CURVE('',#1814,#1845,#1849,.T.);
#1851=ORIENTED_EDGE('',*,*,#1850,.T.);
#1852=CARTESIAN_POINT('',(392.63378583,-60.452078867,153.342000894));
#1853=VERTEX_POINT('',#1852);
#1854=CARTESIAN_POINT('',(392.63378583,-60.452078867,153.342000894));
#1855=DIRECTION('',(-0.,-0.,-1.));
#1856=VECTOR('',#1855,40.);
#1857=LINE('',#1854,#1856);
#1858=EDGE_CURVE('',#1853,#1845,#1857,.T.);
#1859=ORIENTED_EDGE('',*,*,#1858,.F.);
#1860=CARTESIAN_POINT('',(407.63378583,-60.452078867,153.342000894));
#1861=DIRECTION('',(-1.,0.,0.));
#1862=VECTOR('',#1861,15.);
#1863=LINE('',#1860,#1862);
#1864=EDGE_CURVE('',#1822,#1853,#1863,.T.);
#1865=ORIENTED_EDGE('',*,*,#1864,.F.);
#1866=ORIENTED_EDGE('',*,*,#1827,.T.);
#1867=EDGE_LOOP('',(#1851,#1859,#1865,#1866));
#1868=FACE_BOUND('',#1867,.T.);
#1869=ADVANCED_FACE('',(#1868),#1843,.F.);
#1870=CARTESIAN_POINT('',(392.63378583,-60.452078867,153.342000894));
#1871=DIRECTION('',(-0.832050294,-0.554700196,0.));
#1872=DIRECTION('',(0.554700196,-0.832050294,0.));
#1873=AXIS2_PLACEMENT_3D('',#1870,#1871,#1872);
#1874=PLANE('',#1873);
#1875=CARTESIAN_POINT('',(391.63378583,-58.952078867,113.342000894));
#1876=VERTEX_POINT('',#1875);
#1877=CARTESIAN_POINT('',(392.63378583,-60.452078867,113.342000894));
#1878=DIRECTION('',(-0.554700196,0.832050294,-0.));
#1879=VECTOR('',#1878,1.802775638);
#1880=LINE('',#1877,#1879);
#1881=EDGE_CURVE('',#1845,#1876,#1880,.T.);
#1882=ORIENTED_EDGE('',*,*,#1881,.T.);
#1883=CARTESIAN_POINT('',(391.63378583,-58.952078867,153.342000894));
#1884=VERTEX_POINT('',#1883);
#1885=CARTESIAN_POINT('',(391.63378583,-58.952078867,153.342000894));
#1886=DIRECTION('',(-0.,-0.,-1.));
#1887=VECTOR('',#1886,40.);
#1888=LINE('',#1885,#1887);
#1889=EDGE_CURVE('',#1884,#1876,#1888,.T.);
#1890=ORIENTED_EDGE('',*,*,#1889,.F.);
#1891=CARTESIAN_POINT('',(392.63378583,-60.452078867,153.342000894));
#1892=DIRECTION('',(-0.554700196,0.832050294,0.));
#1893=VECTOR('',#1892,1.802775638);
#1894=LINE('',#1891,#1893);
#1895=EDGE_CURVE('',#1853,#1884,#1894,.T.);
#1896=ORIENTED_EDGE('',*,*,#1895,.F.);
#1897=ORIENTED_EDGE('',*,*,#1858,.T.);
#1898=EDGE_LOOP('',(#1882,#1890,#1896,#1897));
#1899=FACE_BOUND('',#1898,.T.);
#1900=ADVANCED_FACE('',(#1899),#1874,.F.);
#1901=CARTESIAN_POINT('',(371.33378583,-58.952078867,153.342000894));
#1902=DIRECTION('',(0.,-1.,0.));
#1903=DIRECTION('',(1.,0.,0.));
#1904=AXIS2_PLACEMENT_3D('',#1901,#1902,#1903);
#1905=PLANE('',#1904);
#1906=CARTESIAN_POINT('',(372.33378583,-58.952078867,113.342000894));
#1907=VERTEX_POINT('',#1906);
#1908=CARTESIAN_POINT('',(391.63378583,-58.952078867,113.342000894));
#1909=DIRECTION('',(-1.,-0.,0.));
#1910=VECTOR('',#1909,19.3);
#1911=LINE('',#1908,#1910);
#1912=EDGE_CURVE('',#1876,#1907,#1911,.T.);
#1913=ORIENTED_EDGE('',*,*,#1912,.T.);
#1914=CARTESIAN_POINT('',(372.33378583,-58.952078867,153.342000894));
#1915=VERTEX_POINT('',#1914);
#1916=CARTESIAN_POINT('',(372.33378583,-58.952078867,113.342000894));
#1917=DIRECTION('',(0.,0.,1.));
#1918=VECTOR('',#1917,40.);
#1919=LINE('',#1916,#1918);
#1920=EDGE_CURVE('',#1907,#1915,#1919,.T.);
#1921=ORIENTED_EDGE('',*,*,#1920,.T.);
#1922=CARTESIAN_POINT('',(391.63378583,-58.952078867,153.342000894));
#1923=DIRECTION('',(-1.,0.,0.));
#1924=VECTOR('',#1923,19.3);
#1925=LINE('',#1922,#1924);
#1926=EDGE_CURVE('',#1884,#1915,#1925,.T.);
#1927=ORIENTED_EDGE('',*,*,#1926,.F.);
#1928=ORIENTED_EDGE('',*,*,#1889,.T.);
#1929=EDGE_LOOP('',(#1913,#1921,#1927,#1928));
#1930=FACE_BOUND('',#1929,.T.);
#1931=ORIENTED_EDGE('',*,*,#1049,.T.);
#1932=ORIENTED_EDGE('',*,*,#1056,.T.);
#1933=EDGE_LOOP('',(#1931,#1932));
#1934=FACE_BOUND('',#1933,.T.);
#1935=ORIENTED_EDGE('',*,*,#998,.T.);
#1936=ORIENTED_EDGE('',*,*,#1005,.T.);
#1937=EDGE_LOOP('',(#1935,#1936));
#1938=FACE_BOUND('',#1937,.T.);
#1939=ADVANCED_FACE('',(#1930,#1934,#1938),#1905,.F.);
#1940=CARTESIAN_POINT('',(371.33378583,-73.952078867,153.342000894));
#1941=DIRECTION('',(1.,0.,0.));
#1942=DIRECTION('',(0.,0.,1.));
#1943=AXIS2_PLACEMENT_3D('',#1940,#1941,#1942);
#1944=PLANE('',#1943);
#1945=CARTESIAN_POINT('',(371.33378583,-59.952078867,153.342000894));
#1946=VERTEX_POINT('',#1945);
#1947=CARTESIAN_POINT('',(371.33378583,-73.952078867,153.342000894));
#1948=VERTEX_POINT('',#1947);
#1949=CARTESIAN_POINT('',(371.33378583,-59.952078867,153.342000894));
#1950=DIRECTION('',(0.,-1.,0.));
#1951=VECTOR('',#1950,14.);
#1952=LINE('',#1949,#1951);
#1953=EDGE_CURVE('',#1946,#1948,#1952,.T.);
#1954=ORIENTED_EDGE('',*,*,#1953,.F.);
#1955=CARTESIAN_POINT('',(371.33378583,-59.952078867,113.342000894));
#1956=VERTEX_POINT('',#1955);
#1957=CARTESIAN_POINT('',(371.33378583,-59.952078867,153.342000894));
#1958=DIRECTION('',(-0.,-0.,-1.));
#1959=VECTOR('',#1958,40.);
#1960=LINE('',#1957,#1959);
#1961=EDGE_CURVE('',#1946,#1956,#1960,.T.);
#1962=ORIENTED_EDGE('',*,*,#1961,.T.);
#1963=CARTESIAN_POINT('',(371.33378583,-73.952078867,113.342000894));
#1964=VERTEX_POINT('',#1963);
#1965=CARTESIAN_POINT('',(371.33378583,-59.952078867,113.342000894));
#1966=DIRECTION('',(0.,-1.,0.));
#1967=VECTOR('',#1966,14.);
#1968=LINE('',#1965,#1967);
#1969=EDGE_CURVE('',#1956,#1964,#1968,.T.);
#1970=ORIENTED_EDGE('',*,*,#1969,.T.);
#1971=CARTESIAN_POINT('',(371.33378583,-73.952078867,153.342000894));
#1972=DIRECTION('',(-0.,-0.,-1.));
#1973=VECTOR('',#1972,40.);
#1974=LINE('',#1971,#1973);
#1975=EDGE_CURVE('',#1948,#1964,#1974,.T.);
#1976=ORIENTED_EDGE('',*,*,#1975,.F.);
#1977=EDGE_LOOP('',(#1954,#1962,#1970,#1976));
#1978=FACE_BOUND('',#1977,.T.);
#1979=ADVANCED_FACE('',(#1978),#1944,.F.);
#1980=CARTESIAN_POINT('',(374.33378583,-76.952078867,153.342000894));
#1981=DIRECTION('',(0.707106781,0.707106781,0.));
#1982=DIRECTION('',(-0.707106781,0.707106781,0.));
#1983=AXIS2_PLACEMENT_3D('',#1980,#1981,#1982);
#1984=PLANE('',#1983);
#1985=CARTESIAN_POINT('',(374.33378583,-76.952078867,113.342000894));
#1986=VERTEX_POINT('',#1985);
#1987=CARTESIAN_POINT('',(371.33378583,-73.952078867,113.342000894));
#1988=DIRECTION('',(0.707106781,-0.707106781,-0.));
#1989=VECTOR('',#1988,4.242640687);
#1990=LINE('',#1987,#1989);
#1991=EDGE_CURVE('',#1964,#1986,#1990,.T.);
#1992=ORIENTED_EDGE('',*,*,#1991,.T.);
#1993=CARTESIAN_POINT('',(374.33378583,-76.952078867,153.342000894));
#1994=VERTEX_POINT('',#1993);
#1995=CARTESIAN_POINT('',(374.33378583,-76.952078867,153.342000894));
#1996=DIRECTION('',(-0.,-0.,-1.));
#1997=VECTOR('',#1996,40.);
#1998=LINE('',#1995,#1997);
#1999=EDGE_CURVE('',#1994,#1986,#1998,.T.);
#2000=ORIENTED_EDGE('',*,*,#1999,.F.);
#2001=CARTESIAN_POINT('',(371.33378583,-73.952078867,153.342000894));
#2002=DIRECTION('',(0.707106781,-0.707106781,0.));
#2003=VECTOR('',#2002,4.242640687);
#2004=LINE('',#2001,#2003);
#2005=EDGE_CURVE('',#1948,#1994,#2004,.T.);
#2006=ORIENTED_EDGE('',*,*,#2005,.F.);
#2007=ORIENTED_EDGE('',*,*,#1975,.T.);
#2008=EDGE_LOOP('',(#1992,#2000,#2006,#2007));
#2009=FACE_BOUND('',#2008,.T.);
#2010=ADVANCED_FACE('',(#2009),#1984,.F.);
#2011=CARTESIAN_POINT('',(374.33378583,-91.452078867,153.342000894));
#2012=DIRECTION('',(1.,0.,0.));
#2013=DIRECTION('',(0.,0.,1.));
#2014=AXIS2_PLACEMENT_3D('',#2011,#2012,#2013);
#2015=PLANE('',#2014);
#2016=CARTESIAN_POINT('',(374.33378583,-91.452078867,113.342000894));
#2017=VERTEX_POINT('',#2016);
#2018=CARTESIAN_POINT('',(374.33378583,-76.952078867,113.342000894));
#2019=DIRECTION('',(0.,-1.,0.));
#2020=VECTOR('',#2019,14.5);
#2021=LINE('',#2018,#2020);
#2022=EDGE_CURVE('',#1986,#2017,#2021,.T.);
#2023=ORIENTED_EDGE('',*,*,#2022,.T.);
#2024=CARTESIAN_POINT('',(374.33378583,-91.452078867,153.342000894));
#2025=VERTEX_POINT('',#2024);
#2026=CARTESIAN_POINT('',(374.33378583,-91.452078867,153.342000894));
#2027=DIRECTION('',(-0.,-0.,-1.));
#2028=VECTOR('',#2027,40.);
#2029=LINE('',#2026,#2028);
#2030=EDGE_CURVE('',#2025,#2017,#2029,.T.);
#2031=ORIENTED_EDGE('',*,*,#2030,.F.);
#2032=CARTESIAN_POINT('',(374.33378583,-76.952078867,153.342000894));
#2033=DIRECTION('',(0.,-1.,0.));
#2034=VECTOR('',#2033,14.5);
#2035=LINE('',#2032,#2034);
#2036=EDGE_CURVE('',#1994,#2025,#2035,.T.);
#2037=ORIENTED_EDGE('',*,*,#2036,.F.);
#2038=ORIENTED_EDGE('',*,*,#1999,.T.);
#2039=EDGE_LOOP('',(#2023,#2031,#2037,#2038));
#2040=FACE_BOUND('',#2039,.T.);
#2041=ADVANCED_FACE('',(#2040),#2015,.F.);
#2042=CARTESIAN_POINT('',(390.377091125,-91.452078867,153.342000894));
#2043=DIRECTION('',(0.,1.,0.));
#2044=DIRECTION('',(-1.,0.,0.));
#2045=AXIS2_PLACEMENT_3D('',#2042,#2043,#2044);
#2046=PLANE('',#2045);
#2047=CARTESIAN_POINT('',(390.377091125,-91.452078867,113.342000894));
#2048=VERTEX_POINT('',#2047);
#2049=CARTESIAN_POINT('',(374.33378583,-91.452078867,113.342000894));
#2050=DIRECTION('',(1.,-0.,-0.));
#2051=VECTOR('',#2050,16.043305295);
#2052=LINE('',#2049,#2051);
#2053=EDGE_CURVE('',#2017,#2048,#2052,.T.);
#2054=ORIENTED_EDGE('',*,*,#2053,.T.);
#2055=CARTESIAN_POINT('',(390.377091125,-91.452078867,153.342000894));
#2056=VERTEX_POINT('',#2055);
#2057=CARTESIAN_POINT('',(390.377091125,-91.452078867,153.342000894));
#2058=DIRECTION('',(0.,0.,-1.));
#2059=VECTOR('',#2058,40.);
#2060=LINE('',#2057,#2059);
#2061=EDGE_CURVE('',#2056,#2048,#2060,.T.);
#2062=ORIENTED_EDGE('',*,*,#2061,.F.);
#2063=CARTESIAN_POINT('',(374.33378583,-91.452078867,153.342000894));
#2064=DIRECTION('',(1.,-0.,-0.));
#2065=VECTOR('',#2064,16.043305295);
#2066=LINE('',#2063,#2065);
#2067=EDGE_CURVE('',#2025,#2056,#2066,.T.);
#2068=ORIENTED_EDGE('',*,*,#2067,.F.);
#2069=ORIENTED_EDGE('',*,*,#2030,.T.);
#2070=EDGE_LOOP('',(#2054,#2062,#2068,#2069));
#2071=FACE_BOUND('',#2070,.T.);
#2072=ORIENTED_EDGE('',*,*,#1270,.T.);
#2073=ORIENTED_EDGE('',*,*,#1277,.T.);
#2074=EDGE_LOOP('',(#2072,#2073));
#2075=FACE_BOUND('',#2074,.T.);
#2076=ORIENTED_EDGE('',*,*,#1305,.T.);
#2077=ORIENTED_EDGE('',*,*,#1312,.T.);
#2078=EDGE_LOOP('',(#2076,#2077));
#2079=FACE_BOUND('',#2078,.T.);
#2080=ADVANCED_FACE('',(#2071,#2075,#2079),#2046,.F.);
#2081=CARTESIAN_POINT('',(374.33378583,-94.452078867,153.342000894));
#2082=DIRECTION('',(0.,-1.,0.));
#2083=DIRECTION('',(1.,0.,0.));
#2084=AXIS2_PLACEMENT_3D('',#2081,#2082,#2083);
#2085=PLANE('',#2084);
#2086=CARTESIAN_POINT('',(374.33378583,-94.452078867,113.342000894));
#2087=VERTEX_POINT('',#2086);
#2088=CARTESIAN_POINT('',(390.377091125,-94.452078867,113.342000894));
#2089=DIRECTION('',(-1.,-0.,0.));
#2090=VECTOR('',#2089,16.043305295);
#2091=LINE('',#2088,#2090);
#2092=EDGE_CURVE('',#1438,#2087,#2091,.T.);
#2093=ORIENTED_EDGE('',*,*,#2092,.T.);
#2094=CARTESIAN_POINT('',(374.33378583,-94.452078867,153.342000894));
#2095=VERTEX_POINT('',#2094);
#2096=CARTESIAN_POINT('',(374.33378583,-94.452078867,153.342000894));
#2097=DIRECTION('',(-0.,-0.,-1.));
#2098=VECTOR('',#2097,40.);
#2099=LINE('',#2096,#2098);
#2100=EDGE_CURVE('',#2095,#2087,#2099,.T.);
#2101=ORIENTED_EDGE('',*,*,#2100,.F.);
#2102=CARTESIAN_POINT('',(390.377091125,-94.452078867,153.342000894));
#2103=DIRECTION('',(-1.,0.,0.));
#2104=VECTOR('',#2103,16.043305295);
#2105=LINE('',#2102,#2104);
#2106=EDGE_CURVE('',#1447,#2095,#2105,.T.);
#2107=ORIENTED_EDGE('',*,*,#2106,.F.);
#2108=ORIENTED_EDGE('',*,*,#1452,.T.);
#2109=EDGE_LOOP('',(#2093,#2101,#2107,#2108));
#2110=FACE_BOUND('',#2109,.T.);
#2111=ORIENTED_EDGE('',*,*,#1359,.T.);
#2112=ORIENTED_EDGE('',*,*,#1366,.T.);
#2113=EDGE_LOOP('',(#2111,#2112));
#2114=FACE_BOUND('',#2113,.T.);
#2115=ORIENTED_EDGE('',*,*,#1410,.T.);
#2116=ORIENTED_EDGE('',*,*,#1417,.T.);
#2117=EDGE_LOOP('',(#2115,#2116));
#2118=FACE_BOUND('',#2117,.T.);
#2119=ADVANCED_FACE('',(#2110,#2114,#2118),#2085,.F.);
#2120=CARTESIAN_POINT('',(374.33378583,-112.952078867,153.342000894));
#2121=DIRECTION('',(1.,0.,0.));
#2122=DIRECTION('',(0.,1.,0.));
#2123=AXIS2_PLACEMENT_3D('',#2120,#2121,#2122);
#2124=PLANE('',#2123);
#2125=CARTESIAN_POINT('',(374.33378583,-112.952078867,113.342000894));
#2126=VERTEX_POINT('',#2125);
#2127=CARTESIAN_POINT('',(374.33378583,-94.452078867,113.342000894));
#2128=DIRECTION('',(-0.,-1.,-0.));
#2129=VECTOR('',#2128,18.5);
#2130=LINE('',#2127,#2129);
#2131=EDGE_CURVE('',#2087,#2126,#2130,.T.);
#2132=ORIENTED_EDGE('',*,*,#2131,.T.);
#2133=CARTESIAN_POINT('',(374.33378583,-112.952078867,153.342000894));
#2134=VERTEX_POINT('',#2133);
#2135=CARTESIAN_POINT('',(374.33378583,-112.952078867,153.342000894));
#2136=DIRECTION('',(-0.,-0.,-1.));
#2137=VECTOR('',#2136,40.);
#2138=LINE('',#2135,#2137);
#2139=EDGE_CURVE('',#2134,#2126,#2138,.T.);
#2140=ORIENTED_EDGE('',*,*,#2139,.F.);
#2141=CARTESIAN_POINT('',(374.33378583,-94.452078867,153.342000894));
#2142=DIRECTION('',(0.,-1.,0.));
#2143=VECTOR('',#2142,18.5);
#2144=LINE('',#2141,#2143);
#2145=EDGE_CURVE('',#2095,#2134,#2144,.T.);
#2146=ORIENTED_EDGE('',*,*,#2145,.F.);
#2147=ORIENTED_EDGE('',*,*,#2100,.T.);
#2148=EDGE_LOOP('',(#2132,#2140,#2146,#2147));
#2149=FACE_BOUND('',#2148,.T.);
#2150=ADVANCED_FACE('',(#2149),#2124,.F.);
#2151=CARTESIAN_POINT('',(388.83378583,-112.952078867,153.342000894));
#2152=DIRECTION('',(0.,1.,0.));
#2153=DIRECTION('',(-1.,0.,0.));
#2154=AXIS2_PLACEMENT_3D('',#2151,#2152,#2153);
#2155=PLANE('',#2154);
#2156=CARTESIAN_POINT('',(388.83378583,-112.952078867,113.342000894));
#2157=VERTEX_POINT('',#2156);
#2158=CARTESIAN_POINT('',(374.33378583,-112.952078867,113.342000894));
#2159=DIRECTION('',(1.,-0.,-0.));
#2160=VECTOR('',#2159,14.5);
#2161=LINE('',#2158,#2160);
#2162=EDGE_CURVE('',#2126,#2157,#2161,.T.);
#2163=ORIENTED_EDGE('',*,*,#2162,.T.);
#2164=CARTESIAN_POINT('',(388.83378583,-112.952078867,153.342000894));
#2165=VERTEX_POINT('',#2164);
#2166=CARTESIAN_POINT('',(388.83378583,-112.952078867,153.342000894));
#2167=DIRECTION('',(-0.,-0.,-1.));
#2168=VECTOR('',#2167,40.);
#2169=LINE('',#2166,#2168);
#2170=EDGE_CURVE('',#2165,#2157,#2169,.T.);
#2171=ORIENTED_EDGE('',*,*,#2170,.F.);
#2172=CARTESIAN_POINT('',(374.33378583,-112.952078867,153.342000894));
#2173=DIRECTION('',(1.,-0.,-0.));
#2174=VECTOR('',#2173,14.5);
#2175=LINE('',#2172,#2174);
#2176=EDGE_CURVE('',#2134,#2165,#2175,.T.);
#2177=ORIENTED_EDGE('',*,*,#2176,.F.);
#2178=ORIENTED_EDGE('',*,*,#2139,.T.);
#2179=EDGE_LOOP('',(#2163,#2171,#2177,#2178));
#2180=FACE_BOUND('',#2179,.T.);
#2181=ORIENTED_EDGE('',*,*,#1342,.F.);
#2182=ORIENTED_EDGE('',*,*,#1349,.F.);
#2183=EDGE_LOOP('',(#2181,#2182));
#2184=FACE_BOUND('',#2183,.T.);
#2185=ORIENTED_EDGE('',*,*,#1393,.F.);
#2186=ORIENTED_EDGE('',*,*,#1400,.F.);
#2187=EDGE_LOOP('',(#2185,#2186));
#2188=FACE_BOUND('',#2187,.T.);
#2189=ADVANCED_FACE('',(#2180,#2184,#2188),#2155,.F.);
#2190=CARTESIAN_POINT('',(402.83378583,-126.952078867,153.342000894));
#2191=DIRECTION('',(0.707106781,0.707106781,0.));
#2192=DIRECTION('',(-0.707106781,0.707106781,0.));
#2193=AXIS2_PLACEMENT_3D('',#2190,#2191,#2192);
#2194=PLANE('',#2193);
#2195=CARTESIAN_POINT('',(402.83378583,-126.952078867,113.342000894));
#2196=VERTEX_POINT('',#2195);
#2197=CARTESIAN_POINT('',(388.83378583,-112.952078867,113.342000894));
#2198=DIRECTION('',(0.707106781,-0.707106781,-0.));
#2199=VECTOR('',#2198,19.798989873);
#2200=LINE('',#2197,#2199);
#2201=EDGE_CURVE('',#2157,#2196,#2200,.T.);
#2202=ORIENTED_EDGE('',*,*,#2201,.T.);
#2203=CARTESIAN_POINT('',(402.83378583,-126.952078867,153.342000894));
#2204=VERTEX_POINT('',#2203);
#2205=CARTESIAN_POINT('',(402.83378583,-126.952078867,153.342000894));
#2206=DIRECTION('',(0.,0.,-1.));
#2207=VECTOR('',#2206,40.);
#2208=LINE('',#2205,#2207);
#2209=EDGE_CURVE('',#2204,#2196,#2208,.T.);
#2210=ORIENTED_EDGE('',*,*,#2209,.F.);
#2211=CARTESIAN_POINT('',(388.83378583,-112.952078867,153.342000894));
#2212=DIRECTION('',(0.707106781,-0.707106781,0.));
#2213=VECTOR('',#2212,19.798989873);
#2214=LINE('',#2211,#2213);
#2215=EDGE_CURVE('',#2165,#2204,#2214,.T.);
#2216=ORIENTED_EDGE('',*,*,#2215,.F.);
#2217=ORIENTED_EDGE('',*,*,#2170,.T.);
#2218=EDGE_LOOP('',(#2202,#2210,#2216,#2217));
#2219=FACE_BOUND('',#2218,.T.);
#2220=ADVANCED_FACE('',(#2219),#2194,.F.);
#2221=CARTESIAN_POINT('',(429.83378583,-126.952078867,153.342000894));
#2222=DIRECTION('',(0.,1.,0.));
#2223=DIRECTION('',(0.,0.,-1.));
#2224=AXIS2_PLACEMENT_3D('',#2221,#2222,#2223);
#2225=PLANE('',#2224);
#2226=CARTESIAN_POINT('',(402.83378583,-126.952078867,113.342000894));
#2227=DIRECTION('',(1.,-0.,-0.));
#2228=VECTOR('',#2227,27.);
#2229=LINE('',#2226,#2228);
#2230=EDGE_CURVE('',#2196,#1470,#2229,.T.);
#2231=ORIENTED_EDGE('',*,*,#2230,.T.);
#2232=ORIENTED_EDGE('',*,*,#1499,.F.);
#2233=CARTESIAN_POINT('',(402.83378583,-126.952078867,153.342000894));
#2234=DIRECTION('',(1.,-0.,-0.));
#2235=VECTOR('',#2234,27.);
#2236=LINE('',#2233,#2235);
#2237=EDGE_CURVE('',#2204,#1488,#2236,.T.);
#2238=ORIENTED_EDGE('',*,*,#2237,.F.);
#2239=ORIENTED_EDGE('',*,*,#2209,.T.);
#2240=EDGE_LOOP('',(#2231,#2232,#2238,#2239));
#2241=FACE_BOUND('',#2240,.T.);
#2242=ADVANCED_FACE('',(#2241),#2225,.F.);
#2243=CARTESIAN_POINT('',(416.33378583,-92.952078867,153.342000894));
#2244=DIRECTION('',(0.,0.,1.));
#2245=DIRECTION('',(-1.,0.,0.));
#2246=AXIS2_PLACEMENT_3D('',#2243,#2244,#2245);
#2247=PLANE('',#2246);
#2248=ORIENTED_EDGE('',*,*,#1630,.T.);
#2249=CARTESIAN_POINT('',(461.33378583,-59.952078867,153.342000894));
#2250=DIRECTION('',(-0.707106781,0.707106781,0.));
#2251=VECTOR('',#2250,1.414213562);
#2252=LINE('',#2249,#2251);
#2253=EDGE_CURVE('',#1619,#1642,#2252,.T.);
#2254=ORIENTED_EDGE('',*,*,#2253,.T.);
#2255=ORIENTED_EDGE('',*,*,#1649,.T.);
#2256=ORIENTED_EDGE('',*,*,#1709,.T.);
#2257=ORIENTED_EDGE('',*,*,#1740,.T.);
#2258=ORIENTED_EDGE('',*,*,#1771,.T.);
#2259=ORIENTED_EDGE('',*,*,#1802,.T.);
#2260=ORIENTED_EDGE('',*,*,#1833,.T.);
#2261=ORIENTED_EDGE('',*,*,#1864,.T.);
#2262=ORIENTED_EDGE('',*,*,#1895,.T.);
#2263=ORIENTED_EDGE('',*,*,#1926,.T.);
#2264=CARTESIAN_POINT('',(372.33378583,-58.952078867,153.342000894));
#2265=DIRECTION('',(-0.707106781,-0.707106781,0.));
#2266=VECTOR('',#2265,1.414213562);
#2267=LINE('',#2264,#2266);
#2268=EDGE_CURVE('',#1915,#1946,#2267,.T.);
#2269=ORIENTED_EDGE('',*,*,#2268,.T.);
#2270=ORIENTED_EDGE('',*,*,#1953,.T.);
#2271=ORIENTED_EDGE('',*,*,#2005,.T.);
#2272=ORIENTED_EDGE('',*,*,#2036,.T.);
#2273=ORIENTED_EDGE('',*,*,#2067,.T.);
#2274=CARTESIAN_POINT('',(416.33378583,-92.952078867,153.342000894));
#2275=DIRECTION('',(0.,0.,-1.));
#2276=DIRECTION('',(-1.,0.,0.));
#2277=AXIS2_PLACEMENT_3D('',#2274,#2275,#2276);
#2278=CIRCLE('',#2277,26.);
#2279=EDGE_CURVE('',#2056,#1430,#2278,.T.);
#2280=ORIENTED_EDGE('',*,*,#2279,.T.);
#2281=ORIENTED_EDGE('',*,*,#1459,.T.);
#2282=ORIENTED_EDGE('',*,*,#2106,.T.);
#2283=ORIENTED_EDGE('',*,*,#2145,.T.);
#2284=ORIENTED_EDGE('',*,*,#2176,.T.);
#2285=ORIENTED_EDGE('',*,*,#2215,.T.);
#2286=ORIENTED_EDGE('',*,*,#2237,.T.);
#2287=ORIENTED_EDGE('',*,*,#1493,.T.);
#2288=ORIENTED_EDGE('',*,*,#1529,.T.);
#2289=ORIENTED_EDGE('',*,*,#1568,.T.);
#2290=ORIENTED_EDGE('',*,*,#1599,.T.);
#2291=EDGE_LOOP('',(#2248,#2254,#2255,#2256,#2257,#2258,#2259,#2260,#2261,#2262,#2263,#2269,#2270,#2271,#2272,#2273,#2280,#2281,#2282,#2283,#2284,#2285,#2286,#2287,#2288,#2289,
#2290));
#2292=FACE_BOUND('',#2291,.T.);
#2293=ADVANCED_FACE('',(#2292),#2247,.T.);
#2294=CARTESIAN_POINT('',(416.33378583,-92.952078867,113.342000894));
#2295=DIRECTION('',(0.,0.,1.));
#2296=DIRECTION('',(-1.,0.,0.));
#2297=AXIS2_PLACEMENT_3D('',#2294,#2295,#2296);
#2298=PLANE('',#2297);
#2299=ORIENTED_EDGE('',*,*,#1665,.F.);
#2300=CARTESIAN_POINT('',(460.33378583,-58.952078867,113.342000894));
#2301=DIRECTION('',(0.707106781,-0.707106781,0.));
#2302=VECTOR('',#2301,1.414213562);
#2303=LINE('',#2300,#2302);
#2304=EDGE_CURVE('',#1652,#1611,#2303,.T.);
#2305=ORIENTED_EDGE('',*,*,#2304,.T.);
#2306=ORIENTED_EDGE('',*,*,#1616,.F.);
#2307=ORIENTED_EDGE('',*,*,#1585,.F.);
#2308=ORIENTED_EDGE('',*,*,#1554,.F.);
#2309=ORIENTED_EDGE('',*,*,#1515,.F.);
#2310=ORIENTED_EDGE('',*,*,#1477,.F.);
#2311=ORIENTED_EDGE('',*,*,#2230,.F.);
#2312=ORIENTED_EDGE('',*,*,#2201,.F.);
#2313=ORIENTED_EDGE('',*,*,#2162,.F.);
#2314=ORIENTED_EDGE('',*,*,#2131,.F.);
#2315=ORIENTED_EDGE('',*,*,#2092,.F.);
#2316=ORIENTED_EDGE('',*,*,#1444,.F.);
#2317=CARTESIAN_POINT('',(416.33378583,-92.952078867,113.342000894));
#2318=DIRECTION('',(0.,0.,-1.));
#2319=DIRECTION('',(-1.,0.,0.));
#2320=AXIS2_PLACEMENT_3D('',#2317,#2318,#2319);
#2321=CIRCLE('',#2320,26.);
#2322=EDGE_CURVE('',#2048,#1428,#2321,.T.);
#2323=ORIENTED_EDGE('',*,*,#2322,.F.);
#2324=ORIENTED_EDGE('',*,*,#2053,.F.);
#2325=ORIENTED_EDGE('',*,*,#2022,.F.);
#2326=ORIENTED_EDGE('',*,*,#1991,.F.);
#2327=ORIENTED_EDGE('',*,*,#1969,.F.);
#2328=CARTESIAN_POINT('',(371.33378583,-59.952078867,113.342000894));
#2329=DIRECTION('',(0.707106781,0.707106781,0.));
#2330=VECTOR('',#2329,1.414213562);
#2331=LINE('',#2328,#2330);
#2332=EDGE_CURVE('',#1956,#1907,#2331,.T.);
#2333=ORIENTED_EDGE('',*,*,#2332,.T.);
#2334=ORIENTED_EDGE('',*,*,#1912,.F.);
#2335=ORIENTED_EDGE('',*,*,#1881,.F.);
#2336=ORIENTED_EDGE('',*,*,#1850,.F.);
#2337=ORIENTED_EDGE('',*,*,#1819,.F.);
#2338=ORIENTED_EDGE('',*,*,#1788,.F.);
#2339=ORIENTED_EDGE('',*,*,#1757,.F.);
#2340=ORIENTED_EDGE('',*,*,#1726,.F.);
#2341=ORIENTED_EDGE('',*,*,#1695,.F.);
#2342=EDGE_LOOP('',(#2299,#2305,#2306,#2307,#2308,#2309,#2310,#2311,#2312,#2313,#2314,#2315,#2316,#2323,#2324,#2325,#2326,#2327,#2333,#2334,#2335,#2336,#2337,#2338,#2339,#2340,
#2341));
#2343=FACE_BOUND('',#2342,.T.);
#2344=ADVANCED_FACE('',(#2343),#2298,.F.);
#2345=CARTESIAN_POINT('',(460.33378583,-58.952078867,153.342000894));
#2346=DIRECTION('',(-0.707106781,-0.707106781,0.));
#2347=DIRECTION('',(0.,0.,-1.));
#2348=AXIS2_PLACEMENT_3D('',#2345,#2346,#2347);
#2349=PLANE('',#2348);
#2350=ORIENTED_EDGE('',*,*,#2253,.F.);
#2351=ORIENTED_EDGE('',*,*,#1624,.F.);
#2352=ORIENTED_EDGE('',*,*,#2304,.F.);
#2353=ORIENTED_EDGE('',*,*,#1657,.F.);
#2354=EDGE_LOOP('',(#2350,#2351,#2352,#2353));
#2355=FACE_BOUND('',#2354,.T.);
#2356=ADVANCED_FACE('',(#2355),#2349,.F.);
#2357=CARTESIAN_POINT('',(371.33378583,-59.952078867,153.342000894));
#2358=DIRECTION('',(0.707106781,-0.707106781,0.));
#2359=DIRECTION('',(0.,0.,-1.));
#2360=AXIS2_PLACEMENT_3D('',#2357,#2358,#2359);
#2361=PLANE('',#2360);
#2362=ORIENTED_EDGE('',*,*,#2268,.F.);
#2363=ORIENTED_EDGE('',*,*,#1920,.F.);
#2364=ORIENTED_EDGE('',*,*,#2332,.F.);
#2365=ORIENTED_EDGE('',*,*,#1961,.F.);
#2366=EDGE_LOOP('',(#2362,#2363,#2364,#2365));
#2367=FACE_BOUND('',#2366,.T.);
#2368=ADVANCED_FACE('',(#2367),#2361,.F.);
#2369=CARTESIAN_POINT('',(416.33378583,-92.952078867,153.342000894));
#2370=DIRECTION('',(0.,0.,-1.));
#2371=DIRECTION('',(1.,0.,0.));
#2372=AXIS2_PLACEMENT_3D('',#2369,#2370,#2371);
#2373=CYLINDRICAL_SURFACE('',#2372,26.);
#2374=ORIENTED_EDGE('',*,*,#1435,.T.);
#2375=ORIENTED_EDGE('',*,*,#2279,.F.);
#2376=ORIENTED_EDGE('',*,*,#2061,.T.);
#2377=ORIENTED_EDGE('',*,*,#2322,.T.);
#2378=EDGE_LOOP('',(#2374,#2375,#2376,#2377));
#2379=FACE_BOUND('',#2378,.T.);
#2380=ADVANCED_FACE('',(#2379),#2373,.F.);
#2381=CLOSED_SHELL('',(#1026,#1077,#1128,#1179,#1214,#1249,#1284,#1319,#1370,#1421,#1463,#1503,#1542,#1573,#1604,#1635,#1683,#1714,#1745,#1776,#1807,#1838,#1869,#1900,#1939,#1979,
#2010,#2041,#2080,#2119,#2150,#2189,#2220,#2242,#2293,#2344,#2356,#2368,#2380));
#2382=MANIFOLD_SOLID_BREP('Spindle Clamp',#2381);
#2383=COLOUR_RGB('',0.898039222,0.917647064,0.929411769);
#2384=FILL_AREA_STYLE_COLOUR('',#2383);
#2385=FILL_AREA_STYLE('',(#2384));
#2386=SURFACE_STYLE_FILL_AREA(#2385);
#2387=SURFACE_SIDE_STYLE('',(#2386));
#2388=SURFACE_STYLE_USAGE(.BOTH.,#2387);
#2389=PRESENTATION_STYLE_ASSIGNMENT((#2388));
#975=STYLED_ITEM('',(#2389),#2382);
#2391=CARTESIAN_POINT('',(438.40806764,-57.852078867,112.342000894));
#2392=DIRECTION('',(0.,-1.,0.));
#2393=DIRECTION('',(-0.387602263,0.,0.921826711));
#2394=AXIS2_PLACEMENT_3D('',#2391,#2392,#2393);
#2395=CYLINDRICAL_SURFACE('',#2394,1.);
#2396=CARTESIAN_POINT('',(438.020465377,-64.952078867,113.263827605));
#2397=VERTEX_POINT('',#2396);
#2398=CARTESIAN_POINT('',(438.020464217,-58.817041783,113.263830362));
#2399=VERTEX_POINT('',#2398);
#2400=CARTESIAN_POINT('',(438.020465377,-64.952078867,113.263827605));
#2401=DIRECTION('',(-0.,1.,-0.));
#2402=VECTOR('',#2401,6.135037084);
#2403=LINE('',#2400,#2402);
#2404=EDGE_CURVE('',#2397,#2399,#2403,.T.);
#2405=ORIENTED_EDGE('',*,*,#2404,.T.);
#2406=CARTESIAN_POINT('',(437.693463401,-58.552078867,113.041529866));
#2407=VERTEX_POINT('',#2406);
#2408=CARTESIAN_POINT('',(438.40806764,-58.951004435,113.342000894));
#2409=CARTESIAN_POINT('',(438.332119569,-58.946335127,113.342000894));
#2410=CARTESIAN_POINT('',(438.259523766,-58.927534452,113.333434288));
#2411=CARTESIAN_POINT('',(438.190470157,-58.90100164,113.318039487));
#2412=CARTESIAN_POINT('',(438.121416548,-58.874468828,113.302644687));
#2413=CARTESIAN_POINT('',(438.057372129,-58.840597162,113.280768777));
#2414=CARTESIAN_POINT('',(437.997764055,-58.803061836,113.253949888));
#2415=CARTESIAN_POINT('',(437.878547908,-58.727991184,113.200312111));
#2416=CARTESIAN_POINT('',(437.779053809,-58.640414366,113.128964797));
#2417=CARTESIAN_POINT('',(437.693463401,-58.552078867,113.041529866));
#2418=B_SPLINE_CURVE_WITH_KNOTS('',3,(#2408,#2409,#2410,#2411,#2412,#2413,#2414,#2415,#2416,#2417),.UNSPECIFIED.,.F.,.F.,(4,3,3,4),(-0.000419886,-0.000195887,0.000028113,0.000476113),.UNSPECIFIED.);
#2419=EDGE_CURVE('',#2399,#2407,#2418,.T.);
#2420=ORIENTED_EDGE('',*,*,#2419,.T.);
#2421=CARTESIAN_POINT('',(437.693463401,-64.952078867,113.041529866));
#2422=VERTEX_POINT('',#2421);
#2423=CARTESIAN_POINT('',(437.693463401,-58.552078867,113.041529866));
#2424=DIRECTION('',(0.,-1.,0.));
#2425=VECTOR('',#2424,6.4);
#2426=LINE('',#2423,#2425);
#2427=EDGE_CURVE('',#2407,#2422,#2426,.T.);
#2428=ORIENTED_EDGE('',*,*,#2427,.T.);
#2429=CARTESIAN_POINT('',(438.40806764,-64.952078867,112.342000894));
#2430=DIRECTION('',(-0.,1.,-0.));
#2431=DIRECTION('',(0.,0.,-1.));
#2432=AXIS2_PLACEMENT_3D('',#2429,#2430,#2431);
#2433=CIRCLE('',#2432,1.);
#2434=EDGE_CURVE('',#2422,#2397,#2433,.T.);
#2435=ORIENTED_EDGE('',*,*,#2434,.T.);
#2436=EDGE_LOOP('',(#2405,#2420,#2428,#2435));
#2437=FACE_BOUND('',#2436,.T.);
#2438=ADVANCED_FACE('',(#2437),#2395,.T.);
#2439=CARTESIAN_POINT('',(432.262471188,-57.852078867,112.342000894));
#2440=DIRECTION('',(0.,-1.,0.));
#2441=DIRECTION('',(0.387602263,0.,0.921826711));
#2442=AXIS2_PLACEMENT_3D('',#2439,#2440,#2441);
#2443=CYLINDRICAL_SURFACE('',#2442,1.);
#2444=CARTESIAN_POINT('',(432.650073451,-64.952078867,113.263827605));
#2445=VERTEX_POINT('',#2444);
#2446=CARTESIAN_POINT('',(432.650074597,-58.817041094,113.263830328));
#2447=VERTEX_POINT('',#2446);
#2448=CARTESIAN_POINT('',(432.650073451,-64.952078867,113.263827605));
#2449=DIRECTION('',(-0.,1.,-0.));
#2450=VECTOR('',#2449,6.135037773);
#2451=LINE('',#2448,#2450);
#2452=EDGE_CURVE('',#2445,#2447,#2451,.T.);
#2453=ORIENTED_EDGE('',*,*,#2452,.T.);
#2454=CARTESIAN_POINT('',(432.262471188,-58.951004434,113.342000894));
#2455=VERTEX_POINT('',#2454);
#2456=CARTESIAN_POINT('',(432.977075427,-58.552078867,113.041529866));
#2457=CARTESIAN_POINT('',(432.93384444,-58.596695114,113.085692505));
#2458=CARTESIAN_POINT('',(432.88793986,-58.640004679,113.124681644));
#2459=CARTESIAN_POINT('',(432.837502056,-58.68228325,113.160132608));
#2460=CARTESIAN_POINT('',(432.787064252,-58.724561822,113.195583571));
#2461=CARTESIAN_POINT('',(432.732292118,-58.765604811,113.227194324));
#2462=CARTESIAN_POINT('',(432.672489351,-58.803241516,113.254078251));
#2463=CARTESIAN_POINT('',(432.612686585,-58.84087822,113.280962178));
#2464=CARTESIAN_POINT('',(432.54897633,-58.874458365,113.302622826));
#2465=CARTESIAN_POINT('',(432.480797849,-58.900721111,113.317876639));
#2466=CARTESIAN_POINT('',(432.412619368,-58.926983858,113.333130451));
#2467=CARTESIAN_POINT('',(432.338495481,-58.946330441,113.342000894));
#2468=CARTESIAN_POINT('',(432.262471188,-58.951004435,113.342000894));
#2469=B_SPLINE_CURVE_WITH_KNOTS('',3,(#2456,#2457,#2458,#2459,#2460,#2461,#2462,#2463,#2464,#2465,#2466,#2467,#2468),.UNSPECIFIED.,.F.,.F.,(4,3,3,3,4),(-0.000474981,-0.000251329,-0.000027678,0.000195974,0.000419625),.UNSPECIFIED.);
#2470=EDGE_CURVE('',#2447,#2455,#2469,.T.);
#2471=ORIENTED_EDGE('',*,*,#2470,.T.);
#2472=CARTESIAN_POINT('',(432.262471188,-64.952078867,113.342000894));
#2473=VERTEX_POINT('',#2472);
#2474=CARTESIAN_POINT('',(432.262471188,-58.951004434,113.342000894));
#2475=DIRECTION('',(0.,-1.,0.));
#2476=VECTOR('',#2475,6.001074433);
#2477=LINE('',#2474,#2476);
#2478=EDGE_CURVE('',#2455,#2473,#2477,.T.);
#2479=ORIENTED_EDGE('',*,*,#2478,.T.);
#2480=CARTESIAN_POINT('',(432.262471188,-64.952078867,112.342000894));
#2481=DIRECTION('',(-0.,1.,-0.));
#2482=DIRECTION('',(0.,0.,-1.));
#2483=AXIS2_PLACEMENT_3D('',#2480,#2481,#2482);
#2484=CIRCLE('',#2483,1.);
#2485=EDGE_CURVE('',#2473,#2445,#2484,.T.);
#2486=ORIENTED_EDGE('',*,*,#2485,.T.);
#2487=EDGE_LOOP('',(#2453,#2471,#2479,#2486));
#2488=FACE_BOUND('',#2487,.T.);
#2489=ADVANCED_FACE('',(#2488),#2443,.T.);
#2490=CARTESIAN_POINT('',(400.408067006,-57.852078867,112.342000894));
#2491=DIRECTION('',(0.,-1.,0.));
#2492=DIRECTION('',(-0.387602263,0.,0.921826711));
#2493=AXIS2_PLACEMENT_3D('',#2490,#2491,#2492);
#2494=CYLINDRICAL_SURFACE('',#2493,1.);
#2495=CARTESIAN_POINT('',(400.020464743,-64.952078867,113.263827605));
#2496=VERTEX_POINT('',#2495);
#2497=CARTESIAN_POINT('',(400.020463583,-58.817041783,113.263830362));
#2498=VERTEX_POINT('',#2497);
#2499=CARTESIAN_POINT('',(400.020464743,-64.952078867,113.263827605));
#2500=DIRECTION('',(-0.,1.,-0.));
#2501=VECTOR('',#2500,6.135037084);
#2502=LINE('',#2499,#2501);
#2503=EDGE_CURVE('',#2496,#2498,#2502,.T.);
#2504=ORIENTED_EDGE('',*,*,#2503,.T.);
#2505=CARTESIAN_POINT('',(399.693462768,-58.552078867,113.041529866));
#2506=VERTEX_POINT('',#2505);
#2507=CARTESIAN_POINT('',(400.408067006,-58.951004435,113.342000894));
#2508=CARTESIAN_POINT('',(400.332118935,-58.946335127,113.342000894));
#2509=CARTESIAN_POINT('',(400.259523132,-58.927534452,113.333434288));
#2510=CARTESIAN_POINT('',(400.190469523,-58.90100164,113.318039487));
#2511=CARTESIAN_POINT('',(400.121415914,-58.874468828,113.302644687));
#2512=CARTESIAN_POINT('',(400.057371495,-58.840597162,113.280768777));
#2513=CARTESIAN_POINT('',(399.997763421,-58.803061836,113.253949888));
#2514=CARTESIAN_POINT('',(399.878547274,-58.727991184,113.200312111));
#2515=CARTESIAN_POINT('',(399.779053175,-58.640414366,113.128964797));
#2516=CARTESIAN_POINT('',(399.693462767,-58.552078867,113.041529866));
#2517=B_SPLINE_CURVE_WITH_KNOTS('',3,(#2507,#2508,#2509,#2510,#2511,#2512,#2513,#2514,#2515,#2516),.UNSPECIFIED.,.F.,.F.,(4,3,3,4),(-0.000419886,-0.000195887,0.000028113,0.000476113),.UNSPECIFIED.);
#2518=EDGE_CURVE('',#2498,#2506,#2517,.T.);
#2519=ORIENTED_EDGE('',*,*,#2518,.T.);
#2520=CARTESIAN_POINT('',(399.693462768,-64.952078867,113.041529866));
#2521=VERTEX_POINT('',#2520);
#2522=CARTESIAN_POINT('',(399.693462768,-58.552078867,113.041529866));
#2523=DIRECTION('',(0.,-1.,0.));
#2524=VECTOR('',#2523,6.4);
#2525=LINE('',#2522,#2524);
#2526=EDGE_CURVE('',#2506,#2521,#2525,.T.);
#2527=ORIENTED_EDGE('',*,*,#2526,.T.);
#2528=CARTESIAN_POINT('',(400.408067006,-64.952078867,112.342000894));
#2529=DIRECTION('',(-0.,1.,-0.));
#2530=DIRECTION('',(0.,0.,-1.));
#2531=AXIS2_PLACEMENT_3D('',#2528,#2529,#2530);
#2532=CIRCLE('',#2531,1.);
#2533=EDGE_CURVE('',#2521,#2496,#2532,.T.);
#2534=ORIENTED_EDGE('',*,*,#2533,.T.);
#2535=EDGE_LOOP('',(#2504,#2519,#2527,#2534));
#2536=FACE_BOUND('',#2535,.T.);
#2537=ADVANCED_FACE('',(#2536),#2494,.T.);
#2538=CARTESIAN_POINT('',(394.262470554,-57.852078867,112.342000894));
#2539=DIRECTION('',(0.,-1.,0.));
#2540=DIRECTION('',(0.387602263,0.,0.921826711));
#2541=AXIS2_PLACEMENT_3D('',#2538,#2539,#2540);
#2542=CYLINDRICAL_SURFACE('',#2541,1.);
#2543=CARTESIAN_POINT('',(394.650072817,-64.952078867,113.263827605));
#2544=VERTEX_POINT('',#2543);
#2545=CARTESIAN_POINT('',(394.650073963,-58.817041094,113.263830328));
#2546=VERTEX_POINT('',#2545);
#2547=CARTESIAN_POINT('',(394.650072817,-64.952078867,113.263827605));
#2548=DIRECTION('',(-0.,1.,-0.));
#2549=VECTOR('',#2548,6.135037773);
#2550=LINE('',#2547,#2549);
#2551=EDGE_CURVE('',#2544,#2546,#2550,.T.);
#2552=ORIENTED_EDGE('',*,*,#2551,.T.);
#2553=CARTESIAN_POINT('',(394.262470554,-58.951004434,113.342000894));
#2554=VERTEX_POINT('',#2553);
#2555=CARTESIAN_POINT('',(394.977074793,-58.552078867,113.041529866));
#2556=CARTESIAN_POINT('',(394.933843806,-58.596695114,113.085692505));
#2557=CARTESIAN_POINT('',(394.887939226,-58.640004679,113.124681644));
#2558=CARTESIAN_POINT('',(394.837501422,-58.68228325,113.160132608));
#2559=CARTESIAN_POINT('',(394.787063618,-58.724561822,113.195583571));
#2560=CARTESIAN_POINT('',(394.732291484,-58.765604811,113.227194324));
#2561=CARTESIAN_POINT('',(394.672488717,-58.803241516,113.254078251));
#2562=CARTESIAN_POINT('',(394.612685951,-58.84087822,113.280962178));
#2563=CARTESIAN_POINT('',(394.548975696,-58.874458365,113.302622826));
#2564=CARTESIAN_POINT('',(394.480797215,-58.900721111,113.317876639));
#2565=CARTESIAN_POINT('',(394.412618734,-58.926983858,113.333130451));
#2566=CARTESIAN_POINT('',(394.338494847,-58.946330441,113.342000894));
#2567=CARTESIAN_POINT('',(394.262470554,-58.951004435,113.342000894));
#2568=B_SPLINE_CURVE_WITH_KNOTS('',3,(#2555,#2556,#2557,#2558,#2559,#2560,#2561,#2562,#2563,#2564,#2565,#2566,#2567),.UNSPECIFIED.,.F.,.F.,(4,3,3,3,4),(-0.000474981,-0.000251329,-0.000027678,0.000195974,0.000419625),.UNSPECIFIED.);
#2569=EDGE_CURVE('',#2546,#2554,#2568,.T.);
#2570=ORIENTED_EDGE('',*,*,#2569,.T.);
#2571=CARTESIAN_POINT('',(394.262470554,-64.952078867,113.342000894));
#2572=VERTEX_POINT('',#2571);
#2573=CARTESIAN_POINT('',(394.262470554,-58.951004434,113.342000894));
#2574=DIRECTION('',(0.,-1.,0.));
#2575=VECTOR('',#2574,6.001074433);
#2576=LINE('',#2573,#2575);
#2577=EDGE_CURVE('',#2554,#2572,#2576,.T.);
#2578=ORIENTED_EDGE('',*,*,#2577,.T.);
#2579=CARTESIAN_POINT('',(394.262470554,-64.952078867,112.342000894));
#2580=DIRECTION('',(-0.,1.,-0.));
#2581=DIRECTION('',(0.,0.,-1.));
#2582=AXIS2_PLACEMENT_3D('',#2579,#2580,#2581);
#2583=CIRCLE('',#2582,1.);
#2584=EDGE_CURVE('',#2572,#2544,#2583,.T.);
#2585=ORIENTED_EDGE('',*,*,#2584,.T.);
#2586=EDGE_LOOP('',(#2552,#2570,#2578,#2585));
#2587=FACE_BOUND('',#2586,.T.);
#2588=ADVANCED_FACE('',(#2587),#2542,.T.);
#2589=CARTESIAN_POINT('',(380.408067006,-91.952078866,112.342000894));
#2590=DIRECTION('',(0.,-1.,0.));
#2591=DIRECTION('',(-0.387602263,0.,0.921826711));
#2592=AXIS2_PLACEMENT_3D('',#2589,#2590,#2591);
#2593=CYLINDRICAL_SURFACE('',#2592,1.);
#2594=CARTESIAN_POINT('',(380.020464743,-64.952078867,113.263827605));
#2595=VERTEX_POINT('',#2594);
#2596=CARTESIAN_POINT('',(380.020463583,-58.817041783,113.263830362));
#2597=VERTEX_POINT('',#2596);
#2598=CARTESIAN_POINT('',(380.020464743,-64.952078867,113.263827605));
#2599=DIRECTION('',(-0.,1.,-0.));
#2600=VECTOR('',#2599,6.135037084);
#2601=LINE('',#2598,#2600);
#2602=EDGE_CURVE('',#2595,#2597,#2601,.T.);
#2603=ORIENTED_EDGE('',*,*,#2602,.T.);
#2604=CARTESIAN_POINT('',(379.693462768,-58.552078867,113.041529866));
#2605=VERTEX_POINT('',#2604);
#2606=CARTESIAN_POINT('',(380.408067006,-58.951004435,113.342000894));
#2607=CARTESIAN_POINT('',(380.332118935,-58.946335127,113.342000894));
#2608=CARTESIAN_POINT('',(380.259523132,-58.927534452,113.333434288));
#2609=CARTESIAN_POINT('',(380.190469523,-58.90100164,113.318039487));
#2610=CARTESIAN_POINT('',(380.121415914,-58.874468828,113.302644687));
#2611=CARTESIAN_POINT('',(380.057371495,-58.840597162,113.280768777));
#2612=CARTESIAN_POINT('',(379.997763421,-58.803061836,113.253949888));
#2613=CARTESIAN_POINT('',(379.878547274,-58.727991184,113.200312111));
#2614=CARTESIAN_POINT('',(379.779053175,-58.640414366,113.128964797));
#2615=CARTESIAN_POINT('',(379.693462767,-58.552078867,113.041529866));
#2616=B_SPLINE_CURVE_WITH_KNOTS('',3,(#2606,#2607,#2608,#2609,#2610,#2611,#2612,#2613,#2614,#2615),.UNSPECIFIED.,.F.,.F.,(4,3,3,4),(-0.000419886,-0.000195887,0.000028113,0.000476113),.UNSPECIFIED.);
#2617=EDGE_CURVE('',#2597,#2605,#2616,.T.);
#2618=ORIENTED_EDGE('',*,*,#2617,.T.);
#2619=CARTESIAN_POINT('',(379.693462768,-64.952078867,113.041529866));
#2620=VERTEX_POINT('',#2619);
#2621=CARTESIAN_POINT('',(379.693462768,-58.552078867,113.041529866));
#2622=DIRECTION('',(0.,-1.,0.));
#2623=VECTOR('',#2622,6.4);
#2624=LINE('',#2621,#2623);
#2625=EDGE_CURVE('',#2605,#2620,#2624,.T.);
#2626=ORIENTED_EDGE('',*,*,#2625,.T.);
#2627=CARTESIAN_POINT('',(380.408067006,-64.952078867,112.342000894));
#2628=DIRECTION('',(-0.,1.,-0.));
#2629=DIRECTION('',(0.,0.,-1.));
#2630=AXIS2_PLACEMENT_3D('',#2627,#2628,#2629);
#2631=CIRCLE('',#2630,1.);
#2632=EDGE_CURVE('',#2620,#2595,#2631,.T.);
#2633=ORIENTED_EDGE('',*,*,#2632,.T.);
#2634=EDGE_LOOP('',(#2603,#2618,#2626,#2633));
#2635=FACE_BOUND('',#2634,.T.);
#2636=ADVANCED_FACE('',(#2635),#2593,.T.);
#2637=CARTESIAN_POINT('',(452.262471188,-91.952078866,112.342000894));
#2638=DIRECTION('',(0.,-1.,0.));
#2639=DIRECTION('',(0.387602263,0.,0.921826711));
#2640=AXIS2_PLACEMENT_3D('',#2637,#2638,#2639);
#2641=CYLINDRICAL_SURFACE('',#2640,1.);
#2642=CARTESIAN_POINT('',(452.650073451,-64.952078867,113.263827605));
#2643=VERTEX_POINT('',#2642);
#2644=CARTESIAN_POINT('',(452.650074597,-58.817041094,113.263830328));
#2645=VERTEX_POINT('',#2644);
#2646=CARTESIAN_POINT('',(452.650073451,-64.952078867,113.263827605));
#2647=DIRECTION('',(-0.,1.,-0.));
#2648=VECTOR('',#2647,6.135037773);
#2649=LINE('',#2646,#2648);
#2650=EDGE_CURVE('',#2643,#2645,#2649,.T.);
#2651=ORIENTED_EDGE('',*,*,#2650,.T.);
#2652=CARTESIAN_POINT('',(452.262471188,-58.951004434,113.342000894));
#2653=VERTEX_POINT('',#2652);
#2654=CARTESIAN_POINT('',(452.977075427,-58.552078867,113.041529866));
#2655=CARTESIAN_POINT('',(452.93384444,-58.596695114,113.085692505));
#2656=CARTESIAN_POINT('',(452.88793986,-58.640004679,113.124681644));
#2657=CARTESIAN_POINT('',(452.837502056,-58.68228325,113.160132608));
#2658=CARTESIAN_POINT('',(452.787064252,-58.724561822,113.195583571));
#2659=CARTESIAN_POINT('',(452.732292118,-58.765604811,113.227194324));
#2660=CARTESIAN_POINT('',(452.672489351,-58.803241516,113.254078251));
#2661=CARTESIAN_POINT('',(452.612686585,-58.84087822,113.280962178));
#2662=CARTESIAN_POINT('',(452.54897633,-58.874458365,113.302622826));
#2663=CARTESIAN_POINT('',(452.480797849,-58.900721111,113.317876639));
#2664=CARTESIAN_POINT('',(452.412619368,-58.926983858,113.333130451));
#2665=CARTESIAN_POINT('',(452.338495481,-58.946330441,113.342000894));
#2666=CARTESIAN_POINT('',(452.262471188,-58.951004435,113.342000894));
#2667=B_SPLINE_CURVE_WITH_KNOTS('',3,(#2654,#2655,#2656,#2657,#2658,#2659,#2660,#2661,#2662,#2663,#2664,#2665,#2666),.UNSPECIFIED.,.F.,.F.,(4,3,3,3,4),(-0.000474981,-0.000251329,-0.000027678,0.000195974,0.000419625),.UNSPECIFIED.);
#2668=EDGE_CURVE('',#2645,#2653,#2667,.T.);
#2669=ORIENTED_EDGE('',*,*,#2668,.T.);
#2670=CARTESIAN_POINT('',(452.262471188,-64.952078867,113.342000894));
#2671=VERTEX_POINT('',#2670);
#2672=CARTESIAN_POINT('',(452.262471188,-58.951004434,113.342000894));
#2673=DIRECTION('',(0.,-1.,0.));
#2674=VECTOR('',#2673,6.001074433);
#2675=LINE('',#2672,#2674);
#2676=EDGE_CURVE('',#2653,#2671,#2675,.T.);
#2677=ORIENTED_EDGE('',*,*,#2676,.T.);
#2678=CARTESIAN_POINT('',(452.262471188,-64.952078867,112.342000894));
#2679=DIRECTION('',(-0.,1.,-0.));
#2680=DIRECTION('',(0.,0.,-1.));
#2681=AXIS2_PLACEMENT_3D('',#2678,#2679,#2680);
#2682=CIRCLE('',#2681,1.);
#2683=EDGE_CURVE('',#2671,#2643,#2682,.T.);
#2684=ORIENTED_EDGE('',*,*,#2683,.T.);
#2685=EDGE_LOOP('',(#2651,#2669,#2677,#2684));
#2686=FACE_BOUND('',#2685,.T.);
#2687=ADVANCED_FACE('',(#2686),#2641,.T.);
#2688=CARTESIAN_POINT('',(374.262470554,-91.952078866,112.342000894));
#2689=DIRECTION('',(0.,-1.,0.));
#2690=DIRECTION('',(0.387602263,0.,0.921826711));
#2691=AXIS2_PLACEMENT_3D('',#2688,#2689,#2690);
#2692=CYLINDRICAL_SURFACE('',#2691,1.);
#2693=CARTESIAN_POINT('',(374.650072817,-64.952078867,113.263827605));
#2694=VERTEX_POINT('',#2693);
#2695=CARTESIAN_POINT('',(374.650073963,-58.817041094,113.263830328));
#2696=VERTEX_POINT('',#2695);
#2697=CARTESIAN_POINT('',(374.650072817,-64.952078867,113.263827605));
#2698=DIRECTION('',(-0.,1.,-0.));
#2699=VECTOR('',#2698,6.135037773);
#2700=LINE('',#2697,#2699);
#2701=EDGE_CURVE('',#2694,#2696,#2700,.T.);
#2702=ORIENTED_EDGE('',*,*,#2701,.T.);
#2703=CARTESIAN_POINT('',(374.262470554,-58.951004434,113.342000894));
#2704=VERTEX_POINT('',#2703);
#2705=CARTESIAN_POINT('',(374.977074793,-58.552078867,113.041529866));
#2706=CARTESIAN_POINT('',(374.933843806,-58.596695114,113.085692505));
#2707=CARTESIAN_POINT('',(374.887939226,-58.640004679,113.124681644));
#2708=CARTESIAN_POINT('',(374.837501422,-58.68228325,113.160132608));
#2709=CARTESIAN_POINT('',(374.787063618,-58.724561822,113.195583571));
#2710=CARTESIAN_POINT('',(374.732291484,-58.765604811,113.227194324));
#2711=CARTESIAN_POINT('',(374.672488717,-58.803241516,113.254078251));
#2712=CARTESIAN_POINT('',(374.612685951,-58.84087822,113.280962178));
#2713=CARTESIAN_POINT('',(374.548975696,-58.874458365,113.302622826));
#2714=CARTESIAN_POINT('',(374.480797215,-58.900721111,113.317876639));
#2715=CARTESIAN_POINT('',(374.412618734,-58.926983858,113.333130451));
#2716=CARTESIAN_POINT('',(374.338494847,-58.946330441,113.342000894));
#2717=CARTESIAN_POINT('',(374.262470554,-58.951004435,113.342000894));
#2718=B_SPLINE_CURVE_WITH_KNOTS('',3,(#2705,#2706,#2707,#2708,#2709,#2710,#2711,#2712,#2713,#2714,#2715,#2716,#2717),.UNSPECIFIED.,.F.,.F.,(4,3,3,3,4),(-0.000474981,-0.000251329,-0.000027678,0.000195974,0.000419625),.UNSPECIFIED.);
#2719=EDGE_CURVE('',#2696,#2704,#2718,.T.);
#2720=ORIENTED_EDGE('',*,*,#2719,.T.);
#2721=CARTESIAN_POINT('',(374.262470554,-64.952078867,113.342000894));
#2722=VERTEX_POINT('',#2721);
#2723=CARTESIAN_POINT('',(374.262470554,-58.951004434,113.342000894));
#2724=DIRECTION('',(0.,-1.,0.));
#2725=VECTOR('',#2724,6.001074433);
#2726=LINE('',#2723,#2725);
#2727=EDGE_CURVE('',#2704,#2722,#2726,.T.);
#2728=ORIENTED_EDGE('',*,*,#2727,.T.);
#2729=CARTESIAN_POINT('',(374.262470554,-64.952078867,112.342000894));
#2730=DIRECTION('',(-0.,1.,-0.));
#2731=DIRECTION('',(0.,0.,-1.));
#2732=AXIS2_PLACEMENT_3D('',#2729,#2730,#2731);
#2733=CIRCLE('',#2732,1.);
#2734=EDGE_CURVE('',#2722,#2694,#2733,.T.);
#2735=ORIENTED_EDGE('',*,*,#2734,.T.);
#2736=EDGE_LOOP('',(#2702,#2720,#2728,#2735));
#2737=FACE_BOUND('',#2736,.T.);
#2738=ADVANCED_FACE('',(#2737),#2692,.T.);
#2739=CARTESIAN_POINT('',(374.262470554,-64.952078867,112.342000894));
#2740=DIRECTION('',(-0.184801913,-0.879021389,-0.439510695));
#2741=DIRECTION('',(0.34071068,-0.476782338,0.810305396));
#2742=AXIS2_PLACEMENT_3D('',#2739,#2740,#2741);
#2743=SPHERICAL_SURFACE('',#2742,1.);
#2744=CARTESIAN_POINT('',(374.262470554,-65.952078867,112.342000895));
#2745=VERTEX_POINT('',#2744);
#2746=CARTESIAN_POINT('',(374.262470554,-64.952078867,112.342000894));
#2747=DIRECTION('',(-0.921826711,-0.,0.387602263));
#2748=DIRECTION('',(0.34071068,-0.476782338,0.810305396));
#2749=AXIS2_PLACEMENT_3D('',#2746,#2747,#2748);
#2750=CIRCLE('',#2749,1.);
#2751=EDGE_CURVE('',#2745,#2694,#2750,.T.);
#2752=ORIENTED_EDGE('',*,*,#2751,.T.);
#2753=ORIENTED_EDGE('',*,*,#2734,.F.);
#2754=CARTESIAN_POINT('',(374.262470554,-65.659185648,113.049107675));
#2755=VERTEX_POINT('',#2754);
#2756=CARTESIAN_POINT('',(374.262470554,-64.952078867,112.342000894));
#2757=DIRECTION('',(1.,-0.,-0.));
#2758=DIRECTION('',(0.,0.,1.));
#2759=AXIS2_PLACEMENT_3D('',#2756,#2757,#2758);
#2760=CIRCLE('',#2759,1.);
#2761=EDGE_CURVE('',#2722,#2755,#2760,.T.);
#2762=ORIENTED_EDGE('',*,*,#2761,.T.);
#2763=CARTESIAN_POINT('',(374.262470554,-64.952078867,112.342000894));
#2764=DIRECTION('',(1.,-0.,-0.));
#2765=DIRECTION('',(0.,0.,1.));
#2766=AXIS2_PLACEMENT_3D('',#2763,#2764,#2765);
#2767=CIRCLE('',#2766,1.);
#2768=EDGE_CURVE('',#2755,#2745,#2767,.T.);
#2769=ORIENTED_EDGE('',*,*,#2768,.T.);
#2770=EDGE_LOOP('',(#2752,#2753,#2762,#2769));
#2771=FACE_BOUND('',#2770,.T.);
#2772=ADVANCED_FACE('',(#2771),#2743,.T.);
#2773=CARTESIAN_POINT('',(380.408067006,-64.952078867,112.342000894));
#2774=DIRECTION('',(0.184801913,-0.879021389,-0.439510695));
#2775=DIRECTION('',(-0.34071068,-0.476782338,0.810305396));
#2776=AXIS2_PLACEMENT_3D('',#2773,#2774,#2775);
#2777=SPHERICAL_SURFACE('',#2776,1.);
#2778=CARTESIAN_POINT('',(380.408067006,-65.952078867,112.342000894));
#2779=VERTEX_POINT('',#2778);
#2780=CARTESIAN_POINT('',(380.408067006,-64.952078867,112.342000894));
#2781=DIRECTION('',(-0.921826711,0.,-0.387602263));
#2782=DIRECTION('',(-0.34071068,-0.476782338,0.810305396));
#2783=AXIS2_PLACEMENT_3D('',#2780,#2781,#2782);
#2784=CIRCLE('',#2783,1.);
#2785=EDGE_CURVE('',#2779,#2595,#2784,.T.);
#2786=ORIENTED_EDGE('',*,*,#2785,.T.);
#2787=ORIENTED_EDGE('',*,*,#2632,.F.);
#2788=CARTESIAN_POINT('',(380.408067006,-64.952078867,112.342000894));
#2789=DIRECTION('',(0.699528972,0.,0.714604239));
#2790=DIRECTION('',(0.714604239,0.,-0.699528972));
#2791=AXIS2_PLACEMENT_3D('',#2788,#2789,#2790);
#2792=CIRCLE('',#2791,1.);
#2793=EDGE_CURVE('',#2620,#2779,#2792,.T.);
#2794=ORIENTED_EDGE('',*,*,#2793,.T.);
#2795=EDGE_LOOP('',(#2786,#2787,#2794));
#2796=FACE_BOUND('',#2795,.T.);
#2797=ADVANCED_FACE('',(#2796),#2777,.T.);
#2798=CARTESIAN_POINT('',(394.262470554,-64.952078867,112.342000894));
#2799=DIRECTION('',(-0.184801913,-0.879021389,-0.439510695));
#2800=DIRECTION('',(0.34071068,-0.476782338,0.810305396));
#2801=AXIS2_PLACEMENT_3D('',#2798,#2799,#2800);
#2802=SPHERICAL_SURFACE('',#2801,1.);
#2803=CARTESIAN_POINT('',(394.262470554,-65.952078867,112.342000895));
#2804=VERTEX_POINT('',#2803);
#2805=CARTESIAN_POINT('',(394.262470554,-64.952078867,112.342000894));
#2806=DIRECTION('',(-0.921826711,-0.,0.387602263));
#2807=DIRECTION('',(0.34071068,-0.476782338,0.810305396));
#2808=AXIS2_PLACEMENT_3D('',#2805,#2806,#2807);
#2809=CIRCLE('',#2808,1.);
#2810=EDGE_CURVE('',#2804,#2544,#2809,.T.);
#2811=ORIENTED_EDGE('',*,*,#2810,.T.);
#2812=ORIENTED_EDGE('',*,*,#2584,.F.);
#2813=CARTESIAN_POINT('',(394.262470554,-65.659185648,113.049107675));
#2814=VERTEX_POINT('',#2813);
#2815=CARTESIAN_POINT('',(394.262470554,-64.952078867,112.342000894));
#2816=DIRECTION('',(1.,-0.,-0.));
#2817=DIRECTION('',(0.,0.,1.));
#2818=AXIS2_PLACEMENT_3D('',#2815,#2816,#2817);
#2819=CIRCLE('',#2818,1.);
#2820=EDGE_CURVE('',#2572,#2814,#2819,.T.);
#2821=ORIENTED_EDGE('',*,*,#2820,.T.);
#2822=CARTESIAN_POINT('',(394.262470554,-64.952078867,112.342000894));
#2823=DIRECTION('',(1.,-0.,-0.));
#2824=DIRECTION('',(0.,0.,1.));
#2825=AXIS2_PLACEMENT_3D('',#2822,#2823,#2824);
#2826=CIRCLE('',#2825,1.);
#2827=EDGE_CURVE('',#2814,#2804,#2826,.T.);
#2828=ORIENTED_EDGE('',*,*,#2827,.T.);
#2829=EDGE_LOOP('',(#2811,#2812,#2821,#2828));
#2830=FACE_BOUND('',#2829,.T.);
#2831=ADVANCED_FACE('',(#2830),#2802,.T.);
#2832=CARTESIAN_POINT('',(400.408067006,-64.952078867,112.342000894));
#2833=DIRECTION('',(0.184801913,-0.879021389,-0.439510695));
#2834=DIRECTION('',(-0.34071068,-0.476782338,0.810305396));
#2835=AXIS2_PLACEMENT_3D('',#2832,#2833,#2834);
#2836=SPHERICAL_SURFACE('',#2835,1.);
#2837=CARTESIAN_POINT('',(400.408067006,-65.952078867,112.342000894));
#2838=VERTEX_POINT('',#2837);
#2839=CARTESIAN_POINT('',(400.408067006,-64.952078867,112.342000894));
#2840=DIRECTION('',(-0.921826711,0.,-0.387602263));
#2841=DIRECTION('',(-0.34071068,-0.476782338,0.810305396));
#2842=AXIS2_PLACEMENT_3D('',#2839,#2840,#2841);
#2843=CIRCLE('',#2842,1.);
#2844=EDGE_CURVE('',#2838,#2496,#2843,.T.);
#2845=ORIENTED_EDGE('',*,*,#2844,.T.);
#2846=ORIENTED_EDGE('',*,*,#2533,.F.);
#2847=CARTESIAN_POINT('',(400.408067006,-64.952078867,112.342000894));
#2848=DIRECTION('',(0.699528972,0.,0.714604239));
#2849=DIRECTION('',(0.714604239,0.,-0.699528972));
#2850=AXIS2_PLACEMENT_3D('',#2847,#2848,#2849);
#2851=CIRCLE('',#2850,1.);
#2852=EDGE_CURVE('',#2521,#2838,#2851,.T.);
#2853=ORIENTED_EDGE('',*,*,#2852,.T.);
#2854=EDGE_LOOP('',(#2845,#2846,#2853));
#2855=FACE_BOUND('',#2854,.T.);
#2856=ADVANCED_FACE('',(#2855),#2836,.T.);
#2857=CARTESIAN_POINT('',(432.262471188,-64.952078867,112.342000894));
#2858=DIRECTION('',(-0.184801913,-0.879021389,-0.439510695));
#2859=DIRECTION('',(0.34071068,-0.476782338,0.810305396));
#2860=AXIS2_PLACEMENT_3D('',#2857,#2858,#2859);
#2861=SPHERICAL_SURFACE('',#2860,1.);
#2862=CARTESIAN_POINT('',(432.262471188,-65.952078867,112.342000895));
#2863=VERTEX_POINT('',#2862);
#2864=CARTESIAN_POINT('',(432.262471188,-64.952078867,112.342000894));
#2865=DIRECTION('',(-0.921826711,-0.,0.387602263));
#2866=DIRECTION('',(0.34071068,-0.476782338,0.810305396));
#2867=AXIS2_PLACEMENT_3D('',#2864,#2865,#2866);
#2868=CIRCLE('',#2867,1.);
#2869=EDGE_CURVE('',#2863,#2445,#2868,.T.);
#2870=ORIENTED_EDGE('',*,*,#2869,.T.);
#2871=ORIENTED_EDGE('',*,*,#2485,.F.);
#2872=CARTESIAN_POINT('',(432.262471188,-65.659185648,113.049107675));
#2873=VERTEX_POINT('',#2872);
#2874=CARTESIAN_POINT('',(432.262471188,-64.952078867,112.342000894));
#2875=DIRECTION('',(1.,-0.,-0.));
#2876=DIRECTION('',(0.,0.,1.));
#2877=AXIS2_PLACEMENT_3D('',#2874,#2875,#2876);
#2878=CIRCLE('',#2877,1.);
#2879=EDGE_CURVE('',#2473,#2873,#2878,.T.);
#2880=ORIENTED_EDGE('',*,*,#2879,.T.);
#2881=CARTESIAN_POINT('',(432.262471188,-64.952078867,112.342000894));
#2882=DIRECTION('',(1.,-0.,-0.));
#2883=DIRECTION('',(0.,0.,1.));
#2884=AXIS2_PLACEMENT_3D('',#2881,#2882,#2883);
#2885=CIRCLE('',#2884,1.);
#2886=EDGE_CURVE('',#2873,#2863,#2885,.T.);
#2887=ORIENTED_EDGE('',*,*,#2886,.T.);
#2888=EDGE_LOOP('',(#2870,#2871,#2880,#2887));
#2889=FACE_BOUND('',#2888,.T.);
#2890=ADVANCED_FACE('',(#2889),#2861,.T.);
#2891=CARTESIAN_POINT('',(438.40806764,-64.952078867,112.342000894));
#2892=DIRECTION('',(0.184801913,-0.879021389,-0.439510695));
#2893=DIRECTION('',(-0.34071068,-0.476782338,0.810305396));
#2894=AXIS2_PLACEMENT_3D('',#2891,#2892,#2893);
#2895=SPHERICAL_SURFACE('',#2894,1.);
#2896=CARTESIAN_POINT('',(438.40806764,-65.952078867,112.342000894));
#2897=VERTEX_POINT('',#2896);
#2898=CARTESIAN_POINT('',(438.40806764,-64.952078867,112.342000894));
#2899=DIRECTION('',(-0.921826711,0.,-0.387602263));
#2900=DIRECTION('',(-0.34071068,-0.476782338,0.810305396));
#2901=AXIS2_PLACEMENT_3D('',#2898,#2899,#2900);
#2902=CIRCLE('',#2901,1.);
#2903=EDGE_CURVE('',#2897,#2397,#2902,.T.);
#2904=ORIENTED_EDGE('',*,*,#2903,.T.);
#2905=ORIENTED_EDGE('',*,*,#2434,.F.);
#2906=CARTESIAN_POINT('',(438.40806764,-64.952078867,112.342000894));
#2907=DIRECTION('',(0.699528972,0.,0.714604239));
#2908=DIRECTION('',(0.714604239,0.,-0.699528972));
#2909=AXIS2_PLACEMENT_3D('',#2906,#2907,#2908);
#2910=CIRCLE('',#2909,1.);
#2911=EDGE_CURVE('',#2422,#2897,#2910,.T.);
#2912=ORIENTED_EDGE('',*,*,#2911,.T.);
#2913=EDGE_LOOP('',(#2904,#2905,#2912));
#2914=FACE_BOUND('',#2913,.T.);
#2915=ADVANCED_FACE('',(#2914),#2895,.T.);
#2916=CARTESIAN_POINT('',(452.262471188,-64.952078867,112.342000894));
#2917=DIRECTION('',(-0.184801913,-0.879021389,-0.439510695));
#2918=DIRECTION('',(0.34071068,-0.476782338,0.810305396));
#2919=AXIS2_PLACEMENT_3D('',#2916,#2917,#2918);
#2920=SPHERICAL_SURFACE('',#2919,1.);
#2921=CARTESIAN_POINT('',(452.262471188,-65.952078867,112.342000895));
#2922=VERTEX_POINT('',#2921);
#2923=CARTESIAN_POINT('',(452.262471188,-64.952078867,112.342000894));
#2924=DIRECTION('',(-0.921826711,-0.,0.387602263));
#2925=DIRECTION('',(0.34071068,-0.476782338,0.810305396));
#2926=AXIS2_PLACEMENT_3D('',#2923,#2924,#2925);
#2927=CIRCLE('',#2926,1.);
#2928=EDGE_CURVE('',#2922,#2643,#2927,.T.);
#2929=ORIENTED_EDGE('',*,*,#2928,.T.);
#2930=ORIENTED_EDGE('',*,*,#2683,.F.);
#2931=CARTESIAN_POINT('',(452.262471188,-65.659185648,113.049107675));
#2932=VERTEX_POINT('',#2931);
#2933=CARTESIAN_POINT('',(452.262471188,-64.952078867,112.342000894));
#2934=DIRECTION('',(1.,-0.,-0.));
#2935=DIRECTION('',(0.,0.,1.));
#2936=AXIS2_PLACEMENT_3D('',#2933,#2934,#2935);
#2937=CIRCLE('',#2936,1.);
#2938=EDGE_CURVE('',#2671,#2932,#2937,.T.);
#2939=ORIENTED_EDGE('',*,*,#2938,.T.);
#2940=CARTESIAN_POINT('',(452.262471188,-64.952078867,112.342000894));
#2941=DIRECTION('',(1.,-0.,-0.));
#2942=DIRECTION('',(0.,0.,1.));
#2943=AXIS2_PLACEMENT_3D('',#2940,#2941,#2942);
#2944=CIRCLE('',#2943,1.);
#2945=EDGE_CURVE('',#2932,#2922,#2944,.T.);
#2946=ORIENTED_EDGE('',*,*,#2945,.T.);
#2947=EDGE_LOOP('',(#2929,#2930,#2939,#2946));
#2948=FACE_BOUND('',#2947,.T.);
#2949=ADVANCED_FACE('',(#2948),#2920,.T.);
#2950=CARTESIAN_POINT('',(458.40806764,-91.952078866,112.342000894));
#2951=DIRECTION('',(0.,-1.,0.));
#2952=DIRECTION('',(-0.387602263,0.,0.921826711));
#2953=AXIS2_PLACEMENT_3D('',#2950,#2951,#2952);
#2954=CYLINDRICAL_SURFACE('',#2953,1.);
#2955=CARTESIAN_POINT('',(458.020465377,-64.952078867,113.263827605));
#2956=VERTEX_POINT('',#2955);
#2957=CARTESIAN_POINT('',(458.020464217,-58.817041783,113.263830362));
#2958=VERTEX_POINT('',#2957);
#2959=CARTESIAN_POINT('',(458.020465377,-64.952078867,113.263827605));
#2960=DIRECTION('',(-0.,1.,-0.));
#2961=VECTOR('',#2960,6.135037084);
#2962=LINE('',#2959,#2961);
#2963=EDGE_CURVE('',#2956,#2958,#2962,.T.);
#2964=ORIENTED_EDGE('',*,*,#2963,.T.);
#2965=CARTESIAN_POINT('',(457.693463401,-58.552078867,113.041529866));
#2966=VERTEX_POINT('',#2965);
#2967=CARTESIAN_POINT('',(458.40806764,-58.951004435,113.342000894));
#2968=CARTESIAN_POINT('',(458.332119569,-58.946335127,113.342000894));
#2969=CARTESIAN_POINT('',(458.259523766,-58.927534452,113.333434288));
#2970=CARTESIAN_POINT('',(458.190470157,-58.90100164,113.318039487));
#2971=CARTESIAN_POINT('',(458.121416548,-58.874468828,113.302644687));
#2972=CARTESIAN_POINT('',(458.057372129,-58.840597162,113.280768777));
#2973=CARTESIAN_POINT('',(457.997764055,-58.803061836,113.253949888));
#2974=CARTESIAN_POINT('',(457.878547908,-58.727991184,113.200312111));
#2975=CARTESIAN_POINT('',(457.779053809,-58.640414366,113.128964797));
#2976=CARTESIAN_POINT('',(457.693463401,-58.552078867,113.041529866));
#2977=B_SPLINE_CURVE_WITH_KNOTS('',3,(#2967,#2968,#2969,#2970,#2971,#2972,#2973,#2974,#2975,#2976),.UNSPECIFIED.,.F.,.F.,(4,3,3,4),(-0.000419886,-0.000195887,0.000028113,0.000476113),.UNSPECIFIED.);
#2978=EDGE_CURVE('',#2958,#2966,#2977,.T.);
#2979=ORIENTED_EDGE('',*,*,#2978,.T.);
#2980=CARTESIAN_POINT('',(457.693463401,-64.952078867,113.041529866));
#2981=VERTEX_POINT('',#2980);
#2982=CARTESIAN_POINT('',(457.693463401,-58.552078867,113.041529866));
#2983=DIRECTION('',(0.,-1.,0.));
#2984=VECTOR('',#2983,6.4);
#2985=LINE('',#2982,#2984);
#2986=EDGE_CURVE('',#2966,#2981,#2985,.T.);
#2987=ORIENTED_EDGE('',*,*,#2986,.T.);
#2988=CARTESIAN_POINT('',(458.40806764,-64.952078867,112.342000894));
#2989=DIRECTION('',(-0.,1.,-0.));
#2990=DIRECTION('',(0.,0.,-1.));
#2991=AXIS2_PLACEMENT_3D('',#2988,#2989,#2990);
#2992=CIRCLE('',#2991,1.);
#2993=EDGE_CURVE('',#2981,#2956,#2992,.T.);
#2994=ORIENTED_EDGE('',*,*,#2993,.T.);
#2995=EDGE_LOOP('',(#2964,#2979,#2987,#2994));
#2996=FACE_BOUND('',#2995,.T.);
#2997=ADVANCED_FACE('',(#2996),#2954,.T.);
#2998=CARTESIAN_POINT('',(458.40806764,-64.952078867,112.342000894));
#2999=DIRECTION('',(0.184801913,-0.879021389,-0.439510695));
#3000=DIRECTION('',(-0.34071068,-0.476782338,0.810305396));
#3001=AXIS2_PLACEMENT_3D('',#2998,#2999,#3000);
#3002=SPHERICAL_SURFACE('',#3001,1.);
#3003=CARTESIAN_POINT('',(458.40806764,-65.952078867,112.342000894));
#3004=VERTEX_POINT('',#3003);
#3005=CARTESIAN_POINT('',(458.40806764,-64.952078867,112.342000894));
#3006=DIRECTION('',(-0.921826711,0.,-0.387602263));
#3007=DIRECTION('',(-0.34071068,-0.476782338,0.810305396));
#3008=AXIS2_PLACEMENT_3D('',#3005,#3006,#3007);
#3009=CIRCLE('',#3008,1.);
#3010=EDGE_CURVE('',#3004,#2956,#3009,.T.);
#3011=ORIENTED_EDGE('',*,*,#3010,.T.);
#3012=ORIENTED_EDGE('',*,*,#2993,.F.);
#3013=CARTESIAN_POINT('',(458.40806764,-64.952078867,112.342000894));
#3014=DIRECTION('',(0.699528972,0.,0.714604239));
#3015=DIRECTION('',(0.714604239,0.,-0.699528972));
#3016=AXIS2_PLACEMENT_3D('',#3013,#3014,#3015);
#3017=CIRCLE('',#3016,1.);
#3018=EDGE_CURVE('',#2981,#3004,#3017,.T.);
#3019=ORIENTED_EDGE('',*,*,#3018,.T.);
#3020=EDGE_LOOP('',(#3011,#3012,#3019));
#3021=FACE_BOUND('',#3020,.T.);
#3022=ADVANCED_FACE('',(#3021),#3002,.T.);
#3023=CARTESIAN_POINT('',(435.335269414,-57.852078867,115.349975472));
#3024=DIRECTION('',(0.,-1.,0.));
#3025=DIRECTION('',(-1.,0.,0.));
#3026=AXIS2_PLACEMENT_3D('',#3023,#3024,#3025);
#3027=CYLINDRICAL_SURFACE('',#3026,3.3);
#3028=CARTESIAN_POINT('',(432.035269414,-58.552078867,115.349975472));
#3029=VERTEX_POINT('',#3028);
#3030=CARTESIAN_POINT('',(432.035269414,-53.852080249,115.349975472));
#3031=VERTEX_POINT('',#3030);
#3032=CARTESIAN_POINT('',(432.035269414,-58.552078867,115.349975472));
#3033=DIRECTION('',(-0.,1.,-0.));
#3034=VECTOR('',#3033,4.699998618);
#3035=LINE('',#3032,#3034);
#3036=EDGE_CURVE('',#3029,#3031,#3035,.T.);
#3037=ORIENTED_EDGE('',*,*,#3036,.F.);
#3038=CARTESIAN_POINT('',(432.977075426,-58.552078867,113.041529866));
#3039=VERTEX_POINT('',#3038);
#3040=CARTESIAN_POINT('',(435.335269414,-58.552078867,115.349975472));
#3041=DIRECTION('',(0.,1.,0.));
#3042=DIRECTION('',(0.,-0.,1.));
#3043=AXIS2_PLACEMENT_3D('',#3040,#3041,#3042);
#3044=CIRCLE('',#3043,3.3);
#3045=EDGE_CURVE('',#3039,#3029,#3044,.T.);
#3046=ORIENTED_EDGE('',*,*,#3045,.F.);
#3047=CARTESIAN_POINT('',(432.977075426,-64.952078867,113.041529866));
#3048=VERTEX_POINT('',#3047);
#3049=CARTESIAN_POINT('',(432.977075426,-64.952078867,113.041529866));
#3050=DIRECTION('',(-0.,1.,-0.));
#3051=VECTOR('',#3050,6.4);
#3052=LINE('',#3049,#3051);
#3053=EDGE_CURVE('',#3048,#3039,#3052,.T.);
#3054=ORIENTED_EDGE('',*,*,#3053,.F.);
#3055=CARTESIAN_POINT('',(435.335269414,-64.952078867,112.049975472));
#3056=VERTEX_POINT('',#3055);
#3057=CARTESIAN_POINT('',(435.335269414,-64.952078867,115.349975472));
#3058=DIRECTION('',(0.,1.,0.));
#3059=DIRECTION('',(0.,-0.,1.));
#3060=AXIS2_PLACEMENT_3D('',#3057,#3058,#3059);
#3061=CIRCLE('',#3060,3.3);
#3062=EDGE_CURVE('',#3056,#3048,#3061,.T.);
#3063=ORIENTED_EDGE('',*,*,#3062,.F.);
#3064=CARTESIAN_POINT('',(435.335269414,-64.952078867,115.349975472));
#3065=DIRECTION('',(0.,1.,0.));
#3066=DIRECTION('',(0.,-0.,1.));
#3067=AXIS2_PLACEMENT_3D('',#3064,#3065,#3066);
#3068=CIRCLE('',#3067,3.3);
#3069=EDGE_CURVE('',#2422,#3056,#3068,.T.);
#3070=ORIENTED_EDGE('',*,*,#3069,.F.);
#3071=ORIENTED_EDGE('',*,*,#2427,.F.);
#3072=CARTESIAN_POINT('',(435.335269414,-58.552078867,118.649975472));
#3073=VERTEX_POINT('',#3072);
#3074=CARTESIAN_POINT('',(435.335269414,-58.552078867,115.349975472));
#3075=DIRECTION('',(0.,1.,0.));
#3076=DIRECTION('',(0.,-0.,1.));
#3077=AXIS2_PLACEMENT_3D('',#3074,#3075,#3076);
#3078=CIRCLE('',#3077,3.3);
#3079=EDGE_CURVE('',#3073,#2407,#3078,.T.);
#3080=ORIENTED_EDGE('',*,*,#3079,.F.);
#3081=CARTESIAN_POINT('',(435.335269414,-58.552078867,115.349975472));
#3082=DIRECTION('',(0.,1.,0.));
#3083=DIRECTION('',(0.,-0.,1.));
#3084=AXIS2_PLACEMENT_3D('',#3081,#3082,#3083);
#3085=CIRCLE('',#3084,3.3);
#3086=EDGE_CURVE('',#3029,#3073,#3085,.T.);
#3087=ORIENTED_EDGE('',*,*,#3086,.F.);
#3088=ORIENTED_EDGE('',*,*,#3036,.T.);
#3089=CARTESIAN_POINT('',(435.335269414,-53.852080249,112.049975472));
#3090=VERTEX_POINT('',#3089);
#3091=CARTESIAN_POINT('',(435.335269414,-53.852080249,115.349975472));
#3092=DIRECTION('',(-0.,1.,-0.));
#3093=DIRECTION('',(0.,0.,-1.));
#3094=AXIS2_PLACEMENT_3D('',#3091,#3092,#3093);
#3095=CIRCLE('',#3094,3.3);
#3096=EDGE_CURVE('',#3031,#3090,#3095,.T.);
#3097=ORIENTED_EDGE('',*,*,#3096,.T.);
#3098=CARTESIAN_POINT('',(435.335269414,-53.852080249,115.349975472));
#3099=DIRECTION('',(-0.,1.,-0.));
#3100=DIRECTION('',(0.,0.,-1.));
#3101=AXIS2_PLACEMENT_3D('',#3098,#3099,#3100);
#3102=CIRCLE('',#3101,3.3);
#3103=EDGE_CURVE('',#3090,#3031,#3102,.T.);
#3104=ORIENTED_EDGE('',*,*,#3103,.T.);
#3105=EDGE_LOOP('',(#3037,#3046,#3054,#3063,#3070,#3071,#3080,#3087,#3088,#3097,#3104));
#3106=FACE_BOUND('',#3105,.T.);
#3107=ADVANCED_FACE('',(#3106),#3027,.F.);
#3108=CARTESIAN_POINT('',(455.335269414,-91.952078866,115.349975472));
#3109=DIRECTION('',(-0.,1.,0.));
#3110=DIRECTION('',(1.,0.,0.));
#3111=AXIS2_PLACEMENT_3D('',#3108,#3109,#3110);
#3112=CYLINDRICAL_SURFACE('',#3111,3.3);
#3113=CARTESIAN_POINT('',(458.635269414,-53.852080249,115.349975472));
#3114=VERTEX_POINT('',#3113);
#3115=CARTESIAN_POINT('',(458.635269414,-58.552078867,115.349975472));
#3116=VERTEX_POINT('',#3115);
#3117=CARTESIAN_POINT('',(458.635269414,-53.852080249,115.349975472));
#3118=DIRECTION('',(-0.,-1.,-0.));
#3119=VECTOR('',#3118,4.699998618);
#3120=LINE('',#3117,#3119);
#3121=EDGE_CURVE('',#3114,#3116,#3120,.T.);
#3122=ORIENTED_EDGE('',*,*,#3121,.F.);
#3123=CARTESIAN_POINT('',(455.335269414,-53.852080249,118.649975472));
#3124=VERTEX_POINT('',#3123);
#3125=CARTESIAN_POINT('',(455.335269414,-53.852080249,115.349975472));
#3126=DIRECTION('',(0.,1.,0.));
#3127=DIRECTION('',(0.,-0.,1.));
#3128=AXIS2_PLACEMENT_3D('',#3125,#3126,#3127);
#3129=CIRCLE('',#3128,3.3);
#3130=EDGE_CURVE('',#3114,#3124,#3129,.T.);
#3131=ORIENTED_EDGE('',*,*,#3130,.T.);
#3132=CARTESIAN_POINT('',(455.335269414,-53.852080249,115.349975472));
#3133=DIRECTION('',(0.,1.,0.));
#3134=DIRECTION('',(0.,-0.,1.));
#3135=AXIS2_PLACEMENT_3D('',#3132,#3133,#3134);
#3136=CIRCLE('',#3135,3.3);
#3137=EDGE_CURVE('',#3124,#3114,#3136,.T.);
#3138=ORIENTED_EDGE('',*,*,#3137,.T.);
#3139=ORIENTED_EDGE('',*,*,#3121,.T.);
#3140=CARTESIAN_POINT('',(455.335269414,-58.552078867,118.649975472));
#3141=VERTEX_POINT('',#3140);
#3142=CARTESIAN_POINT('',(455.335269414,-58.552078867,115.349975472));
#3143=DIRECTION('',(-0.,1.,-0.));
#3144=DIRECTION('',(0.,0.,-1.));
#3145=AXIS2_PLACEMENT_3D('',#3142,#3143,#3144);
#3146=CIRCLE('',#3145,3.3);
#3147=EDGE_CURVE('',#3141,#3116,#3146,.T.);
#3148=ORIENTED_EDGE('',*,*,#3147,.F.);
#3149=CARTESIAN_POINT('',(452.977075426,-58.552078867,113.041529866));
#3150=VERTEX_POINT('',#3149);
#3151=CARTESIAN_POINT('',(455.335269414,-58.552078867,115.349975472));
#3152=DIRECTION('',(-0.,1.,-0.));
#3153=DIRECTION('',(0.,0.,-1.));
#3154=AXIS2_PLACEMENT_3D('',#3151,#3152,#3153);
#3155=CIRCLE('',#3154,3.3);
#3156=EDGE_CURVE('',#3150,#3141,#3155,.T.);
#3157=ORIENTED_EDGE('',*,*,#3156,.F.);
#3158=CARTESIAN_POINT('',(452.977075426,-64.952078867,113.041529866));
#3159=VERTEX_POINT('',#3158);
#3160=CARTESIAN_POINT('',(452.977075426,-64.952078867,113.041529866));
#3161=DIRECTION('',(-0.,1.,-0.));
#3162=VECTOR('',#3161,6.4);
#3163=LINE('',#3160,#3162);
#3164=EDGE_CURVE('',#3159,#3150,#3163,.T.);
#3165=ORIENTED_EDGE('',*,*,#3164,.F.);
#3166=CARTESIAN_POINT('',(455.335269414,-64.952078867,112.049975472));
#3167=VERTEX_POINT('',#3166);
#3168=CARTESIAN_POINT('',(455.335269414,-64.952078867,115.349975472));
#3169=DIRECTION('',(0.,1.,0.));
#3170=DIRECTION('',(0.,-0.,1.));
#3171=AXIS2_PLACEMENT_3D('',#3168,#3169,#3170);
#3172=CIRCLE('',#3171,3.3);
#3173=EDGE_CURVE('',#3167,#3159,#3172,.T.);
#3174=ORIENTED_EDGE('',*,*,#3173,.F.);
#3175=CARTESIAN_POINT('',(455.335269414,-64.952078867,115.349975472));
#3176=DIRECTION('',(0.,1.,0.));
#3177=DIRECTION('',(0.,-0.,1.));
#3178=AXIS2_PLACEMENT_3D('',#3175,#3176,#3177);
#3179=CIRCLE('',#3178,3.3);
#3180=EDGE_CURVE('',#2981,#3167,#3179,.T.);
#3181=ORIENTED_EDGE('',*,*,#3180,.F.);
#3182=ORIENTED_EDGE('',*,*,#2986,.F.);
#3183=CARTESIAN_POINT('',(455.335269414,-58.552078867,115.349975472));
#3184=DIRECTION('',(-0.,1.,-0.));
#3185=DIRECTION('',(0.,0.,-1.));
#3186=AXIS2_PLACEMENT_3D('',#3183,#3184,#3185);
#3187=CIRCLE('',#3186,3.3);
#3188=EDGE_CURVE('',#3116,#2966,#3187,.T.);
#3189=ORIENTED_EDGE('',*,*,#3188,.F.);
#3190=EDGE_LOOP('',(#3122,#3131,#3138,#3139,#3148,#3157,#3165,#3174,#3181,#3182,#3189));
#3191=FACE_BOUND('',#3190,.T.);
#3192=ADVANCED_FACE('',(#3191),#3112,.F.);
#3193=CARTESIAN_POINT('',(455.335269414,-91.952078867,135.349975472));
#3194=DIRECTION('',(-0.,1.,0.));
#3195=DIRECTION('',(1.,0.,0.));
#3196=AXIS2_PLACEMENT_3D('',#3193,#3194,#3195);
#3197=CYLINDRICAL_SURFACE('',#3196,3.3);
#3198=CARTESIAN_POINT('',(458.635269414,-53.852080249,135.349975472));
#3199=VERTEX_POINT('',#3198);
#3200=CARTESIAN_POINT('',(458.635269414,-58.552078867,135.349975472));
#3201=VERTEX_POINT('',#3200);
#3202=CARTESIAN_POINT('',(458.635269414,-53.852080249,135.349975472));
#3203=DIRECTION('',(-0.,-1.,-0.));
#3204=VECTOR('',#3203,4.699998618);
#3205=LINE('',#3202,#3204);
#3206=EDGE_CURVE('',#3199,#3201,#3205,.T.);
#3207=ORIENTED_EDGE('',*,*,#3206,.F.);
#3208=CARTESIAN_POINT('',(455.335269414,-53.852080249,138.649975472));
#3209=VERTEX_POINT('',#3208);
#3210=CARTESIAN_POINT('',(455.335269414,-53.852080249,135.349975472));
#3211=DIRECTION('',(0.,1.,0.));
#3212=DIRECTION('',(0.,-0.,1.));
#3213=AXIS2_PLACEMENT_3D('',#3210,#3211,#3212);
#3214=CIRCLE('',#3213,3.3);
#3215=EDGE_CURVE('',#3199,#3209,#3214,.T.);
#3216=ORIENTED_EDGE('',*,*,#3215,.T.);
#3217=CARTESIAN_POINT('',(455.335269414,-53.852080249,135.349975472));
#3218=DIRECTION('',(0.,1.,0.));
#3219=DIRECTION('',(0.,-0.,1.));
#3220=AXIS2_PLACEMENT_3D('',#3217,#3218,#3219);
#3221=CIRCLE('',#3220,3.3);
#3222=EDGE_CURVE('',#3209,#3199,#3221,.T.);
#3223=ORIENTED_EDGE('',*,*,#3222,.T.);
#3224=ORIENTED_EDGE('',*,*,#3206,.T.);
#3225=CARTESIAN_POINT('',(455.335269414,-58.552078867,132.049975472));
#3226=VERTEX_POINT('',#3225);
#3227=CARTESIAN_POINT('',(455.335269414,-58.552078867,135.349975472));
#3228=DIRECTION('',(-0.,1.,-0.));
#3229=DIRECTION('',(0.,0.,-1.));
#3230=AXIS2_PLACEMENT_3D('',#3227,#3228,#3229);
#3231=CIRCLE('',#3230,3.3);
#3232=EDGE_CURVE('',#3226,#3201,#3231,.T.);
#3233=ORIENTED_EDGE('',*,*,#3232,.F.);
#3234=CARTESIAN_POINT('',(455.335269414,-58.552078867,135.349975472));
#3235=DIRECTION('',(-0.,1.,-0.));
#3236=DIRECTION('',(0.,0.,-1.));
#3237=AXIS2_PLACEMENT_3D('',#3234,#3235,#3236);
#3238=CIRCLE('',#3237,3.3);
#3239=EDGE_CURVE('',#3201,#3226,#3238,.T.);
#3240=ORIENTED_EDGE('',*,*,#3239,.F.);
#3241=EDGE_LOOP('',(#3207,#3216,#3223,#3224,#3233,#3240));
#3242=FACE_BOUND('',#3241,.T.);
#3243=ADVANCED_FACE('',(#3242),#3197,.F.);
#3244=CARTESIAN_POINT('',(435.335269414,-57.852078867,135.349975472));
#3245=DIRECTION('',(0.,-1.,0.));
#3246=DIRECTION('',(-1.,0.,0.));
#3247=AXIS2_PLACEMENT_3D('',#3244,#3245,#3246);
#3248=CYLINDRICAL_SURFACE('',#3247,3.3);
#3249=CARTESIAN_POINT('',(432.035269414,-58.552078867,135.349975472));
#3250=VERTEX_POINT('',#3249);
#3251=CARTESIAN_POINT('',(432.035269414,-53.852080249,135.349975472));
#3252=VERTEX_POINT('',#3251);
#3253=CARTESIAN_POINT('',(432.035269414,-58.552078867,135.349975472));
#3254=DIRECTION('',(-0.,1.,-0.));
#3255=VECTOR('',#3254,4.699998618);
#3256=LINE('',#3253,#3255);
#3257=EDGE_CURVE('',#3250,#3252,#3256,.T.);
#3258=ORIENTED_EDGE('',*,*,#3257,.F.);
#3259=CARTESIAN_POINT('',(435.335269414,-58.552078867,138.649975472));
#3260=VERTEX_POINT('',#3259);
#3261=CARTESIAN_POINT('',(435.335269414,-58.552078867,135.349975472));
#3262=DIRECTION('',(0.,1.,0.));
#3263=DIRECTION('',(0.,-0.,1.));
#3264=AXIS2_PLACEMENT_3D('',#3261,#3262,#3263);
#3265=CIRCLE('',#3264,3.3);
#3266=EDGE_CURVE('',#3260,#3250,#3265,.T.);
#3267=ORIENTED_EDGE('',*,*,#3266,.F.);
#3268=CARTESIAN_POINT('',(435.335269414,-58.552078867,135.349975472));
#3269=DIRECTION('',(0.,1.,0.));
#3270=DIRECTION('',(0.,-0.,1.));
#3271=AXIS2_PLACEMENT_3D('',#3268,#3269,#3270);
#3272=CIRCLE('',#3271,3.3);
#3273=EDGE_CURVE('',#3250,#3260,#3272,.T.);
#3274=ORIENTED_EDGE('',*,*,#3273,.F.);
#3275=ORIENTED_EDGE('',*,*,#3257,.T.);
#3276=CARTESIAN_POINT('',(435.335269414,-53.852080249,132.049975472));
#3277=VERTEX_POINT('',#3276);
#3278=CARTESIAN_POINT('',(435.335269414,-53.852080249,135.349975472));
#3279=DIRECTION('',(-0.,1.,-0.));
#3280=DIRECTION('',(0.,0.,-1.));
#3281=AXIS2_PLACEMENT_3D('',#3278,#3279,#3280);
#3282=CIRCLE('',#3281,3.3);
#3283=EDGE_CURVE('',#3252,#3277,#3282,.T.);
#3284=ORIENTED_EDGE('',*,*,#3283,.T.);
#3285=CARTESIAN_POINT('',(435.335269414,-53.852080249,135.349975472));
#3286=DIRECTION('',(-0.,1.,-0.));
#3287=DIRECTION('',(0.,0.,-1.));
#3288=AXIS2_PLACEMENT_3D('',#3285,#3286,#3287);
#3289=CIRCLE('',#3288,3.3);
#3290=EDGE_CURVE('',#3277,#3252,#3289,.T.);
#3291=ORIENTED_EDGE('',*,*,#3290,.T.);
#3292=EDGE_LOOP('',(#3258,#3267,#3274,#3275,#3284,#3291));
#3293=FACE_BOUND('',#3292,.T.);
#3294=ADVANCED_FACE('',(#3293),#3248,.F.);
#3295=CARTESIAN_POINT('',(397.33526878,-57.852078867,135.349975472));
#3296=DIRECTION('',(0.,-1.,0.));
#3297=DIRECTION('',(-1.,0.,0.));
#3298=AXIS2_PLACEMENT_3D('',#3295,#3296,#3297);
#3299=CYLINDRICAL_SURFACE('',#3298,3.3);
#3300=CARTESIAN_POINT('',(394.03526878,-58.552078867,135.349975472));
#3301=VERTEX_POINT('',#3300);
#3302=CARTESIAN_POINT('',(394.03526878,-53.852080249,135.349975472));
#3303=VERTEX_POINT('',#3302);
#3304=CARTESIAN_POINT('',(394.03526878,-58.552078867,135.349975472));
#3305=DIRECTION('',(-0.,1.,-0.));
#3306=VECTOR('',#3305,4.699998618);
#3307=LINE('',#3304,#3306);
#3308=EDGE_CURVE('',#3301,#3303,#3307,.T.);
#3309=ORIENTED_EDGE('',*,*,#3308,.F.);
#3310=CARTESIAN_POINT('',(397.33526878,-58.552078867,138.649975472));
#3311=VERTEX_POINT('',#3310);
#3312=CARTESIAN_POINT('',(397.33526878,-58.552078867,135.349975472));
#3313=DIRECTION('',(0.,1.,0.));
#3314=DIRECTION('',(0.,-0.,1.));
#3315=AXIS2_PLACEMENT_3D('',#3312,#3313,#3314);
#3316=CIRCLE('',#3315,3.3);
#3317=EDGE_CURVE('',#3311,#3301,#3316,.T.);
#3318=ORIENTED_EDGE('',*,*,#3317,.F.);
#3319=CARTESIAN_POINT('',(397.33526878,-58.552078867,135.349975472));
#3320=DIRECTION('',(0.,1.,0.));
#3321=DIRECTION('',(0.,-0.,1.));
#3322=AXIS2_PLACEMENT_3D('',#3319,#3320,#3321);
#3323=CIRCLE('',#3322,3.3);
#3324=EDGE_CURVE('',#3301,#3311,#3323,.T.);
#3325=ORIENTED_EDGE('',*,*,#3324,.F.);
#3326=ORIENTED_EDGE('',*,*,#3308,.T.);
#3327=CARTESIAN_POINT('',(397.33526878,-53.852080249,132.049975472));
#3328=VERTEX_POINT('',#3327);
#3329=CARTESIAN_POINT('',(397.33526878,-53.852080249,135.349975472));
#3330=DIRECTION('',(-0.,1.,-0.));
#3331=DIRECTION('',(0.,0.,-1.));
#3332=AXIS2_PLACEMENT_3D('',#3329,#3330,#3331);
#3333=CIRCLE('',#3332,3.3);
#3334=EDGE_CURVE('',#3303,#3328,#3333,.T.);
#3335=ORIENTED_EDGE('',*,*,#3334,.T.);
#3336=CARTESIAN_POINT('',(397.33526878,-53.852080249,135.349975472));
#3337=DIRECTION('',(-0.,1.,-0.));
#3338=DIRECTION('',(0.,0.,-1.));
#3339=AXIS2_PLACEMENT_3D('',#3336,#3337,#3338);
#3340=CIRCLE('',#3339,3.3);
#3341=EDGE_CURVE('',#3328,#3303,#3340,.T.);
#3342=ORIENTED_EDGE('',*,*,#3341,.T.);
#3343=EDGE_LOOP('',(#3309,#3318,#3325,#3326,#3335,#3342));
#3344=FACE_BOUND('',#3343,.T.);
#3345=ADVANCED_FACE('',(#3344),#3299,.F.);
#3346=CARTESIAN_POINT('',(377.33526878,-91.952078866,115.349975472));
#3347=DIRECTION('',(-0.,1.,0.));
#3348=DIRECTION('',(1.,0.,0.));
#3349=AXIS2_PLACEMENT_3D('',#3346,#3347,#3348);
#3350=CYLINDRICAL_SURFACE('',#3349,3.3);
#3351=CARTESIAN_POINT('',(380.63526878,-53.852080249,115.349975472));
#3352=VERTEX_POINT('',#3351);
#3353=CARTESIAN_POINT('',(380.63526878,-58.552078867,115.349975472));
#3354=VERTEX_POINT('',#3353);
#3355=CARTESIAN_POINT('',(380.63526878,-53.852080249,115.349975472));
#3356=DIRECTION('',(-0.,-1.,-0.));
#3357=VECTOR('',#3356,4.699998618);
#3358=LINE('',#3355,#3357);
#3359=EDGE_CURVE('',#3352,#3354,#3358,.T.);
#3360=ORIENTED_EDGE('',*,*,#3359,.F.);
#3361=CARTESIAN_POINT('',(377.33526878,-53.852080249,118.649975472));
#3362=VERTEX_POINT('',#3361);
#3363=CARTESIAN_POINT('',(377.33526878,-53.852080249,115.349975472));
#3364=DIRECTION('',(0.,1.,0.));
#3365=DIRECTION('',(0.,-0.,1.));
#3366=AXIS2_PLACEMENT_3D('',#3363,#3364,#3365);
#3367=CIRCLE('',#3366,3.3);
#3368=EDGE_CURVE('',#3352,#3362,#3367,.T.);
#3369=ORIENTED_EDGE('',*,*,#3368,.T.);
#3370=CARTESIAN_POINT('',(377.33526878,-53.852080249,115.349975472));
#3371=DIRECTION('',(0.,1.,0.));
#3372=DIRECTION('',(0.,-0.,1.));
#3373=AXIS2_PLACEMENT_3D('',#3370,#3371,#3372);
#3374=CIRCLE('',#3373,3.3);
#3375=EDGE_CURVE('',#3362,#3352,#3374,.T.);
#3376=ORIENTED_EDGE('',*,*,#3375,.T.);
#3377=ORIENTED_EDGE('',*,*,#3359,.T.);
#3378=CARTESIAN_POINT('',(377.33526878,-58.552078867,118.649975472));
#3379=VERTEX_POINT('',#3378);
#3380=CARTESIAN_POINT('',(377.33526878,-58.552078867,115.349975472));
#3381=DIRECTION('',(-0.,1.,-0.));
#3382=DIRECTION('',(0.,0.,-1.));
#3383=AXIS2_PLACEMENT_3D('',#3380,#3381,#3382);
#3384=CIRCLE('',#3383,3.3);
#3385=EDGE_CURVE('',#3379,#3354,#3384,.T.);
#3386=ORIENTED_EDGE('',*,*,#3385,.F.);
#3387=CARTESIAN_POINT('',(374.977074792,-58.552078867,113.041529866));
#3388=VERTEX_POINT('',#3387);
#3389=CARTESIAN_POINT('',(377.33526878,-58.552078867,115.349975472));
#3390=DIRECTION('',(-0.,1.,-0.));
#3391=DIRECTION('',(0.,0.,-1.));
#3392=AXIS2_PLACEMENT_3D('',#3389,#3390,#3391);
#3393=CIRCLE('',#3392,3.3);
#3394=EDGE_CURVE('',#3388,#3379,#3393,.T.);
#3395=ORIENTED_EDGE('',*,*,#3394,.F.);
#3396=CARTESIAN_POINT('',(374.977074792,-64.952078867,113.041529866));
#3397=VERTEX_POINT('',#3396);
#3398=CARTESIAN_POINT('',(374.977074792,-64.952078867,113.041529866));
#3399=DIRECTION('',(-0.,1.,-0.));
#3400=VECTOR('',#3399,6.4);
#3401=LINE('',#3398,#3400);
#3402=EDGE_CURVE('',#3397,#3388,#3401,.T.);
#3403=ORIENTED_EDGE('',*,*,#3402,.F.);
#3404=CARTESIAN_POINT('',(377.33526878,-64.952078867,112.049975472));
#3405=VERTEX_POINT('',#3404);
#3406=CARTESIAN_POINT('',(377.33526878,-64.952078867,115.349975472));
#3407=DIRECTION('',(0.,1.,0.));
#3408=DIRECTION('',(0.,-0.,1.));
#3409=AXIS2_PLACEMENT_3D('',#3406,#3407,#3408);
#3410=CIRCLE('',#3409,3.3);
#3411=EDGE_CURVE('',#3405,#3397,#3410,.T.);
#3412=ORIENTED_EDGE('',*,*,#3411,.F.);
#3413=CARTESIAN_POINT('',(377.33526878,-64.952078867,115.349975472));
#3414=DIRECTION('',(0.,1.,0.));
#3415=DIRECTION('',(0.,-0.,1.));
#3416=AXIS2_PLACEMENT_3D('',#3413,#3414,#3415);
#3417=CIRCLE('',#3416,3.3);
#3418=EDGE_CURVE('',#2620,#3405,#3417,.T.);
#3419=ORIENTED_EDGE('',*,*,#3418,.F.);
#3420=ORIENTED_EDGE('',*,*,#2625,.F.);
#3421=CARTESIAN_POINT('',(377.33526878,-58.552078867,115.349975472));
#3422=DIRECTION('',(-0.,1.,-0.));
#3423=DIRECTION('',(0.,0.,-1.));
#3424=AXIS2_PLACEMENT_3D('',#3421,#3422,#3423);
#3425=CIRCLE('',#3424,3.3);
#3426=EDGE_CURVE('',#3354,#2605,#3425,.T.);
#3427=ORIENTED_EDGE('',*,*,#3426,.F.);
#3428=EDGE_LOOP('',(#3360,#3369,#3376,#3377,#3386,#3395,#3403,#3412,#3419,#3420,#3427));
#3429=FACE_BOUND('',#3428,.T.);
#3430=ADVANCED_FACE('',(#3429),#3350,.F.);
#3431=CARTESIAN_POINT('',(377.33526878,-91.952078866,135.349975472));
#3432=DIRECTION('',(-0.,1.,0.));
#3433=DIRECTION('',(1.,0.,0.));
#3434=AXIS2_PLACEMENT_3D('',#3431,#3432,#3433);
#3435=CYLINDRICAL_SURFACE('',#3434,3.3);
#3436=CARTESIAN_POINT('',(380.63526878,-53.852080249,135.349975472));
#3437=VERTEX_POINT('',#3436);
#3438=CARTESIAN_POINT('',(380.63526878,-58.552078867,135.349975472));
#3439=VERTEX_POINT('',#3438);
#3440=CARTESIAN_POINT('',(380.63526878,-53.852080249,135.349975472));
#3441=DIRECTION('',(-0.,-1.,-0.));
#3442=VECTOR('',#3441,4.699998618);
#3443=LINE('',#3440,#3442);
#3444=EDGE_CURVE('',#3437,#3439,#3443,.T.);
#3445=ORIENTED_EDGE('',*,*,#3444,.F.);
#3446=CARTESIAN_POINT('',(377.33526878,-53.852080249,138.649975472));
#3447=VERTEX_POINT('',#3446);
#3448=CARTESIAN_POINT('',(377.33526878,-53.852080249,135.349975472));
#3449=DIRECTION('',(0.,1.,0.));
#3450=DIRECTION('',(0.,-0.,1.));
#3451=AXIS2_PLACEMENT_3D('',#3448,#3449,#3450);
#3452=CIRCLE('',#3451,3.3);
#3453=EDGE_CURVE('',#3437,#3447,#3452,.T.);
#3454=ORIENTED_EDGE('',*,*,#3453,.T.);
#3455=CARTESIAN_POINT('',(377.33526878,-53.852080249,135.349975472));
#3456=DIRECTION('',(0.,1.,0.));
#3457=DIRECTION('',(0.,-0.,1.));
#3458=AXIS2_PLACEMENT_3D('',#3455,#3456,#3457);
#3459=CIRCLE('',#3458,3.3);
#3460=EDGE_CURVE('',#3447,#3437,#3459,.T.);
#3461=ORIENTED_EDGE('',*,*,#3460,.T.);
#3462=ORIENTED_EDGE('',*,*,#3444,.T.);
#3463=CARTESIAN_POINT('',(377.33526878,-58.552078867,132.049975472));
#3464=VERTEX_POINT('',#3463);
#3465=CARTESIAN_POINT('',(377.33526878,-58.552078867,135.349975472));
#3466=DIRECTION('',(-0.,1.,-0.));
#3467=DIRECTION('',(0.,0.,-1.));
#3468=AXIS2_PLACEMENT_3D('',#3465,#3466,#3467);
#3469=CIRCLE('',#3468,3.3);
#3470=EDGE_CURVE('',#3464,#3439,#3469,.T.);
#3471=ORIENTED_EDGE('',*,*,#3470,.F.);
#3472=CARTESIAN_POINT('',(377.33526878,-58.552078867,135.349975472));
#3473=DIRECTION('',(-0.,1.,-0.));
#3474=DIRECTION('',(0.,0.,-1.));
#3475=AXIS2_PLACEMENT_3D('',#3472,#3473,#3474);
#3476=CIRCLE('',#3475,3.3);
#3477=EDGE_CURVE('',#3439,#3464,#3476,.T.);
#3478=ORIENTED_EDGE('',*,*,#3477,.F.);
#3479=EDGE_LOOP('',(#3445,#3454,#3461,#3462,#3471,#3478));
#3480=FACE_BOUND('',#3479,.T.);
#3481=ADVANCED_FACE('',(#3480),#3435,.F.);
#3482=CARTESIAN_POINT('',(397.33526878,-57.852078867,115.349975472));
#3483=DIRECTION('',(0.,-1.,0.));
#3484=DIRECTION('',(-1.,0.,0.));
#3485=AXIS2_PLACEMENT_3D('',#3482,#3483,#3484);
#3486=CYLINDRICAL_SURFACE('',#3485,3.3);
#3487=CARTESIAN_POINT('',(394.03526878,-58.552078867,115.349975472));
#3488=VERTEX_POINT('',#3487);
#3489=CARTESIAN_POINT('',(394.03526878,-53.852080249,115.349975472));
#3490=VERTEX_POINT('',#3489);
#3491=CARTESIAN_POINT('',(394.03526878,-58.552078867,115.349975472));
#3492=DIRECTION('',(-0.,1.,-0.));
#3493=VECTOR('',#3492,4.699998618);
#3494=LINE('',#3491,#3493);
#3495=EDGE_CURVE('',#3488,#3490,#3494,.T.);
#3496=ORIENTED_EDGE('',*,*,#3495,.F.);
#3497=CARTESIAN_POINT('',(394.977074792,-58.552078867,113.041529866));
#3498=VERTEX_POINT('',#3497);
#3499=CARTESIAN_POINT('',(397.33526878,-58.552078867,115.349975472));
#3500=DIRECTION('',(0.,1.,0.));
#3501=DIRECTION('',(0.,-0.,1.));
#3502=AXIS2_PLACEMENT_3D('',#3499,#3500,#3501);
#3503=CIRCLE('',#3502,3.3);
#3504=EDGE_CURVE('',#3498,#3488,#3503,.T.);
#3505=ORIENTED_EDGE('',*,*,#3504,.F.);
#3506=CARTESIAN_POINT('',(394.977074792,-64.952078867,113.041529866));
#3507=VERTEX_POINT('',#3506);
#3508=CARTESIAN_POINT('',(394.977074792,-64.952078867,113.041529866));
#3509=DIRECTION('',(-0.,1.,-0.));
#3510=VECTOR('',#3509,6.4);
#3511=LINE('',#3508,#3510);
#3512=EDGE_CURVE('',#3507,#3498,#3511,.T.);
#3513=ORIENTED_EDGE('',*,*,#3512,.F.);
#3514=CARTESIAN_POINT('',(397.33526878,-64.952078867,112.049975472));
#3515=VERTEX_POINT('',#3514);
#3516=CARTESIAN_POINT('',(397.33526878,-64.952078867,115.349975472));
#3517=DIRECTION('',(0.,1.,0.));
#3518=DIRECTION('',(0.,-0.,1.));
#3519=AXIS2_PLACEMENT_3D('',#3516,#3517,#3518);
#3520=CIRCLE('',#3519,3.3);
#3521=EDGE_CURVE('',#3515,#3507,#3520,.T.);
#3522=ORIENTED_EDGE('',*,*,#3521,.F.);
#3523=CARTESIAN_POINT('',(397.33526878,-64.952078867,115.349975472));
#3524=DIRECTION('',(0.,1.,0.));
#3525=DIRECTION('',(0.,-0.,1.));
#3526=AXIS2_PLACEMENT_3D('',#3523,#3524,#3525);
#3527=CIRCLE('',#3526,3.3);
#3528=EDGE_CURVE('',#2521,#3515,#3527,.T.);
#3529=ORIENTED_EDGE('',*,*,#3528,.F.);
#3530=ORIENTED_EDGE('',*,*,#2526,.F.);
#3531=CARTESIAN_POINT('',(397.33526878,-58.552078867,118.649975472));
#3532=VERTEX_POINT('',#3531);
#3533=CARTESIAN_POINT('',(397.33526878,-58.552078867,115.349975472));
#3534=DIRECTION('',(0.,1.,0.));
#3535=DIRECTION('',(0.,-0.,1.));
#3536=AXIS2_PLACEMENT_3D('',#3533,#3534,#3535);
#3537=CIRCLE('',#3536,3.3);
#3538=EDGE_CURVE('',#3532,#2506,#3537,.T.);
#3539=ORIENTED_EDGE('',*,*,#3538,.F.);
#3540=CARTESIAN_POINT('',(397.33526878,-58.552078867,115.349975472));
#3541=DIRECTION('',(0.,1.,0.));
#3542=DIRECTION('',(0.,-0.,1.));
#3543=AXIS2_PLACEMENT_3D('',#3540,#3541,#3542);
#3544=CIRCLE('',#3543,3.3);
#3545=EDGE_CURVE('',#3488,#3532,#3544,.T.);
#3546=ORIENTED_EDGE('',*,*,#3545,.F.);
#3547=ORIENTED_EDGE('',*,*,#3495,.T.);
#3548=CARTESIAN_POINT('',(397.33526878,-53.852080249,112.049975472));
#3549=VERTEX_POINT('',#3548);
#3550=CARTESIAN_POINT('',(397.33526878,-53.852080249,115.349975472));
#3551=DIRECTION('',(-0.,1.,-0.));
#3552=DIRECTION('',(0.,0.,-1.));
#3553=AXIS2_PLACEMENT_3D('',#3550,#3551,#3552);
#3554=CIRCLE('',#3553,3.3);
#3555=EDGE_CURVE('',#3490,#3549,#3554,.T.);
#3556=ORIENTED_EDGE('',*,*,#3555,.T.);
#3557=CARTESIAN_POINT('',(397.33526878,-53.852080249,115.349975472));
#3558=DIRECTION('',(-0.,1.,-0.));
#3559=DIRECTION('',(0.,0.,-1.));
#3560=AXIS2_PLACEMENT_3D('',#3557,#3558,#3559);
#3561=CIRCLE('',#3560,3.3);
#3562=EDGE_CURVE('',#3549,#3490,#3561,.T.);
#3563=ORIENTED_EDGE('',*,*,#3562,.T.);
#3564=EDGE_LOOP('',(#3496,#3505,#3513,#3522,#3529,#3530,#3539,#3546,#3547,#3556,#3563));
#3565=FACE_BOUND('',#3564,.T.);
#3566=ADVANCED_FACE('',(#3565),#3486,.F.);
#3567=CARTESIAN_POINT('',(451.33378583,-58.952078867,143.342000894));
#3568=DIRECTION('',(-0.,1.,0.));
#3569=DIRECTION('',(1.,0.,0.));
#3570=AXIS2_PLACEMENT_3D('',#3567,#3568,#3569);
#3571=CYLINDRICAL_SURFACE('',#3570,3.2);
#3572=CARTESIAN_POINT('',(454.53378583,-56.952078867,143.342000894));
#3573=VERTEX_POINT('',#3572);
#3574=CARTESIAN_POINT('',(454.53378583,-58.552078867,143.342000894));
#3575=VERTEX_POINT('',#3574);
#3576=CARTESIAN_POINT('',(454.53378583,-56.952078867,143.342000894));
#3577=DIRECTION('',(-0.,-1.,-0.));
#3578=VECTOR('',#3577,1.6);
#3579=LINE('',#3576,#3578);
#3580=EDGE_CURVE('',#3573,#3575,#3579,.T.);
#3581=ORIENTED_EDGE('',*,*,#3580,.F.);
#3582=CARTESIAN_POINT('',(451.33378583,-56.952078867,146.542000894));
#3583=VERTEX_POINT('',#3582);
#3584=CARTESIAN_POINT('',(451.33378583,-56.952078867,143.342000894));
#3585=DIRECTION('',(-0.,-1.,-0.));
#3586=DIRECTION('',(0.,-0.,1.));
#3587=AXIS2_PLACEMENT_3D('',#3584,#3585,#3586);
#3588=CIRCLE('',#3587,3.2);
#3589=EDGE_CURVE('',#3583,#3573,#3588,.T.);
#3590=ORIENTED_EDGE('',*,*,#3589,.F.);
#3591=CARTESIAN_POINT('',(451.33378583,-56.952078867,143.342000894));
#3592=DIRECTION('',(-0.,-1.,-0.));
#3593=DIRECTION('',(0.,-0.,1.));
#3594=AXIS2_PLACEMENT_3D('',#3591,#3592,#3593);
#3595=CIRCLE('',#3594,3.2);
#3596=EDGE_CURVE('',#3573,#3583,#3595,.T.);
#3597=ORIENTED_EDGE('',*,*,#3596,.F.);
#3598=ORIENTED_EDGE('',*,*,#3580,.T.);
#3599=CARTESIAN_POINT('',(451.33378583,-58.552078867,140.142000894));
#3600=VERTEX_POINT('',#3599);
#3601=CARTESIAN_POINT('',(451.33378583,-58.552078867,143.342000894));
#3602=DIRECTION('',(-0.,1.,-0.));
#3603=DIRECTION('',(0.,0.,-1.));
#3604=AXIS2_PLACEMENT_3D('',#3601,#3602,#3603);
#3605=CIRCLE('',#3604,3.2);
#3606=EDGE_CURVE('',#3600,#3575,#3605,.T.);
#3607=ORIENTED_EDGE('',*,*,#3606,.F.);
#3608=CARTESIAN_POINT('',(451.33378583,-58.552078867,143.342000894));
#3609=DIRECTION('',(-0.,1.,-0.));
#3610=DIRECTION('',(0.,0.,-1.));
#3611=AXIS2_PLACEMENT_3D('',#3608,#3609,#3610);
#3612=CIRCLE('',#3611,3.2);
#3613=EDGE_CURVE('',#3575,#3600,#3612,.T.);
#3614=ORIENTED_EDGE('',*,*,#3613,.F.);
#3615=EDGE_LOOP('',(#3581,#3590,#3597,#3598,#3607,#3614));
#3616=FACE_BOUND('',#3615,.T.);
#3617=ADVANCED_FACE('',(#3616),#3571,.F.);
#3618=CARTESIAN_POINT('',(381.33378583,-58.952078867,143.342000894));
#3619=DIRECTION('',(-0.,1.,0.));
#3620=DIRECTION('',(1.,0.,0.));
#3621=AXIS2_PLACEMENT_3D('',#3618,#3619,#3620);
#3622=CYLINDRICAL_SURFACE('',#3621,3.2);
#3623=CARTESIAN_POINT('',(384.53378583,-56.952078867,143.342000894));
#3624=VERTEX_POINT('',#3623);
#3625=CARTESIAN_POINT('',(384.53378583,-58.552078867,143.342000894));
#3626=VERTEX_POINT('',#3625);
#3627=CARTESIAN_POINT('',(384.53378583,-56.952078867,143.342000894));
#3628=DIRECTION('',(-0.,-1.,-0.));
#3629=VECTOR('',#3628,1.6);
#3630=LINE('',#3627,#3629);
#3631=EDGE_CURVE('',#3624,#3626,#3630,.T.);
#3632=ORIENTED_EDGE('',*,*,#3631,.F.);
#3633=CARTESIAN_POINT('',(381.33378583,-56.952078867,146.542000894));
#3634=VERTEX_POINT('',#3633);
#3635=CARTESIAN_POINT('',(381.33378583,-56.952078867,143.342000894));
#3636=DIRECTION('',(-0.,-1.,-0.));
#3637=DIRECTION('',(0.,-0.,1.));
#3638=AXIS2_PLACEMENT_3D('',#3635,#3636,#3637);
#3639=CIRCLE('',#3638,3.2);
#3640=EDGE_CURVE('',#3634,#3624,#3639,.T.);
#3641=ORIENTED_EDGE('',*,*,#3640,.F.);
#3642=CARTESIAN_POINT('',(381.33378583,-56.952078867,143.342000894));
#3643=DIRECTION('',(-0.,-1.,-0.));
#3644=DIRECTION('',(0.,-0.,1.));
#3645=AXIS2_PLACEMENT_3D('',#3642,#3643,#3644);
#3646=CIRCLE('',#3645,3.2);
#3647=EDGE_CURVE('',#3624,#3634,#3646,.T.);
#3648=ORIENTED_EDGE('',*,*,#3647,.F.);
#3649=ORIENTED_EDGE('',*,*,#3631,.T.);
#3650=CARTESIAN_POINT('',(381.33378583,-58.552078867,140.142000894));
#3651=VERTEX_POINT('',#3650);
#3652=CARTESIAN_POINT('',(381.33378583,-58.552078867,143.342000894));
#3653=DIRECTION('',(-0.,1.,-0.));
#3654=DIRECTION('',(0.,0.,-1.));
#3655=AXIS2_PLACEMENT_3D('',#3652,#3653,#3654);
#3656=CIRCLE('',#3655,3.2);
#3657=EDGE_CURVE('',#3651,#3626,#3656,.T.);
#3658=ORIENTED_EDGE('',*,*,#3657,.F.);
#3659=CARTESIAN_POINT('',(381.33378583,-58.552078867,143.342000894));
#3660=DIRECTION('',(-0.,1.,-0.));
#3661=DIRECTION('',(0.,0.,-1.));
#3662=AXIS2_PLACEMENT_3D('',#3659,#3660,#3661);
#3663=CIRCLE('',#3662,3.2);
#3664=EDGE_CURVE('',#3626,#3651,#3663,.T.);
#3665=ORIENTED_EDGE('',*,*,#3664,.F.);
#3666=EDGE_LOOP('',(#3632,#3641,#3648,#3649,#3658,#3665));
#3667=FACE_BOUND('',#3666,.T.);
#3668=ADVANCED_FACE('',(#3667),#3622,.F.);
#3669=CARTESIAN_POINT('',(381.33378583,-58.952078867,123.342000894));
#3670=DIRECTION('',(-0.,1.,0.));
#3671=DIRECTION('',(1.,0.,0.));
#3672=AXIS2_PLACEMENT_3D('',#3669,#3670,#3671);
#3673=CYLINDRICAL_SURFACE('',#3672,3.2);
#3674=CARTESIAN_POINT('',(384.53378583,-56.952078867,123.342000894));
#3675=VERTEX_POINT('',#3674);
#3676=CARTESIAN_POINT('',(384.53378583,-58.552078867,123.342000894));
#3677=VERTEX_POINT('',#3676);
#3678=CARTESIAN_POINT('',(384.53378583,-56.952078867,123.342000894));
#3679=DIRECTION('',(-0.,-1.,-0.));
#3680=VECTOR('',#3679,1.6);
#3681=LINE('',#3678,#3680);
#3682=EDGE_CURVE('',#3675,#3677,#3681,.T.);
#3683=ORIENTED_EDGE('',*,*,#3682,.F.);
#3684=CARTESIAN_POINT('',(381.33378583,-56.952078867,126.542000894));
#3685=VERTEX_POINT('',#3684);
#3686=CARTESIAN_POINT('',(381.33378583,-56.952078867,123.342000894));
#3687=DIRECTION('',(-0.,-1.,-0.));
#3688=DIRECTION('',(0.,-0.,1.));
#3689=AXIS2_PLACEMENT_3D('',#3686,#3687,#3688);
#3690=CIRCLE('',#3689,3.2);
#3691=EDGE_CURVE('',#3685,#3675,#3690,.T.);
#3692=ORIENTED_EDGE('',*,*,#3691,.F.);
#3693=CARTESIAN_POINT('',(381.33378583,-56.952078867,123.342000894));
#3694=DIRECTION('',(-0.,-1.,-0.));
#3695=DIRECTION('',(0.,-0.,1.));
#3696=AXIS2_PLACEMENT_3D('',#3693,#3694,#3695);
#3697=CIRCLE('',#3696,3.2);
#3698=EDGE_CURVE('',#3675,#3685,#3697,.T.);
#3699=ORIENTED_EDGE('',*,*,#3698,.F.);
#3700=ORIENTED_EDGE('',*,*,#3682,.T.);
#3701=CARTESIAN_POINT('',(381.33378583,-58.552078867,120.142000894));
#3702=VERTEX_POINT('',#3701);
#3703=CARTESIAN_POINT('',(381.33378583,-58.552078867,123.342000894));
#3704=DIRECTION('',(-0.,1.,-0.));
#3705=DIRECTION('',(0.,0.,-1.));
#3706=AXIS2_PLACEMENT_3D('',#3703,#3704,#3705);
#3707=CIRCLE('',#3706,3.2);
#3708=EDGE_CURVE('',#3702,#3677,#3707,.T.);
#3709=ORIENTED_EDGE('',*,*,#3708,.F.);
#3710=CARTESIAN_POINT('',(381.33378583,-58.552078867,123.342000894));
#3711=DIRECTION('',(-0.,1.,-0.));
#3712=DIRECTION('',(0.,0.,-1.));
#3713=AXIS2_PLACEMENT_3D('',#3710,#3711,#3712);
#3714=CIRCLE('',#3713,3.2);
#3715=EDGE_CURVE('',#3677,#3702,#3714,.T.);
#3716=ORIENTED_EDGE('',*,*,#3715,.F.);
#3717=EDGE_LOOP('',(#3683,#3692,#3699,#3700,#3709,#3716));
#3718=FACE_BOUND('',#3717,.T.);
#3719=ADVANCED_FACE('',(#3718),#3673,.F.);
#3720=CARTESIAN_POINT('',(451.33378583,-58.952078867,123.342000894));
#3721=DIRECTION('',(-0.,1.,0.));
#3722=DIRECTION('',(1.,0.,0.));
#3723=AXIS2_PLACEMENT_3D('',#3720,#3721,#3722);
#3724=CYLINDRICAL_SURFACE('',#3723,3.2);
#3725=CARTESIAN_POINT('',(454.53378583,-56.952078867,123.342000894));
#3726=VERTEX_POINT('',#3725);
#3727=CARTESIAN_POINT('',(454.53378583,-58.552078867,123.342000894));
#3728=VERTEX_POINT('',#3727);
#3729=CARTESIAN_POINT('',(454.53378583,-56.952078867,123.342000894));
#3730=DIRECTION('',(-0.,-1.,-0.));
#3731=VECTOR('',#3730,1.6);
#3732=LINE('',#3729,#3731);
#3733=EDGE_CURVE('',#3726,#3728,#3732,.T.);
#3734=ORIENTED_EDGE('',*,*,#3733,.F.);
#3735=CARTESIAN_POINT('',(451.33378583,-56.952078867,126.542000894));
#3736=VERTEX_POINT('',#3735);
#3737=CARTESIAN_POINT('',(451.33378583,-56.952078867,123.342000894));
#3738=DIRECTION('',(-0.,-1.,-0.));
#3739=DIRECTION('',(0.,-0.,1.));
#3740=AXIS2_PLACEMENT_3D('',#3737,#3738,#3739);
#3741=CIRCLE('',#3740,3.2);
#3742=EDGE_CURVE('',#3736,#3726,#3741,.T.);
#3743=ORIENTED_EDGE('',*,*,#3742,.F.);
#3744=CARTESIAN_POINT('',(451.33378583,-56.952078867,123.342000894));
#3745=DIRECTION('',(-0.,-1.,-0.));
#3746=DIRECTION('',(0.,-0.,1.));
#3747=AXIS2_PLACEMENT_3D('',#3744,#3745,#3746);
#3748=CIRCLE('',#3747,3.2);
#3749=EDGE_CURVE('',#3726,#3736,#3748,.T.);
#3750=ORIENTED_EDGE('',*,*,#3749,.F.);
#3751=ORIENTED_EDGE('',*,*,#3733,.T.);
#3752=CARTESIAN_POINT('',(451.33378583,-58.552078867,120.142000894));
#3753=VERTEX_POINT('',#3752);
#3754=CARTESIAN_POINT('',(451.33378583,-58.552078867,123.342000894));
#3755=DIRECTION('',(-0.,1.,-0.));
#3756=DIRECTION('',(0.,0.,-1.));
#3757=AXIS2_PLACEMENT_3D('',#3754,#3755,#3756);
#3758=CIRCLE('',#3757,3.2);
#3759=EDGE_CURVE('',#3753,#3728,#3758,.T.);
#3760=ORIENTED_EDGE('',*,*,#3759,.F.);
#3761=CARTESIAN_POINT('',(451.33378583,-58.552078867,123.342000894));
#3762=DIRECTION('',(-0.,1.,-0.));
#3763=DIRECTION('',(0.,0.,-1.));
#3764=AXIS2_PLACEMENT_3D('',#3761,#3762,#3763);
#3765=CIRCLE('',#3764,3.2);
#3766=EDGE_CURVE('',#3728,#3753,#3765,.T.);
#3767=ORIENTED_EDGE('',*,*,#3766,.F.);
#3768=EDGE_LOOP('',(#3734,#3743,#3750,#3751,#3760,#3767));
#3769=FACE_BOUND('',#3768,.T.);
#3770=ADVANCED_FACE('',(#3769),#3724,.F.);
#3771=CARTESIAN_POINT('',(381.33378583,-58.552078867,123.342000894));
#3772=DIRECTION('',(0.,-1.,0.));
#3773=DIRECTION('',(0.,0.,-1.));
#3774=AXIS2_PLACEMENT_3D('',#3771,#3772,#3773);
#3775=TOROIDAL_SURFACE('',#3774,3.6,0.4);
#3776=CARTESIAN_POINT('',(381.33378583,-58.952078867,119.742000894));
#3777=VERTEX_POINT('',#3776);
#3778=CARTESIAN_POINT('',(381.33378583,-58.552078867,119.742000894));
#3779=DIRECTION('',(1.,-0.,-0.));
#3780=DIRECTION('',(0.,0.,-1.));
#3781=AXIS2_PLACEMENT_3D('',#3778,#3779,#3780);
#3782=CIRCLE('',#3781,0.4);
#3783=EDGE_CURVE('',#3702,#3777,#3782,.T.);
#3784=ORIENTED_EDGE('',*,*,#3783,.T.);
#3785=CARTESIAN_POINT('',(381.33378583,-58.952078867,123.342000894));
#3786=DIRECTION('',(0.,-1.,0.));
#3787=DIRECTION('',(0.,0.,-1.));
#3788=AXIS2_PLACEMENT_3D('',#3785,#3786,#3787);
#3789=CIRCLE('',#3788,3.6);
#3790=EDGE_CURVE('',#3777,#3777,#3789,.T.);
#3791=ORIENTED_EDGE('',*,*,#3790,.T.);
#3792=ORIENTED_EDGE('',*,*,#3783,.F.);
#3793=ORIENTED_EDGE('',*,*,#3708,.T.);
#3794=ORIENTED_EDGE('',*,*,#3715,.T.);
#3795=EDGE_LOOP('',(#3784,#3791,#3792,#3793,#3794));
#3796=FACE_BOUND('',#3795,.T.);
#3797=ADVANCED_FACE('',(#3796),#3775,.T.);
#3798=CARTESIAN_POINT('',(377.33526878,-58.552078867,135.349975472));
#3799=DIRECTION('',(0.,-1.,0.));
#3800=DIRECTION('',(0.,0.,-1.));
#3801=AXIS2_PLACEMENT_3D('',#3798,#3799,#3800);
#3802=TOROIDAL_SURFACE('',#3801,3.7,0.4);
#3803=CARTESIAN_POINT('',(377.33526878,-58.952078867,131.649975472));
#3804=VERTEX_POINT('',#3803);
#3805=CARTESIAN_POINT('',(377.33526878,-58.552078867,131.649975472));
#3806=DIRECTION('',(1.,-0.,-0.));
#3807=DIRECTION('',(0.,0.,-1.));
#3808=AXIS2_PLACEMENT_3D('',#3805,#3806,#3807);
#3809=CIRCLE('',#3808,0.4);
#3810=EDGE_CURVE('',#3464,#3804,#3809,.T.);
#3811=ORIENTED_EDGE('',*,*,#3810,.T.);
#3812=CARTESIAN_POINT('',(377.33526878,-58.952078867,135.349975472));
#3813=DIRECTION('',(0.,-1.,0.));
#3814=DIRECTION('',(0.,0.,-1.));
#3815=AXIS2_PLACEMENT_3D('',#3812,#3813,#3814);
#3816=CIRCLE('',#3815,3.7);
#3817=EDGE_CURVE('',#3804,#3804,#3816,.T.);
#3818=ORIENTED_EDGE('',*,*,#3817,.T.);
#3819=ORIENTED_EDGE('',*,*,#3810,.F.);
#3820=ORIENTED_EDGE('',*,*,#3470,.T.);
#3821=ORIENTED_EDGE('',*,*,#3477,.T.);
#3822=EDGE_LOOP('',(#3811,#3818,#3819,#3820,#3821));
#3823=FACE_BOUND('',#3822,.T.);
#3824=ADVANCED_FACE('',(#3823),#3802,.T.);
#3825=CARTESIAN_POINT('',(451.33378583,-58.552078867,143.342000894));
#3826=DIRECTION('',(0.,-1.,0.));
#3827=DIRECTION('',(0.,0.,-1.));
#3828=AXIS2_PLACEMENT_3D('',#3825,#3826,#3827);
#3829=TOROIDAL_SURFACE('',#3828,3.6,0.4);
#3830=CARTESIAN_POINT('',(451.33378583,-58.952078867,139.742000894));
#3831=VERTEX_POINT('',#3830);
#3832=CARTESIAN_POINT('',(451.33378583,-58.552078867,139.742000894));
#3833=DIRECTION('',(1.,-0.,-0.));
#3834=DIRECTION('',(0.,0.,-1.));
#3835=AXIS2_PLACEMENT_3D('',#3832,#3833,#3834);
#3836=CIRCLE('',#3835,0.4);
#3837=EDGE_CURVE('',#3600,#3831,#3836,.T.);
#3838=ORIENTED_EDGE('',*,*,#3837,.T.);
#3839=CARTESIAN_POINT('',(451.33378583,-58.952078867,143.342000894));
#3840=DIRECTION('',(0.,-1.,0.));
#3841=DIRECTION('',(0.,0.,-1.));
#3842=AXIS2_PLACEMENT_3D('',#3839,#3840,#3841);
#3843=CIRCLE('',#3842,3.6);
#3844=EDGE_CURVE('',#3831,#3831,#3843,.T.);
#3845=ORIENTED_EDGE('',*,*,#3844,.T.);
#3846=ORIENTED_EDGE('',*,*,#3837,.F.);
#3847=ORIENTED_EDGE('',*,*,#3606,.T.);
#3848=ORIENTED_EDGE('',*,*,#3613,.T.);
#3849=EDGE_LOOP('',(#3838,#3845,#3846,#3847,#3848));
#3850=FACE_BOUND('',#3849,.T.);
#3851=ADVANCED_FACE('',(#3850),#3829,.T.);
#3852=CARTESIAN_POINT('',(455.335269414,-58.552078867,135.349975472));
#3853=DIRECTION('',(0.,-1.,0.));
#3854=DIRECTION('',(0.,0.,-1.));
#3855=AXIS2_PLACEMENT_3D('',#3852,#3853,#3854);
#3856=TOROIDAL_SURFACE('',#3855,3.7,0.4);
#3857=CARTESIAN_POINT('',(455.335269414,-58.952078867,131.649975472));
#3858=VERTEX_POINT('',#3857);
#3859=CARTESIAN_POINT('',(455.335269414,-58.552078867,131.649975472));
#3860=DIRECTION('',(1.,-0.,-0.));
#3861=DIRECTION('',(0.,0.,-1.));
#3862=AXIS2_PLACEMENT_3D('',#3859,#3860,#3861);
#3863=CIRCLE('',#3862,0.4);
#3864=EDGE_CURVE('',#3226,#3858,#3863,.T.);
#3865=ORIENTED_EDGE('',*,*,#3864,.T.);
#3866=CARTESIAN_POINT('',(455.335269414,-58.952078867,135.349975472));
#3867=DIRECTION('',(0.,-1.,0.));
#3868=DIRECTION('',(0.,0.,-1.));
#3869=AXIS2_PLACEMENT_3D('',#3866,#3867,#3868);
#3870=CIRCLE('',#3869,3.7);
#3871=EDGE_CURVE('',#3858,#3858,#3870,.T.);
#3872=ORIENTED_EDGE('',*,*,#3871,.T.);
#3873=ORIENTED_EDGE('',*,*,#3864,.F.);
#3874=ORIENTED_EDGE('',*,*,#3232,.T.);
#3875=ORIENTED_EDGE('',*,*,#3239,.T.);
#3876=EDGE_LOOP('',(#3865,#3872,#3873,#3874,#3875));
#3877=FACE_BOUND('',#3876,.T.);
#3878=ADVANCED_FACE('',(#3877),#3856,.T.);
#3879=CARTESIAN_POINT('',(435.335269414,-58.552078867,135.349975472));
#3880=DIRECTION('',(0.,1.,0.));
#3881=DIRECTION('',(0.,-0.,1.));
#3882=AXIS2_PLACEMENT_3D('',#3879,#3880,#3881);
#3883=TOROIDAL_SURFACE('',#3882,3.7,0.4);
#3884=CARTESIAN_POINT('',(435.335269414,-58.952078867,139.049975472));
#3885=VERTEX_POINT('',#3884);
#3886=CARTESIAN_POINT('',(435.335269414,-58.552078867,139.049975472));
#3887=DIRECTION('',(1.,-0.,-0.));
#3888=DIRECTION('',(0.,0.,1.));
#3889=AXIS2_PLACEMENT_3D('',#3886,#3887,#3888);
#3890=CIRCLE('',#3889,0.4);
#3891=EDGE_CURVE('',#3885,#3260,#3890,.T.);
#3892=ORIENTED_EDGE('',*,*,#3891,.T.);
#3893=ORIENTED_EDGE('',*,*,#3266,.T.);
#3894=ORIENTED_EDGE('',*,*,#3273,.T.);
#3895=ORIENTED_EDGE('',*,*,#3891,.F.);
#3896=CARTESIAN_POINT('',(435.335269414,-58.952078867,135.349975472));
#3897=DIRECTION('',(-0.,-1.,-0.));
#3898=DIRECTION('',(0.,-0.,1.));
#3899=AXIS2_PLACEMENT_3D('',#3896,#3897,#3898);
#3900=CIRCLE('',#3899,3.7);
#3901=EDGE_CURVE('',#3885,#3885,#3900,.T.);
#3902=ORIENTED_EDGE('',*,*,#3901,.T.);
#3903=EDGE_LOOP('',(#3892,#3893,#3894,#3895,#3902));
#3904=FACE_BOUND('',#3903,.T.);
#3905=ADVANCED_FACE('',(#3904),#3883,.T.);
#3906=CARTESIAN_POINT('',(451.33378583,-58.552078867,123.342000894));
#3907=DIRECTION('',(0.,-1.,0.));
#3908=DIRECTION('',(0.,0.,-1.));
#3909=AXIS2_PLACEMENT_3D('',#3906,#3907,#3908);
#3910=TOROIDAL_SURFACE('',#3909,3.6,0.4);
#3911=CARTESIAN_POINT('',(451.33378583,-58.952078867,119.742000894));
#3912=VERTEX_POINT('',#3911);
#3913=CARTESIAN_POINT('',(451.33378583,-58.552078867,119.742000894));
#3914=DIRECTION('',(1.,-0.,-0.));
#3915=DIRECTION('',(0.,0.,-1.));
#3916=AXIS2_PLACEMENT_3D('',#3913,#3914,#3915);
#3917=CIRCLE('',#3916,0.4);
#3918=EDGE_CURVE('',#3753,#3912,#3917,.T.);
#3919=ORIENTED_EDGE('',*,*,#3918,.T.);
#3920=CARTESIAN_POINT('',(451.33378583,-58.952078867,123.342000894));
#3921=DIRECTION('',(0.,-1.,0.));
#3922=DIRECTION('',(0.,0.,-1.));
#3923=AXIS2_PLACEMENT_3D('',#3920,#3921,#3922);
#3924=CIRCLE('',#3923,3.6);
#3925=EDGE_CURVE('',#3912,#3912,#3924,.T.);
#3926=ORIENTED_EDGE('',*,*,#3925,.T.);
#3927=ORIENTED_EDGE('',*,*,#3918,.F.);
#3928=ORIENTED_EDGE('',*,*,#3759,.T.);
#3929=ORIENTED_EDGE('',*,*,#3766,.T.);
#3930=EDGE_LOOP('',(#3919,#3926,#3927,#3928,#3929));
#3931=FACE_BOUND('',#3930,.T.);
#3932=ADVANCED_FACE('',(#3931),#3910,.T.);
#3933=CARTESIAN_POINT('',(381.33378583,-58.552078867,143.342000894));
#3934=DIRECTION('',(0.,-1.,0.));
#3935=DIRECTION('',(0.,0.,-1.));
#3936=AXIS2_PLACEMENT_3D('',#3933,#3934,#3935);
#3937=TOROIDAL_SURFACE('',#3936,3.6,0.4);
#3938=CARTESIAN_POINT('',(381.33378583,-58.952078867,139.742000894));
#3939=VERTEX_POINT('',#3938);
#3940=CARTESIAN_POINT('',(381.33378583,-58.552078867,139.742000894));
#3941=DIRECTION('',(1.,-0.,-0.));
#3942=DIRECTION('',(0.,0.,-1.));
#3943=AXIS2_PLACEMENT_3D('',#3940,#3941,#3942);
#3944=CIRCLE('',#3943,0.4);
#3945=EDGE_CURVE('',#3651,#3939,#3944,.T.);
#3946=ORIENTED_EDGE('',*,*,#3945,.T.);
#3947=CARTESIAN_POINT('',(381.33378583,-58.952078867,143.342000894));
#3948=DIRECTION('',(0.,-1.,0.));
#3949=DIRECTION('',(0.,0.,-1.));
#3950=AXIS2_PLACEMENT_3D('',#3947,#3948,#3949);
#3951=CIRCLE('',#3950,3.6);
#3952=EDGE_CURVE('',#3939,#3939,#3951,.T.);
#3953=ORIENTED_EDGE('',*,*,#3952,.T.);
#3954=ORIENTED_EDGE('',*,*,#3945,.F.);
#3955=ORIENTED_EDGE('',*,*,#3657,.T.);
#3956=ORIENTED_EDGE('',*,*,#3664,.T.);
#3957=EDGE_LOOP('',(#3946,#3953,#3954,#3955,#3956));
#3958=FACE_BOUND('',#3957,.T.);
#3959=ADVANCED_FACE('',(#3958),#3937,.T.);
#3960=CARTESIAN_POINT('',(397.33526878,-58.552078867,135.349975472));
#3961=DIRECTION('',(0.,1.,0.));
#3962=DIRECTION('',(0.,-0.,1.));
#3963=AXIS2_PLACEMENT_3D('',#3960,#3961,#3962);
#3964=TOROIDAL_SURFACE('',#3963,3.7,0.4);
#3965=CARTESIAN_POINT('',(397.33526878,-58.952078867,139.049975472));
#3966=VERTEX_POINT('',#3965);
#3967=CARTESIAN_POINT('',(397.33526878,-58.552078867,139.049975472));
#3968=DIRECTION('',(1.,-0.,-0.));
#3969=DIRECTION('',(0.,0.,1.));
#3970=AXIS2_PLACEMENT_3D('',#3967,#3968,#3969);
#3971=CIRCLE('',#3970,0.4);
#3972=EDGE_CURVE('',#3966,#3311,#3971,.T.);
#3973=ORIENTED_EDGE('',*,*,#3972,.T.);
#3974=ORIENTED_EDGE('',*,*,#3317,.T.);
#3975=ORIENTED_EDGE('',*,*,#3324,.T.);
#3976=ORIENTED_EDGE('',*,*,#3972,.F.);
#3977=CARTESIAN_POINT('',(397.33526878,-58.952078867,135.349975472));
#3978=DIRECTION('',(-0.,-1.,-0.));
#3979=DIRECTION('',(0.,-0.,1.));
#3980=AXIS2_PLACEMENT_3D('',#3977,#3978,#3979);
#3981=CIRCLE('',#3980,3.7);
#3982=EDGE_CURVE('',#3966,#3966,#3981,.T.);
#3983=ORIENTED_EDGE('',*,*,#3982,.T.);
#3984=EDGE_LOOP('',(#3973,#3974,#3975,#3976,#3983));
#3985=FACE_BOUND('',#3984,.T.);
#3986=ADVANCED_FACE('',(#3985),#3964,.T.);
#3987=CARTESIAN_POINT('',(452.716483799,-58.952078867,113.342000894));
#3988=DIRECTION('',(0.,0.,1.));
#3989=DIRECTION('',(-1.,0.,0.));
#3990=AXIS2_PLACEMENT_3D('',#3987,#3988,#3989);
#3991=PLANE('',#3990);
#3992=ORIENTED_EDGE('',*,*,#2676,.F.);
#3993=CARTESIAN_POINT('',(452.227530993,-58.952078867,113.342000894));
#3994=VERTEX_POINT('',#3993);
#3995=CARTESIAN_POINT('',(452.227530993,-58.952078867,113.342000894));
#3996=CARTESIAN_POINT('',(452.238854421,-58.952078867,113.342000894));
#3997=CARTESIAN_POINT('',(452.250555441,-58.951737018,113.342000894));
#3998=CARTESIAN_POINT('',(452.262471188,-58.951004435,113.342000894));
#3999=B_SPLINE_CURVE_WITH_KNOTS('',3,(#3995,#3996,#3997,#3998),.UNSPECIFIED.,.F.,.F.,(4,4),(0.192671932,0.196068961),.UNSPECIFIED.);
#4000=EDGE_CURVE('',#3994,#2653,#3999,.T.);
#4001=ORIENTED_EDGE('',*,*,#4000,.F.);
#4002=CARTESIAN_POINT('',(438.443007835,-58.952078867,113.342000894));
#4003=VERTEX_POINT('',#4002);
#4004=CARTESIAN_POINT('',(438.443007835,-58.952078867,113.342000894));
#4005=DIRECTION('',(1.,0.,-0.));
#4006=VECTOR('',#4005,13.784523158);
#4007=LINE('',#4004,#4006);
#4008=EDGE_CURVE('',#4003,#3994,#4007,.T.);
#4009=ORIENTED_EDGE('',*,*,#4008,.F.);
#4010=CARTESIAN_POINT('',(438.40806764,-58.951004434,113.342000894));
#4011=VERTEX_POINT('',#4010);
#4012=CARTESIAN_POINT('',(438.40806764,-58.951004435,113.342000894));
#4013=CARTESIAN_POINT('',(438.419983387,-58.951737018,113.342000894));
#4014=CARTESIAN_POINT('',(438.431684407,-58.952078867,113.342000894));
#4015=CARTESIAN_POINT('',(438.443007835,-58.952078867,113.342000894));
#4016=B_SPLINE_CURVE_WITH_KNOTS('',3,(#4012,#4013,#4014,#4015),.UNSPECIFIED.,.F.,.F.,(4,4),(0.064372312,0.067769341),.UNSPECIFIED.);
#4017=EDGE_CURVE('',#4011,#4003,#4016,.T.);
#4018=ORIENTED_EDGE('',*,*,#4017,.F.);
#4019=CARTESIAN_POINT('',(438.40806764,-64.952078867,113.342000894));
#4020=VERTEX_POINT('',#4019);
#4021=CARTESIAN_POINT('',(438.40806764,-64.952078867,113.342000894));
#4022=DIRECTION('',(-0.,1.,-0.));
#4023=VECTOR('',#4022,6.001074433);
#4024=LINE('',#4021,#4023);
#4025=EDGE_CURVE('',#4020,#4011,#4024,.T.);
#4026=ORIENTED_EDGE('',*,*,#4025,.F.);
#4027=CARTESIAN_POINT('',(452.262471188,-64.952078867,113.342000894));
#4028=DIRECTION('',(-1.,0.,0.));
#4029=VECTOR('',#4028,13.854403548);
#4030=LINE('',#4027,#4029);
#4031=EDGE_CURVE('',#2671,#4020,#4030,.T.);
#4032=ORIENTED_EDGE('',*,*,#4031,.F.);
#4033=EDGE_LOOP('',(#3992,#4001,#4009,#4018,#4026,#4032));
#4034=FACE_BOUND('',#4033,.T.);
#4035=ADVANCED_FACE('',(#4034),#3991,.T.);
#4036=CARTESIAN_POINT('',(435.335269414,-58.552078867,115.349975472));
#4037=DIRECTION('',(0.,1.,0.));
#4038=DIRECTION('',(0.,-0.,1.));
#4039=AXIS2_PLACEMENT_3D('',#4036,#4037,#4038);
#4040=TOROIDAL_SURFACE('',#4039,3.7,0.4);
#4041=CARTESIAN_POINT('',(435.335269414,-58.952078867,119.049975472));
#4042=VERTEX_POINT('',#4041);
#4043=CARTESIAN_POINT('',(435.335269414,-58.552078867,119.049975472));
#4044=DIRECTION('',(1.,-0.,-0.));
#4045=DIRECTION('',(0.,0.,1.));
#4046=AXIS2_PLACEMENT_3D('',#4043,#4044,#4045);
#4047=CIRCLE('',#4046,0.4);
#4048=EDGE_CURVE('',#4042,#3073,#4047,.T.);
#4049=ORIENTED_EDGE('',*,*,#4048,.T.);
#4050=ORIENTED_EDGE('',*,*,#3079,.T.);
#4051=ORIENTED_EDGE('',*,*,#2419,.F.);
#4052=CARTESIAN_POINT('',(438.40806764,-58.951004435,113.342000894));
#4053=CARTESIAN_POINT('',(438.332119569,-58.946335127,113.342000894));
#4054=CARTESIAN_POINT('',(438.259523766,-58.927534452,113.333434288));
#4055=CARTESIAN_POINT('',(438.190470157,-58.90100164,113.318039487));
#4056=CARTESIAN_POINT('',(438.121416548,-58.874468828,113.302644687));
#4057=CARTESIAN_POINT('',(438.057372129,-58.840597162,113.280768777));
#4058=CARTESIAN_POINT('',(437.997764055,-58.803061836,113.253949888));
#4059=CARTESIAN_POINT('',(437.878547908,-58.727991184,113.200312111));
#4060=CARTESIAN_POINT('',(437.779053809,-58.640414366,113.128964797));
#4061=CARTESIAN_POINT('',(437.693463401,-58.552078867,113.041529866));
#4062=B_SPLINE_CURVE_WITH_KNOTS('',3,(#4052,#4053,#4054,#4055,#4056,#4057,#4058,#4059,#4060,#4061),.UNSPECIFIED.,.F.,.F.,(4,3,3,4),(-0.000419886,-0.000195887,0.000028113,0.000476113),.UNSPECIFIED.);
#4063=EDGE_CURVE('',#4011,#2399,#4062,.T.);
#4064=ORIENTED_EDGE('',*,*,#4063,.F.);
#4065=ORIENTED_EDGE('',*,*,#4017,.T.);
#4066=CARTESIAN_POINT('',(435.335269414,-58.952078867,115.349975472));
#4067=DIRECTION('',(-0.,-1.,-0.));
#4068=DIRECTION('',(0.,-0.,1.));
#4069=AXIS2_PLACEMENT_3D('',#4066,#4067,#4068);
#4070=CIRCLE('',#4069,3.7);
#4071=EDGE_CURVE('',#4003,#4042,#4070,.T.);
#4072=ORIENTED_EDGE('',*,*,#4071,.T.);
#4073=EDGE_LOOP('',(#4049,#4050,#4051,#4064,#4065,#4072));
#4074=FACE_BOUND('',#4073,.T.);
#4075=ADVANCED_FACE('',(#4074),#4040,.T.);
#4076=CARTESIAN_POINT('',(432.716483799,-58.952078867,113.342000894));
#4077=DIRECTION('',(0.,0.,1.));
#4078=DIRECTION('',(-1.,0.,0.));
#4079=AXIS2_PLACEMENT_3D('',#4076,#4077,#4078);
#4080=PLANE('',#4079);
#4081=ORIENTED_EDGE('',*,*,#2478,.F.);
#4082=CARTESIAN_POINT('',(432.227530993,-58.952078867,113.342000894));
#4083=VERTEX_POINT('',#4082);
#4084=CARTESIAN_POINT('',(432.227530993,-58.952078867,113.342000894));
#4085=CARTESIAN_POINT('',(432.238854421,-58.952078867,113.342000894));
#4086=CARTESIAN_POINT('',(432.250555441,-58.951737018,113.342000894));
#4087=CARTESIAN_POINT('',(432.262471188,-58.951004435,113.342000894));
#4088=B_SPLINE_CURVE_WITH_KNOTS('',3,(#4084,#4085,#4086,#4087),.UNSPECIFIED.,.F.,.F.,(4,4),(0.192671932,0.196068961),.UNSPECIFIED.);
#4089=EDGE_CURVE('',#4083,#2455,#4088,.T.);
#4090=ORIENTED_EDGE('',*,*,#4089,.F.);
#4091=CARTESIAN_POINT('',(400.443007201,-58.952078867,113.342000894));
#4092=VERTEX_POINT('',#4091);
#4093=CARTESIAN_POINT('',(400.443007201,-58.952078867,113.342000894));
#4094=DIRECTION('',(1.,0.,-0.));
#4095=VECTOR('',#4094,31.784523792);
#4096=LINE('',#4093,#4095);
#4097=EDGE_CURVE('',#4092,#4083,#4096,.T.);
#4098=ORIENTED_EDGE('',*,*,#4097,.F.);
#4099=CARTESIAN_POINT('',(400.408067006,-58.951004434,113.342000894));
#4100=VERTEX_POINT('',#4099);
#4101=CARTESIAN_POINT('',(400.408067006,-58.951004435,113.342000894));
#4102=CARTESIAN_POINT('',(400.419982753,-58.951737018,113.342000894));
#4103=CARTESIAN_POINT('',(400.431683773,-58.952078867,113.342000894));
#4104=CARTESIAN_POINT('',(400.443007201,-58.952078867,113.342000894));
#4105=B_SPLINE_CURVE_WITH_KNOTS('',3,(#4101,#4102,#4103,#4104),.UNSPECIFIED.,.F.,.F.,(4,4),(0.064372312,0.067769341),.UNSPECIFIED.);
#4106=EDGE_CURVE('',#4100,#4092,#4105,.T.);
#4107=ORIENTED_EDGE('',*,*,#4106,.F.);
#4108=CARTESIAN_POINT('',(400.408067006,-64.952078867,113.342000894));
#4109=VERTEX_POINT('',#4108);
#4110=CARTESIAN_POINT('',(400.408067006,-64.952078867,113.342000894));
#4111=DIRECTION('',(-0.,1.,-0.));
#4112=VECTOR('',#4111,6.001074433);
#4113=LINE('',#4110,#4112);
#4114=EDGE_CURVE('',#4109,#4100,#4113,.T.);
#4115=ORIENTED_EDGE('',*,*,#4114,.F.);
#4116=CARTESIAN_POINT('',(432.262471188,-64.952078867,113.342000894));
#4117=DIRECTION('',(-1.,0.,0.));
#4118=VECTOR('',#4117,31.854404182);
#4119=LINE('',#4116,#4118);
#4120=EDGE_CURVE('',#2473,#4109,#4119,.T.);
#4121=ORIENTED_EDGE('',*,*,#4120,.F.);
#4122=EDGE_LOOP('',(#4081,#4090,#4098,#4107,#4115,#4121));
#4123=FACE_BOUND('',#4122,.T.);
#4124=ADVANCED_FACE('',(#4123),#4080,.T.);
#4125=CARTESIAN_POINT('',(397.33526878,-58.552078867,115.349975472));
#4126=DIRECTION('',(0.,1.,0.));
#4127=DIRECTION('',(0.,-0.,1.));
#4128=AXIS2_PLACEMENT_3D('',#4125,#4126,#4127);
#4129=TOROIDAL_SURFACE('',#4128,3.7,0.4);
#4130=CARTESIAN_POINT('',(397.33526878,-58.952078867,119.049975472));
#4131=VERTEX_POINT('',#4130);
#4132=CARTESIAN_POINT('',(397.33526878,-58.552078867,119.049975472));
#4133=DIRECTION('',(1.,-0.,-0.));
#4134=DIRECTION('',(0.,0.,1.));
#4135=AXIS2_PLACEMENT_3D('',#4132,#4133,#4134);
#4136=CIRCLE('',#4135,0.4);
#4137=EDGE_CURVE('',#4131,#3532,#4136,.T.);
#4138=ORIENTED_EDGE('',*,*,#4137,.T.);
#4139=ORIENTED_EDGE('',*,*,#3538,.T.);
#4140=ORIENTED_EDGE('',*,*,#2518,.F.);
#4141=CARTESIAN_POINT('',(400.408067006,-58.951004435,113.342000894));
#4142=CARTESIAN_POINT('',(400.332118935,-58.946335127,113.342000894));
#4143=CARTESIAN_POINT('',(400.259523132,-58.927534452,113.333434288));
#4144=CARTESIAN_POINT('',(400.190469523,-58.90100164,113.318039487));
#4145=CARTESIAN_POINT('',(400.121415914,-58.874468828,113.302644687));
#4146=CARTESIAN_POINT('',(400.057371495,-58.840597162,113.280768777));
#4147=CARTESIAN_POINT('',(399.997763421,-58.803061836,113.253949888));
#4148=CARTESIAN_POINT('',(399.878547274,-58.727991184,113.200312111));
#4149=CARTESIAN_POINT('',(399.779053175,-58.640414366,113.128964797));
#4150=CARTESIAN_POINT('',(399.693462767,-58.552078867,113.041529866));
#4151=B_SPLINE_CURVE_WITH_KNOTS('',3,(#4141,#4142,#4143,#4144,#4145,#4146,#4147,#4148,#4149,#4150),.UNSPECIFIED.,.F.,.F.,(4,3,3,4),(-0.000419886,-0.000195887,0.000028113,0.000476113),.UNSPECIFIED.);
#4152=EDGE_CURVE('',#4100,#2498,#4151,.T.);
#4153=ORIENTED_EDGE('',*,*,#4152,.F.);
#4154=ORIENTED_EDGE('',*,*,#4106,.T.);
#4155=CARTESIAN_POINT('',(397.33526878,-58.952078867,115.349975472));
#4156=DIRECTION('',(-0.,-1.,-0.));
#4157=DIRECTION('',(0.,-0.,1.));
#4158=AXIS2_PLACEMENT_3D('',#4155,#4156,#4157);
#4159=CIRCLE('',#4158,3.7);
#4160=EDGE_CURVE('',#4092,#4131,#4159,.T.);
#4161=ORIENTED_EDGE('',*,*,#4160,.T.);
#4162=EDGE_LOOP('',(#4138,#4139,#4140,#4153,#4154,#4161));
#4163=FACE_BOUND('',#4162,.T.);
#4164=ADVANCED_FACE('',(#4163),#4129,.T.);
#4165=CARTESIAN_POINT('',(394.716483166,-58.952078867,113.342000894));
#4166=DIRECTION('',(0.,0.,1.));
#4167=DIRECTION('',(-1.,0.,0.));
#4168=AXIS2_PLACEMENT_3D('',#4165,#4166,#4167);
#4169=PLANE('',#4168);
#4170=ORIENTED_EDGE('',*,*,#2577,.F.);
#4171=CARTESIAN_POINT('',(394.227530359,-58.952078867,113.342000894));
#4172=VERTEX_POINT('',#4171);
#4173=CARTESIAN_POINT('',(394.227530359,-58.952078867,113.342000894));
#4174=CARTESIAN_POINT('',(394.238853787,-58.952078867,113.342000894));
#4175=CARTESIAN_POINT('',(394.250554807,-58.951737018,113.342000894));
#4176=CARTESIAN_POINT('',(394.262470554,-58.951004435,113.342000894));
#4177=B_SPLINE_CURVE_WITH_KNOTS('',3,(#4173,#4174,#4175,#4176),.UNSPECIFIED.,.F.,.F.,(4,4),(0.192671932,0.196068961),.UNSPECIFIED.);
#4178=EDGE_CURVE('',#4172,#2554,#4177,.T.);
#4179=ORIENTED_EDGE('',*,*,#4178,.F.);
#4180=CARTESIAN_POINT('',(380.443007201,-58.952078867,113.342000894));
#4181=VERTEX_POINT('',#4180);
#4182=CARTESIAN_POINT('',(380.443007201,-58.952078867,113.342000894));
#4183=DIRECTION('',(1.,0.,-0.));
#4184=VECTOR('',#4183,13.784523158);
#4185=LINE('',#4182,#4184);
#4186=EDGE_CURVE('',#4181,#4172,#4185,.T.);
#4187=ORIENTED_EDGE('',*,*,#4186,.F.);
#4188=CARTESIAN_POINT('',(380.408067006,-58.951004434,113.342000894));
#4189=VERTEX_POINT('',#4188);
#4190=CARTESIAN_POINT('',(380.408067006,-58.951004435,113.342000894));
#4191=CARTESIAN_POINT('',(380.419982753,-58.951737018,113.342000894));
#4192=CARTESIAN_POINT('',(380.431683773,-58.952078867,113.342000894));
#4193=CARTESIAN_POINT('',(380.443007201,-58.952078867,113.342000894));
#4194=B_SPLINE_CURVE_WITH_KNOTS('',3,(#4190,#4191,#4192,#4193),.UNSPECIFIED.,.F.,.F.,(4,4),(0.064372312,0.067769341),.UNSPECIFIED.);
#4195=EDGE_CURVE('',#4189,#4181,#4194,.T.);
#4196=ORIENTED_EDGE('',*,*,#4195,.F.);
#4197=CARTESIAN_POINT('',(380.408067006,-64.952078867,113.342000894));
#4198=VERTEX_POINT('',#4197);
#4199=CARTESIAN_POINT('',(380.408067006,-64.952078867,113.342000894));
#4200=DIRECTION('',(-0.,1.,-0.));
#4201=VECTOR('',#4200,6.001074433);
#4202=LINE('',#4199,#4201);
#4203=EDGE_CURVE('',#4198,#4189,#4202,.T.);
#4204=ORIENTED_EDGE('',*,*,#4203,.F.);
#4205=CARTESIAN_POINT('',(394.262470554,-64.952078867,113.342000894));
#4206=DIRECTION('',(-1.,0.,0.));
#4207=VECTOR('',#4206,13.854403548);
#4208=LINE('',#4205,#4207);
#4209=EDGE_CURVE('',#2572,#4198,#4208,.T.);
#4210=ORIENTED_EDGE('',*,*,#4209,.F.);
#4211=EDGE_LOOP('',(#4170,#4179,#4187,#4196,#4204,#4210));
#4212=FACE_BOUND('',#4211,.T.);
#4213=ADVANCED_FACE('',(#4212),#4169,.T.);
#4214=CARTESIAN_POINT('',(377.33526878,-58.552078867,115.349975472));
#4215=DIRECTION('',(0.,-1.,0.));
#4216=DIRECTION('',(0.,0.,1.));
#4217=AXIS2_PLACEMENT_3D('',#4214,#4215,#4216);
#4218=TOROIDAL_SURFACE('',#4217,3.7,0.4);
#4219=CARTESIAN_POINT('',(377.33526878,-58.952078867,119.049975472));
#4220=VERTEX_POINT('',#4219);
#4221=CARTESIAN_POINT('',(377.33526878,-58.552078867,119.049975472));
#4222=DIRECTION('',(-1.,-0.,0.));
#4223=DIRECTION('',(0.,0.,1.));
#4224=AXIS2_PLACEMENT_3D('',#4221,#4222,#4223);
#4225=CIRCLE('',#4224,0.4);
#4226=EDGE_CURVE('',#3379,#4220,#4225,.T.);
#4227=ORIENTED_EDGE('',*,*,#4226,.T.);
#4228=CARTESIAN_POINT('',(374.227530359,-58.952078867,113.342000894));
#4229=VERTEX_POINT('',#4228);
#4230=CARTESIAN_POINT('',(377.33526878,-58.952078867,115.349975472));
#4231=DIRECTION('',(0.,-1.,0.));
#4232=DIRECTION('',(0.,0.,-1.));
#4233=AXIS2_PLACEMENT_3D('',#4230,#4231,#4232);
#4234=CIRCLE('',#4233,3.7);
#4235=EDGE_CURVE('',#4220,#4229,#4234,.T.);
#4236=ORIENTED_EDGE('',*,*,#4235,.T.);
#4237=CARTESIAN_POINT('',(374.227530359,-58.952078867,113.342000894));
#4238=CARTESIAN_POINT('',(374.238853787,-58.952078867,113.342000894));
#4239=CARTESIAN_POINT('',(374.250554807,-58.951737018,113.342000894));
#4240=CARTESIAN_POINT('',(374.262470554,-58.951004435,113.342000894));
#4241=B_SPLINE_CURVE_WITH_KNOTS('',3,(#4237,#4238,#4239,#4240),.UNSPECIFIED.,.F.,.F.,(4,4),(0.192671932,0.196068961),.UNSPECIFIED.);
#4242=EDGE_CURVE('',#4229,#2704,#4241,.T.);
#4243=ORIENTED_EDGE('',*,*,#4242,.T.);
#4244=ORIENTED_EDGE('',*,*,#2719,.F.);
#4245=CARTESIAN_POINT('',(374.977074793,-58.552078867,113.041529866));
#4246=CARTESIAN_POINT('',(374.933843806,-58.596695114,113.085692505));
#4247=CARTESIAN_POINT('',(374.887939226,-58.640004679,113.124681644));
#4248=CARTESIAN_POINT('',(374.837501422,-58.68228325,113.160132608));
#4249=CARTESIAN_POINT('',(374.787063618,-58.724561822,113.195583571));
#4250=CARTESIAN_POINT('',(374.732291484,-58.765604811,113.227194324));
#4251=CARTESIAN_POINT('',(374.672488717,-58.803241516,113.254078251));
#4252=CARTESIAN_POINT('',(374.612685951,-58.84087822,113.280962178));
#4253=CARTESIAN_POINT('',(374.548975696,-58.874458365,113.302622826));
#4254=CARTESIAN_POINT('',(374.480797215,-58.900721111,113.317876639));
#4255=CARTESIAN_POINT('',(374.412618734,-58.926983858,113.333130451));
#4256=CARTESIAN_POINT('',(374.338494847,-58.946330441,113.342000894));
#4257=CARTESIAN_POINT('',(374.262470554,-58.951004435,113.342000894));
#4258=B_SPLINE_CURVE_WITH_KNOTS('',3,(#4245,#4246,#4247,#4248,#4249,#4250,#4251,#4252,#4253,#4254,#4255,#4256,#4257),.UNSPECIFIED.,.F.,.F.,(4,3,3,3,4),(-0.000474981,-0.000251329,-0.000027678,0.000195974,0.000419625),.UNSPECIFIED.);
#4259=EDGE_CURVE('',#3388,#2696,#4258,.T.);
#4260=ORIENTED_EDGE('',*,*,#4259,.F.);
#4261=ORIENTED_EDGE('',*,*,#3394,.T.);
#4262=EDGE_LOOP('',(#4227,#4236,#4243,#4244,#4260,#4261));
#4263=FACE_BOUND('',#4262,.T.);
#4264=ADVANCED_FACE('',(#4263),#4218,.T.);
#4265=CARTESIAN_POINT('',(455.335269414,-58.552078867,115.349975472));
#4266=DIRECTION('',(0.,-1.,0.));
#4267=DIRECTION('',(0.,0.,1.));
#4268=AXIS2_PLACEMENT_3D('',#4265,#4266,#4267);
#4269=TOROIDAL_SURFACE('',#4268,3.7,0.4);
#4270=CARTESIAN_POINT('',(455.335269414,-58.952078867,119.049975472));
#4271=VERTEX_POINT('',#4270);
#4272=CARTESIAN_POINT('',(455.335269414,-58.552078867,119.049975472));
#4273=DIRECTION('',(-1.,-0.,0.));
#4274=DIRECTION('',(0.,0.,1.));
#4275=AXIS2_PLACEMENT_3D('',#4272,#4273,#4274);
#4276=CIRCLE('',#4275,0.4);
#4277=EDGE_CURVE('',#3141,#4271,#4276,.T.);
#4278=ORIENTED_EDGE('',*,*,#4277,.T.);
#4279=CARTESIAN_POINT('',(455.335269414,-58.952078867,115.349975472));
#4280=DIRECTION('',(0.,-1.,0.));
#4281=DIRECTION('',(0.,0.,-1.));
#4282=AXIS2_PLACEMENT_3D('',#4279,#4280,#4281);
#4283=CIRCLE('',#4282,3.7);
#4284=EDGE_CURVE('',#4271,#3994,#4283,.T.);
#4285=ORIENTED_EDGE('',*,*,#4284,.T.);
#4286=ORIENTED_EDGE('',*,*,#4000,.T.);
#4287=ORIENTED_EDGE('',*,*,#2668,.F.);
#4288=CARTESIAN_POINT('',(452.977075427,-58.552078867,113.041529866));
#4289=CARTESIAN_POINT('',(452.93384444,-58.596695114,113.085692505));
#4290=CARTESIAN_POINT('',(452.88793986,-58.640004679,113.124681644));
#4291=CARTESIAN_POINT('',(452.837502056,-58.68228325,113.160132608));
#4292=CARTESIAN_POINT('',(452.787064252,-58.724561822,113.195583571));
#4293=CARTESIAN_POINT('',(452.732292118,-58.765604811,113.227194324));
#4294=CARTESIAN_POINT('',(452.672489351,-58.803241516,113.254078251));
#4295=CARTESIAN_POINT('',(452.612686585,-58.84087822,113.280962178));
#4296=CARTESIAN_POINT('',(452.54897633,-58.874458365,113.302622826));
#4297=CARTESIAN_POINT('',(452.480797849,-58.900721111,113.317876639));
#4298=CARTESIAN_POINT('',(452.412619368,-58.926983858,113.333130451));
#4299=CARTESIAN_POINT('',(452.338495481,-58.946330441,113.342000894));
#4300=CARTESIAN_POINT('',(452.262471188,-58.951004435,113.342000894));
#4301=B_SPLINE_CURVE_WITH_KNOTS('',3,(#4288,#4289,#4290,#4291,#4292,#4293,#4294,#4295,#4296,#4297,#4298,#4299,#4300),.UNSPECIFIED.,.F.,.F.,(4,3,3,3,4),(-0.000474981,-0.000251329,-0.000027678,0.000195974,0.000419625),.UNSPECIFIED.);
#4302=EDGE_CURVE('',#3150,#2645,#4301,.T.);
#4303=ORIENTED_EDGE('',*,*,#4302,.F.);
#4304=ORIENTED_EDGE('',*,*,#3156,.T.);
#4305=EDGE_LOOP('',(#4278,#4285,#4286,#4287,#4303,#4304));
#4306=FACE_BOUND('',#4305,.T.);
#4307=ADVANCED_FACE('',(#4306),#4269,.T.);
#4308=CARTESIAN_POINT('',(374.716483165,-58.952078867,113.342000894));
#4309=DIRECTION('',(0.,0.,1.));
#4310=DIRECTION('',(-1.,0.,0.));
#4311=AXIS2_PLACEMENT_3D('',#4308,#4309,#4310);
#4312=PLANE('',#4311);
#4313=ORIENTED_EDGE('',*,*,#2727,.F.);
#4314=ORIENTED_EDGE('',*,*,#4242,.F.);
#4315=CARTESIAN_POINT('',(371.33378583,-58.952078867,113.342000894));
#4316=VERTEX_POINT('',#4315);
#4317=CARTESIAN_POINT('',(371.33378583,-58.952078867,113.342000894));
#4318=DIRECTION('',(1.,0.,-0.));
#4319=VECTOR('',#4318,2.893744529);
#4320=LINE('',#4317,#4319);
#4321=EDGE_CURVE('',#4316,#4229,#4320,.T.);
#4322=ORIENTED_EDGE('',*,*,#4321,.F.);
#4323=CARTESIAN_POINT('',(371.33378583,-64.952078867,113.342000894));
#4324=VERTEX_POINT('',#4323);
#4325=CARTESIAN_POINT('',(371.33378583,-58.952078867,113.342000894));
#4326=DIRECTION('',(0.,-1.,0.));
#4327=VECTOR('',#4326,6.);
#4328=LINE('',#4325,#4327);
#4329=EDGE_CURVE('',#4316,#4324,#4328,.T.);
#4330=ORIENTED_EDGE('',*,*,#4329,.T.);
#4331=CARTESIAN_POINT('',(374.262470554,-64.952078867,113.342000894));
#4332=DIRECTION('',(-1.,0.,0.));
#4333=VECTOR('',#4332,2.928684724);
#4334=LINE('',#4331,#4333);
#4335=EDGE_CURVE('',#2722,#4324,#4334,.T.);
#4336=ORIENTED_EDGE('',*,*,#4335,.F.);
#4337=EDGE_LOOP('',(#4313,#4314,#4322,#4330,#4336));
#4338=FACE_BOUND('',#4337,.T.);
#4339=ADVANCED_FACE('',(#4338),#4312,.T.);
#4340=CARTESIAN_POINT('',(395.525134498,-64.952078867,112.342000894));
#4341=DIRECTION('',(-1.,0.,0.));
#4342=DIRECTION('',(0.,-0.707106781,0.707106781));
#4343=AXIS2_PLACEMENT_3D('',#4340,#4341,#4342);
#4344=CYLINDRICAL_SURFACE('',#4343,1.);
#4345=CARTESIAN_POINT('',(371.33378583,-65.659185648,113.049107675));
#4346=VERTEX_POINT('',#4345);
#4347=CARTESIAN_POINT('',(371.33378583,-65.659185648,113.049107675));
#4348=DIRECTION('',(1.,-0.,-0.));
#4349=VECTOR('',#4348,2.928684724);
#4350=LINE('',#4347,#4349);
#4351=EDGE_CURVE('',#4346,#2755,#4350,.T.);
#4352=ORIENTED_EDGE('',*,*,#4351,.T.);
#4353=ORIENTED_EDGE('',*,*,#2761,.F.);
#4354=ORIENTED_EDGE('',*,*,#4335,.T.);
#4355=CARTESIAN_POINT('',(371.33378583,-64.952078867,112.342000894));
#4356=DIRECTION('',(1.,-0.,-0.));
#4357=DIRECTION('',(0.,0.,1.));
#4358=AXIS2_PLACEMENT_3D('',#4355,#4356,#4357);
#4359=CIRCLE('',#4358,1.);
#4360=EDGE_CURVE('',#4324,#4346,#4359,.T.);
#4361=ORIENTED_EDGE('',*,*,#4360,.T.);
#4362=EDGE_LOOP('',(#4352,#4353,#4354,#4361));
#4363=FACE_BOUND('',#4362,.T.);
#4364=ADVANCED_FACE('',(#4363),#4344,.T.);
#4365=CARTESIAN_POINT('',(377.33526878,-64.952078867,115.349975472));
#4366=DIRECTION('',(0.,1.,0.));
#4367=DIRECTION('',(0.,0.,-1.));
#4368=AXIS2_PLACEMENT_3D('',#4365,#4366,#4367);
#4369=TOROIDAL_SURFACE('',#4368,4.3,1.);
#4370=CARTESIAN_POINT('',(377.33526878,-65.952078867,111.049975472));
#4371=VERTEX_POINT('',#4370);
#4372=CARTESIAN_POINT('',(377.33526878,-64.952078867,111.049975472));
#4373=DIRECTION('',(-1.,-0.,-0.));
#4374=DIRECTION('',(0.,0.,-1.));
#4375=AXIS2_PLACEMENT_3D('',#4372,#4373,#4374);
#4376=CIRCLE('',#4375,1.);
#4377=EDGE_CURVE('',#4371,#3405,#4376,.T.);
#4378=ORIENTED_EDGE('',*,*,#4377,.T.);
#4379=ORIENTED_EDGE('',*,*,#3411,.T.);
#4380=CARTESIAN_POINT('',(374.262470554,-64.952078867,112.342000894));
#4381=DIRECTION('',(-0.699528972,-0.,0.714604239));
#4382=DIRECTION('',(-0.714604239,0.,-0.699528972));
#4383=AXIS2_PLACEMENT_3D('',#4380,#4381,#4382);
#4384=CIRCLE('',#4383,1.);
#4385=EDGE_CURVE('',#2745,#3397,#4384,.T.);
#4386=ORIENTED_EDGE('',*,*,#4385,.F.);
#4387=CARTESIAN_POINT('',(377.33526878,-65.952078867,115.349975472));
#4388=DIRECTION('',(-0.,-1.,-0.));
#4389=DIRECTION('',(0.,-0.,1.));
#4390=AXIS2_PLACEMENT_3D('',#4387,#4388,#4389);
#4391=CIRCLE('',#4390,4.3);
#4392=EDGE_CURVE('',#2745,#4371,#4391,.T.);
#4393=ORIENTED_EDGE('',*,*,#4392,.T.);
#4394=EDGE_LOOP('',(#4378,#4379,#4386,#4393));
#4395=FACE_BOUND('',#4394,.T.);
#4396=ADVANCED_FACE('',(#4395),#4369,.T.);
#4397=CARTESIAN_POINT('',(405.525134498,-64.952078867,112.342000894));
#4398=DIRECTION('',(-1.,0.,0.));
#4399=DIRECTION('',(0.,-0.707106781,0.707106781));
#4400=AXIS2_PLACEMENT_3D('',#4397,#4398,#4399);
#4401=CYLINDRICAL_SURFACE('',#4400,1.);
#4402=CARTESIAN_POINT('',(380.408067006,-65.659185648,113.049107675));
#4403=VERTEX_POINT('',#4402);
#4404=CARTESIAN_POINT('',(380.408067006,-65.659185648,113.049107675));
#4405=DIRECTION('',(1.,-0.,-0.));
#4406=VECTOR('',#4405,13.854403548);
#4407=LINE('',#4404,#4406);
#4408=EDGE_CURVE('',#4403,#2814,#4407,.T.);
#4409=ORIENTED_EDGE('',*,*,#4408,.T.);
#4410=ORIENTED_EDGE('',*,*,#2820,.F.);
#4411=ORIENTED_EDGE('',*,*,#4209,.T.);
#4412=CARTESIAN_POINT('',(380.408067006,-64.952078867,112.342000894));
#4413=DIRECTION('',(-1.,0.,0.));
#4414=DIRECTION('',(0.,0.,1.));
#4415=AXIS2_PLACEMENT_3D('',#4412,#4413,#4414);
#4416=CIRCLE('',#4415,1.);
#4417=EDGE_CURVE('',#4403,#4198,#4416,.T.);
#4418=ORIENTED_EDGE('',*,*,#4417,.F.);
#4419=EDGE_LOOP('',(#4409,#4410,#4411,#4418));
#4420=FACE_BOUND('',#4419,.T.);
#4421=ADVANCED_FACE('',(#4420),#4401,.T.);
#4422=CARTESIAN_POINT('',(397.33526878,-64.952078867,115.349975472));
#4423=DIRECTION('',(0.,1.,0.));
#4424=DIRECTION('',(0.,0.,-1.));
#4425=AXIS2_PLACEMENT_3D('',#4422,#4423,#4424);
#4426=TOROIDAL_SURFACE('',#4425,4.3,1.);
#4427=CARTESIAN_POINT('',(397.33526878,-65.952078867,111.049975472));
#4428=VERTEX_POINT('',#4427);
#4429=CARTESIAN_POINT('',(397.33526878,-64.952078867,111.049975472));
#4430=DIRECTION('',(-1.,-0.,-0.));
#4431=DIRECTION('',(0.,0.,-1.));
#4432=AXIS2_PLACEMENT_3D('',#4429,#4430,#4431);
#4433=CIRCLE('',#4432,1.);
#4434=EDGE_CURVE('',#4428,#3515,#4433,.T.);
#4435=ORIENTED_EDGE('',*,*,#4434,.T.);
#4436=ORIENTED_EDGE('',*,*,#3521,.T.);
#4437=CARTESIAN_POINT('',(394.262470554,-64.952078867,112.342000894));
#4438=DIRECTION('',(-0.699528972,-0.,0.714604239));
#4439=DIRECTION('',(-0.714604239,0.,-0.699528972));
#4440=AXIS2_PLACEMENT_3D('',#4437,#4438,#4439);
#4441=CIRCLE('',#4440,1.);
#4442=EDGE_CURVE('',#2804,#3507,#4441,.T.);
#4443=ORIENTED_EDGE('',*,*,#4442,.F.);
#4444=CARTESIAN_POINT('',(397.33526878,-65.952078867,115.349975472));
#4445=DIRECTION('',(-0.,-1.,-0.));
#4446=DIRECTION('',(0.,-0.,1.));
#4447=AXIS2_PLACEMENT_3D('',#4444,#4445,#4446);
#4448=CIRCLE('',#4447,4.3);
#4449=EDGE_CURVE('',#2804,#4428,#4448,.T.);
#4450=ORIENTED_EDGE('',*,*,#4449,.T.);
#4451=EDGE_LOOP('',(#4435,#4436,#4443,#4450));
#4452=FACE_BOUND('',#4451,.T.);
#4453=ADVANCED_FACE('',(#4452),#4426,.T.);
#4454=CARTESIAN_POINT('',(424.525134815,-64.952078867,112.342000894));
#4455=DIRECTION('',(-1.,0.,0.));
#4456=DIRECTION('',(0.,-0.707106781,0.707106781));
#4457=AXIS2_PLACEMENT_3D('',#4454,#4455,#4456);
#4458=CYLINDRICAL_SURFACE('',#4457,1.);
#4459=CARTESIAN_POINT('',(400.408067006,-65.659185648,113.049107675));
#4460=VERTEX_POINT('',#4459);
#4461=CARTESIAN_POINT('',(400.408067006,-65.659185648,113.049107675));
#4462=DIRECTION('',(1.,-0.,-0.));
#4463=VECTOR('',#4462,31.854404182);
#4464=LINE('',#4461,#4463);
#4465=EDGE_CURVE('',#4460,#2873,#4464,.T.);
#4466=ORIENTED_EDGE('',*,*,#4465,.T.);
#4467=ORIENTED_EDGE('',*,*,#2879,.F.);
#4468=ORIENTED_EDGE('',*,*,#4120,.T.);
#4469=CARTESIAN_POINT('',(400.408067006,-64.952078867,112.342000894));
#4470=DIRECTION('',(-1.,0.,0.));
#4471=DIRECTION('',(0.,0.,1.));
#4472=AXIS2_PLACEMENT_3D('',#4469,#4470,#4471);
#4473=CIRCLE('',#4472,1.);
#4474=EDGE_CURVE('',#4460,#4109,#4473,.T.);
#4475=ORIENTED_EDGE('',*,*,#4474,.F.);
#4476=EDGE_LOOP('',(#4466,#4467,#4468,#4475));
#4477=FACE_BOUND('',#4476,.T.);
#4478=ADVANCED_FACE('',(#4477),#4458,.T.);
#4479=CARTESIAN_POINT('',(435.335269414,-64.952078867,115.349975472));
#4480=DIRECTION('',(0.,1.,0.));
#4481=DIRECTION('',(0.,0.,-1.));
#4482=AXIS2_PLACEMENT_3D('',#4479,#4480,#4481);
#4483=TOROIDAL_SURFACE('',#4482,4.3,1.);
#4484=CARTESIAN_POINT('',(435.335269414,-65.952078867,111.049975472));
#4485=VERTEX_POINT('',#4484);
#4486=CARTESIAN_POINT('',(435.335269414,-64.952078867,111.049975472));
#4487=DIRECTION('',(-1.,-0.,-0.));
#4488=DIRECTION('',(0.,0.,-1.));
#4489=AXIS2_PLACEMENT_3D('',#4486,#4487,#4488);
#4490=CIRCLE('',#4489,1.);
#4491=EDGE_CURVE('',#4485,#3056,#4490,.T.);
#4492=ORIENTED_EDGE('',*,*,#4491,.T.);
#4493=ORIENTED_EDGE('',*,*,#3062,.T.);
#4494=CARTESIAN_POINT('',(432.262471188,-64.952078867,112.342000894));
#4495=DIRECTION('',(-0.699528972,-0.,0.714604239));
#4496=DIRECTION('',(-0.714604239,0.,-0.699528972));
#4497=AXIS2_PLACEMENT_3D('',#4494,#4495,#4496);
#4498=CIRCLE('',#4497,1.);
#4499=EDGE_CURVE('',#2863,#3048,#4498,.T.);
#4500=ORIENTED_EDGE('',*,*,#4499,.F.);
#4501=CARTESIAN_POINT('',(435.335269414,-65.952078867,115.349975472));
#4502=DIRECTION('',(-0.,-1.,-0.));
#4503=DIRECTION('',(0.,-0.,1.));
#4504=AXIS2_PLACEMENT_3D('',#4501,#4502,#4503);
#4505=CIRCLE('',#4504,4.3);
#4506=EDGE_CURVE('',#2863,#4485,#4505,.T.);
#4507=ORIENTED_EDGE('',*,*,#4506,.T.);
#4508=EDGE_LOOP('',(#4492,#4493,#4500,#4507));
#4509=FACE_BOUND('',#4508,.T.);
#4510=ADVANCED_FACE('',(#4509),#4483,.T.);
#4511=CARTESIAN_POINT('',(434.525134815,-64.952078867,112.342000894));
#4512=DIRECTION('',(-1.,0.,0.));
#4513=DIRECTION('',(0.,-0.707106781,0.707106781));
#4514=AXIS2_PLACEMENT_3D('',#4511,#4512,#4513);
#4515=CYLINDRICAL_SURFACE('',#4514,1.);
#4516=CARTESIAN_POINT('',(438.40806764,-65.659185648,113.049107675));
#4517=VERTEX_POINT('',#4516);
#4518=CARTESIAN_POINT('',(438.40806764,-65.659185648,113.049107675));
#4519=DIRECTION('',(1.,-0.,-0.));
#4520=VECTOR('',#4519,13.854403548);
#4521=LINE('',#4518,#4520);
#4522=EDGE_CURVE('',#4517,#2932,#4521,.T.);
#4523=ORIENTED_EDGE('',*,*,#4522,.T.);
#4524=ORIENTED_EDGE('',*,*,#2938,.F.);
#4525=ORIENTED_EDGE('',*,*,#4031,.T.);
#4526=CARTESIAN_POINT('',(438.40806764,-64.952078867,112.342000894));
#4527=DIRECTION('',(-1.,0.,0.));
#4528=DIRECTION('',(0.,0.,1.));
#4529=AXIS2_PLACEMENT_3D('',#4526,#4527,#4528);
#4530=CIRCLE('',#4529,1.);
#4531=EDGE_CURVE('',#4517,#4020,#4530,.T.);
#4532=ORIENTED_EDGE('',*,*,#4531,.F.);
#4533=EDGE_LOOP('',(#4523,#4524,#4525,#4532));
#4534=FACE_BOUND('',#4533,.T.);
#4535=ADVANCED_FACE('',(#4534),#4515,.T.);
#4536=CARTESIAN_POINT('',(455.335269414,-64.952078867,115.349975472));
#4537=DIRECTION('',(0.,1.,0.));
#4538=DIRECTION('',(0.,0.,-1.));
#4539=AXIS2_PLACEMENT_3D('',#4536,#4537,#4538);
#4540=TOROIDAL_SURFACE('',#4539,4.3,1.);
#4541=CARTESIAN_POINT('',(455.335269414,-65.952078867,111.049975472));
#4542=VERTEX_POINT('',#4541);
#4543=CARTESIAN_POINT('',(455.335269414,-64.952078867,111.049975472));
#4544=DIRECTION('',(-1.,-0.,-0.));
#4545=DIRECTION('',(0.,0.,-1.));
#4546=AXIS2_PLACEMENT_3D('',#4543,#4544,#4545);
#4547=CIRCLE('',#4546,1.);
#4548=EDGE_CURVE('',#4542,#3167,#4547,.T.);
#4549=ORIENTED_EDGE('',*,*,#4548,.T.);
#4550=ORIENTED_EDGE('',*,*,#3173,.T.);
#4551=CARTESIAN_POINT('',(452.262471188,-64.952078867,112.342000894));
#4552=DIRECTION('',(-0.699528972,-0.,0.714604239));
#4553=DIRECTION('',(-0.714604239,0.,-0.699528972));
#4554=AXIS2_PLACEMENT_3D('',#4551,#4552,#4553);
#4555=CIRCLE('',#4554,1.);
#4556=EDGE_CURVE('',#2922,#3159,#4555,.T.);
#4557=ORIENTED_EDGE('',*,*,#4556,.F.);
#4558=CARTESIAN_POINT('',(455.335269414,-65.952078867,115.349975472));
#4559=DIRECTION('',(-0.,-1.,-0.));
#4560=DIRECTION('',(0.,-0.,1.));
#4561=AXIS2_PLACEMENT_3D('',#4558,#4559,#4560);
#4562=CIRCLE('',#4561,4.3);
#4563=EDGE_CURVE('',#2922,#4542,#4562,.T.);
#4564=ORIENTED_EDGE('',*,*,#4563,.T.);
#4565=EDGE_LOOP('',(#4549,#4550,#4557,#4564));
#4566=FACE_BOUND('',#4565,.T.);
#4567=ADVANCED_FACE('',(#4566),#4540,.T.);
#4568=CARTESIAN_POINT('',(461.33378583,-58.952078867,113.342000894));
#4569=DIRECTION('',(0.,0.,1.));
#4570=DIRECTION('',(-1.,0.,0.));
#4571=AXIS2_PLACEMENT_3D('',#4568,#4569,#4570);
#4572=PLANE('',#4571);
#4573=CARTESIAN_POINT('',(458.40806764,-64.952078867,113.342000894));
#4574=VERTEX_POINT('',#4573);
#4575=CARTESIAN_POINT('',(458.40806764,-58.951004434,113.342000894));
#4576=VERTEX_POINT('',#4575);
#4577=CARTESIAN_POINT('',(458.40806764,-64.952078867,113.342000894));
#4578=DIRECTION('',(-0.,1.,-0.));
#4579=VECTOR('',#4578,6.001074433);
#4580=LINE('',#4577,#4579);
#4581=EDGE_CURVE('',#4574,#4576,#4580,.T.);
#4582=ORIENTED_EDGE('',*,*,#4581,.F.);
#4583=CARTESIAN_POINT('',(461.33378583,-64.952078867,113.342000894));
#4584=VERTEX_POINT('',#4583);
#4585=CARTESIAN_POINT('',(461.33378583,-64.952078867,113.342000894));
#4586=DIRECTION('',(-1.,0.,0.));
#4587=VECTOR('',#4586,2.92571819);
#4588=LINE('',#4585,#4587);
#4589=EDGE_CURVE('',#4584,#4574,#4588,.T.);
#4590=ORIENTED_EDGE('',*,*,#4589,.F.);
#4591=CARTESIAN_POINT('',(461.33378583,-58.952078867,113.342000894));
#4592=VERTEX_POINT('',#4591);
#4593=CARTESIAN_POINT('',(461.33378583,-58.952078867,113.342000894));
#4594=DIRECTION('',(-0.,-1.,-0.));
#4595=VECTOR('',#4594,6.);
#4596=LINE('',#4593,#4595);
#4597=EDGE_CURVE('',#4592,#4584,#4596,.T.);
#4598=ORIENTED_EDGE('',*,*,#4597,.F.);
#4599=CARTESIAN_POINT('',(458.443007835,-58.952078867,113.342000894));
#4600=VERTEX_POINT('',#4599);
#4601=CARTESIAN_POINT('',(458.443007835,-58.952078867,113.342000894));
#4602=DIRECTION('',(1.,0.,-0.));
#4603=VECTOR('',#4602,2.890777995);
#4604=LINE('',#4601,#4603);
#4605=EDGE_CURVE('',#4600,#4592,#4604,.T.);
#4606=ORIENTED_EDGE('',*,*,#4605,.F.);
#4607=CARTESIAN_POINT('',(458.40806764,-58.951004435,113.342000894));
#4608=CARTESIAN_POINT('',(458.419983387,-58.951737018,113.342000894));
#4609=CARTESIAN_POINT('',(458.431684407,-58.952078867,113.342000894));
#4610=CARTESIAN_POINT('',(458.443007835,-58.952078867,113.342000894));
#4611=B_SPLINE_CURVE_WITH_KNOTS('',3,(#4607,#4608,#4609,#4610),.UNSPECIFIED.,.F.,.F.,(4,4),(0.064372312,0.067769341),.UNSPECIFIED.);
#4612=EDGE_CURVE('',#4576,#4600,#4611,.T.);
#4613=ORIENTED_EDGE('',*,*,#4612,.F.);
#4614=EDGE_LOOP('',(#4582,#4590,#4598,#4606,#4613));
#4615=FACE_BOUND('',#4614,.T.);
#4616=ADVANCED_FACE('',(#4615),#4572,.T.);
#4617=CARTESIAN_POINT('',(438.83378583,-64.952078867,112.342000894));
#4618=DIRECTION('',(-1.,0.,0.));
#4619=DIRECTION('',(0.,-0.707106781,0.707106781));
#4620=AXIS2_PLACEMENT_3D('',#4617,#4618,#4619);
#4621=CYLINDRICAL_SURFACE('',#4620,1.);
#4622=CARTESIAN_POINT('',(458.40806764,-65.659185648,113.049107675));
#4623=VERTEX_POINT('',#4622);
#4624=CARTESIAN_POINT('',(461.33378583,-65.659185648,113.049107675));
#4625=VERTEX_POINT('',#4624);
#4626=CARTESIAN_POINT('',(458.40806764,-65.659185648,113.049107675));
#4627=DIRECTION('',(1.,-0.,-0.));
#4628=VECTOR('',#4627,2.92571819);
#4629=LINE('',#4626,#4628);
#4630=EDGE_CURVE('',#4623,#4625,#4629,.T.);
#4631=ORIENTED_EDGE('',*,*,#4630,.T.);
#4632=CARTESIAN_POINT('',(461.33378583,-64.952078867,112.342000894));
#4633=DIRECTION('',(-1.,0.,0.));
#4634=DIRECTION('',(0.,0.,1.));
#4635=AXIS2_PLACEMENT_3D('',#4632,#4633,#4634);
#4636=CIRCLE('',#4635,1.);
#4637=EDGE_CURVE('',#4625,#4584,#4636,.T.);
#4638=ORIENTED_EDGE('',*,*,#4637,.T.);
#4639=ORIENTED_EDGE('',*,*,#4589,.T.);
#4640=CARTESIAN_POINT('',(458.40806764,-64.952078867,112.342000894));
#4641=DIRECTION('',(-1.,0.,0.));
#4642=DIRECTION('',(0.,0.,1.));
#4643=AXIS2_PLACEMENT_3D('',#4640,#4641,#4642);
#4644=CIRCLE('',#4643,1.);
#4645=EDGE_CURVE('',#4623,#4574,#4644,.T.);
#4646=ORIENTED_EDGE('',*,*,#4645,.F.);
#4647=EDGE_LOOP('',(#4631,#4638,#4639,#4646));
#4648=FACE_BOUND('',#4647,.T.);
#4649=ADVANCED_FACE('',(#4648),#4621,.T.);
#4650=CARTESIAN_POINT('',(416.33378583,-53.852080249,123.342000894));
#4651=DIRECTION('',(0.,1.,0.));
#4652=DIRECTION('',(-1.,0.,0.));
#4653=AXIS2_PLACEMENT_3D('',#4650,#4651,#4652);
#4654=PLANE('',#4653);
#4655=ORIENTED_EDGE('',*,*,#3096,.F.);
#4656=ORIENTED_EDGE('',*,*,#3103,.F.);
#4657=EDGE_LOOP('',(#4655,#4656));
#4658=FACE_BOUND('',#4657,.T.);
#4659=CARTESIAN_POINT('',(433.635269414,-53.852080249,115.349975472));
#4660=VERTEX_POINT('',#4659);
#4661=CARTESIAN_POINT('',(435.335269414,-53.852080249,113.649975472));
#4662=VERTEX_POINT('',#4661);
#4663=CARTESIAN_POINT('',(435.335269414,-53.852080249,115.349975472));
#4664=DIRECTION('',(0.,-1.,0.));
#4665=DIRECTION('',(0.,0.,-1.));
#4666=AXIS2_PLACEMENT_3D('',#4663,#4664,#4665);
#4667=CIRCLE('',#4666,1.7);
#4668=EDGE_CURVE('',#4660,#4662,#4667,.T.);
#4669=ORIENTED_EDGE('',*,*,#4668,.F.);
#4670=CARTESIAN_POINT('',(435.335269414,-53.852080249,115.349975472));
#4671=DIRECTION('',(0.,-1.,0.));
#4672=DIRECTION('',(0.,0.,-1.));
#4673=AXIS2_PLACEMENT_3D('',#4670,#4671,#4672);
#4674=CIRCLE('',#4673,1.7);
#4675=EDGE_CURVE('',#4662,#4660,#4674,.T.);
#4676=ORIENTED_EDGE('',*,*,#4675,.F.);
#4677=EDGE_LOOP('',(#4669,#4676));
#4678=FACE_BOUND('',#4677,.T.);
#4679=ADVANCED_FACE('',(#4658,#4678),#4654,.F.);
#4680=CARTESIAN_POINT('',(422.584527305,-53.852080249,123.342000894));
#4681=DIRECTION('',(0.,-1.,0.));
#4682=DIRECTION('',(1.,0.,0.));
#4683=AXIS2_PLACEMENT_3D('',#4680,#4681,#4682);
#4684=PLANE('',#4683);
#4685=ORIENTED_EDGE('',*,*,#3130,.F.);
#4686=ORIENTED_EDGE('',*,*,#3137,.F.);
#4687=EDGE_LOOP('',(#4685,#4686));
#4688=FACE_BOUND('',#4687,.T.);
#4689=CARTESIAN_POINT('',(453.635269414,-53.852080249,115.349975472));
#4690=VERTEX_POINT('',#4689);
#4691=CARTESIAN_POINT('',(455.335269414,-53.852080249,113.649975472));
#4692=VERTEX_POINT('',#4691);
#4693=CARTESIAN_POINT('',(455.335269414,-53.852080249,115.349975472));
#4694=DIRECTION('',(0.,-1.,0.));
#4695=DIRECTION('',(0.,0.,-1.));
#4696=AXIS2_PLACEMENT_3D('',#4693,#4694,#4695);
#4697=CIRCLE('',#4696,1.7);
#4698=EDGE_CURVE('',#4690,#4692,#4697,.T.);
#4699=ORIENTED_EDGE('',*,*,#4698,.F.);
#4700=CARTESIAN_POINT('',(455.335269414,-53.852080249,115.349975472));
#4701=DIRECTION('',(0.,-1.,0.));
#4702=DIRECTION('',(0.,0.,-1.));
#4703=AXIS2_PLACEMENT_3D('',#4700,#4701,#4702);
#4704=CIRCLE('',#4703,1.7);
#4705=EDGE_CURVE('',#4692,#4690,#4704,.T.);
#4706=ORIENTED_EDGE('',*,*,#4705,.F.);
#4707=EDGE_LOOP('',(#4699,#4706));
#4708=FACE_BOUND('',#4707,.T.);
#4709=ADVANCED_FACE('',(#4688,#4708),#4684,.T.);
#4710=CARTESIAN_POINT('',(422.584527305,-53.852080249,123.342000894));
#4711=DIRECTION('',(0.,-1.,0.));
#4712=DIRECTION('',(1.,0.,0.));
#4713=AXIS2_PLACEMENT_3D('',#4710,#4711,#4712);
#4714=PLANE('',#4713);
#4715=ORIENTED_EDGE('',*,*,#3215,.F.);
#4716=ORIENTED_EDGE('',*,*,#3222,.F.);
#4717=EDGE_LOOP('',(#4715,#4716));
#4718=FACE_BOUND('',#4717,.T.);
#4719=CARTESIAN_POINT('',(453.635269414,-53.852080249,135.349975472));
#4720=VERTEX_POINT('',#4719);
#4721=CARTESIAN_POINT('',(455.335269414,-53.852080249,133.649975472));
#4722=VERTEX_POINT('',#4721);
#4723=CARTESIAN_POINT('',(455.335269414,-53.852080249,135.349975472));
#4724=DIRECTION('',(0.,-1.,0.));
#4725=DIRECTION('',(0.,0.,-1.));
#4726=AXIS2_PLACEMENT_3D('',#4723,#4724,#4725);
#4727=CIRCLE('',#4726,1.7);
#4728=EDGE_CURVE('',#4720,#4722,#4727,.T.);
#4729=ORIENTED_EDGE('',*,*,#4728,.F.);
#4730=CARTESIAN_POINT('',(455.335269414,-53.852080249,135.349975472));
#4731=DIRECTION('',(0.,-1.,0.));
#4732=DIRECTION('',(0.,0.,-1.));
#4733=AXIS2_PLACEMENT_3D('',#4730,#4731,#4732);
#4734=CIRCLE('',#4733,1.7);
#4735=EDGE_CURVE('',#4722,#4720,#4734,.T.);
#4736=ORIENTED_EDGE('',*,*,#4735,.F.);
#4737=EDGE_LOOP('',(#4729,#4736));
#4738=FACE_BOUND('',#4737,.T.);
#4739=ADVANCED_FACE('',(#4718,#4738),#4714,.T.);
#4740=CARTESIAN_POINT('',(416.33378583,-53.852080249,123.342000894));
#4741=DIRECTION('',(0.,1.,0.));
#4742=DIRECTION('',(-1.,0.,0.));
#4743=AXIS2_PLACEMENT_3D('',#4740,#4741,#4742);
#4744=PLANE('',#4743);
#4745=ORIENTED_EDGE('',*,*,#3283,.F.);
#4746=ORIENTED_EDGE('',*,*,#3290,.F.);
#4747=EDGE_LOOP('',(#4745,#4746));
#4748=FACE_BOUND('',#4747,.T.);
#4749=CARTESIAN_POINT('',(433.635269414,-53.852080249,135.349975472));
#4750=VERTEX_POINT('',#4749);
#4751=CARTESIAN_POINT('',(435.335269414,-53.852080249,133.649975472));
#4752=VERTEX_POINT('',#4751);
#4753=CARTESIAN_POINT('',(435.335269414,-53.852080249,135.349975472));
#4754=DIRECTION('',(0.,-1.,0.));
#4755=DIRECTION('',(0.,0.,-1.));
#4756=AXIS2_PLACEMENT_3D('',#4753,#4754,#4755);
#4757=CIRCLE('',#4756,1.7);
#4758=EDGE_CURVE('',#4750,#4752,#4757,.T.);
#4759=ORIENTED_EDGE('',*,*,#4758,.F.);
#4760=CARTESIAN_POINT('',(435.335269414,-53.852080249,135.349975472));
#4761=DIRECTION('',(0.,-1.,0.));
#4762=DIRECTION('',(0.,0.,-1.));
#4763=AXIS2_PLACEMENT_3D('',#4760,#4761,#4762);
#4764=CIRCLE('',#4763,1.7);
#4765=EDGE_CURVE('',#4752,#4750,#4764,.T.);
#4766=ORIENTED_EDGE('',*,*,#4765,.F.);
#4767=EDGE_LOOP('',(#4759,#4766));
#4768=FACE_BOUND('',#4767,.T.);
#4769=ADVANCED_FACE('',(#4748,#4768),#4744,.F.);
#4770=CARTESIAN_POINT('',(416.33378583,-53.852080249,123.342000894));
#4771=DIRECTION('',(0.,1.,0.));
#4772=DIRECTION('',(-1.,0.,0.));
#4773=AXIS2_PLACEMENT_3D('',#4770,#4771,#4772);
#4774=PLANE('',#4773);
#4775=ORIENTED_EDGE('',*,*,#3334,.F.);
#4776=ORIENTED_EDGE('',*,*,#3341,.F.);
#4777=EDGE_LOOP('',(#4775,#4776));
#4778=FACE_BOUND('',#4777,.T.);
#4779=CARTESIAN_POINT('',(395.63526878,-53.852080249,135.349975472));
#4780=VERTEX_POINT('',#4779);
#4781=CARTESIAN_POINT('',(397.33526878,-53.852080249,133.649975472));
#4782=VERTEX_POINT('',#4781);
#4783=CARTESIAN_POINT('',(397.33526878,-53.852080249,135.349975472));
#4784=DIRECTION('',(0.,-1.,0.));
#4785=DIRECTION('',(0.,0.,-1.));
#4786=AXIS2_PLACEMENT_3D('',#4783,#4784,#4785);
#4787=CIRCLE('',#4786,1.7);
#4788=EDGE_CURVE('',#4780,#4782,#4787,.T.);
#4789=ORIENTED_EDGE('',*,*,#4788,.F.);
#4790=CARTESIAN_POINT('',(397.33526878,-53.852080249,135.349975472));
#4791=DIRECTION('',(0.,-1.,0.));
#4792=DIRECTION('',(0.,0.,-1.));
#4793=AXIS2_PLACEMENT_3D('',#4790,#4791,#4792);
#4794=CIRCLE('',#4793,1.7);
#4795=EDGE_CURVE('',#4782,#4780,#4794,.T.);
#4796=ORIENTED_EDGE('',*,*,#4795,.F.);
#4797=EDGE_LOOP('',(#4789,#4796));
#4798=FACE_BOUND('',#4797,.T.);
#4799=ADVANCED_FACE('',(#4778,#4798),#4774,.F.);
#4800=CARTESIAN_POINT('',(422.584527305,-53.852080249,123.342000894));
#4801=DIRECTION('',(0.,-1.,0.));
#4802=DIRECTION('',(1.,0.,0.));
#4803=AXIS2_PLACEMENT_3D('',#4800,#4801,#4802);
#4804=PLANE('',#4803);
#4805=ORIENTED_EDGE('',*,*,#3368,.F.);
#4806=ORIENTED_EDGE('',*,*,#3375,.F.);
#4807=EDGE_LOOP('',(#4805,#4806));
#4808=FACE_BOUND('',#4807,.T.);
#4809=CARTESIAN_POINT('',(375.63526878,-53.852080249,115.349975472));
#4810=VERTEX_POINT('',#4809);
#4811=CARTESIAN_POINT('',(377.33526878,-53.852080249,113.649975472));
#4812=VERTEX_POINT('',#4811);
#4813=CARTESIAN_POINT('',(377.33526878,-53.852080249,115.349975472));
#4814=DIRECTION('',(0.,-1.,0.));
#4815=DIRECTION('',(0.,0.,-1.));
#4816=AXIS2_PLACEMENT_3D('',#4813,#4814,#4815);
#4817=CIRCLE('',#4816,1.7);
#4818=EDGE_CURVE('',#4810,#4812,#4817,.T.);
#4819=ORIENTED_EDGE('',*,*,#4818,.F.);
#4820=CARTESIAN_POINT('',(377.33526878,-53.852080249,115.349975472));
#4821=DIRECTION('',(0.,-1.,0.));
#4822=DIRECTION('',(0.,0.,-1.));
#4823=AXIS2_PLACEMENT_3D('',#4820,#4821,#4822);
#4824=CIRCLE('',#4823,1.7);
#4825=EDGE_CURVE('',#4812,#4810,#4824,.T.);
#4826=ORIENTED_EDGE('',*,*,#4825,.F.);
#4827=EDGE_LOOP('',(#4819,#4826));
#4828=FACE_BOUND('',#4827,.T.);
#4829=ADVANCED_FACE('',(#4808,#4828),#4804,.T.);
#4830=CARTESIAN_POINT('',(422.584527305,-53.852080249,123.342000894));
#4831=DIRECTION('',(0.,-1.,0.));
#4832=DIRECTION('',(1.,0.,0.));
#4833=AXIS2_PLACEMENT_3D('',#4830,#4831,#4832);
#4834=PLANE('',#4833);
#4835=ORIENTED_EDGE('',*,*,#3453,.F.);
#4836=ORIENTED_EDGE('',*,*,#3460,.F.);
#4837=EDGE_LOOP('',(#4835,#4836));
#4838=FACE_BOUND('',#4837,.T.);
#4839=CARTESIAN_POINT('',(375.63526878,-53.852080249,135.349975472));
#4840=VERTEX_POINT('',#4839);
#4841=CARTESIAN_POINT('',(377.33526878,-53.852080249,133.649975472));
#4842=VERTEX_POINT('',#4841);
#4843=CARTESIAN_POINT('',(377.33526878,-53.852080249,135.349975472));
#4844=DIRECTION('',(0.,-1.,0.));
#4845=DIRECTION('',(0.,0.,-1.));
#4846=AXIS2_PLACEMENT_3D('',#4843,#4844,#4845);
#4847=CIRCLE('',#4846,1.7);
#4848=EDGE_CURVE('',#4840,#4842,#4847,.T.);
#4849=ORIENTED_EDGE('',*,*,#4848,.F.);
#4850=CARTESIAN_POINT('',(377.33526878,-53.852080249,135.349975472));
#4851=DIRECTION('',(0.,-1.,0.));
#4852=DIRECTION('',(0.,0.,-1.));
#4853=AXIS2_PLACEMENT_3D('',#4850,#4851,#4852);
#4854=CIRCLE('',#4853,1.7);
#4855=EDGE_CURVE('',#4842,#4840,#4854,.T.);
#4856=ORIENTED_EDGE('',*,*,#4855,.F.);
#4857=EDGE_LOOP('',(#4849,#4856));
#4858=FACE_BOUND('',#4857,.T.);
#4859=ADVANCED_FACE('',(#4838,#4858),#4834,.T.);
#4860=CARTESIAN_POINT('',(416.33378583,-53.852080249,123.342000894));
#4861=DIRECTION('',(0.,1.,0.));
#4862=DIRECTION('',(-1.,0.,0.));
#4863=AXIS2_PLACEMENT_3D('',#4860,#4861,#4862);
#4864=PLANE('',#4863);
#4865=ORIENTED_EDGE('',*,*,#3555,.F.);
#4866=ORIENTED_EDGE('',*,*,#3562,.F.);
#4867=EDGE_LOOP('',(#4865,#4866));
#4868=FACE_BOUND('',#4867,.T.);
#4869=CARTESIAN_POINT('',(395.63526878,-53.852080249,115.349975472));
#4870=VERTEX_POINT('',#4869);
#4871=CARTESIAN_POINT('',(397.33526878,-53.852080249,113.649975472));
#4872=VERTEX_POINT('',#4871);
#4873=CARTESIAN_POINT('',(397.33526878,-53.852080249,115.349975472));
#4874=DIRECTION('',(0.,-1.,0.));
#4875=DIRECTION('',(0.,0.,-1.));
#4876=AXIS2_PLACEMENT_3D('',#4873,#4874,#4875);
#4877=CIRCLE('',#4876,1.7);
#4878=EDGE_CURVE('',#4870,#4872,#4877,.T.);
#4879=ORIENTED_EDGE('',*,*,#4878,.F.);
#4880=CARTESIAN_POINT('',(397.33526878,-53.852080249,115.349975472));
#4881=DIRECTION('',(0.,-1.,0.));
#4882=DIRECTION('',(0.,0.,-1.));
#4883=AXIS2_PLACEMENT_3D('',#4880,#4881,#4882);
#4884=CIRCLE('',#4883,1.7);
#4885=EDGE_CURVE('',#4872,#4870,#4884,.T.);
#4886=ORIENTED_EDGE('',*,*,#4885,.F.);
#4887=EDGE_LOOP('',(#4879,#4886));
#4888=FACE_BOUND('',#4887,.T.);
#4889=ADVANCED_FACE('',(#4868,#4888),#4864,.F.);
#4890=CARTESIAN_POINT('',(416.33378583,-56.952078867,128.842000894));
#4891=DIRECTION('',(0.,-1.,0.));
#4892=DIRECTION('',(1.,0.,0.));
#4893=AXIS2_PLACEMENT_3D('',#4890,#4891,#4892);
#4894=PLANE('',#4893);
#4895=CARTESIAN_POINT('',(451.48378583,-56.952078867,149.144371099));
#4896=VERTEX_POINT('',#4895);
#4897=CARTESIAN_POINT('',(451.18378583,-56.952078867,149.144371099));
#4898=VERTEX_POINT('',#4897);
#4899=CARTESIAN_POINT('',(451.33378583,-56.952078867,148.884563478));
#4900=DIRECTION('',(0.,-1.,0.));
#4901=DIRECTION('',(0.,0.,-1.));
#4902=AXIS2_PLACEMENT_3D('',#4899,#4900,#4901);
#4903=CIRCLE('',#4902,0.3);
#4904=EDGE_CURVE('',#4896,#4898,#4903,.T.);
#4905=ORIENTED_EDGE('',*,*,#4904,.F.);
#4906=CARTESIAN_POINT('',(456.28378583,-56.952078867,146.373089807));
#4907=VERTEX_POINT('',#4906);
#4908=CARTESIAN_POINT('',(456.28378583,-56.952078867,146.373089807));
#4909=DIRECTION('',(-0.866025404,0.,0.5));
#4910=VECTOR('',#4909,5.542562584);
#4911=LINE('',#4908,#4910);
#4912=EDGE_CURVE('',#4907,#4896,#4911,.T.);
#4913=ORIENTED_EDGE('',*,*,#4912,.F.);
#4914=CARTESIAN_POINT('',(456.43378583,-56.952078867,146.113282186));
#4915=VERTEX_POINT('',#4914);
#4916=CARTESIAN_POINT('',(456.13378583,-56.952078867,146.113282186));
#4917=DIRECTION('',(0.,-1.,0.));
#4918=DIRECTION('',(0.,0.,-1.));
#4919=AXIS2_PLACEMENT_3D('',#4916,#4917,#4918);
#4920=CIRCLE('',#4919,0.3);
#4921=EDGE_CURVE('',#4915,#4907,#4920,.T.);
#4922=ORIENTED_EDGE('',*,*,#4921,.F.);
#4923=CARTESIAN_POINT('',(456.43378583,-56.952078867,140.570719602));
#4924=VERTEX_POINT('',#4923);
#4925=CARTESIAN_POINT('',(456.43378583,-56.952078867,140.570719602));
#4926=DIRECTION('',(0.,0.,1.));
#4927=VECTOR('',#4926,5.542562584);
#4928=LINE('',#4925,#4927);
#4929=EDGE_CURVE('',#4924,#4915,#4928,.T.);
#4930=ORIENTED_EDGE('',*,*,#4929,.F.);
#4931=CARTESIAN_POINT('',(456.28378583,-56.952078867,140.310911981));
#4932=VERTEX_POINT('',#4931);
#4933=CARTESIAN_POINT('',(456.13378583,-56.952078867,140.570719602));
#4934=DIRECTION('',(0.,-1.,0.));
#4935=DIRECTION('',(0.,0.,-1.));
#4936=AXIS2_PLACEMENT_3D('',#4933,#4934,#4935);
#4937=CIRCLE('',#4936,0.3);
#4938=EDGE_CURVE('',#4932,#4924,#4937,.T.);
#4939=ORIENTED_EDGE('',*,*,#4938,.F.);
#4940=CARTESIAN_POINT('',(451.48378583,-56.952078867,137.539630689));
#4941=VERTEX_POINT('',#4940);
#4942=CARTESIAN_POINT('',(451.48378583,-56.952078867,137.539630689));
#4943=DIRECTION('',(0.866025404,0.,0.5));
#4944=VECTOR('',#4943,5.542562584);
#4945=LINE('',#4942,#4944);
#4946=EDGE_CURVE('',#4941,#4932,#4945,.T.);
#4947=ORIENTED_EDGE('',*,*,#4946,.F.);
#4948=CARTESIAN_POINT('',(451.18378583,-56.952078867,137.539630689));
#4949=VERTEX_POINT('',#4948);
#4950=CARTESIAN_POINT('',(451.33378583,-56.952078867,137.79943831));
#4951=DIRECTION('',(0.,-1.,0.));
#4952=DIRECTION('',(0.,0.,-1.));
#4953=AXIS2_PLACEMENT_3D('',#4950,#4951,#4952);
#4954=CIRCLE('',#4953,0.3);
#4955=EDGE_CURVE('',#4949,#4941,#4954,.T.);
#4956=ORIENTED_EDGE('',*,*,#4955,.F.);
#4957=CARTESIAN_POINT('',(446.38378583,-56.952078867,140.310911981));
#4958=VERTEX_POINT('',#4957);
#4959=CARTESIAN_POINT('',(446.38378583,-56.952078867,140.310911981));
#4960=DIRECTION('',(0.866025404,0.,-0.5));
#4961=VECTOR('',#4960,5.542562584);
#4962=LINE('',#4959,#4961);
#4963=EDGE_CURVE('',#4958,#4949,#4962,.T.);
#4964=ORIENTED_EDGE('',*,*,#4963,.F.);
#4965=CARTESIAN_POINT('',(446.23378583,-56.952078867,140.570719602));
#4966=VERTEX_POINT('',#4965);
#4967=CARTESIAN_POINT('',(446.53378583,-56.952078867,140.570719602));
#4968=DIRECTION('',(0.,-1.,0.));
#4969=DIRECTION('',(0.,0.,-1.));
#4970=AXIS2_PLACEMENT_3D('',#4967,#4968,#4969);
#4971=CIRCLE('',#4970,0.3);
#4972=EDGE_CURVE('',#4966,#4958,#4971,.T.);
#4973=ORIENTED_EDGE('',*,*,#4972,.F.);
#4974=CARTESIAN_POINT('',(446.23378583,-56.952078867,146.113282186));
#4975=VERTEX_POINT('',#4974);
#4976=CARTESIAN_POINT('',(446.23378583,-56.952078867,146.113282186));
#4977=DIRECTION('',(0.,0.,-1.));
#4978=VECTOR('',#4977,5.542562584);
#4979=LINE('',#4976,#4978);
#4980=EDGE_CURVE('',#4975,#4966,#4979,.T.);
#4981=ORIENTED_EDGE('',*,*,#4980,.F.);
#4982=CARTESIAN_POINT('',(446.38378583,-56.952078867,146.373089807));
#4983=VERTEX_POINT('',#4982);
#4984=CARTESIAN_POINT('',(446.53378583,-56.952078867,146.113282186));
#4985=DIRECTION('',(0.,-1.,0.));
#4986=DIRECTION('',(0.,0.,-1.));
#4987=AXIS2_PLACEMENT_3D('',#4984,#4985,#4986);
#4988=CIRCLE('',#4987,0.3);
#4989=EDGE_CURVE('',#4983,#4975,#4988,.T.);
#4990=ORIENTED_EDGE('',*,*,#4989,.F.);
#4991=CARTESIAN_POINT('',(451.18378583,-56.952078867,149.144371099));
#4992=DIRECTION('',(-0.866025404,0.,-0.5));
#4993=VECTOR('',#4992,5.542562584);
#4994=LINE('',#4991,#4993);
#4995=EDGE_CURVE('',#4898,#4983,#4994,.T.);
#4996=ORIENTED_EDGE('',*,*,#4995,.F.);
#4997=EDGE_LOOP('',(#4905,#4913,#4922,#4930,#4939,#4947,#4956,#4964,#4973,#4981,#4990,#4996));
#4998=FACE_BOUND('',#4997,.T.);
#4999=ORIENTED_EDGE('',*,*,#3589,.T.);
#5000=ORIENTED_EDGE('',*,*,#3596,.T.);
#5001=EDGE_LOOP('',(#4999,#5000));
#5002=FACE_BOUND('',#5001,.T.);
#5003=ADVANCED_FACE('',(#4998,#5002),#4894,.F.);
#5004=CARTESIAN_POINT('',(416.33378583,-56.952078867,128.842000894));
#5005=DIRECTION('',(0.,-1.,0.));
#5006=DIRECTION('',(1.,0.,0.));
#5007=AXIS2_PLACEMENT_3D('',#5004,#5005,#5006);
#5008=PLANE('',#5007);
#5009=CARTESIAN_POINT('',(381.48378583,-56.952078867,149.144371099));
#5010=VERTEX_POINT('',#5009);
#5011=CARTESIAN_POINT('',(381.18378583,-56.952078867,149.144371099));
#5012=VERTEX_POINT('',#5011);
#5013=CARTESIAN_POINT('',(381.33378583,-56.952078867,148.884563478));
#5014=DIRECTION('',(0.,-1.,0.));
#5015=DIRECTION('',(0.,0.,-1.));
#5016=AXIS2_PLACEMENT_3D('',#5013,#5014,#5015);
#5017=CIRCLE('',#5016,0.3);
#5018=EDGE_CURVE('',#5010,#5012,#5017,.T.);
#5019=ORIENTED_EDGE('',*,*,#5018,.F.);
#5020=CARTESIAN_POINT('',(386.28378583,-56.952078867,146.373089807));
#5021=VERTEX_POINT('',#5020);
#5022=CARTESIAN_POINT('',(386.28378583,-56.952078867,146.373089807));
#5023=DIRECTION('',(-0.866025404,0.,0.5));
#5024=VECTOR('',#5023,5.542562584);
#5025=LINE('',#5022,#5024);
#5026=EDGE_CURVE('',#5021,#5010,#5025,.T.);
#5027=ORIENTED_EDGE('',*,*,#5026,.F.);
#5028=CARTESIAN_POINT('',(386.43378583,-56.952078867,146.113282186));
#5029=VERTEX_POINT('',#5028);
#5030=CARTESIAN_POINT('',(386.13378583,-56.952078867,146.113282186));
#5031=DIRECTION('',(0.,-1.,0.));
#5032=DIRECTION('',(0.,0.,-1.));
#5033=AXIS2_PLACEMENT_3D('',#5030,#5031,#5032);
#5034=CIRCLE('',#5033,0.3);
#5035=EDGE_CURVE('',#5029,#5021,#5034,.T.);
#5036=ORIENTED_EDGE('',*,*,#5035,.F.);
#5037=CARTESIAN_POINT('',(386.43378583,-56.952078867,140.570719602));
#5038=VERTEX_POINT('',#5037);
#5039=CARTESIAN_POINT('',(386.43378583,-56.952078867,140.570719602));
#5040=DIRECTION('',(0.,0.,1.));
#5041=VECTOR('',#5040,5.542562584);
#5042=LINE('',#5039,#5041);
#5043=EDGE_CURVE('',#5038,#5029,#5042,.T.);
#5044=ORIENTED_EDGE('',*,*,#5043,.F.);
#5045=CARTESIAN_POINT('',(386.28378583,-56.952078867,140.310911981));
#5046=VERTEX_POINT('',#5045);
#5047=CARTESIAN_POINT('',(386.13378583,-56.952078867,140.570719602));
#5048=DIRECTION('',(0.,-1.,0.));
#5049=DIRECTION('',(0.,0.,-1.));
#5050=AXIS2_PLACEMENT_3D('',#5047,#5048,#5049);
#5051=CIRCLE('',#5050,0.3);
#5052=EDGE_CURVE('',#5046,#5038,#5051,.T.);
#5053=ORIENTED_EDGE('',*,*,#5052,.F.);
#5054=CARTESIAN_POINT('',(381.48378583,-56.952078867,137.539630689));
#5055=VERTEX_POINT('',#5054);
#5056=CARTESIAN_POINT('',(381.48378583,-56.952078867,137.539630689));
#5057=DIRECTION('',(0.866025404,0.,0.5));
#5058=VECTOR('',#5057,5.542562584);
#5059=LINE('',#5056,#5058);
#5060=EDGE_CURVE('',#5055,#5046,#5059,.T.);
#5061=ORIENTED_EDGE('',*,*,#5060,.F.);
#5062=CARTESIAN_POINT('',(381.18378583,-56.952078867,137.539630689));
#5063=VERTEX_POINT('',#5062);
#5064=CARTESIAN_POINT('',(381.33378583,-56.952078867,137.79943831));
#5065=DIRECTION('',(0.,-1.,0.));
#5066=DIRECTION('',(0.,0.,-1.));
#5067=AXIS2_PLACEMENT_3D('',#5064,#5065,#5066);
#5068=CIRCLE('',#5067,0.3);
#5069=EDGE_CURVE('',#5063,#5055,#5068,.T.);
#5070=ORIENTED_EDGE('',*,*,#5069,.F.);
#5071=CARTESIAN_POINT('',(376.38378583,-56.952078867,140.310911981));
#5072=VERTEX_POINT('',#5071);
#5073=CARTESIAN_POINT('',(376.38378583,-56.952078867,140.310911981));
#5074=DIRECTION('',(0.866025404,0.,-0.5));
#5075=VECTOR('',#5074,5.542562584);
#5076=LINE('',#5073,#5075);
#5077=EDGE_CURVE('',#5072,#5063,#5076,.T.);
#5078=ORIENTED_EDGE('',*,*,#5077,.F.);
#5079=CARTESIAN_POINT('',(376.23378583,-56.952078867,140.570719602));
#5080=VERTEX_POINT('',#5079);
#5081=CARTESIAN_POINT('',(376.53378583,-56.952078867,140.570719602));
#5082=DIRECTION('',(0.,-1.,0.));
#5083=DIRECTION('',(0.,0.,-1.));
#5084=AXIS2_PLACEMENT_3D('',#5081,#5082,#5083);
#5085=CIRCLE('',#5084,0.3);
#5086=EDGE_CURVE('',#5080,#5072,#5085,.T.);
#5087=ORIENTED_EDGE('',*,*,#5086,.F.);
#5088=CARTESIAN_POINT('',(376.23378583,-56.952078867,146.113282186));
#5089=VERTEX_POINT('',#5088);
#5090=CARTESIAN_POINT('',(376.23378583,-56.952078867,146.113282186));
#5091=DIRECTION('',(0.,0.,-1.));
#5092=VECTOR('',#5091,5.542562584);
#5093=LINE('',#5090,#5092);
#5094=EDGE_CURVE('',#5089,#5080,#5093,.T.);
#5095=ORIENTED_EDGE('',*,*,#5094,.F.);
#5096=CARTESIAN_POINT('',(376.38378583,-56.952078867,146.373089807));
#5097=VERTEX_POINT('',#5096);
#5098=CARTESIAN_POINT('',(376.53378583,-56.952078867,146.113282186));
#5099=DIRECTION('',(0.,-1.,0.));
#5100=DIRECTION('',(0.,0.,-1.));
#5101=AXIS2_PLACEMENT_3D('',#5098,#5099,#5100);
#5102=CIRCLE('',#5101,0.3);
#5103=EDGE_CURVE('',#5097,#5089,#5102,.T.);
#5104=ORIENTED_EDGE('',*,*,#5103,.F.);
#5105=CARTESIAN_POINT('',(381.18378583,-56.952078867,149.144371099));
#5106=DIRECTION('',(-0.866025404,0.,-0.5));
#5107=VECTOR('',#5106,5.542562584);
#5108=LINE('',#5105,#5107);
#5109=EDGE_CURVE('',#5012,#5097,#5108,.T.);
#5110=ORIENTED_EDGE('',*,*,#5109,.F.);
#5111=EDGE_LOOP('',(#5019,#5027,#5036,#5044,#5053,#5061,#5070,#5078,#5087,#5095,#5104,#5110));
#5112=FACE_BOUND('',#5111,.T.);
#5113=ORIENTED_EDGE('',*,*,#3640,.T.);
#5114=ORIENTED_EDGE('',*,*,#3647,.T.);
#5115=EDGE_LOOP('',(#5113,#5114));
#5116=FACE_BOUND('',#5115,.T.);
#5117=ADVANCED_FACE('',(#5112,#5116),#5008,.F.);
#5118=CARTESIAN_POINT('',(416.33378583,-56.952078867,128.842000894));
#5119=DIRECTION('',(0.,-1.,0.));
#5120=DIRECTION('',(1.,0.,0.));
#5121=AXIS2_PLACEMENT_3D('',#5118,#5119,#5120);
#5122=PLANE('',#5121);
#5123=CARTESIAN_POINT('',(381.48378583,-56.952078867,129.144371099));
#5124=VERTEX_POINT('',#5123);
#5125=CARTESIAN_POINT('',(381.18378583,-56.952078867,129.144371099));
#5126=VERTEX_POINT('',#5125);
#5127=CARTESIAN_POINT('',(381.33378583,-56.952078867,128.884563478));
#5128=DIRECTION('',(0.,-1.,0.));
#5129=DIRECTION('',(0.,0.,-1.));
#5130=AXIS2_PLACEMENT_3D('',#5127,#5128,#5129);
#5131=CIRCLE('',#5130,0.3);
#5132=EDGE_CURVE('',#5124,#5126,#5131,.T.);
#5133=ORIENTED_EDGE('',*,*,#5132,.F.);
#5134=CARTESIAN_POINT('',(386.28378583,-56.952078867,126.373089807));
#5135=VERTEX_POINT('',#5134);
#5136=CARTESIAN_POINT('',(386.28378583,-56.952078867,126.373089807));
#5137=DIRECTION('',(-0.866025404,0.,0.5));
#5138=VECTOR('',#5137,5.542562584);
#5139=LINE('',#5136,#5138);
#5140=EDGE_CURVE('',#5135,#5124,#5139,.T.);
#5141=ORIENTED_EDGE('',*,*,#5140,.F.);
#5142=CARTESIAN_POINT('',(386.43378583,-56.952078867,126.113282186));
#5143=VERTEX_POINT('',#5142);
#5144=CARTESIAN_POINT('',(386.13378583,-56.952078867,126.113282186));
#5145=DIRECTION('',(0.,-1.,0.));
#5146=DIRECTION('',(0.,0.,-1.));
#5147=AXIS2_PLACEMENT_3D('',#5144,#5145,#5146);
#5148=CIRCLE('',#5147,0.3);
#5149=EDGE_CURVE('',#5143,#5135,#5148,.T.);
#5150=ORIENTED_EDGE('',*,*,#5149,.F.);
#5151=CARTESIAN_POINT('',(386.43378583,-56.952078867,120.570719602));
#5152=VERTEX_POINT('',#5151);
#5153=CARTESIAN_POINT('',(386.43378583,-56.952078867,120.570719602));
#5154=DIRECTION('',(0.,0.,1.));
#5155=VECTOR('',#5154,5.542562584);
#5156=LINE('',#5153,#5155);
#5157=EDGE_CURVE('',#5152,#5143,#5156,.T.);
#5158=ORIENTED_EDGE('',*,*,#5157,.F.);
#5159=CARTESIAN_POINT('',(386.28378583,-56.952078867,120.310911981));
#5160=VERTEX_POINT('',#5159);
#5161=CARTESIAN_POINT('',(386.13378583,-56.952078867,120.570719602));
#5162=DIRECTION('',(0.,-1.,0.));
#5163=DIRECTION('',(0.,0.,-1.));
#5164=AXIS2_PLACEMENT_3D('',#5161,#5162,#5163);
#5165=CIRCLE('',#5164,0.3);
#5166=EDGE_CURVE('',#5160,#5152,#5165,.T.);
#5167=ORIENTED_EDGE('',*,*,#5166,.F.);
#5168=CARTESIAN_POINT('',(381.48378583,-56.952078867,117.539630689));
#5169=VERTEX_POINT('',#5168);
#5170=CARTESIAN_POINT('',(381.48378583,-56.952078867,117.539630689));
#5171=DIRECTION('',(0.866025404,0.,0.5));
#5172=VECTOR('',#5171,5.542562584);
#5173=LINE('',#5170,#5172);
#5174=EDGE_CURVE('',#5169,#5160,#5173,.T.);
#5175=ORIENTED_EDGE('',*,*,#5174,.F.);
#5176=CARTESIAN_POINT('',(381.18378583,-56.952078867,117.539630689));
#5177=VERTEX_POINT('',#5176);
#5178=CARTESIAN_POINT('',(381.33378583,-56.952078867,117.79943831));
#5179=DIRECTION('',(0.,-1.,0.));
#5180=DIRECTION('',(0.,0.,-1.));
#5181=AXIS2_PLACEMENT_3D('',#5178,#5179,#5180);
#5182=CIRCLE('',#5181,0.3);
#5183=EDGE_CURVE('',#5177,#5169,#5182,.T.);
#5184=ORIENTED_EDGE('',*,*,#5183,.F.);
#5185=CARTESIAN_POINT('',(376.38378583,-56.952078867,120.310911981));
#5186=VERTEX_POINT('',#5185);
#5187=CARTESIAN_POINT('',(376.38378583,-56.952078867,120.310911981));
#5188=DIRECTION('',(0.866025404,0.,-0.5));
#5189=VECTOR('',#5188,5.542562584);
#5190=LINE('',#5187,#5189);
#5191=EDGE_CURVE('',#5186,#5177,#5190,.T.);
#5192=ORIENTED_EDGE('',*,*,#5191,.F.);
#5193=CARTESIAN_POINT('',(376.23378583,-56.952078867,120.570719602));
#5194=VERTEX_POINT('',#5193);
#5195=CARTESIAN_POINT('',(376.53378583,-56.952078867,120.570719602));
#5196=DIRECTION('',(0.,-1.,0.));
#5197=DIRECTION('',(0.,0.,-1.));
#5198=AXIS2_PLACEMENT_3D('',#5195,#5196,#5197);
#5199=CIRCLE('',#5198,0.3);
#5200=EDGE_CURVE('',#5194,#5186,#5199,.T.);
#5201=ORIENTED_EDGE('',*,*,#5200,.F.);
#5202=CARTESIAN_POINT('',(376.23378583,-56.952078867,126.113282186));
#5203=VERTEX_POINT('',#5202);
#5204=CARTESIAN_POINT('',(376.23378583,-56.952078867,126.113282186));
#5205=DIRECTION('',(0.,0.,-1.));
#5206=VECTOR('',#5205,5.542562584);
#5207=LINE('',#5204,#5206);
#5208=EDGE_CURVE('',#5203,#5194,#5207,.T.);
#5209=ORIENTED_EDGE('',*,*,#5208,.F.);
#5210=CARTESIAN_POINT('',(376.38378583,-56.952078867,126.373089807));
#5211=VERTEX_POINT('',#5210);
#5212=CARTESIAN_POINT('',(376.53378583,-56.952078867,126.113282186));
#5213=DIRECTION('',(0.,-1.,0.));
#5214=DIRECTION('',(0.,0.,-1.));
#5215=AXIS2_PLACEMENT_3D('',#5212,#5213,#5214);
#5216=CIRCLE('',#5215,0.3);
#5217=EDGE_CURVE('',#5211,#5203,#5216,.T.);
#5218=ORIENTED_EDGE('',*,*,#5217,.F.);
#5219=CARTESIAN_POINT('',(381.18378583,-56.952078867,129.144371099));
#5220=DIRECTION('',(-0.866025404,0.,-0.5));
#5221=VECTOR('',#5220,5.542562584);
#5222=LINE('',#5219,#5221);
#5223=EDGE_CURVE('',#5126,#5211,#5222,.T.);
#5224=ORIENTED_EDGE('',*,*,#5223,.F.);
#5225=EDGE_LOOP('',(#5133,#5141,#5150,#5158,#5167,#5175,#5184,#5192,#5201,#5209,#5218,#5224));
#5226=FACE_BOUND('',#5225,.T.);
#5227=ORIENTED_EDGE('',*,*,#3691,.T.);
#5228=ORIENTED_EDGE('',*,*,#3698,.T.);
#5229=EDGE_LOOP('',(#5227,#5228));
#5230=FACE_BOUND('',#5229,.T.);
#5231=ADVANCED_FACE('',(#5226,#5230),#5122,.F.);
#5232=CARTESIAN_POINT('',(416.33378583,-56.952078867,128.842000894));
#5233=DIRECTION('',(0.,-1.,0.));
#5234=DIRECTION('',(1.,0.,0.));
#5235=AXIS2_PLACEMENT_3D('',#5232,#5233,#5234);
#5236=PLANE('',#5235);
#5237=CARTESIAN_POINT('',(451.48378583,-56.952078867,129.144371099));
#5238=VERTEX_POINT('',#5237);
#5239=CARTESIAN_POINT('',(451.18378583,-56.952078867,129.144371099));
#5240=VERTEX_POINT('',#5239);
#5241=CARTESIAN_POINT('',(451.33378583,-56.952078867,128.884563478));
#5242=DIRECTION('',(0.,-1.,0.));
#5243=DIRECTION('',(0.,0.,-1.));
#5244=AXIS2_PLACEMENT_3D('',#5241,#5242,#5243);
#5245=CIRCLE('',#5244,0.3);
#5246=EDGE_CURVE('',#5238,#5240,#5245,.T.);
#5247=ORIENTED_EDGE('',*,*,#5246,.F.);
#5248=CARTESIAN_POINT('',(456.28378583,-56.952078867,126.373089807));
#5249=VERTEX_POINT('',#5248);
#5250=CARTESIAN_POINT('',(456.28378583,-56.952078867,126.373089807));
#5251=DIRECTION('',(-0.866025404,0.,0.5));
#5252=VECTOR('',#5251,5.542562584);
#5253=LINE('',#5250,#5252);
#5254=EDGE_CURVE('',#5249,#5238,#5253,.T.);
#5255=ORIENTED_EDGE('',*,*,#5254,.F.);
#5256=CARTESIAN_POINT('',(456.43378583,-56.952078867,126.113282186));
#5257=VERTEX_POINT('',#5256);
#5258=CARTESIAN_POINT('',(456.13378583,-56.952078867,126.113282186));
#5259=DIRECTION('',(0.,-1.,0.));
#5260=DIRECTION('',(0.,0.,-1.));
#5261=AXIS2_PLACEMENT_3D('',#5258,#5259,#5260);
#5262=CIRCLE('',#5261,0.3);
#5263=EDGE_CURVE('',#5257,#5249,#5262,.T.);
#5264=ORIENTED_EDGE('',*,*,#5263,.F.);
#5265=CARTESIAN_POINT('',(456.43378583,-56.952078867,120.570719602));
#5266=VERTEX_POINT('',#5265);
#5267=CARTESIAN_POINT('',(456.43378583,-56.952078867,120.570719602));
#5268=DIRECTION('',(0.,0.,1.));
#5269=VECTOR('',#5268,5.542562584);
#5270=LINE('',#5267,#5269);
#5271=EDGE_CURVE('',#5266,#5257,#5270,.T.);
#5272=ORIENTED_EDGE('',*,*,#5271,.F.);
#5273=CARTESIAN_POINT('',(456.28378583,-56.952078867,120.310911981));
#5274=VERTEX_POINT('',#5273);
#5275=CARTESIAN_POINT('',(456.13378583,-56.952078867,120.570719602));
#5276=DIRECTION('',(0.,-1.,0.));
#5277=DIRECTION('',(0.,0.,-1.));
#5278=AXIS2_PLACEMENT_3D('',#5275,#5276,#5277);
#5279=CIRCLE('',#5278,0.3);
#5280=EDGE_CURVE('',#5274,#5266,#5279,.T.);
#5281=ORIENTED_EDGE('',*,*,#5280,.F.);
#5282=CARTESIAN_POINT('',(451.48378583,-56.952078867,117.539630689));
#5283=VERTEX_POINT('',#5282);
#5284=CARTESIAN_POINT('',(451.48378583,-56.952078867,117.539630689));
#5285=DIRECTION('',(0.866025404,0.,0.5));
#5286=VECTOR('',#5285,5.542562584);
#5287=LINE('',#5284,#5286);
#5288=EDGE_CURVE('',#5283,#5274,#5287,.T.);
#5289=ORIENTED_EDGE('',*,*,#5288,.F.);
#5290=CARTESIAN_POINT('',(451.18378583,-56.952078867,117.539630689));
#5291=VERTEX_POINT('',#5290);
#5292=CARTESIAN_POINT('',(451.33378583,-56.952078867,117.79943831));
#5293=DIRECTION('',(0.,-1.,0.));
#5294=DIRECTION('',(0.,0.,-1.));
#5295=AXIS2_PLACEMENT_3D('',#5292,#5293,#5294);
#5296=CIRCLE('',#5295,0.3);
#5297=EDGE_CURVE('',#5291,#5283,#5296,.T.);
#5298=ORIENTED_EDGE('',*,*,#5297,.F.);
#5299=CARTESIAN_POINT('',(446.38378583,-56.952078867,120.310911981));
#5300=VERTEX_POINT('',#5299);
#5301=CARTESIAN_POINT('',(446.38378583,-56.952078867,120.310911981));
#5302=DIRECTION('',(0.866025404,0.,-0.5));
#5303=VECTOR('',#5302,5.542562584);
#5304=LINE('',#5301,#5303);
#5305=EDGE_CURVE('',#5300,#5291,#5304,.T.);
#5306=ORIENTED_EDGE('',*,*,#5305,.F.);
#5307=CARTESIAN_POINT('',(446.23378583,-56.952078867,120.570719602));
#5308=VERTEX_POINT('',#5307);
#5309=CARTESIAN_POINT('',(446.53378583,-56.952078867,120.570719602));
#5310=DIRECTION('',(0.,-1.,0.));
#5311=DIRECTION('',(0.,0.,-1.));
#5312=AXIS2_PLACEMENT_3D('',#5309,#5310,#5311);
#5313=CIRCLE('',#5312,0.3);
#5314=EDGE_CURVE('',#5308,#5300,#5313,.T.);
#5315=ORIENTED_EDGE('',*,*,#5314,.F.);
#5316=CARTESIAN_POINT('',(446.23378583,-56.952078867,126.113282186));
#5317=VERTEX_POINT('',#5316);
#5318=CARTESIAN_POINT('',(446.23378583,-56.952078867,126.113282186));
#5319=DIRECTION('',(0.,0.,-1.));
#5320=VECTOR('',#5319,5.542562584);
#5321=LINE('',#5318,#5320);
#5322=EDGE_CURVE('',#5317,#5308,#5321,.T.);
#5323=ORIENTED_EDGE('',*,*,#5322,.F.);
#5324=CARTESIAN_POINT('',(446.38378583,-56.952078867,126.373089807));
#5325=VERTEX_POINT('',#5324);
#5326=CARTESIAN_POINT('',(446.53378583,-56.952078867,126.113282186));
#5327=DIRECTION('',(0.,-1.,0.));
#5328=DIRECTION('',(0.,0.,-1.));
#5329=AXIS2_PLACEMENT_3D('',#5326,#5327,#5328);
#5330=CIRCLE('',#5329,0.3);
#5331=EDGE_CURVE('',#5325,#5317,#5330,.T.);
#5332=ORIENTED_EDGE('',*,*,#5331,.F.);
#5333=CARTESIAN_POINT('',(451.18378583,-56.952078867,129.144371099));
#5334=DIRECTION('',(-0.866025404,0.,-0.5));
#5335=VECTOR('',#5334,5.542562584);
#5336=LINE('',#5333,#5335);
#5337=EDGE_CURVE('',#5240,#5325,#5336,.T.);
#5338=ORIENTED_EDGE('',*,*,#5337,.F.);
#5339=EDGE_LOOP('',(#5247,#5255,#5264,#5272,#5281,#5289,#5298,#5306,#5315,#5323,#5332,#5338));
#5340=FACE_BOUND('',#5339,.T.);
#5341=ORIENTED_EDGE('',*,*,#3742,.T.);
#5342=ORIENTED_EDGE('',*,*,#3749,.T.);
#5343=EDGE_LOOP('',(#5341,#5342));
#5344=FACE_BOUND('',#5343,.T.);
#5345=ADVANCED_FACE('',(#5340,#5344),#5236,.F.);
#5346=CARTESIAN_POINT('',(371.33378583,-58.952078867,154.756214456));
#5347=DIRECTION('',(0.,1.,0.));
#5348=DIRECTION('',(1.,0.,0.));
#5349=AXIS2_PLACEMENT_3D('',#5346,#5347,#5348);
#5350=PLANE('',#5349);
#5351=ORIENTED_EDGE('',*,*,#4284,.F.);
#5352=CARTESIAN_POINT('',(455.335269414,-58.952078867,115.349975472));
#5353=DIRECTION('',(0.,-1.,0.));
#5354=DIRECTION('',(0.,0.,-1.));
#5355=AXIS2_PLACEMENT_3D('',#5352,#5353,#5354);
#5356=CIRCLE('',#5355,3.7);
#5357=EDGE_CURVE('',#4600,#4271,#5356,.T.);
#5358=ORIENTED_EDGE('',*,*,#5357,.F.);
#5359=ORIENTED_EDGE('',*,*,#4605,.T.);
#5360=CARTESIAN_POINT('',(461.33378583,-58.952078867,153.342000894));
#5361=VERTEX_POINT('',#5360);
#5362=CARTESIAN_POINT('',(461.33378583,-58.952078867,153.342000894));
#5363=DIRECTION('',(-0.,-0.,-1.));
#5364=VECTOR('',#5363,40.);
#5365=LINE('',#5362,#5364);
#5366=EDGE_CURVE('',#5361,#4592,#5365,.T.);
#5367=ORIENTED_EDGE('',*,*,#5366,.F.);
#5368=CARTESIAN_POINT('',(371.33378583,-58.952078867,153.342000894));
#5369=VERTEX_POINT('',#5368);
#5370=CARTESIAN_POINT('',(371.33378583,-58.952078867,153.342000894));
#5371=DIRECTION('',(1.,0.,-0.));
#5372=VECTOR('',#5371,90.);
#5373=LINE('',#5370,#5372);
#5374=EDGE_CURVE('',#5369,#5361,#5373,.T.);
#5375=ORIENTED_EDGE('',*,*,#5374,.F.);
#5376=CARTESIAN_POINT('',(371.33378583,-58.952078867,153.342000894));
#5377=DIRECTION('',(0.,0.,-1.));
#5378=VECTOR('',#5377,40.);
#5379=LINE('',#5376,#5378);
#5380=EDGE_CURVE('',#5369,#4316,#5379,.T.);
#5381=ORIENTED_EDGE('',*,*,#5380,.T.);
#5382=ORIENTED_EDGE('',*,*,#4321,.T.);
#5383=ORIENTED_EDGE('',*,*,#4235,.F.);
#5384=CARTESIAN_POINT('',(377.33526878,-58.952078867,115.349975472));
#5385=DIRECTION('',(0.,-1.,0.));
#5386=DIRECTION('',(0.,0.,-1.));
#5387=AXIS2_PLACEMENT_3D('',#5384,#5385,#5386);
#5388=CIRCLE('',#5387,3.7);
#5389=EDGE_CURVE('',#4181,#4220,#5388,.T.);
#5390=ORIENTED_EDGE('',*,*,#5389,.F.);
#5391=ORIENTED_EDGE('',*,*,#4186,.T.);
#5392=CARTESIAN_POINT('',(397.33526878,-58.952078867,115.349975472));
#5393=DIRECTION('',(-0.,-1.,-0.));
#5394=DIRECTION('',(0.,-0.,1.));
#5395=AXIS2_PLACEMENT_3D('',#5392,#5393,#5394);
#5396=CIRCLE('',#5395,3.7);
#5397=EDGE_CURVE('',#4131,#4172,#5396,.T.);
#5398=ORIENTED_EDGE('',*,*,#5397,.F.);
#5399=ORIENTED_EDGE('',*,*,#4160,.F.);
#5400=ORIENTED_EDGE('',*,*,#4097,.T.);
#5401=CARTESIAN_POINT('',(435.335269414,-58.952078867,115.349975472));
#5402=DIRECTION('',(-0.,-1.,-0.));
#5403=DIRECTION('',(0.,-0.,1.));
#5404=AXIS2_PLACEMENT_3D('',#5401,#5402,#5403);
#5405=CIRCLE('',#5404,3.7);
#5406=EDGE_CURVE('',#4042,#4083,#5405,.T.);
#5407=ORIENTED_EDGE('',*,*,#5406,.F.);
#5408=ORIENTED_EDGE('',*,*,#4071,.F.);
#5409=ORIENTED_EDGE('',*,*,#4008,.T.);
#5410=EDGE_LOOP('',(#5351,#5358,#5359,#5367,#5375,#5381,#5382,#5383,#5390,#5391,#5398,#5399,#5400,#5407,#5408,#5409));
#5411=FACE_BOUND('',#5410,.T.);
#5412=ORIENTED_EDGE('',*,*,#3982,.F.);
#5413=EDGE_LOOP('',(#5412));
#5414=FACE_BOUND('',#5413,.T.);
#5415=ORIENTED_EDGE('',*,*,#3952,.F.);
#5416=EDGE_LOOP('',(#5415));
#5417=FACE_BOUND('',#5416,.T.);
#5418=ORIENTED_EDGE('',*,*,#3925,.F.);
#5419=EDGE_LOOP('',(#5418));
#5420=FACE_BOUND('',#5419,.T.);
#5421=ORIENTED_EDGE('',*,*,#3901,.F.);
#5422=EDGE_LOOP('',(#5421));
#5423=FACE_BOUND('',#5422,.T.);
#5424=ORIENTED_EDGE('',*,*,#3871,.F.);
#5425=EDGE_LOOP('',(#5424));
#5426=FACE_BOUND('',#5425,.T.);
#5427=ORIENTED_EDGE('',*,*,#3844,.F.);
#5428=EDGE_LOOP('',(#5427));
#5429=FACE_BOUND('',#5428,.T.);
#5430=ORIENTED_EDGE('',*,*,#3817,.F.);
#5431=EDGE_LOOP('',(#5430));
#5432=FACE_BOUND('',#5431,.T.);
#5433=ORIENTED_EDGE('',*,*,#3790,.F.);
#5434=EDGE_LOOP('',(#5433));
#5435=FACE_BOUND('',#5434,.T.);
#5436=ADVANCED_FACE('',(#5411,#5414,#5417,#5420,#5423,#5426,#5429,#5432,#5435),#5350,.F.);
#5437=CARTESIAN_POINT('',(371.33378583,-126.358665043,158.342000894));
#5438=DIRECTION('',(1.,0.,0.));
#5439=DIRECTION('',(0.,1.,0.));
#5440=AXIS2_PLACEMENT_3D('',#5437,#5438,#5439);
#5441=PLANE('',#5440);
#5442=CARTESIAN_POINT('',(371.33378583,-65.952078867,112.342000894));
#5443=VERTEX_POINT('',#5442);
#5444=CARTESIAN_POINT('',(371.33378583,-65.952078867,102.342000894));
#5445=VERTEX_POINT('',#5444);
#5446=CARTESIAN_POINT('',(371.33378583,-65.952078867,112.342000894));
#5447=DIRECTION('',(-0.,-0.,-1.));
#5448=VECTOR('',#5447,10.);
#5449=LINE('',#5446,#5448);
#5450=EDGE_CURVE('',#5443,#5445,#5449,.T.);
#5451=ORIENTED_EDGE('',*,*,#5450,.F.);
#5452=CARTESIAN_POINT('',(371.33378583,-64.952078867,112.342000894));
#5453=DIRECTION('',(1.,-0.,-0.));
#5454=DIRECTION('',(0.,0.,1.));
#5455=AXIS2_PLACEMENT_3D('',#5452,#5453,#5454);
#5456=CIRCLE('',#5455,1.);
#5457=EDGE_CURVE('',#4346,#5443,#5456,.T.);
#5458=ORIENTED_EDGE('',*,*,#5457,.F.);
#5459=ORIENTED_EDGE('',*,*,#4360,.F.);
#5460=ORIENTED_EDGE('',*,*,#4329,.F.);
#5461=ORIENTED_EDGE('',*,*,#5380,.F.);
#5462=CARTESIAN_POINT('',(371.333785826,-56.425292955,153.342000898));
#5463=VERTEX_POINT('',#5462);
#5464=CARTESIAN_POINT('',(371.33378583,-56.425292955,153.342000894));
#5465=DIRECTION('',(-0.,-1.,-0.));
#5466=VECTOR('',#5465,2.526785912);
#5467=LINE('',#5464,#5466);
#5468=EDGE_CURVE('',#5463,#5369,#5467,.T.);
#5469=ORIENTED_EDGE('',*,*,#5468,.F.);
#5470=CARTESIAN_POINT('',(371.333785829,-49.852078867,150.055393851));
#5471=VERTEX_POINT('',#5470);
#5472=CARTESIAN_POINT('',(371.333785824,-49.852078864,150.055393857));
#5473=DIRECTION('',(0.,-0.894427191,0.447213595));
#5474=VECTOR('',#5473,7.349076767);
#5475=LINE('',#5472,#5474);
#5476=EDGE_CURVE('',#5471,#5463,#5475,.T.);
#5477=ORIENTED_EDGE('',*,*,#5476,.F.);
#5478=CARTESIAN_POINT('',(371.33378583,-49.852078867,102.342000894));
#5479=VERTEX_POINT('',#5478);
#5480=CARTESIAN_POINT('',(371.33378583,-49.852078867,102.342000894));
#5481=DIRECTION('',(0.,0.,1.));
#5482=VECTOR('',#5481,47.713392957);
#5483=LINE('',#5480,#5482);
#5484=EDGE_CURVE('',#5479,#5471,#5483,.T.);
#5485=ORIENTED_EDGE('',*,*,#5484,.F.);
#5486=CARTESIAN_POINT('',(371.33378583,-65.952078867,102.342000894));
#5487=DIRECTION('',(0.,1.,0.));
#5488=VECTOR('',#5487,16.1);
#5489=LINE('',#5486,#5488);
#5490=EDGE_CURVE('',#5445,#5479,#5489,.T.);
#5491=ORIENTED_EDGE('',*,*,#5490,.F.);
#5492=EDGE_LOOP('',(#5451,#5458,#5459,#5460,#5461,#5469,#5477,#5485,#5491));
#5493=FACE_BOUND('',#5492,.T.);
#5494=ADVANCED_FACE('',(#5493),#5441,.F.);
#5495=CARTESIAN_POINT('',(416.33378583,-65.952078867,127.842000894));
#5496=DIRECTION('',(0.,-1.,0.));
#5497=DIRECTION('',(1.,0.,0.));
#5498=AXIS2_PLACEMENT_3D('',#5495,#5496,#5497);
#5499=PLANE('',#5498);
#5500=CARTESIAN_POINT('',(461.33378583,-65.952078867,112.342000894));
#5501=VERTEX_POINT('',#5500);
#5502=CARTESIAN_POINT('',(458.40806764,-65.952078867,112.342000894));
#5503=DIRECTION('',(1.,-0.,-0.));
#5504=VECTOR('',#5503,2.92571819);
#5505=LINE('',#5502,#5504);
#5506=EDGE_CURVE('',#3004,#5501,#5505,.T.);
#5507=ORIENTED_EDGE('',*,*,#5506,.F.);
#5508=CARTESIAN_POINT('',(455.335269414,-65.952078867,115.349975472));
#5509=DIRECTION('',(-0.,-1.,-0.));
#5510=DIRECTION('',(0.,-0.,1.));
#5511=AXIS2_PLACEMENT_3D('',#5508,#5509,#5510);
#5512=CIRCLE('',#5511,4.3);
#5513=EDGE_CURVE('',#4542,#3004,#5512,.T.);
#5514=ORIENTED_EDGE('',*,*,#5513,.F.);
#5515=ORIENTED_EDGE('',*,*,#4563,.F.);
#5516=CARTESIAN_POINT('',(438.40806764,-65.952078867,112.342000894));
#5517=DIRECTION('',(1.,-0.,-0.));
#5518=VECTOR('',#5517,13.854403548);
#5519=LINE('',#5516,#5518);
#5520=EDGE_CURVE('',#2897,#2922,#5519,.T.);
#5521=ORIENTED_EDGE('',*,*,#5520,.F.);
#5522=CARTESIAN_POINT('',(435.335269414,-65.952078867,115.349975472));
#5523=DIRECTION('',(-0.,-1.,-0.));
#5524=DIRECTION('',(0.,-0.,1.));
#5525=AXIS2_PLACEMENT_3D('',#5522,#5523,#5524);
#5526=CIRCLE('',#5525,4.3);
#5527=EDGE_CURVE('',#4485,#2897,#5526,.T.);
#5528=ORIENTED_EDGE('',*,*,#5527,.F.);
#5529=ORIENTED_EDGE('',*,*,#4506,.F.);
#5530=CARTESIAN_POINT('',(400.408067006,-65.952078867,112.342000894));
#5531=DIRECTION('',(1.,-0.,-0.));
#5532=VECTOR('',#5531,31.854404182);
#5533=LINE('',#5530,#5532);
#5534=EDGE_CURVE('',#2838,#2863,#5533,.T.);
#5535=ORIENTED_EDGE('',*,*,#5534,.F.);
#5536=CARTESIAN_POINT('',(397.33526878,-65.952078867,115.349975472));
#5537=DIRECTION('',(-0.,-1.,-0.));
#5538=DIRECTION('',(0.,-0.,1.));
#5539=AXIS2_PLACEMENT_3D('',#5536,#5537,#5538);
#5540=CIRCLE('',#5539,4.3);
#5541=EDGE_CURVE('',#4428,#2838,#5540,.T.);
#5542=ORIENTED_EDGE('',*,*,#5541,.F.);
#5543=ORIENTED_EDGE('',*,*,#4449,.F.);
#5544=CARTESIAN_POINT('',(380.408067006,-65.952078867,112.342000894));
#5545=DIRECTION('',(1.,-0.,-0.));
#5546=VECTOR('',#5545,13.854403548);
#5547=LINE('',#5544,#5546);
#5548=EDGE_CURVE('',#2779,#2804,#5547,.T.);
#5549=ORIENTED_EDGE('',*,*,#5548,.F.);
#5550=CARTESIAN_POINT('',(377.33526878,-65.952078867,115.349975472));
#5551=DIRECTION('',(-0.,-1.,-0.));
#5552=DIRECTION('',(0.,-0.,1.));
#5553=AXIS2_PLACEMENT_3D('',#5550,#5551,#5552);
#5554=CIRCLE('',#5553,4.3);
#5555=EDGE_CURVE('',#4371,#2779,#5554,.T.);
#5556=ORIENTED_EDGE('',*,*,#5555,.F.);
#5557=ORIENTED_EDGE('',*,*,#4392,.F.);
#5558=CARTESIAN_POINT('',(371.33378583,-65.952078867,112.342000894));
#5559=DIRECTION('',(1.,-0.,-0.));
#5560=VECTOR('',#5559,2.928684724);
#5561=LINE('',#5558,#5560);
#5562=EDGE_CURVE('',#5443,#2745,#5561,.T.);
#5563=ORIENTED_EDGE('',*,*,#5562,.F.);
#5564=ORIENTED_EDGE('',*,*,#5450,.T.);
#5565=CARTESIAN_POINT('',(461.33378583,-65.952078867,102.342000894));
#5566=VERTEX_POINT('',#5565);
#5567=CARTESIAN_POINT('',(371.33378583,-65.952078867,102.342000894));
#5568=DIRECTION('',(1.,0.,-0.));
#5569=VECTOR('',#5568,90.);
#5570=LINE('',#5567,#5569);
#5571=EDGE_CURVE('',#5445,#5566,#5570,.T.);
#5572=ORIENTED_EDGE('',*,*,#5571,.T.);
#5573=CARTESIAN_POINT('',(461.33378583,-65.952078867,102.342000894));
#5574=DIRECTION('',(0.,0.,1.));
#5575=VECTOR('',#5574,10.);
#5576=LINE('',#5573,#5575);
#5577=EDGE_CURVE('',#5566,#5501,#5576,.T.);
#5578=ORIENTED_EDGE('',*,*,#5577,.T.);
#5579=EDGE_LOOP('',(#5507,#5514,#5515,#5521,#5528,#5529,#5535,#5542,#5543,#5549,#5556,#5557,#5563,#5564,#5572,#5578));
#5580=FACE_BOUND('',#5579,.T.);
#5581=ADVANCED_FACE('',(#5580),#5499,.T.);
#5582=CARTESIAN_POINT('',(461.33378583,-126.358665043,158.342000894));
#5583=DIRECTION('',(1.,0.,0.));
#5584=DIRECTION('',(0.,1.,0.));
#5585=AXIS2_PLACEMENT_3D('',#5582,#5583,#5584);
#5586=PLANE('',#5585);
#5587=ORIENTED_EDGE('',*,*,#4637,.F.);
#5588=CARTESIAN_POINT('',(461.33378583,-64.952078867,112.342000894));
#5589=DIRECTION('',(-1.,0.,0.));
#5590=DIRECTION('',(0.,0.,1.));
#5591=AXIS2_PLACEMENT_3D('',#5588,#5589,#5590);
#5592=CIRCLE('',#5591,1.);
#5593=EDGE_CURVE('',#5501,#4625,#5592,.T.);
#5594=ORIENTED_EDGE('',*,*,#5593,.F.);
#5595=ORIENTED_EDGE('',*,*,#5577,.F.);
#5596=CARTESIAN_POINT('',(461.33378583,-49.852078867,102.342000894));
#5597=VERTEX_POINT('',#5596);
#5598=CARTESIAN_POINT('',(461.33378583,-49.852078867,102.342000894));
#5599=DIRECTION('',(-0.,-1.,-0.));
#5600=VECTOR('',#5599,16.1);
#5601=LINE('',#5598,#5600);
#5602=EDGE_CURVE('',#5597,#5566,#5601,.T.);
#5603=ORIENTED_EDGE('',*,*,#5602,.F.);
#5604=CARTESIAN_POINT('',(461.333785832,-49.852078867,150.055393858));
#5605=VERTEX_POINT('',#5604);
#5606=CARTESIAN_POINT('',(461.33378583,-49.852078867,150.055393858));
#5607=DIRECTION('',(0.,0.,-1.));
#5608=VECTOR('',#5607,47.713392964);
#5609=LINE('',#5606,#5608);
#5610=EDGE_CURVE('',#5605,#5597,#5609,.T.);
#5611=ORIENTED_EDGE('',*,*,#5610,.F.);
#5612=CARTESIAN_POINT('',(461.333785837,-56.425292939,153.342000903));
#5613=VERTEX_POINT('',#5612);
#5614=CARTESIAN_POINT('',(461.333785839,-56.425292939,153.342000903));
#5615=DIRECTION('',(0.,0.894427191,-0.447213595));
#5616=VECTOR('',#5615,7.349076752);
#5617=LINE('',#5614,#5616);
#5618=EDGE_CURVE('',#5613,#5605,#5617,.T.);
#5619=ORIENTED_EDGE('',*,*,#5618,.F.);
#5620=CARTESIAN_POINT('',(461.33378583,-58.952078867,153.342000894));
#5621=DIRECTION('',(0.,1.,0.));
#5622=VECTOR('',#5621,2.526785928);
#5623=LINE('',#5620,#5622);
#5624=EDGE_CURVE('',#5361,#5613,#5623,.T.);
#5625=ORIENTED_EDGE('',*,*,#5624,.F.);
#5626=ORIENTED_EDGE('',*,*,#5366,.T.);
#5627=ORIENTED_EDGE('',*,*,#4597,.T.);
#5628=EDGE_LOOP('',(#5587,#5594,#5595,#5603,#5611,#5619,#5625,#5626,#5627));
#5629=FACE_BOUND('',#5628,.T.);
#5630=ADVANCED_FACE('',(#5629),#5586,.T.);
#5631=CARTESIAN_POINT('',(435.335269414,-47.951818046,115.349975472));
#5632=DIRECTION('',(0.,-1.,0.));
#5633=DIRECTION('',(-1.,0.,0.));
#5634=AXIS2_PLACEMENT_3D('',#5631,#5632,#5633);
#5635=CYLINDRICAL_SURFACE('',#5634,1.7);
#5636=CARTESIAN_POINT('',(433.635269414,-47.852078867,115.349975472));
#5637=VERTEX_POINT('',#5636);
#5638=CARTESIAN_POINT('',(433.635269414,-53.852080249,115.349975472));
#5639=DIRECTION('',(-0.,1.,-0.));
#5640=VECTOR('',#5639,6.000001382);
#5641=LINE('',#5638,#5640);
#5642=EDGE_CURVE('',#4660,#5637,#5641,.T.);
#5643=ORIENTED_EDGE('',*,*,#5642,.F.);
#5644=ORIENTED_EDGE('',*,*,#4668,.T.);
#5645=ORIENTED_EDGE('',*,*,#4675,.T.);
#5646=ORIENTED_EDGE('',*,*,#5642,.T.);
#5647=CARTESIAN_POINT('',(435.335269414,-47.852078867,113.649975472));
#5648=VERTEX_POINT('',#5647);
#5649=CARTESIAN_POINT('',(435.335269414,-47.852078867,115.349975472));
#5650=DIRECTION('',(-0.,1.,-0.));
#5651=DIRECTION('',(0.,0.,-1.));
#5652=AXIS2_PLACEMENT_3D('',#5649,#5650,#5651);
#5653=CIRCLE('',#5652,1.7);
#5654=EDGE_CURVE('',#5637,#5648,#5653,.T.);
#5655=ORIENTED_EDGE('',*,*,#5654,.T.);
#5656=CARTESIAN_POINT('',(435.335269414,-47.852078867,115.349975472));
#5657=DIRECTION('',(-0.,1.,-0.));
#5658=DIRECTION('',(0.,0.,-1.));
#5659=AXIS2_PLACEMENT_3D('',#5656,#5657,#5658);
#5660=CIRCLE('',#5659,1.7);
#5661=EDGE_CURVE('',#5648,#5637,#5660,.T.);
#5662=ORIENTED_EDGE('',*,*,#5661,.T.);
#5663=EDGE_LOOP('',(#5643,#5644,#5645,#5646,#5655,#5662));
#5664=FACE_BOUND('',#5663,.T.);
#5665=ADVANCED_FACE('',(#5664),#5635,.F.);
#5666=CARTESIAN_POINT('',(455.335269414,-47.951818046,115.349975472));
#5667=DIRECTION('',(0.,-1.,0.));
#5668=DIRECTION('',(-1.,0.,0.));
#5669=AXIS2_PLACEMENT_3D('',#5666,#5667,#5668);
#5670=CYLINDRICAL_SURFACE('',#5669,1.7);
#5671=CARTESIAN_POINT('',(453.635269414,-47.852078867,115.349975472));
#5672=VERTEX_POINT('',#5671);
#5673=CARTESIAN_POINT('',(453.635269414,-53.852080249,115.349975472));
#5674=DIRECTION('',(-0.,1.,-0.));
#5675=VECTOR('',#5674,6.000001382);
#5676=LINE('',#5673,#5675);
#5677=EDGE_CURVE('',#4690,#5672,#5676,.T.);
#5678=ORIENTED_EDGE('',*,*,#5677,.F.);
#5679=ORIENTED_EDGE('',*,*,#4698,.T.);
#5680=ORIENTED_EDGE('',*,*,#4705,.T.);
#5681=ORIENTED_EDGE('',*,*,#5677,.T.);
#5682=CARTESIAN_POINT('',(455.335269414,-47.852078867,113.649975472));
#5683=VERTEX_POINT('',#5682);
#5684=CARTESIAN_POINT('',(455.335269414,-47.852078867,115.349975472));
#5685=DIRECTION('',(-0.,1.,-0.));
#5686=DIRECTION('',(0.,0.,-1.));
#5687=AXIS2_PLACEMENT_3D('',#5684,#5685,#5686);
#5688=CIRCLE('',#5687,1.7);
#5689=EDGE_CURVE('',#5672,#5683,#5688,.T.);
#5690=ORIENTED_EDGE('',*,*,#5689,.T.);
#5691=CARTESIAN_POINT('',(455.335269414,-47.852078867,115.349975472));
#5692=DIRECTION('',(-0.,1.,-0.));
#5693=DIRECTION('',(0.,0.,-1.));
#5694=AXIS2_PLACEMENT_3D('',#5691,#5692,#5693);
#5695=CIRCLE('',#5694,1.7);
#5696=EDGE_CURVE('',#5683,#5672,#5695,.T.);
#5697=ORIENTED_EDGE('',*,*,#5696,.T.);
#5698=EDGE_LOOP('',(#5678,#5679,#5680,#5681,#5690,#5697));
#5699=FACE_BOUND('',#5698,.T.);
#5700=ADVANCED_FACE('',(#5699),#5670,.F.);
#5701=CARTESIAN_POINT('',(455.335269414,-47.951818046,135.349975472));
#5702=DIRECTION('',(0.,-1.,0.));
#5703=DIRECTION('',(-1.,0.,0.));
#5704=AXIS2_PLACEMENT_3D('',#5701,#5702,#5703);
#5705=CYLINDRICAL_SURFACE('',#5704,1.7);
#5706=CARTESIAN_POINT('',(453.635269414,-47.852078867,135.349975472));
#5707=VERTEX_POINT('',#5706);
#5708=CARTESIAN_POINT('',(453.635269414,-53.852080249,135.349975472));
#5709=DIRECTION('',(-0.,1.,-0.));
#5710=VECTOR('',#5709,6.000001382);
#5711=LINE('',#5708,#5710);
#5712=EDGE_CURVE('',#4720,#5707,#5711,.T.);
#5713=ORIENTED_EDGE('',*,*,#5712,.F.);
#5714=ORIENTED_EDGE('',*,*,#4728,.T.);
#5715=ORIENTED_EDGE('',*,*,#4735,.T.);
#5716=ORIENTED_EDGE('',*,*,#5712,.T.);
#5717=CARTESIAN_POINT('',(455.335269414,-47.852078867,133.649975472));
#5718=VERTEX_POINT('',#5717);
#5719=CARTESIAN_POINT('',(455.335269414,-47.852078867,135.349975472));
#5720=DIRECTION('',(-0.,1.,-0.));
#5721=DIRECTION('',(0.,0.,-1.));
#5722=AXIS2_PLACEMENT_3D('',#5719,#5720,#5721);
#5723=CIRCLE('',#5722,1.7);
#5724=EDGE_CURVE('',#5707,#5718,#5723,.T.);
#5725=ORIENTED_EDGE('',*,*,#5724,.T.);
#5726=CARTESIAN_POINT('',(455.335269414,-47.852078867,135.349975472));
#5727=DIRECTION('',(-0.,1.,-0.));
#5728=DIRECTION('',(0.,0.,-1.));
#5729=AXIS2_PLACEMENT_3D('',#5726,#5727,#5728);
#5730=CIRCLE('',#5729,1.7);
#5731=EDGE_CURVE('',#5718,#5707,#5730,.T.);
#5732=ORIENTED_EDGE('',*,*,#5731,.T.);
#5733=EDGE_LOOP('',(#5713,#5714,#5715,#5716,#5725,#5732));
#5734=FACE_BOUND('',#5733,.T.);
#5735=ADVANCED_FACE('',(#5734),#5705,.F.);
#5736=CARTESIAN_POINT('',(435.335269414,-47.951818046,135.349975472));
#5737=DIRECTION('',(0.,-1.,0.));
#5738=DIRECTION('',(-1.,0.,0.));
#5739=AXIS2_PLACEMENT_3D('',#5736,#5737,#5738);
#5740=CYLINDRICAL_SURFACE('',#5739,1.7);
#5741=CARTESIAN_POINT('',(433.635269414,-47.852078867,135.349975472));
#5742=VERTEX_POINT('',#5741);
#5743=CARTESIAN_POINT('',(433.635269414,-53.852080249,135.349975472));
#5744=DIRECTION('',(-0.,1.,-0.));
#5745=VECTOR('',#5744,6.000001382);
#5746=LINE('',#5743,#5745);
#5747=EDGE_CURVE('',#4750,#5742,#5746,.T.);
#5748=ORIENTED_EDGE('',*,*,#5747,.F.);
#5749=ORIENTED_EDGE('',*,*,#4758,.T.);
#5750=ORIENTED_EDGE('',*,*,#4765,.T.);
#5751=ORIENTED_EDGE('',*,*,#5747,.T.);
#5752=CARTESIAN_POINT('',(435.335269414,-47.852078867,133.649975472));
#5753=VERTEX_POINT('',#5752);
#5754=CARTESIAN_POINT('',(435.335269414,-47.852078867,135.349975472));
#5755=DIRECTION('',(-0.,1.,-0.));
#5756=DIRECTION('',(0.,0.,-1.));
#5757=AXIS2_PLACEMENT_3D('',#5754,#5755,#5756);
#5758=CIRCLE('',#5757,1.7);
#5759=EDGE_CURVE('',#5742,#5753,#5758,.T.);
#5760=ORIENTED_EDGE('',*,*,#5759,.T.);
#5761=CARTESIAN_POINT('',(435.335269414,-47.852078867,135.349975472));
#5762=DIRECTION('',(-0.,1.,-0.));
#5763=DIRECTION('',(0.,0.,-1.));
#5764=AXIS2_PLACEMENT_3D('',#5761,#5762,#5763);
#5765=CIRCLE('',#5764,1.7);
#5766=EDGE_CURVE('',#5753,#5742,#5765,.T.);
#5767=ORIENTED_EDGE('',*,*,#5766,.T.);
#5768=EDGE_LOOP('',(#5748,#5749,#5750,#5751,#5760,#5767));
#5769=FACE_BOUND('',#5768,.T.);
#5770=ADVANCED_FACE('',(#5769),#5740,.F.);
#5771=CARTESIAN_POINT('',(397.33526878,-47.951818046,135.349975472));
#5772=DIRECTION('',(0.,-1.,0.));
#5773=DIRECTION('',(-1.,0.,0.));
#5774=AXIS2_PLACEMENT_3D('',#5771,#5772,#5773);
#5775=CYLINDRICAL_SURFACE('',#5774,1.7);
#5776=CARTESIAN_POINT('',(395.63526878,-47.852078867,135.349975472));
#5777=VERTEX_POINT('',#5776);
#5778=CARTESIAN_POINT('',(395.63526878,-53.852080249,135.349975472));
#5779=DIRECTION('',(-0.,1.,-0.));
#5780=VECTOR('',#5779,6.000001382);
#5781=LINE('',#5778,#5780);
#5782=EDGE_CURVE('',#4780,#5777,#5781,.T.);
#5783=ORIENTED_EDGE('',*,*,#5782,.F.);
#5784=ORIENTED_EDGE('',*,*,#4788,.T.);
#5785=ORIENTED_EDGE('',*,*,#4795,.T.);
#5786=ORIENTED_EDGE('',*,*,#5782,.T.);
#5787=CARTESIAN_POINT('',(397.33526878,-47.852078867,133.649975472));
#5788=VERTEX_POINT('',#5787);
#5789=CARTESIAN_POINT('',(397.33526878,-47.852078867,135.349975472));
#5790=DIRECTION('',(-0.,1.,-0.));
#5791=DIRECTION('',(0.,0.,-1.));
#5792=AXIS2_PLACEMENT_3D('',#5789,#5790,#5791);
#5793=CIRCLE('',#5792,1.7);
#5794=EDGE_CURVE('',#5777,#5788,#5793,.T.);
#5795=ORIENTED_EDGE('',*,*,#5794,.T.);
#5796=CARTESIAN_POINT('',(397.33526878,-47.852078867,135.349975472));
#5797=DIRECTION('',(-0.,1.,-0.));
#5798=DIRECTION('',(0.,0.,-1.));
#5799=AXIS2_PLACEMENT_3D('',#5796,#5797,#5798);
#5800=CIRCLE('',#5799,1.7);
#5801=EDGE_CURVE('',#5788,#5777,#5800,.T.);
#5802=ORIENTED_EDGE('',*,*,#5801,.T.);
#5803=EDGE_LOOP('',(#5783,#5784,#5785,#5786,#5795,#5802));
#5804=FACE_BOUND('',#5803,.T.);
#5805=ADVANCED_FACE('',(#5804),#5775,.F.);
#5806=CARTESIAN_POINT('',(377.33526878,-47.951818046,115.349975472));
#5807=DIRECTION('',(0.,-1.,0.));
#5808=DIRECTION('',(-1.,0.,0.));
#5809=AXIS2_PLACEMENT_3D('',#5806,#5807,#5808);
#5810=CYLINDRICAL_SURFACE('',#5809,1.7);
#5811=CARTESIAN_POINT('',(375.63526878,-47.852078867,115.349975472));
#5812=VERTEX_POINT('',#5811);
#5813=CARTESIAN_POINT('',(375.63526878,-53.852080249,115.349975472));
#5814=DIRECTION('',(-0.,1.,-0.));
#5815=VECTOR('',#5814,6.000001382);
#5816=LINE('',#5813,#5815);
#5817=EDGE_CURVE('',#4810,#5812,#5816,.T.);
#5818=ORIENTED_EDGE('',*,*,#5817,.F.);
#5819=ORIENTED_EDGE('',*,*,#4818,.T.);
#5820=ORIENTED_EDGE('',*,*,#4825,.T.);
#5821=ORIENTED_EDGE('',*,*,#5817,.T.);
#5822=CARTESIAN_POINT('',(377.33526878,-47.852078867,113.649975472));
#5823=VERTEX_POINT('',#5822);
#5824=CARTESIAN_POINT('',(377.33526878,-47.852078867,115.349975472));
#5825=DIRECTION('',(-0.,1.,-0.));
#5826=DIRECTION('',(0.,0.,-1.));
#5827=AXIS2_PLACEMENT_3D('',#5824,#5825,#5826);
#5828=CIRCLE('',#5827,1.7);
#5829=EDGE_CURVE('',#5812,#5823,#5828,.T.);
#5830=ORIENTED_EDGE('',*,*,#5829,.T.);
#5831=CARTESIAN_POINT('',(377.33526878,-47.852078867,115.349975472));
#5832=DIRECTION('',(-0.,1.,-0.));
#5833=DIRECTION('',(0.,0.,-1.));
#5834=AXIS2_PLACEMENT_3D('',#5831,#5832,#5833);
#5835=CIRCLE('',#5834,1.7);
#5836=EDGE_CURVE('',#5823,#5812,#5835,.T.);
#5837=ORIENTED_EDGE('',*,*,#5836,.T.);
#5838=EDGE_LOOP('',(#5818,#5819,#5820,#5821,#5830,#5837));
#5839=FACE_BOUND('',#5838,.T.);
#5840=ADVANCED_FACE('',(#5839),#5810,.F.);
#5841=CARTESIAN_POINT('',(377.33526878,-47.951818046,135.349975472));
#5842=DIRECTION('',(0.,-1.,0.));
#5843=DIRECTION('',(-1.,0.,0.));
#5844=AXIS2_PLACEMENT_3D('',#5841,#5842,#5843);
#5845=CYLINDRICAL_SURFACE('',#5844,1.7);
#5846=CARTESIAN_POINT('',(375.63526878,-47.852078867,135.349975472));
#5847=VERTEX_POINT('',#5846);
#5848=CARTESIAN_POINT('',(375.63526878,-53.852080249,135.349975472));
#5849=DIRECTION('',(-0.,1.,-0.));
#5850=VECTOR('',#5849,6.000001382);
#5851=LINE('',#5848,#5850);
#5852=EDGE_CURVE('',#4840,#5847,#5851,.T.);
#5853=ORIENTED_EDGE('',*,*,#5852,.F.);
#5854=ORIENTED_EDGE('',*,*,#4848,.T.);
#5855=ORIENTED_EDGE('',*,*,#4855,.T.);
#5856=ORIENTED_EDGE('',*,*,#5852,.T.);
#5857=CARTESIAN_POINT('',(377.33526878,-47.852078867,133.649975472));
#5858=VERTEX_POINT('',#5857);
#5859=CARTESIAN_POINT('',(377.33526878,-47.852078867,135.349975472));
#5860=DIRECTION('',(-0.,1.,-0.));
#5861=DIRECTION('',(0.,0.,-1.));
#5862=AXIS2_PLACEMENT_3D('',#5859,#5860,#5861);
#5863=CIRCLE('',#5862,1.7);
#5864=EDGE_CURVE('',#5847,#5858,#5863,.T.);
#5865=ORIENTED_EDGE('',*,*,#5864,.T.);
#5866=CARTESIAN_POINT('',(377.33526878,-47.852078867,135.349975472));
#5867=DIRECTION('',(-0.,1.,-0.));
#5868=DIRECTION('',(0.,0.,-1.));
#5869=AXIS2_PLACEMENT_3D('',#5866,#5867,#5868);
#5870=CIRCLE('',#5869,1.7);
#5871=EDGE_CURVE('',#5858,#5847,#5870,.T.);
#5872=ORIENTED_EDGE('',*,*,#5871,.T.);
#5873=EDGE_LOOP('',(#5853,#5854,#5855,#5856,#5865,#5872));
#5874=FACE_BOUND('',#5873,.T.);
#5875=ADVANCED_FACE('',(#5874),#5845,.F.);
#5876=CARTESIAN_POINT('',(397.33526878,-47.951818046,115.349975472));
#5877=DIRECTION('',(0.,-1.,0.));
#5878=DIRECTION('',(-1.,0.,0.));
#5879=AXIS2_PLACEMENT_3D('',#5876,#5877,#5878);
#5880=CYLINDRICAL_SURFACE('',#5879,1.7);
#5881=CARTESIAN_POINT('',(395.63526878,-47.852078867,115.349975472));
#5882=VERTEX_POINT('',#5881);
#5883=CARTESIAN_POINT('',(395.63526878,-53.852080249,115.349975472));
#5884=DIRECTION('',(-0.,1.,-0.));
#5885=VECTOR('',#5884,6.000001382);
#5886=LINE('',#5883,#5885);
#5887=EDGE_CURVE('',#4870,#5882,#5886,.T.);
#5888=ORIENTED_EDGE('',*,*,#5887,.F.);
#5889=ORIENTED_EDGE('',*,*,#4878,.T.);
#5890=ORIENTED_EDGE('',*,*,#4885,.T.);
#5891=ORIENTED_EDGE('',*,*,#5887,.T.);
#5892=CARTESIAN_POINT('',(397.33526878,-47.852078867,113.649975472));
#5893=VERTEX_POINT('',#5892);
#5894=CARTESIAN_POINT('',(397.33526878,-47.852078867,115.349975472));
#5895=DIRECTION('',(-0.,1.,-0.));
#5896=DIRECTION('',(0.,0.,-1.));
#5897=AXIS2_PLACEMENT_3D('',#5894,#5895,#5896);
#5898=CIRCLE('',#5897,1.7);
#5899=EDGE_CURVE('',#5882,#5893,#5898,.T.);
#5900=ORIENTED_EDGE('',*,*,#5899,.T.);
#5901=CARTESIAN_POINT('',(397.33526878,-47.852078867,115.349975472));
#5902=DIRECTION('',(-0.,1.,-0.));
#5903=DIRECTION('',(0.,0.,-1.));
#5904=AXIS2_PLACEMENT_3D('',#5901,#5902,#5903);
#5905=CIRCLE('',#5904,1.7);
#5906=EDGE_CURVE('',#5893,#5882,#5905,.T.);
#5907=ORIENTED_EDGE('',*,*,#5906,.T.);
#5908=EDGE_LOOP('',(#5888,#5889,#5890,#5891,#5900,#5907));
#5909=FACE_BOUND('',#5908,.T.);
#5910=ADVANCED_FACE('',(#5909),#5880,.F.);
#5911=CARTESIAN_POINT('',(456.13378583,-47.852078867,146.113282186));
#5912=DIRECTION('',(0.,-1.,0.));
#5913=DIRECTION('',(1.,0.,0.));
#5914=AXIS2_PLACEMENT_3D('',#5911,#5912,#5913);
#5915=CYLINDRICAL_SURFACE('',#5914,0.3);
#5916=CARTESIAN_POINT('',(456.43378583,-47.852078867,146.113282186));
#5917=VERTEX_POINT('',#5916);
#5918=CARTESIAN_POINT('',(456.28378583,-47.852078867,146.373089807));
#5919=VERTEX_POINT('',#5918);
#5920=CARTESIAN_POINT('',(456.13378583,-47.852078867,146.113282186));
#5921=DIRECTION('',(0.,-1.,0.));
#5922=DIRECTION('',(0.,0.,-1.));
#5923=AXIS2_PLACEMENT_3D('',#5920,#5921,#5922);
#5924=CIRCLE('',#5923,0.3);
#5925=EDGE_CURVE('',#5917,#5919,#5924,.T.);
#5926=ORIENTED_EDGE('',*,*,#5925,.F.);
#5927=CARTESIAN_POINT('',(456.43378583,-47.852078867,146.113282186));
#5928=DIRECTION('',(0.,-1.,0.));
#5929=VECTOR('',#5928,9.1);
#5930=LINE('',#5927,#5929);
#5931=EDGE_CURVE('',#5917,#4915,#5930,.T.);
#5932=ORIENTED_EDGE('',*,*,#5931,.T.);
#5933=ORIENTED_EDGE('',*,*,#4921,.T.);
#5934=CARTESIAN_POINT('',(456.28378583,-47.852078867,146.373089807));
#5935=DIRECTION('',(0.,-1.,0.));
#5936=VECTOR('',#5935,9.1);
#5937=LINE('',#5934,#5936);
#5938=EDGE_CURVE('',#5919,#4907,#5937,.T.);
#5939=ORIENTED_EDGE('',*,*,#5938,.F.);
#5940=EDGE_LOOP('',(#5926,#5932,#5933,#5939));
#5941=FACE_BOUND('',#5940,.T.);
#5942=ADVANCED_FACE('',(#5941),#5915,.F.);
#5943=CARTESIAN_POINT('',(456.43378583,-47.852078867,140.570719602));
#5944=DIRECTION('',(1.,0.,0.));
#5945=DIRECTION('',(0.,0.,1.));
#5946=AXIS2_PLACEMENT_3D('',#5943,#5944,#5945);
#5947=PLANE('',#5946);
#5948=CARTESIAN_POINT('',(456.43378583,-47.852078867,140.570719602));
#5949=VERTEX_POINT('',#5948);
#5950=CARTESIAN_POINT('',(456.43378583,-47.852078867,140.570719602));
#5951=DIRECTION('',(0.,0.,1.));
#5952=VECTOR('',#5951,5.542562584);
#5953=LINE('',#5950,#5952);
#5954=EDGE_CURVE('',#5949,#5917,#5953,.T.);
#5955=ORIENTED_EDGE('',*,*,#5954,.F.);
#5956=CARTESIAN_POINT('',(456.43378583,-47.852078867,140.570719602));
#5957=DIRECTION('',(0.,-1.,0.));
#5958=VECTOR('',#5957,9.1);
#5959=LINE('',#5956,#5958);
#5960=EDGE_CURVE('',#5949,#4924,#5959,.T.);
#5961=ORIENTED_EDGE('',*,*,#5960,.T.);
#5962=ORIENTED_EDGE('',*,*,#4929,.T.);
#5963=ORIENTED_EDGE('',*,*,#5931,.F.);
#5964=EDGE_LOOP('',(#5955,#5961,#5962,#5963));
#5965=FACE_BOUND('',#5964,.T.);
#5966=ADVANCED_FACE('',(#5965),#5947,.F.);
#5967=CARTESIAN_POINT('',(456.13378583,-47.852078867,140.570719602));
#5968=DIRECTION('',(0.,-1.,0.));
#5969=DIRECTION('',(0.5,0.,-0.866025404));
#5970=AXIS2_PLACEMENT_3D('',#5967,#5968,#5969);
#5971=CYLINDRICAL_SURFACE('',#5970,0.3);
#5972=CARTESIAN_POINT('',(456.28378583,-47.852078867,140.310911981));
#5973=VERTEX_POINT('',#5972);
#5974=CARTESIAN_POINT('',(456.13378583,-47.852078867,140.570719602));
#5975=DIRECTION('',(0.,-1.,0.));
#5976=DIRECTION('',(0.,0.,-1.));
#5977=AXIS2_PLACEMENT_3D('',#5974,#5975,#5976);
#5978=CIRCLE('',#5977,0.3);
#5979=EDGE_CURVE('',#5973,#5949,#5978,.T.);
#5980=ORIENTED_EDGE('',*,*,#5979,.F.);
#5981=CARTESIAN_POINT('',(456.28378583,-47.852078867,140.310911981));
#5982=DIRECTION('',(0.,-1.,0.));
#5983=VECTOR('',#5982,9.1);
#5984=LINE('',#5981,#5983);
#5985=EDGE_CURVE('',#5973,#4932,#5984,.T.);
#5986=ORIENTED_EDGE('',*,*,#5985,.T.);
#5987=ORIENTED_EDGE('',*,*,#4938,.T.);
#5988=ORIENTED_EDGE('',*,*,#5960,.F.);
#5989=EDGE_LOOP('',(#5980,#5986,#5987,#5988));
#5990=FACE_BOUND('',#5989,.T.);
#5991=ADVANCED_FACE('',(#5990),#5971,.F.);
#5992=CARTESIAN_POINT('',(451.48378583,-47.852078867,137.539630689));
#5993=DIRECTION('',(0.5,0.,-0.866025404));
#5994=DIRECTION('',(0.866025404,0.,0.5));
#5995=AXIS2_PLACEMENT_3D('',#5992,#5993,#5994);
#5996=PLANE('',#5995);
#5997=CARTESIAN_POINT('',(451.48378583,-47.852078867,137.539630689));
#5998=VERTEX_POINT('',#5997);
#5999=CARTESIAN_POINT('',(451.48378583,-47.852078867,137.539630689));
#6000=DIRECTION('',(0.866025404,0.,0.5));
#6001=VECTOR('',#6000,5.542562584);
#6002=LINE('',#5999,#6001);
#6003=EDGE_CURVE('',#5998,#5973,#6002,.T.);
#6004=ORIENTED_EDGE('',*,*,#6003,.F.);
#6005=CARTESIAN_POINT('',(451.48378583,-47.852078867,137.539630689));
#6006=DIRECTION('',(0.,-1.,0.));
#6007=VECTOR('',#6006,9.1);
#6008=LINE('',#6005,#6007);
#6009=EDGE_CURVE('',#5998,#4941,#6008,.T.);
#6010=ORIENTED_EDGE('',*,*,#6009,.T.);
#6011=ORIENTED_EDGE('',*,*,#4946,.T.);
#6012=ORIENTED_EDGE('',*,*,#5985,.F.);
#6013=EDGE_LOOP('',(#6004,#6010,#6011,#6012));
#6014=FACE_BOUND('',#6013,.T.);
#6015=ADVANCED_FACE('',(#6014),#5996,.F.);
#6016=CARTESIAN_POINT('',(451.33378583,-47.852078867,137.79943831));
#6017=DIRECTION('',(0.,-1.,-0.));
#6018=DIRECTION('',(-0.5,0.,-0.866025404));
#6019=AXIS2_PLACEMENT_3D('',#6016,#6017,#6018);
#6020=CYLINDRICAL_SURFACE('',#6019,0.3);
#6021=CARTESIAN_POINT('',(451.18378583,-47.852078867,137.539630689));
#6022=VERTEX_POINT('',#6021);
#6023=CARTESIAN_POINT('',(451.33378583,-47.852078867,137.79943831));
#6024=DIRECTION('',(0.,-1.,0.));
#6025=DIRECTION('',(0.,0.,-1.));
#6026=AXIS2_PLACEMENT_3D('',#6023,#6024,#6025);
#6027=CIRCLE('',#6026,0.3);
#6028=EDGE_CURVE('',#6022,#5998,#6027,.T.);
#6029=ORIENTED_EDGE('',*,*,#6028,.F.);
#6030=CARTESIAN_POINT('',(451.18378583,-47.852078867,137.539630689));
#6031=DIRECTION('',(0.,-1.,0.));
#6032=VECTOR('',#6031,9.1);
#6033=LINE('',#6030,#6032);
#6034=EDGE_CURVE('',#6022,#4949,#6033,.T.);
#6035=ORIENTED_EDGE('',*,*,#6034,.T.);
#6036=ORIENTED_EDGE('',*,*,#4955,.T.);
#6037=ORIENTED_EDGE('',*,*,#6009,.F.);
#6038=EDGE_LOOP('',(#6029,#6035,#6036,#6037));
#6039=FACE_BOUND('',#6038,.T.);
#6040=ADVANCED_FACE('',(#6039),#6020,.F.);
#6041=CARTESIAN_POINT('',(446.38378583,-47.852078867,140.310911981));
#6042=DIRECTION('',(-0.5,0.,-0.866025404));
#6043=DIRECTION('',(0.866025404,0.,-0.5));
#6044=AXIS2_PLACEMENT_3D('',#6041,#6042,#6043);
#6045=PLANE('',#6044);
#6046=CARTESIAN_POINT('',(446.38378583,-47.852078867,140.310911981));
#6047=VERTEX_POINT('',#6046);
#6048=CARTESIAN_POINT('',(446.38378583,-47.852078867,140.310911981));
#6049=DIRECTION('',(0.866025404,0.,-0.5));
#6050=VECTOR('',#6049,5.542562584);
#6051=LINE('',#6048,#6050);
#6052=EDGE_CURVE('',#6047,#6022,#6051,.T.);
#6053=ORIENTED_EDGE('',*,*,#6052,.F.);
#6054=CARTESIAN_POINT('',(446.38378583,-47.852078867,140.310911981));
#6055=DIRECTION('',(0.,-1.,0.));
#6056=VECTOR('',#6055,9.1);
#6057=LINE('',#6054,#6056);
#6058=EDGE_CURVE('',#6047,#4958,#6057,.T.);
#6059=ORIENTED_EDGE('',*,*,#6058,.T.);
#6060=ORIENTED_EDGE('',*,*,#4963,.T.);
#6061=ORIENTED_EDGE('',*,*,#6034,.F.);
#6062=EDGE_LOOP('',(#6053,#6059,#6060,#6061));
#6063=FACE_BOUND('',#6062,.T.);
#6064=ADVANCED_FACE('',(#6063),#6045,.F.);
#6065=CARTESIAN_POINT('',(446.53378583,-47.852078867,140.570719602));
#6066=DIRECTION('',(0.,-1.,0.));
#6067=DIRECTION('',(-1.,0.,0.));
#6068=AXIS2_PLACEMENT_3D('',#6065,#6066,#6067);
#6069=CYLINDRICAL_SURFACE('',#6068,0.3);
#6070=CARTESIAN_POINT('',(446.23378583,-47.852078867,140.570719602));
#6071=VERTEX_POINT('',#6070);
#6072=CARTESIAN_POINT('',(446.53378583,-47.852078867,140.570719602));
#6073=DIRECTION('',(0.,-1.,0.));
#6074=DIRECTION('',(0.,0.,-1.));
#6075=AXIS2_PLACEMENT_3D('',#6072,#6073,#6074);
#6076=CIRCLE('',#6075,0.3);
#6077=EDGE_CURVE('',#6071,#6047,#6076,.T.);
#6078=ORIENTED_EDGE('',*,*,#6077,.F.);
#6079=CARTESIAN_POINT('',(446.23378583,-47.852078867,140.570719602));
#6080=DIRECTION('',(0.,-1.,0.));
#6081=VECTOR('',#6080,9.1);
#6082=LINE('',#6079,#6081);
#6083=EDGE_CURVE('',#6071,#4966,#6082,.T.);
#6084=ORIENTED_EDGE('',*,*,#6083,.T.);
#6085=ORIENTED_EDGE('',*,*,#4972,.T.);
#6086=ORIENTED_EDGE('',*,*,#6058,.F.);
#6087=EDGE_LOOP('',(#6078,#6084,#6085,#6086));
#6088=FACE_BOUND('',#6087,.T.);
#6089=ADVANCED_FACE('',(#6088),#6069,.F.);
#6090=CARTESIAN_POINT('',(446.23378583,-47.852078867,146.113282186));
#6091=DIRECTION('',(-1.,0.,0.));
#6092=DIRECTION('',(0.,0.,-1.));
#6093=AXIS2_PLACEMENT_3D('',#6090,#6091,#6092);
#6094=PLANE('',#6093);
#6095=CARTESIAN_POINT('',(446.23378583,-47.852078867,146.113282186));
#6096=VERTEX_POINT('',#6095);
#6097=CARTESIAN_POINT('',(446.23378583,-47.852078867,146.113282186));
#6098=DIRECTION('',(-0.,-0.,-1.));
#6099=VECTOR('',#6098,5.542562584);
#6100=LINE('',#6097,#6099);
#6101=EDGE_CURVE('',#6096,#6071,#6100,.T.);
#6102=ORIENTED_EDGE('',*,*,#6101,.F.);
#6103=CARTESIAN_POINT('',(446.23378583,-47.852078867,146.113282186));
#6104=DIRECTION('',(0.,-1.,0.));
#6105=VECTOR('',#6104,9.1);
#6106=LINE('',#6103,#6105);
#6107=EDGE_CURVE('',#6096,#4975,#6106,.T.);
#6108=ORIENTED_EDGE('',*,*,#6107,.T.);
#6109=ORIENTED_EDGE('',*,*,#4980,.T.);
#6110=ORIENTED_EDGE('',*,*,#6083,.F.);
#6111=EDGE_LOOP('',(#6102,#6108,#6109,#6110));
#6112=FACE_BOUND('',#6111,.T.);
#6113=ADVANCED_FACE('',(#6112),#6094,.F.);
#6114=CARTESIAN_POINT('',(446.53378583,-47.852078867,146.113282186));
#6115=DIRECTION('',(0.,-1.,0.));
#6116=DIRECTION('',(-0.5,0.,0.866025404));
#6117=AXIS2_PLACEMENT_3D('',#6114,#6115,#6116);
#6118=CYLINDRICAL_SURFACE('',#6117,0.3);
#6119=CARTESIAN_POINT('',(446.38378583,-47.852078867,146.373089807));
#6120=VERTEX_POINT('',#6119);
#6121=CARTESIAN_POINT('',(446.53378583,-47.852078867,146.113282186));
#6122=DIRECTION('',(0.,-1.,0.));
#6123=DIRECTION('',(0.,0.,-1.));
#6124=AXIS2_PLACEMENT_3D('',#6121,#6122,#6123);
#6125=CIRCLE('',#6124,0.3);
#6126=EDGE_CURVE('',#6120,#6096,#6125,.T.);
#6127=ORIENTED_EDGE('',*,*,#6126,.F.);
#6128=CARTESIAN_POINT('',(446.38378583,-47.852078867,146.373089807));
#6129=DIRECTION('',(0.,-1.,0.));
#6130=VECTOR('',#6129,9.1);
#6131=LINE('',#6128,#6130);
#6132=EDGE_CURVE('',#6120,#4983,#6131,.T.);
#6133=ORIENTED_EDGE('',*,*,#6132,.T.);
#6134=ORIENTED_EDGE('',*,*,#4989,.T.);
#6135=ORIENTED_EDGE('',*,*,#6107,.F.);
#6136=EDGE_LOOP('',(#6127,#6133,#6134,#6135));
#6137=FACE_BOUND('',#6136,.T.);
#6138=ADVANCED_FACE('',(#6137),#6118,.F.);
#6139=CARTESIAN_POINT('',(451.18378583,-47.852078867,149.144371099));
#6140=DIRECTION('',(-0.5,0.,0.866025404));
#6141=DIRECTION('',(-0.866025404,0.,-0.5));
#6142=AXIS2_PLACEMENT_3D('',#6139,#6140,#6141);
#6143=PLANE('',#6142);
#6144=CARTESIAN_POINT('',(451.18378583,-47.852078867,149.144371099));
#6145=VERTEX_POINT('',#6144);
#6146=CARTESIAN_POINT('',(451.18378583,-47.852078867,149.144371099));
#6147=DIRECTION('',(-0.866025404,0.,-0.5));
#6148=VECTOR('',#6147,5.542562584);
#6149=LINE('',#6146,#6148);
#6150=EDGE_CURVE('',#6145,#6120,#6149,.T.);
#6151=ORIENTED_EDGE('',*,*,#6150,.F.);
#6152=CARTESIAN_POINT('',(451.18378583,-47.852078867,149.144371099));
#6153=DIRECTION('',(0.,-1.,0.));
#6154=VECTOR('',#6153,9.1);
#6155=LINE('',#6152,#6154);
#6156=EDGE_CURVE('',#6145,#4898,#6155,.T.);
#6157=ORIENTED_EDGE('',*,*,#6156,.T.);
#6158=ORIENTED_EDGE('',*,*,#4995,.T.);
#6159=ORIENTED_EDGE('',*,*,#6132,.F.);
#6160=EDGE_LOOP('',(#6151,#6157,#6158,#6159));
#6161=FACE_BOUND('',#6160,.T.);
#6162=ADVANCED_FACE('',(#6161),#6143,.F.);
#6163=CARTESIAN_POINT('',(451.33378583,-47.852078867,148.884563478));
#6164=DIRECTION('',(0.,-1.,0.));
#6165=DIRECTION('',(0.5,0.,0.866025404));
#6166=AXIS2_PLACEMENT_3D('',#6163,#6164,#6165);
#6167=CYLINDRICAL_SURFACE('',#6166,0.3);
#6168=CARTESIAN_POINT('',(451.48378583,-47.852078867,149.144371099));
#6169=VERTEX_POINT('',#6168);
#6170=CARTESIAN_POINT('',(451.33378583,-47.852078867,148.884563478));
#6171=DIRECTION('',(0.,-1.,0.));
#6172=DIRECTION('',(0.,0.,-1.));
#6173=AXIS2_PLACEMENT_3D('',#6170,#6171,#6172);
#6174=CIRCLE('',#6173,0.3);
#6175=EDGE_CURVE('',#6169,#6145,#6174,.T.);
#6176=ORIENTED_EDGE('',*,*,#6175,.F.);
#6177=CARTESIAN_POINT('',(451.48378583,-47.852078867,149.144371099));
#6178=DIRECTION('',(0.,-1.,0.));
#6179=VECTOR('',#6178,9.1);
#6180=LINE('',#6177,#6179);
#6181=EDGE_CURVE('',#6169,#4896,#6180,.T.);
#6182=ORIENTED_EDGE('',*,*,#6181,.T.);
#6183=ORIENTED_EDGE('',*,*,#4904,.T.);
#6184=ORIENTED_EDGE('',*,*,#6156,.F.);
#6185=EDGE_LOOP('',(#6176,#6182,#6183,#6184));
#6186=FACE_BOUND('',#6185,.T.);
#6187=ADVANCED_FACE('',(#6186),#6167,.F.);
#6188=CARTESIAN_POINT('',(456.28378583,-47.852078867,146.373089807));
#6189=DIRECTION('',(0.5,0.,0.866025404));
#6190=DIRECTION('',(-0.866025404,0.,0.5));
#6191=AXIS2_PLACEMENT_3D('',#6188,#6189,#6190);
#6192=PLANE('',#6191);
#6193=CARTESIAN_POINT('',(456.28378583,-47.852078867,146.373089807));
#6194=DIRECTION('',(-0.866025404,0.,0.5));
#6195=VECTOR('',#6194,5.542562584);
#6196=LINE('',#6193,#6195);
#6197=EDGE_CURVE('',#5919,#6169,#6196,.T.);
#6198=ORIENTED_EDGE('',*,*,#6197,.F.);
#6199=ORIENTED_EDGE('',*,*,#5938,.T.);
#6200=ORIENTED_EDGE('',*,*,#4912,.T.);
#6201=ORIENTED_EDGE('',*,*,#6181,.F.);
#6202=EDGE_LOOP('',(#6198,#6199,#6200,#6201));
#6203=FACE_BOUND('',#6202,.T.);
#6204=ADVANCED_FACE('',(#6203),#6192,.F.);
#6205=CARTESIAN_POINT('',(386.13378583,-47.852078867,146.113282186));
#6206=DIRECTION('',(0.,-1.,0.));
#6207=DIRECTION('',(1.,0.,0.));
#6208=AXIS2_PLACEMENT_3D('',#6205,#6206,#6207);
#6209=CYLINDRICAL_SURFACE('',#6208,0.3);
#6210=CARTESIAN_POINT('',(386.43378583,-47.852078867,146.113282186));
#6211=VERTEX_POINT('',#6210);
#6212=CARTESIAN_POINT('',(386.28378583,-47.852078867,146.373089807));
#6213=VERTEX_POINT('',#6212);
#6214=CARTESIAN_POINT('',(386.13378583,-47.852078867,146.113282186));
#6215=DIRECTION('',(0.,-1.,0.));
#6216=DIRECTION('',(0.,0.,-1.));
#6217=AXIS2_PLACEMENT_3D('',#6214,#6215,#6216);
#6218=CIRCLE('',#6217,0.3);
#6219=EDGE_CURVE('',#6211,#6213,#6218,.T.);
#6220=ORIENTED_EDGE('',*,*,#6219,.F.);
#6221=CARTESIAN_POINT('',(386.43378583,-47.852078867,146.113282186));
#6222=DIRECTION('',(0.,-1.,0.));
#6223=VECTOR('',#6222,9.1);
#6224=LINE('',#6221,#6223);
#6225=EDGE_CURVE('',#6211,#5029,#6224,.T.);
#6226=ORIENTED_EDGE('',*,*,#6225,.T.);
#6227=ORIENTED_EDGE('',*,*,#5035,.T.);
#6228=CARTESIAN_POINT('',(386.28378583,-47.852078867,146.373089807));
#6229=DIRECTION('',(0.,-1.,0.));
#6230=VECTOR('',#6229,9.1);
#6231=LINE('',#6228,#6230);
#6232=EDGE_CURVE('',#6213,#5021,#6231,.T.);
#6233=ORIENTED_EDGE('',*,*,#6232,.F.);
#6234=EDGE_LOOP('',(#6220,#6226,#6227,#6233));
#6235=FACE_BOUND('',#6234,.T.);
#6236=ADVANCED_FACE('',(#6235),#6209,.F.);
#6237=CARTESIAN_POINT('',(386.43378583,-47.852078867,140.570719602));
#6238=DIRECTION('',(1.,0.,0.));
#6239=DIRECTION('',(0.,0.,1.));
#6240=AXIS2_PLACEMENT_3D('',#6237,#6238,#6239);
#6241=PLANE('',#6240);
#6242=CARTESIAN_POINT('',(386.43378583,-47.852078867,140.570719602));
#6243=VERTEX_POINT('',#6242);
#6244=CARTESIAN_POINT('',(386.43378583,-47.852078867,140.570719602));
#6245=DIRECTION('',(0.,0.,1.));
#6246=VECTOR('',#6245,5.542562584);
#6247=LINE('',#6244,#6246);
#6248=EDGE_CURVE('',#6243,#6211,#6247,.T.);
#6249=ORIENTED_EDGE('',*,*,#6248,.F.);
#6250=CARTESIAN_POINT('',(386.43378583,-47.852078867,140.570719602));
#6251=DIRECTION('',(0.,-1.,0.));
#6252=VECTOR('',#6251,9.1);
#6253=LINE('',#6250,#6252);
#6254=EDGE_CURVE('',#6243,#5038,#6253,.T.);
#6255=ORIENTED_EDGE('',*,*,#6254,.T.);
#6256=ORIENTED_EDGE('',*,*,#5043,.T.);
#6257=ORIENTED_EDGE('',*,*,#6225,.F.);
#6258=EDGE_LOOP('',(#6249,#6255,#6256,#6257));
#6259=FACE_BOUND('',#6258,.T.);
#6260=ADVANCED_FACE('',(#6259),#6241,.F.);
#6261=CARTESIAN_POINT('',(386.13378583,-47.852078867,140.570719602));
#6262=DIRECTION('',(0.,-1.,0.));
#6263=DIRECTION('',(0.5,0.,-0.866025404));
#6264=AXIS2_PLACEMENT_3D('',#6261,#6262,#6263);
#6265=CYLINDRICAL_SURFACE('',#6264,0.3);
#6266=CARTESIAN_POINT('',(386.28378583,-47.852078867,140.310911981));
#6267=VERTEX_POINT('',#6266);
#6268=CARTESIAN_POINT('',(386.13378583,-47.852078867,140.570719602));
#6269=DIRECTION('',(0.,-1.,0.));
#6270=DIRECTION('',(0.,0.,-1.));
#6271=AXIS2_PLACEMENT_3D('',#6268,#6269,#6270);
#6272=CIRCLE('',#6271,0.3);
#6273=EDGE_CURVE('',#6267,#6243,#6272,.T.);
#6274=ORIENTED_EDGE('',*,*,#6273,.F.);
#6275=CARTESIAN_POINT('',(386.28378583,-47.852078867,140.310911981));
#6276=DIRECTION('',(0.,-1.,0.));
#6277=VECTOR('',#6276,9.1);
#6278=LINE('',#6275,#6277);
#6279=EDGE_CURVE('',#6267,#5046,#6278,.T.);
#6280=ORIENTED_EDGE('',*,*,#6279,.T.);
#6281=ORIENTED_EDGE('',*,*,#5052,.T.);
#6282=ORIENTED_EDGE('',*,*,#6254,.F.);
#6283=EDGE_LOOP('',(#6274,#6280,#6281,#6282));
#6284=FACE_BOUND('',#6283,.T.);
#6285=ADVANCED_FACE('',(#6284),#6265,.F.);
#6286=CARTESIAN_POINT('',(381.48378583,-47.852078867,137.539630689));
#6287=DIRECTION('',(0.5,0.,-0.866025404));
#6288=DIRECTION('',(0.866025404,0.,0.5));
#6289=AXIS2_PLACEMENT_3D('',#6286,#6287,#6288);
#6290=PLANE('',#6289);
#6291=CARTESIAN_POINT('',(381.48378583,-47.852078867,137.539630689));
#6292=VERTEX_POINT('',#6291);
#6293=CARTESIAN_POINT('',(381.48378583,-47.852078867,137.539630689));
#6294=DIRECTION('',(0.866025404,0.,0.5));
#6295=VECTOR('',#6294,5.542562584);
#6296=LINE('',#6293,#6295);
#6297=EDGE_CURVE('',#6292,#6267,#6296,.T.);
#6298=ORIENTED_EDGE('',*,*,#6297,.F.);
#6299=CARTESIAN_POINT('',(381.48378583,-47.852078867,137.539630689));
#6300=DIRECTION('',(0.,-1.,0.));
#6301=VECTOR('',#6300,9.1);
#6302=LINE('',#6299,#6301);
#6303=EDGE_CURVE('',#6292,#5055,#6302,.T.);
#6304=ORIENTED_EDGE('',*,*,#6303,.T.);
#6305=ORIENTED_EDGE('',*,*,#5060,.T.);
#6306=ORIENTED_EDGE('',*,*,#6279,.F.);
#6307=EDGE_LOOP('',(#6298,#6304,#6305,#6306));
#6308=FACE_BOUND('',#6307,.T.);
#6309=ADVANCED_FACE('',(#6308),#6290,.F.);
#6310=CARTESIAN_POINT('',(381.33378583,-47.852078867,137.79943831));
#6311=DIRECTION('',(0.,-1.,-0.));
#6312=DIRECTION('',(-0.5,0.,-0.866025404));
#6313=AXIS2_PLACEMENT_3D('',#6310,#6311,#6312);
#6314=CYLINDRICAL_SURFACE('',#6313,0.3);
#6315=CARTESIAN_POINT('',(381.18378583,-47.852078867,137.539630689));
#6316=VERTEX_POINT('',#6315);
#6317=CARTESIAN_POINT('',(381.33378583,-47.852078867,137.79943831));
#6318=DIRECTION('',(0.,-1.,0.));
#6319=DIRECTION('',(0.,0.,-1.));
#6320=AXIS2_PLACEMENT_3D('',#6317,#6318,#6319);
#6321=CIRCLE('',#6320,0.3);
#6322=EDGE_CURVE('',#6316,#6292,#6321,.T.);
#6323=ORIENTED_EDGE('',*,*,#6322,.F.);
#6324=CARTESIAN_POINT('',(381.18378583,-47.852078867,137.539630689));
#6325=DIRECTION('',(0.,-1.,0.));
#6326=VECTOR('',#6325,9.1);
#6327=LINE('',#6324,#6326);
#6328=EDGE_CURVE('',#6316,#5063,#6327,.T.);
#6329=ORIENTED_EDGE('',*,*,#6328,.T.);
#6330=ORIENTED_EDGE('',*,*,#5069,.T.);
#6331=ORIENTED_EDGE('',*,*,#6303,.F.);
#6332=EDGE_LOOP('',(#6323,#6329,#6330,#6331));
#6333=FACE_BOUND('',#6332,.T.);
#6334=ADVANCED_FACE('',(#6333),#6314,.F.);
#6335=CARTESIAN_POINT('',(376.38378583,-47.852078867,140.310911981));
#6336=DIRECTION('',(-0.5,0.,-0.866025404));
#6337=DIRECTION('',(0.866025404,0.,-0.5));
#6338=AXIS2_PLACEMENT_3D('',#6335,#6336,#6337);
#6339=PLANE('',#6338);
#6340=CARTESIAN_POINT('',(376.38378583,-47.852078867,140.310911981));
#6341=VERTEX_POINT('',#6340);
#6342=CARTESIAN_POINT('',(376.38378583,-47.852078867,140.310911981));
#6343=DIRECTION('',(0.866025404,0.,-0.5));
#6344=VECTOR('',#6343,5.542562584);
#6345=LINE('',#6342,#6344);
#6346=EDGE_CURVE('',#6341,#6316,#6345,.T.);
#6347=ORIENTED_EDGE('',*,*,#6346,.F.);
#6348=CARTESIAN_POINT('',(376.38378583,-47.852078867,140.310911981));
#6349=DIRECTION('',(0.,-1.,0.));
#6350=VECTOR('',#6349,9.1);
#6351=LINE('',#6348,#6350);
#6352=EDGE_CURVE('',#6341,#5072,#6351,.T.);
#6353=ORIENTED_EDGE('',*,*,#6352,.T.);
#6354=ORIENTED_EDGE('',*,*,#5077,.T.);
#6355=ORIENTED_EDGE('',*,*,#6328,.F.);
#6356=EDGE_LOOP('',(#6347,#6353,#6354,#6355));
#6357=FACE_BOUND('',#6356,.T.);
#6358=ADVANCED_FACE('',(#6357),#6339,.F.);
#6359=CARTESIAN_POINT('',(376.53378583,-47.852078867,140.570719602));
#6360=DIRECTION('',(0.,-1.,0.));
#6361=DIRECTION('',(-1.,0.,0.));
#6362=AXIS2_PLACEMENT_3D('',#6359,#6360,#6361);
#6363=CYLINDRICAL_SURFACE('',#6362,0.3);
#6364=CARTESIAN_POINT('',(376.23378583,-47.852078867,140.570719602));
#6365=VERTEX_POINT('',#6364);
#6366=CARTESIAN_POINT('',(376.53378583,-47.852078867,140.570719602));
#6367=DIRECTION('',(0.,-1.,0.));
#6368=DIRECTION('',(0.,0.,-1.));
#6369=AXIS2_PLACEMENT_3D('',#6366,#6367,#6368);
#6370=CIRCLE('',#6369,0.3);
#6371=EDGE_CURVE('',#6365,#6341,#6370,.T.);
#6372=ORIENTED_EDGE('',*,*,#6371,.F.);
#6373=CARTESIAN_POINT('',(376.23378583,-47.852078867,140.570719602));
#6374=DIRECTION('',(0.,-1.,0.));
#6375=VECTOR('',#6374,9.1);
#6376=LINE('',#6373,#6375);
#6377=EDGE_CURVE('',#6365,#5080,#6376,.T.);
#6378=ORIENTED_EDGE('',*,*,#6377,.T.);
#6379=ORIENTED_EDGE('',*,*,#5086,.T.);
#6380=ORIENTED_EDGE('',*,*,#6352,.F.);
#6381=EDGE_LOOP('',(#6372,#6378,#6379,#6380));
#6382=FACE_BOUND('',#6381,.T.);
#6383=ADVANCED_FACE('',(#6382),#6363,.F.);
#6384=CARTESIAN_POINT('',(376.23378583,-47.852078867,146.113282186));
#6385=DIRECTION('',(-1.,0.,0.));
#6386=DIRECTION('',(0.,0.,-1.));
#6387=AXIS2_PLACEMENT_3D('',#6384,#6385,#6386);
#6388=PLANE('',#6387);
#6389=CARTESIAN_POINT('',(376.23378583,-47.852078867,146.113282186));
#6390=VERTEX_POINT('',#6389);
#6391=CARTESIAN_POINT('',(376.23378583,-47.852078867,146.113282186));
#6392=DIRECTION('',(-0.,-0.,-1.));
#6393=VECTOR('',#6392,5.542562584);
#6394=LINE('',#6391,#6393);
#6395=EDGE_CURVE('',#6390,#6365,#6394,.T.);
#6396=ORIENTED_EDGE('',*,*,#6395,.F.);
#6397=CARTESIAN_POINT('',(376.23378583,-47.852078867,146.113282186));
#6398=DIRECTION('',(0.,-1.,0.));
#6399=VECTOR('',#6398,9.1);
#6400=LINE('',#6397,#6399);
#6401=EDGE_CURVE('',#6390,#5089,#6400,.T.);
#6402=ORIENTED_EDGE('',*,*,#6401,.T.);
#6403=ORIENTED_EDGE('',*,*,#5094,.T.);
#6404=ORIENTED_EDGE('',*,*,#6377,.F.);
#6405=EDGE_LOOP('',(#6396,#6402,#6403,#6404));
#6406=FACE_BOUND('',#6405,.T.);
#6407=ADVANCED_FACE('',(#6406),#6388,.F.);
#6408=CARTESIAN_POINT('',(376.53378583,-47.852078867,146.113282186));
#6409=DIRECTION('',(0.,-1.,0.));
#6410=DIRECTION('',(-0.5,0.,0.866025404));
#6411=AXIS2_PLACEMENT_3D('',#6408,#6409,#6410);
#6412=CYLINDRICAL_SURFACE('',#6411,0.3);
#6413=CARTESIAN_POINT('',(376.38378583,-47.852078867,146.373089807));
#6414=VERTEX_POINT('',#6413);
#6415=CARTESIAN_POINT('',(376.53378583,-47.852078867,146.113282186));
#6416=DIRECTION('',(0.,-1.,0.));
#6417=DIRECTION('',(0.,0.,-1.));
#6418=AXIS2_PLACEMENT_3D('',#6415,#6416,#6417);
#6419=CIRCLE('',#6418,0.3);
#6420=EDGE_CURVE('',#6414,#6390,#6419,.T.);
#6421=ORIENTED_EDGE('',*,*,#6420,.F.);
#6422=CARTESIAN_POINT('',(376.38378583,-47.852078867,146.373089807));
#6423=DIRECTION('',(0.,-1.,0.));
#6424=VECTOR('',#6423,9.1);
#6425=LINE('',#6422,#6424);
#6426=EDGE_CURVE('',#6414,#5097,#6425,.T.);
#6427=ORIENTED_EDGE('',*,*,#6426,.T.);
#6428=ORIENTED_EDGE('',*,*,#5103,.T.);
#6429=ORIENTED_EDGE('',*,*,#6401,.F.);
#6430=EDGE_LOOP('',(#6421,#6427,#6428,#6429));
#6431=FACE_BOUND('',#6430,.T.);
#6432=ADVANCED_FACE('',(#6431),#6412,.F.);
#6433=CARTESIAN_POINT('',(381.18378583,-47.852078867,149.144371099));
#6434=DIRECTION('',(-0.5,0.,0.866025404));
#6435=DIRECTION('',(-0.866025404,0.,-0.5));
#6436=AXIS2_PLACEMENT_3D('',#6433,#6434,#6435);
#6437=PLANE('',#6436);
#6438=CARTESIAN_POINT('',(381.18378583,-47.852078867,149.144371099));
#6439=VERTEX_POINT('',#6438);
#6440=CARTESIAN_POINT('',(381.18378583,-47.852078867,149.144371099));
#6441=DIRECTION('',(-0.866025404,0.,-0.5));
#6442=VECTOR('',#6441,5.542562584);
#6443=LINE('',#6440,#6442);
#6444=EDGE_CURVE('',#6439,#6414,#6443,.T.);
#6445=ORIENTED_EDGE('',*,*,#6444,.F.);
#6446=CARTESIAN_POINT('',(381.18378583,-47.852078867,149.144371099));
#6447=DIRECTION('',(0.,-1.,0.));
#6448=VECTOR('',#6447,9.1);
#6449=LINE('',#6446,#6448);
#6450=EDGE_CURVE('',#6439,#5012,#6449,.T.);
#6451=ORIENTED_EDGE('',*,*,#6450,.T.);
#6452=ORIENTED_EDGE('',*,*,#5109,.T.);
#6453=ORIENTED_EDGE('',*,*,#6426,.F.);
#6454=EDGE_LOOP('',(#6445,#6451,#6452,#6453));
#6455=FACE_BOUND('',#6454,.T.);
#6456=ADVANCED_FACE('',(#6455),#6437,.F.);
#6457=CARTESIAN_POINT('',(381.33378583,-47.852078867,148.884563478));
#6458=DIRECTION('',(0.,-1.,0.));
#6459=DIRECTION('',(0.5,0.,0.866025404));
#6460=AXIS2_PLACEMENT_3D('',#6457,#6458,#6459);
#6461=CYLINDRICAL_SURFACE('',#6460,0.3);
#6462=CARTESIAN_POINT('',(381.48378583,-47.852078867,149.144371099));
#6463=VERTEX_POINT('',#6462);
#6464=CARTESIAN_POINT('',(381.33378583,-47.852078867,148.884563478));
#6465=DIRECTION('',(0.,-1.,0.));
#6466=DIRECTION('',(0.,0.,-1.));
#6467=AXIS2_PLACEMENT_3D('',#6464,#6465,#6466);
#6468=CIRCLE('',#6467,0.3);
#6469=EDGE_CURVE('',#6463,#6439,#6468,.T.);
#6470=ORIENTED_EDGE('',*,*,#6469,.F.);
#6471=CARTESIAN_POINT('',(381.48378583,-47.852078867,149.144371099));
#6472=DIRECTION('',(0.,-1.,0.));
#6473=VECTOR('',#6472,9.1);
#6474=LINE('',#6471,#6473);
#6475=EDGE_CURVE('',#6463,#5010,#6474,.T.);
#6476=ORIENTED_EDGE('',*,*,#6475,.T.);
#6477=ORIENTED_EDGE('',*,*,#5018,.T.);
#6478=ORIENTED_EDGE('',*,*,#6450,.F.);
#6479=EDGE_LOOP('',(#6470,#6476,#6477,#6478));
#6480=FACE_BOUND('',#6479,.T.);
#6481=ADVANCED_FACE('',(#6480),#6461,.F.);
#6482=CARTESIAN_POINT('',(386.28378583,-47.852078867,146.373089807));
#6483=DIRECTION('',(0.5,0.,0.866025404));
#6484=DIRECTION('',(-0.866025404,0.,0.5));
#6485=AXIS2_PLACEMENT_3D('',#6482,#6483,#6484);
#6486=PLANE('',#6485);
#6487=CARTESIAN_POINT('',(386.28378583,-47.852078867,146.373089807));
#6488=DIRECTION('',(-0.866025404,0.,0.5));
#6489=VECTOR('',#6488,5.542562584);
#6490=LINE('',#6487,#6489);
#6491=EDGE_CURVE('',#6213,#6463,#6490,.T.);
#6492=ORIENTED_EDGE('',*,*,#6491,.F.);
#6493=ORIENTED_EDGE('',*,*,#6232,.T.);
#6494=ORIENTED_EDGE('',*,*,#5026,.T.);
#6495=ORIENTED_EDGE('',*,*,#6475,.F.);
#6496=EDGE_LOOP('',(#6492,#6493,#6494,#6495));
#6497=FACE_BOUND('',#6496,.T.);
#6498=ADVANCED_FACE('',(#6497),#6486,.F.);
#6499=CARTESIAN_POINT('',(386.13378583,-47.852078867,126.113282186));
#6500=DIRECTION('',(0.,-1.,0.));
#6501=DIRECTION('',(1.,0.,0.));
#6502=AXIS2_PLACEMENT_3D('',#6499,#6500,#6501);
#6503=CYLINDRICAL_SURFACE('',#6502,0.3);
#6504=CARTESIAN_POINT('',(386.43378583,-47.852078867,126.113282186));
#6505=VERTEX_POINT('',#6504);
#6506=CARTESIAN_POINT('',(386.28378583,-47.852078867,126.373089807));
#6507=VERTEX_POINT('',#6506);
#6508=CARTESIAN_POINT('',(386.13378583,-47.852078867,126.113282186));
#6509=DIRECTION('',(0.,-1.,0.));
#6510=DIRECTION('',(0.,0.,-1.));
#6511=AXIS2_PLACEMENT_3D('',#6508,#6509,#6510);
#6512=CIRCLE('',#6511,0.3);
#6513=EDGE_CURVE('',#6505,#6507,#6512,.T.);
#6514=ORIENTED_EDGE('',*,*,#6513,.F.);
#6515=CARTESIAN_POINT('',(386.43378583,-47.852078867,126.113282186));
#6516=DIRECTION('',(0.,-1.,0.));
#6517=VECTOR('',#6516,9.1);
#6518=LINE('',#6515,#6517);
#6519=EDGE_CURVE('',#6505,#5143,#6518,.T.);
#6520=ORIENTED_EDGE('',*,*,#6519,.T.);
#6521=ORIENTED_EDGE('',*,*,#5149,.T.);
#6522=CARTESIAN_POINT('',(386.28378583,-47.852078867,126.373089807));
#6523=DIRECTION('',(0.,-1.,0.));
#6524=VECTOR('',#6523,9.1);
#6525=LINE('',#6522,#6524);
#6526=EDGE_CURVE('',#6507,#5135,#6525,.T.);
#6527=ORIENTED_EDGE('',*,*,#6526,.F.);
#6528=EDGE_LOOP('',(#6514,#6520,#6521,#6527));
#6529=FACE_BOUND('',#6528,.T.);
#6530=ADVANCED_FACE('',(#6529),#6503,.F.);
#6531=CARTESIAN_POINT('',(386.43378583,-47.852078867,120.570719602));
#6532=DIRECTION('',(1.,0.,0.));
#6533=DIRECTION('',(0.,0.,1.));
#6534=AXIS2_PLACEMENT_3D('',#6531,#6532,#6533);
#6535=PLANE('',#6534);
#6536=CARTESIAN_POINT('',(386.43378583,-47.852078867,120.570719602));
#6537=VERTEX_POINT('',#6536);
#6538=CARTESIAN_POINT('',(386.43378583,-47.852078867,120.570719602));
#6539=DIRECTION('',(0.,0.,1.));
#6540=VECTOR('',#6539,5.542562584);
#6541=LINE('',#6538,#6540);
#6542=EDGE_CURVE('',#6537,#6505,#6541,.T.);
#6543=ORIENTED_EDGE('',*,*,#6542,.F.);
#6544=CARTESIAN_POINT('',(386.43378583,-47.852078867,120.570719602));
#6545=DIRECTION('',(0.,-1.,0.));
#6546=VECTOR('',#6545,9.1);
#6547=LINE('',#6544,#6546);
#6548=EDGE_CURVE('',#6537,#5152,#6547,.T.);
#6549=ORIENTED_EDGE('',*,*,#6548,.T.);
#6550=ORIENTED_EDGE('',*,*,#5157,.T.);
#6551=ORIENTED_EDGE('',*,*,#6519,.F.);
#6552=EDGE_LOOP('',(#6543,#6549,#6550,#6551));
#6553=FACE_BOUND('',#6552,.T.);
#6554=ADVANCED_FACE('',(#6553),#6535,.F.);
#6555=CARTESIAN_POINT('',(386.13378583,-47.852078867,120.570719602));
#6556=DIRECTION('',(0.,-1.,0.));
#6557=DIRECTION('',(0.5,0.,-0.866025404));
#6558=AXIS2_PLACEMENT_3D('',#6555,#6556,#6557);
#6559=CYLINDRICAL_SURFACE('',#6558,0.3);
#6560=CARTESIAN_POINT('',(386.28378583,-47.852078867,120.310911981));
#6561=VERTEX_POINT('',#6560);
#6562=CARTESIAN_POINT('',(386.13378583,-47.852078867,120.570719602));
#6563=DIRECTION('',(0.,-1.,0.));
#6564=DIRECTION('',(0.,0.,-1.));
#6565=AXIS2_PLACEMENT_3D('',#6562,#6563,#6564);
#6566=CIRCLE('',#6565,0.3);
#6567=EDGE_CURVE('',#6561,#6537,#6566,.T.);
#6568=ORIENTED_EDGE('',*,*,#6567,.F.);
#6569=CARTESIAN_POINT('',(386.28378583,-47.852078867,120.310911981));
#6570=DIRECTION('',(0.,-1.,0.));
#6571=VECTOR('',#6570,9.1);
#6572=LINE('',#6569,#6571);
#6573=EDGE_CURVE('',#6561,#5160,#6572,.T.);
#6574=ORIENTED_EDGE('',*,*,#6573,.T.);
#6575=ORIENTED_EDGE('',*,*,#5166,.T.);
#6576=ORIENTED_EDGE('',*,*,#6548,.F.);
#6577=EDGE_LOOP('',(#6568,#6574,#6575,#6576));
#6578=FACE_BOUND('',#6577,.T.);
#6579=ADVANCED_FACE('',(#6578),#6559,.F.);
#6580=CARTESIAN_POINT('',(381.48378583,-47.852078867,117.539630689));
#6581=DIRECTION('',(0.5,0.,-0.866025404));
#6582=DIRECTION('',(0.866025404,0.,0.5));
#6583=AXIS2_PLACEMENT_3D('',#6580,#6581,#6582);
#6584=PLANE('',#6583);
#6585=CARTESIAN_POINT('',(381.48378583,-47.852078867,117.539630689));
#6586=VERTEX_POINT('',#6585);
#6587=CARTESIAN_POINT('',(381.48378583,-47.852078867,117.539630689));
#6588=DIRECTION('',(0.866025404,0.,0.5));
#6589=VECTOR('',#6588,5.542562584);
#6590=LINE('',#6587,#6589);
#6591=EDGE_CURVE('',#6586,#6561,#6590,.T.);
#6592=ORIENTED_EDGE('',*,*,#6591,.F.);
#6593=CARTESIAN_POINT('',(381.48378583,-47.852078867,117.539630689));
#6594=DIRECTION('',(0.,-1.,0.));
#6595=VECTOR('',#6594,9.1);
#6596=LINE('',#6593,#6595);
#6597=EDGE_CURVE('',#6586,#5169,#6596,.T.);
#6598=ORIENTED_EDGE('',*,*,#6597,.T.);
#6599=ORIENTED_EDGE('',*,*,#5174,.T.);
#6600=ORIENTED_EDGE('',*,*,#6573,.F.);
#6601=EDGE_LOOP('',(#6592,#6598,#6599,#6600));
#6602=FACE_BOUND('',#6601,.T.);
#6603=ADVANCED_FACE('',(#6602),#6584,.F.);
#6604=CARTESIAN_POINT('',(381.33378583,-47.852078867,117.79943831));
#6605=DIRECTION('',(0.,-1.,-0.));
#6606=DIRECTION('',(-0.5,0.,-0.866025404));
#6607=AXIS2_PLACEMENT_3D('',#6604,#6605,#6606);
#6608=CYLINDRICAL_SURFACE('',#6607,0.3);
#6609=CARTESIAN_POINT('',(381.18378583,-47.852078867,117.539630689));
#6610=VERTEX_POINT('',#6609);
#6611=CARTESIAN_POINT('',(381.33378583,-47.852078867,117.79943831));
#6612=DIRECTION('',(0.,-1.,0.));
#6613=DIRECTION('',(0.,0.,-1.));
#6614=AXIS2_PLACEMENT_3D('',#6611,#6612,#6613);
#6615=CIRCLE('',#6614,0.3);
#6616=EDGE_CURVE('',#6610,#6586,#6615,.T.);
#6617=ORIENTED_EDGE('',*,*,#6616,.F.);
#6618=CARTESIAN_POINT('',(381.18378583,-47.852078867,117.539630689));
#6619=DIRECTION('',(0.,-1.,0.));
#6620=VECTOR('',#6619,9.1);
#6621=LINE('',#6618,#6620);
#6622=EDGE_CURVE('',#6610,#5177,#6621,.T.);
#6623=ORIENTED_EDGE('',*,*,#6622,.T.);
#6624=ORIENTED_EDGE('',*,*,#5183,.T.);
#6625=ORIENTED_EDGE('',*,*,#6597,.F.);
#6626=EDGE_LOOP('',(#6617,#6623,#6624,#6625));
#6627=FACE_BOUND('',#6626,.T.);
#6628=ADVANCED_FACE('',(#6627),#6608,.F.);
#6629=CARTESIAN_POINT('',(376.38378583,-47.852078867,120.310911981));
#6630=DIRECTION('',(-0.5,0.,-0.866025404));
#6631=DIRECTION('',(0.866025404,0.,-0.5));
#6632=AXIS2_PLACEMENT_3D('',#6629,#6630,#6631);
#6633=PLANE('',#6632);
#6634=CARTESIAN_POINT('',(376.38378583,-47.852078867,120.310911981));
#6635=VERTEX_POINT('',#6634);
#6636=CARTESIAN_POINT('',(376.38378583,-47.852078867,120.310911981));
#6637=DIRECTION('',(0.866025404,0.,-0.5));
#6638=VECTOR('',#6637,5.542562584);
#6639=LINE('',#6636,#6638);
#6640=EDGE_CURVE('',#6635,#6610,#6639,.T.);
#6641=ORIENTED_EDGE('',*,*,#6640,.F.);
#6642=CARTESIAN_POINT('',(376.38378583,-47.852078867,120.310911981));
#6643=DIRECTION('',(0.,-1.,0.));
#6644=VECTOR('',#6643,9.1);
#6645=LINE('',#6642,#6644);
#6646=EDGE_CURVE('',#6635,#5186,#6645,.T.);
#6647=ORIENTED_EDGE('',*,*,#6646,.T.);
#6648=ORIENTED_EDGE('',*,*,#5191,.T.);
#6649=ORIENTED_EDGE('',*,*,#6622,.F.);
#6650=EDGE_LOOP('',(#6641,#6647,#6648,#6649));
#6651=FACE_BOUND('',#6650,.T.);
#6652=ADVANCED_FACE('',(#6651),#6633,.F.);
#6653=CARTESIAN_POINT('',(376.53378583,-47.852078867,120.570719602));
#6654=DIRECTION('',(0.,-1.,0.));
#6655=DIRECTION('',(-1.,0.,0.));
#6656=AXIS2_PLACEMENT_3D('',#6653,#6654,#6655);
#6657=CYLINDRICAL_SURFACE('',#6656,0.3);
#6658=CARTESIAN_POINT('',(376.23378583,-47.852078867,120.570719602));
#6659=VERTEX_POINT('',#6658);
#6660=CARTESIAN_POINT('',(376.53378583,-47.852078867,120.570719602));
#6661=DIRECTION('',(0.,-1.,0.));
#6662=DIRECTION('',(0.,0.,-1.));
#6663=AXIS2_PLACEMENT_3D('',#6660,#6661,#6662);
#6664=CIRCLE('',#6663,0.3);
#6665=EDGE_CURVE('',#6659,#6635,#6664,.T.);
#6666=ORIENTED_EDGE('',*,*,#6665,.F.);
#6667=CARTESIAN_POINT('',(376.23378583,-47.852078867,120.570719602));
#6668=DIRECTION('',(0.,-1.,0.));
#6669=VECTOR('',#6668,9.1);
#6670=LINE('',#6667,#6669);
#6671=EDGE_CURVE('',#6659,#5194,#6670,.T.);
#6672=ORIENTED_EDGE('',*,*,#6671,.T.);
#6673=ORIENTED_EDGE('',*,*,#5200,.T.);
#6674=ORIENTED_EDGE('',*,*,#6646,.F.);
#6675=EDGE_LOOP('',(#6666,#6672,#6673,#6674));
#6676=FACE_BOUND('',#6675,.T.);
#6677=ADVANCED_FACE('',(#6676),#6657,.F.);
#6678=CARTESIAN_POINT('',(376.23378583,-47.852078867,126.113282186));
#6679=DIRECTION('',(-1.,0.,0.));
#6680=DIRECTION('',(0.,0.,-1.));
#6681=AXIS2_PLACEMENT_3D('',#6678,#6679,#6680);
#6682=PLANE('',#6681);
#6683=CARTESIAN_POINT('',(376.23378583,-47.852078867,126.113282186));
#6684=VERTEX_POINT('',#6683);
#6685=CARTESIAN_POINT('',(376.23378583,-47.852078867,126.113282186));
#6686=DIRECTION('',(-0.,-0.,-1.));
#6687=VECTOR('',#6686,5.542562584);
#6688=LINE('',#6685,#6687);
#6689=EDGE_CURVE('',#6684,#6659,#6688,.T.);
#6690=ORIENTED_EDGE('',*,*,#6689,.F.);
#6691=CARTESIAN_POINT('',(376.23378583,-47.852078867,126.113282186));
#6692=DIRECTION('',(0.,-1.,0.));
#6693=VECTOR('',#6692,9.1);
#6694=LINE('',#6691,#6693);
#6695=EDGE_CURVE('',#6684,#5203,#6694,.T.);
#6696=ORIENTED_EDGE('',*,*,#6695,.T.);
#6697=ORIENTED_EDGE('',*,*,#5208,.T.);
#6698=ORIENTED_EDGE('',*,*,#6671,.F.);
#6699=EDGE_LOOP('',(#6690,#6696,#6697,#6698));
#6700=FACE_BOUND('',#6699,.T.);
#6701=ADVANCED_FACE('',(#6700),#6682,.F.);
#6702=CARTESIAN_POINT('',(376.53378583,-47.852078867,126.113282186));
#6703=DIRECTION('',(0.,-1.,0.));
#6704=DIRECTION('',(-0.5,0.,0.866025404));
#6705=AXIS2_PLACEMENT_3D('',#6702,#6703,#6704);
#6706=CYLINDRICAL_SURFACE('',#6705,0.3);
#6707=CARTESIAN_POINT('',(376.38378583,-47.852078867,126.373089807));
#6708=VERTEX_POINT('',#6707);
#6709=CARTESIAN_POINT('',(376.53378583,-47.852078867,126.113282186));
#6710=DIRECTION('',(0.,-1.,0.));
#6711=DIRECTION('',(0.,0.,-1.));
#6712=AXIS2_PLACEMENT_3D('',#6709,#6710,#6711);
#6713=CIRCLE('',#6712,0.3);
#6714=EDGE_CURVE('',#6708,#6684,#6713,.T.);
#6715=ORIENTED_EDGE('',*,*,#6714,.F.);
#6716=CARTESIAN_POINT('',(376.38378583,-47.852078867,126.373089807));
#6717=DIRECTION('',(0.,-1.,0.));
#6718=VECTOR('',#6717,9.1);
#6719=LINE('',#6716,#6718);
#6720=EDGE_CURVE('',#6708,#5211,#6719,.T.);
#6721=ORIENTED_EDGE('',*,*,#6720,.T.);
#6722=ORIENTED_EDGE('',*,*,#5217,.T.);
#6723=ORIENTED_EDGE('',*,*,#6695,.F.);
#6724=EDGE_LOOP('',(#6715,#6721,#6722,#6723));
#6725=FACE_BOUND('',#6724,.T.);
#6726=ADVANCED_FACE('',(#6725),#6706,.F.);
#6727=CARTESIAN_POINT('',(381.18378583,-47.852078867,129.144371099));
#6728=DIRECTION('',(-0.5,0.,0.866025404));
#6729=DIRECTION('',(-0.866025404,0.,-0.5));
#6730=AXIS2_PLACEMENT_3D('',#6727,#6728,#6729);
#6731=PLANE('',#6730);
#6732=CARTESIAN_POINT('',(381.18378583,-47.852078867,129.144371099));
#6733=VERTEX_POINT('',#6732);
#6734=CARTESIAN_POINT('',(381.18378583,-47.852078867,129.144371099));
#6735=DIRECTION('',(-0.866025404,0.,-0.5));
#6736=VECTOR('',#6735,5.542562584);
#6737=LINE('',#6734,#6736);
#6738=EDGE_CURVE('',#6733,#6708,#6737,.T.);
#6739=ORIENTED_EDGE('',*,*,#6738,.F.);
#6740=CARTESIAN_POINT('',(381.18378583,-47.852078867,129.144371099));
#6741=DIRECTION('',(0.,-1.,0.));
#6742=VECTOR('',#6741,9.1);
#6743=LINE('',#6740,#6742);
#6744=EDGE_CURVE('',#6733,#5126,#6743,.T.);
#6745=ORIENTED_EDGE('',*,*,#6744,.T.);
#6746=ORIENTED_EDGE('',*,*,#5223,.T.);
#6747=ORIENTED_EDGE('',*,*,#6720,.F.);
#6748=EDGE_LOOP('',(#6739,#6745,#6746,#6747));
#6749=FACE_BOUND('',#6748,.T.);
#6750=ADVANCED_FACE('',(#6749),#6731,.F.);
#6751=CARTESIAN_POINT('',(381.33378583,-47.852078867,128.884563478));
#6752=DIRECTION('',(0.,-1.,0.));
#6753=DIRECTION('',(0.5,0.,0.866025404));
#6754=AXIS2_PLACEMENT_3D('',#6751,#6752,#6753);
#6755=CYLINDRICAL_SURFACE('',#6754,0.3);
#6756=CARTESIAN_POINT('',(381.48378583,-47.852078867,129.144371099));
#6757=VERTEX_POINT('',#6756);
#6758=CARTESIAN_POINT('',(381.33378583,-47.852078867,128.884563478));
#6759=DIRECTION('',(0.,-1.,0.));
#6760=DIRECTION('',(0.,0.,-1.));
#6761=AXIS2_PLACEMENT_3D('',#6758,#6759,#6760);
#6762=CIRCLE('',#6761,0.3);
#6763=EDGE_CURVE('',#6757,#6733,#6762,.T.);
#6764=ORIENTED_EDGE('',*,*,#6763,.F.);
#6765=CARTESIAN_POINT('',(381.48378583,-47.852078867,129.144371099));
#6766=DIRECTION('',(0.,-1.,0.));
#6767=VECTOR('',#6766,9.1);
#6768=LINE('',#6765,#6767);
#6769=EDGE_CURVE('',#6757,#5124,#6768,.T.);
#6770=ORIENTED_EDGE('',*,*,#6769,.T.);
#6771=ORIENTED_EDGE('',*,*,#5132,.T.);
#6772=ORIENTED_EDGE('',*,*,#6744,.F.);
#6773=EDGE_LOOP('',(#6764,#6770,#6771,#6772));
#6774=FACE_BOUND('',#6773,.T.);
#6775=ADVANCED_FACE('',(#6774),#6755,.F.);
#6776=CARTESIAN_POINT('',(386.28378583,-47.852078867,126.373089807));
#6777=DIRECTION('',(0.5,0.,0.866025404));
#6778=DIRECTION('',(-0.866025404,0.,0.5));
#6779=AXIS2_PLACEMENT_3D('',#6776,#6777,#6778);
#6780=PLANE('',#6779);
#6781=CARTESIAN_POINT('',(386.28378583,-47.852078867,126.373089807));
#6782=DIRECTION('',(-0.866025404,0.,0.5));
#6783=VECTOR('',#6782,5.542562584);
#6784=LINE('',#6781,#6783);
#6785=EDGE_CURVE('',#6507,#6757,#6784,.T.);
#6786=ORIENTED_EDGE('',*,*,#6785,.F.);
#6787=ORIENTED_EDGE('',*,*,#6526,.T.);
#6788=ORIENTED_EDGE('',*,*,#5140,.T.);
#6789=ORIENTED_EDGE('',*,*,#6769,.F.);
#6790=EDGE_LOOP('',(#6786,#6787,#6788,#6789));
#6791=FACE_BOUND('',#6790,.T.);
#6792=ADVANCED_FACE('',(#6791),#6780,.F.);
#6793=CARTESIAN_POINT('',(456.13378583,-47.852078867,126.113282186));
#6794=DIRECTION('',(0.,-1.,0.));
#6795=DIRECTION('',(1.,0.,0.));
#6796=AXIS2_PLACEMENT_3D('',#6793,#6794,#6795);
#6797=CYLINDRICAL_SURFACE('',#6796,0.3);
#6798=CARTESIAN_POINT('',(456.43378583,-47.852078867,126.113282186));
#6799=VERTEX_POINT('',#6798);
#6800=CARTESIAN_POINT('',(456.28378583,-47.852078867,126.373089807));
#6801=VERTEX_POINT('',#6800);
#6802=CARTESIAN_POINT('',(456.13378583,-47.852078867,126.113282186));
#6803=DIRECTION('',(0.,-1.,0.));
#6804=DIRECTION('',(0.,0.,-1.));
#6805=AXIS2_PLACEMENT_3D('',#6802,#6803,#6804);
#6806=CIRCLE('',#6805,0.3);
#6807=EDGE_CURVE('',#6799,#6801,#6806,.T.);
#6808=ORIENTED_EDGE('',*,*,#6807,.F.);
#6809=CARTESIAN_POINT('',(456.43378583,-47.852078867,126.113282186));
#6810=DIRECTION('',(0.,-1.,0.));
#6811=VECTOR('',#6810,9.1);
#6812=LINE('',#6809,#6811);
#6813=EDGE_CURVE('',#6799,#5257,#6812,.T.);
#6814=ORIENTED_EDGE('',*,*,#6813,.T.);
#6815=ORIENTED_EDGE('',*,*,#5263,.T.);
#6816=CARTESIAN_POINT('',(456.28378583,-47.852078867,126.373089807));
#6817=DIRECTION('',(0.,-1.,0.));
#6818=VECTOR('',#6817,9.1);
#6819=LINE('',#6816,#6818);
#6820=EDGE_CURVE('',#6801,#5249,#6819,.T.);
#6821=ORIENTED_EDGE('',*,*,#6820,.F.);
#6822=EDGE_LOOP('',(#6808,#6814,#6815,#6821));
#6823=FACE_BOUND('',#6822,.T.);
#6824=ADVANCED_FACE('',(#6823),#6797,.F.);
#6825=CARTESIAN_POINT('',(456.43378583,-47.852078867,120.570719602));
#6826=DIRECTION('',(1.,0.,0.));
#6827=DIRECTION('',(0.,0.,1.));
#6828=AXIS2_PLACEMENT_3D('',#6825,#6826,#6827);
#6829=PLANE('',#6828);
#6830=CARTESIAN_POINT('',(456.43378583,-47.852078867,120.570719602));
#6831=VERTEX_POINT('',#6830);
#6832=CARTESIAN_POINT('',(456.43378583,-47.852078867,120.570719602));
#6833=DIRECTION('',(0.,0.,1.));
#6834=VECTOR('',#6833,5.542562584);
#6835=LINE('',#6832,#6834);
#6836=EDGE_CURVE('',#6831,#6799,#6835,.T.);
#6837=ORIENTED_EDGE('',*,*,#6836,.F.);
#6838=CARTESIAN_POINT('',(456.43378583,-47.852078867,120.570719602));
#6839=DIRECTION('',(0.,-1.,0.));
#6840=VECTOR('',#6839,9.1);
#6841=LINE('',#6838,#6840);
#6842=EDGE_CURVE('',#6831,#5266,#6841,.T.);
#6843=ORIENTED_EDGE('',*,*,#6842,.T.);
#6844=ORIENTED_EDGE('',*,*,#5271,.T.);
#6845=ORIENTED_EDGE('',*,*,#6813,.F.);
#6846=EDGE_LOOP('',(#6837,#6843,#6844,#6845));
#6847=FACE_BOUND('',#6846,.T.);
#6848=ADVANCED_FACE('',(#6847),#6829,.F.);
#6849=CARTESIAN_POINT('',(456.13378583,-47.852078867,120.570719602));
#6850=DIRECTION('',(0.,-1.,0.));
#6851=DIRECTION('',(0.5,0.,-0.866025404));
#6852=AXIS2_PLACEMENT_3D('',#6849,#6850,#6851);
#6853=CYLINDRICAL_SURFACE('',#6852,0.3);
#6854=CARTESIAN_POINT('',(456.28378583,-47.852078867,120.310911981));
#6855=VERTEX_POINT('',#6854);
#6856=CARTESIAN_POINT('',(456.13378583,-47.852078867,120.570719602));
#6857=DIRECTION('',(0.,-1.,0.));
#6858=DIRECTION('',(0.,0.,-1.));
#6859=AXIS2_PLACEMENT_3D('',#6856,#6857,#6858);
#6860=CIRCLE('',#6859,0.3);
#6861=EDGE_CURVE('',#6855,#6831,#6860,.T.);
#6862=ORIENTED_EDGE('',*,*,#6861,.F.);
#6863=CARTESIAN_POINT('',(456.28378583,-47.852078867,120.310911981));
#6864=DIRECTION('',(0.,-1.,0.));
#6865=VECTOR('',#6864,9.1);
#6866=LINE('',#6863,#6865);
#6867=EDGE_CURVE('',#6855,#5274,#6866,.T.);
#6868=ORIENTED_EDGE('',*,*,#6867,.T.);
#6869=ORIENTED_EDGE('',*,*,#5280,.T.);
#6870=ORIENTED_EDGE('',*,*,#6842,.F.);
#6871=EDGE_LOOP('',(#6862,#6868,#6869,#6870));
#6872=FACE_BOUND('',#6871,.T.);
#6873=ADVANCED_FACE('',(#6872),#6853,.F.);
#6874=CARTESIAN_POINT('',(451.48378583,-47.852078867,117.539630689));
#6875=DIRECTION('',(0.5,0.,-0.866025404));
#6876=DIRECTION('',(0.866025404,0.,0.5));
#6877=AXIS2_PLACEMENT_3D('',#6874,#6875,#6876);
#6878=PLANE('',#6877);
#6879=CARTESIAN_POINT('',(451.48378583,-47.852078867,117.539630689));
#6880=VERTEX_POINT('',#6879);
#6881=CARTESIAN_POINT('',(451.48378583,-47.852078867,117.539630689));
#6882=DIRECTION('',(0.866025404,0.,0.5));
#6883=VECTOR('',#6882,5.542562584);
#6884=LINE('',#6881,#6883);
#6885=EDGE_CURVE('',#6880,#6855,#6884,.T.);
#6886=ORIENTED_EDGE('',*,*,#6885,.F.);
#6887=CARTESIAN_POINT('',(451.48378583,-47.852078867,117.539630689));
#6888=DIRECTION('',(0.,-1.,0.));
#6889=VECTOR('',#6888,9.1);
#6890=LINE('',#6887,#6889);
#6891=EDGE_CURVE('',#6880,#5283,#6890,.T.);
#6892=ORIENTED_EDGE('',*,*,#6891,.T.);
#6893=ORIENTED_EDGE('',*,*,#5288,.T.);
#6894=ORIENTED_EDGE('',*,*,#6867,.F.);
#6895=EDGE_LOOP('',(#6886,#6892,#6893,#6894));
#6896=FACE_BOUND('',#6895,.T.);
#6897=ADVANCED_FACE('',(#6896),#6878,.F.);
#6898=CARTESIAN_POINT('',(451.33378583,-47.852078867,117.79943831));
#6899=DIRECTION('',(0.,-1.,-0.));
#6900=DIRECTION('',(-0.5,0.,-0.866025404));
#6901=AXIS2_PLACEMENT_3D('',#6898,#6899,#6900);
#6902=CYLINDRICAL_SURFACE('',#6901,0.3);
#6903=CARTESIAN_POINT('',(451.18378583,-47.852078867,117.539630689));
#6904=VERTEX_POINT('',#6903);
#6905=CARTESIAN_POINT('',(451.33378583,-47.852078867,117.79943831));
#6906=DIRECTION('',(0.,-1.,0.));
#6907=DIRECTION('',(0.,0.,-1.));
#6908=AXIS2_PLACEMENT_3D('',#6905,#6906,#6907);
#6909=CIRCLE('',#6908,0.3);
#6910=EDGE_CURVE('',#6904,#6880,#6909,.T.);
#6911=ORIENTED_EDGE('',*,*,#6910,.F.);
#6912=CARTESIAN_POINT('',(451.18378583,-47.852078867,117.539630689));
#6913=DIRECTION('',(0.,-1.,0.));
#6914=VECTOR('',#6913,9.1);
#6915=LINE('',#6912,#6914);
#6916=EDGE_CURVE('',#6904,#5291,#6915,.T.);
#6917=ORIENTED_EDGE('',*,*,#6916,.T.);
#6918=ORIENTED_EDGE('',*,*,#5297,.T.);
#6919=ORIENTED_EDGE('',*,*,#6891,.F.);
#6920=EDGE_LOOP('',(#6911,#6917,#6918,#6919));
#6921=FACE_BOUND('',#6920,.T.);
#6922=ADVANCED_FACE('',(#6921),#6902,.F.);
#6923=CARTESIAN_POINT('',(446.38378583,-47.852078867,120.310911981));
#6924=DIRECTION('',(-0.5,0.,-0.866025404));
#6925=DIRECTION('',(0.866025404,0.,-0.5));
#6926=AXIS2_PLACEMENT_3D('',#6923,#6924,#6925);
#6927=PLANE('',#6926);
#6928=CARTESIAN_POINT('',(446.38378583,-47.852078867,120.310911981));
#6929=VERTEX_POINT('',#6928);
#6930=CARTESIAN_POINT('',(446.38378583,-47.852078867,120.310911981));
#6931=DIRECTION('',(0.866025404,0.,-0.5));
#6932=VECTOR('',#6931,5.542562584);
#6933=LINE('',#6930,#6932);
#6934=EDGE_CURVE('',#6929,#6904,#6933,.T.);
#6935=ORIENTED_EDGE('',*,*,#6934,.F.);
#6936=CARTESIAN_POINT('',(446.38378583,-47.852078867,120.310911981));
#6937=DIRECTION('',(0.,-1.,0.));
#6938=VECTOR('',#6937,9.1);
#6939=LINE('',#6936,#6938);
#6940=EDGE_CURVE('',#6929,#5300,#6939,.T.);
#6941=ORIENTED_EDGE('',*,*,#6940,.T.);
#6942=ORIENTED_EDGE('',*,*,#5305,.T.);
#6943=ORIENTED_EDGE('',*,*,#6916,.F.);
#6944=EDGE_LOOP('',(#6935,#6941,#6942,#6943));
#6945=FACE_BOUND('',#6944,.T.);
#6946=ADVANCED_FACE('',(#6945),#6927,.F.);
#6947=CARTESIAN_POINT('',(446.53378583,-47.852078867,120.570719602));
#6948=DIRECTION('',(0.,-1.,0.));
#6949=DIRECTION('',(-1.,0.,0.));
#6950=AXIS2_PLACEMENT_3D('',#6947,#6948,#6949);
#6951=CYLINDRICAL_SURFACE('',#6950,0.3);
#6952=CARTESIAN_POINT('',(446.23378583,-47.852078867,120.570719602));
#6953=VERTEX_POINT('',#6952);
#6954=CARTESIAN_POINT('',(446.53378583,-47.852078867,120.570719602));
#6955=DIRECTION('',(0.,-1.,0.));
#6956=DIRECTION('',(0.,0.,-1.));
#6957=AXIS2_PLACEMENT_3D('',#6954,#6955,#6956);
#6958=CIRCLE('',#6957,0.3);
#6959=EDGE_CURVE('',#6953,#6929,#6958,.T.);
#6960=ORIENTED_EDGE('',*,*,#6959,.F.);
#6961=CARTESIAN_POINT('',(446.23378583,-47.852078867,120.570719602));
#6962=DIRECTION('',(0.,-1.,0.));
#6963=VECTOR('',#6962,9.1);
#6964=LINE('',#6961,#6963);
#6965=EDGE_CURVE('',#6953,#5308,#6964,.T.);
#6966=ORIENTED_EDGE('',*,*,#6965,.T.);
#6967=ORIENTED_EDGE('',*,*,#5314,.T.);
#6968=ORIENTED_EDGE('',*,*,#6940,.F.);
#6969=EDGE_LOOP('',(#6960,#6966,#6967,#6968));
#6970=FACE_BOUND('',#6969,.T.);
#6971=ADVANCED_FACE('',(#6970),#6951,.F.);
#6972=CARTESIAN_POINT('',(446.23378583,-47.852078867,126.113282186));
#6973=DIRECTION('',(-1.,0.,0.));
#6974=DIRECTION('',(0.,0.,-1.));
#6975=AXIS2_PLACEMENT_3D('',#6972,#6973,#6974);
#6976=PLANE('',#6975);
#6977=CARTESIAN_POINT('',(446.23378583,-47.852078867,126.113282186));
#6978=VERTEX_POINT('',#6977);
#6979=CARTESIAN_POINT('',(446.23378583,-47.852078867,126.113282186));
#6980=DIRECTION('',(-0.,-0.,-1.));
#6981=VECTOR('',#6980,5.542562584);
#6982=LINE('',#6979,#6981);
#6983=EDGE_CURVE('',#6978,#6953,#6982,.T.);
#6984=ORIENTED_EDGE('',*,*,#6983,.F.);
#6985=CARTESIAN_POINT('',(446.23378583,-47.852078867,126.113282186));
#6986=DIRECTION('',(0.,-1.,0.));
#6987=VECTOR('',#6986,9.1);
#6988=LINE('',#6985,#6987);
#6989=EDGE_CURVE('',#6978,#5317,#6988,.T.);
#6990=ORIENTED_EDGE('',*,*,#6989,.T.);
#6991=ORIENTED_EDGE('',*,*,#5322,.T.);
#6992=ORIENTED_EDGE('',*,*,#6965,.F.);
#6993=EDGE_LOOP('',(#6984,#6990,#6991,#6992));
#6994=FACE_BOUND('',#6993,.T.);
#6995=ADVANCED_FACE('',(#6994),#6976,.F.);
#6996=CARTESIAN_POINT('',(446.53378583,-47.852078867,126.113282186));
#6997=DIRECTION('',(0.,-1.,0.));
#6998=DIRECTION('',(-0.5,0.,0.866025404));
#6999=AXIS2_PLACEMENT_3D('',#6996,#6997,#6998);
#7000=CYLINDRICAL_SURFACE('',#6999,0.3);
#7001=CARTESIAN_POINT('',(446.38378583,-47.852078867,126.373089807));
#7002=VERTEX_POINT('',#7001);
#7003=CARTESIAN_POINT('',(446.53378583,-47.852078867,126.113282186));
#7004=DIRECTION('',(0.,-1.,0.));
#7005=DIRECTION('',(0.,0.,-1.));
#7006=AXIS2_PLACEMENT_3D('',#7003,#7004,#7005);
#7007=CIRCLE('',#7006,0.3);
#7008=EDGE_CURVE('',#7002,#6978,#7007,.T.);
#7009=ORIENTED_EDGE('',*,*,#7008,.F.);
#7010=CARTESIAN_POINT('',(446.38378583,-47.852078867,126.373089807));
#7011=DIRECTION('',(0.,-1.,0.));
#7012=VECTOR('',#7011,9.1);
#7013=LINE('',#7010,#7012);
#7014=EDGE_CURVE('',#7002,#5325,#7013,.T.);
#7015=ORIENTED_EDGE('',*,*,#7014,.T.);
#7016=ORIENTED_EDGE('',*,*,#5331,.T.);
#7017=ORIENTED_EDGE('',*,*,#6989,.F.);
#7018=EDGE_LOOP('',(#7009,#7015,#7016,#7017));
#7019=FACE_BOUND('',#7018,.T.);
#7020=ADVANCED_FACE('',(#7019),#7000,.F.);
#7021=CARTESIAN_POINT('',(451.18378583,-47.852078867,129.144371099));
#7022=DIRECTION('',(-0.5,0.,0.866025404));
#7023=DIRECTION('',(-0.866025404,0.,-0.5));
#7024=AXIS2_PLACEMENT_3D('',#7021,#7022,#7023);
#7025=PLANE('',#7024);
#7026=CARTESIAN_POINT('',(451.18378583,-47.852078867,129.144371099));
#7027=VERTEX_POINT('',#7026);
#7028=CARTESIAN_POINT('',(451.18378583,-47.852078867,129.144371099));
#7029=DIRECTION('',(-0.866025404,0.,-0.5));
#7030=VECTOR('',#7029,5.542562584);
#7031=LINE('',#7028,#7030);
#7032=EDGE_CURVE('',#7027,#7002,#7031,.T.);
#7033=ORIENTED_EDGE('',*,*,#7032,.F.);
#7034=CARTESIAN_POINT('',(451.18378583,-47.852078867,129.144371099));
#7035=DIRECTION('',(0.,-1.,0.));
#7036=VECTOR('',#7035,9.1);
#7037=LINE('',#7034,#7036);
#7038=EDGE_CURVE('',#7027,#5240,#7037,.T.);
#7039=ORIENTED_EDGE('',*,*,#7038,.T.);
#7040=ORIENTED_EDGE('',*,*,#5337,.T.);
#7041=ORIENTED_EDGE('',*,*,#7014,.F.);
#7042=EDGE_LOOP('',(#7033,#7039,#7040,#7041));
#7043=FACE_BOUND('',#7042,.T.);
#7044=ADVANCED_FACE('',(#7043),#7025,.F.);
#7045=CARTESIAN_POINT('',(451.33378583,-47.852078867,128.884563478));
#7046=DIRECTION('',(0.,-1.,0.));
#7047=DIRECTION('',(0.5,0.,0.866025404));
#7048=AXIS2_PLACEMENT_3D('',#7045,#7046,#7047);
#7049=CYLINDRICAL_SURFACE('',#7048,0.3);
#7050=CARTESIAN_POINT('',(451.48378583,-47.852078867,129.144371099));
#7051=VERTEX_POINT('',#7050);
#7052=CARTESIAN_POINT('',(451.33378583,-47.852078867,128.884563478));
#7053=DIRECTION('',(0.,-1.,0.));
#7054=DIRECTION('',(0.,0.,-1.));
#7055=AXIS2_PLACEMENT_3D('',#7052,#7053,#7054);
#7056=CIRCLE('',#7055,0.3);
#7057=EDGE_CURVE('',#7051,#7027,#7056,.T.);
#7058=ORIENTED_EDGE('',*,*,#7057,.F.);
#7059=CARTESIAN_POINT('',(451.48378583,-47.852078867,129.144371099));
#7060=DIRECTION('',(0.,-1.,0.));
#7061=VECTOR('',#7060,9.1);
#7062=LINE('',#7059,#7061);
#7063=EDGE_CURVE('',#7051,#5238,#7062,.T.);
#7064=ORIENTED_EDGE('',*,*,#7063,.T.);
#7065=ORIENTED_EDGE('',*,*,#5246,.T.);
#7066=ORIENTED_EDGE('',*,*,#7038,.F.);
#7067=EDGE_LOOP('',(#7058,#7064,#7065,#7066));
#7068=FACE_BOUND('',#7067,.T.);
#7069=ADVANCED_FACE('',(#7068),#7049,.F.);
#7070=CARTESIAN_POINT('',(456.28378583,-47.852078867,126.373089807));
#7071=DIRECTION('',(0.5,0.,0.866025404));
#7072=DIRECTION('',(-0.866025404,0.,0.5));
#7073=AXIS2_PLACEMENT_3D('',#7070,#7071,#7072);
#7074=PLANE('',#7073);
#7075=CARTESIAN_POINT('',(456.28378583,-47.852078867,126.373089807));
#7076=DIRECTION('',(-0.866025404,0.,0.5));
#7077=VECTOR('',#7076,5.542562584);
#7078=LINE('',#7075,#7077);
#7079=EDGE_CURVE('',#6801,#7051,#7078,.T.);
#7080=ORIENTED_EDGE('',*,*,#7079,.F.);
#7081=ORIENTED_EDGE('',*,*,#6820,.T.);
#7082=ORIENTED_EDGE('',*,*,#5254,.T.);
#7083=ORIENTED_EDGE('',*,*,#7063,.F.);
#7084=EDGE_LOOP('',(#7080,#7081,#7082,#7083));
#7085=FACE_BOUND('',#7084,.T.);
#7086=ADVANCED_FACE('',(#7085),#7074,.F.);
#7087=CARTESIAN_POINT('',(460.33378583,-48.852078867,158.342000894));
#7088=DIRECTION('',(0.707106781,0.707106781,0.));
#7089=DIRECTION('',(0.,0.,-1.));
#7090=AXIS2_PLACEMENT_3D('',#7087,#7088,#7089);
#7091=PLANE('',#7090);
#7092=CARTESIAN_POINT('',(460.33378583,-48.852078867,102.342000894));
#7093=VERTEX_POINT('',#7092);
#7094=CARTESIAN_POINT('',(461.33378583,-49.852078867,102.342000894));
#7095=DIRECTION('',(-0.707106781,0.707106781,0.));
#7096=VECTOR('',#7095,1.414213562);
#7097=LINE('',#7094,#7096);
#7098=EDGE_CURVE('',#5597,#7093,#7097,.T.);
#7099=ORIENTED_EDGE('',*,*,#7098,.T.);
#7100=CARTESIAN_POINT('',(459.33378583,-47.852078867,103.342000894));
#7101=VERTEX_POINT('',#7100);
#7102=CARTESIAN_POINT('',(460.33378583,-48.852078867,102.342000894));
#7103=DIRECTION('',(-0.577350269,0.577350269,0.577350269));
#7104=VECTOR('',#7103,1.732050808);
#7105=LINE('',#7102,#7104);
#7106=EDGE_CURVE('',#7093,#7101,#7105,.T.);
#7107=ORIENTED_EDGE('',*,*,#7106,.T.);
#7108=CARTESIAN_POINT('',(459.33378583,-47.852078864,150.055393857));
#7109=VERTEX_POINT('',#7108);
#7110=CARTESIAN_POINT('',(459.33378583,-47.852078867,103.342000894));
#7111=DIRECTION('',(-0.,-0.,1.));
#7112=VECTOR('',#7111,46.713392963);
#7113=LINE('',#7110,#7112);
#7114=EDGE_CURVE('',#7101,#7109,#7113,.T.);
#7115=ORIENTED_EDGE('',*,*,#7114,.T.);
#7116=CARTESIAN_POINT('',(459.333785829,-47.852078866,150.055393844));
#7117=DIRECTION('',(0.707106781,-0.707106781,-0.));
#7118=VECTOR('',#7117,2.828427128);
#7119=LINE('',#7116,#7118);
#7120=EDGE_CURVE('',#7109,#5605,#7119,.T.);
#7121=ORIENTED_EDGE('',*,*,#7120,.T.);
#7122=ORIENTED_EDGE('',*,*,#5610,.T.);
#7123=EDGE_LOOP('',(#7099,#7107,#7115,#7121,#7122));
#7124=FACE_BOUND('',#7123,.T.);
#7125=ADVANCED_FACE('',(#7124),#7091,.T.);
#7126=CARTESIAN_POINT('',(434.729367965,-74.456496731,175.659811709));
#7127=DIRECTION('',(0.40824829,0.40824829,0.816496581));
#7128=DIRECTION('',(-0.,-0.894427191,0.447213595));
#7129=AXIS2_PLACEMENT_3D('',#7126,#7127,#7128);
#7130=PLANE('',#7129);
#7131=CARTESIAN_POINT('',(452.760571758,-47.85207886,153.342000903));
#7132=VERTEX_POINT('',#7131);
#7133=CARTESIAN_POINT('',(452.76057175,-47.852078868,153.342000913));
#7134=DIRECTION('',(0.707106781,-0.707106781,-0.));
#7135=VECTOR('',#7134,12.124355623);
#7136=LINE('',#7133,#7135);
#7137=EDGE_CURVE('',#7132,#5613,#7136,.T.);
#7138=ORIENTED_EDGE('',*,*,#7137,.T.);
#7139=ORIENTED_EDGE('',*,*,#5618,.T.);
#7140=ORIENTED_EDGE('',*,*,#7120,.F.);
#7141=CARTESIAN_POINT('',(459.333785835,-47.852078856,150.055393868));
#7142=DIRECTION('',(-0.894427191,-0.,0.447213595));
#7143=VECTOR('',#7142,7.349076752);
#7144=LINE('',#7141,#7143);
#7145=EDGE_CURVE('',#7109,#7132,#7144,.T.);
#7146=ORIENTED_EDGE('',*,*,#7145,.T.);
#7147=EDGE_LOOP('',(#7138,#7139,#7140,#7146));
#7148=FACE_BOUND('',#7147,.T.);
#7149=ADVANCED_FACE('',(#7148),#7130,.T.);
#7150=CARTESIAN_POINT('',(416.33378583,-92.952078867,153.342000894));
#7151=DIRECTION('',(0.,0.,-1.));
#7152=DIRECTION('',(0.,1.,0.));
#7153=AXIS2_PLACEMENT_3D('',#7150,#7151,#7152);
#7154=PLANE('',#7153);
#7155=ORIENTED_EDGE('',*,*,#5374,.T.);
#7156=ORIENTED_EDGE('',*,*,#5624,.T.);
#7157=ORIENTED_EDGE('',*,*,#7137,.F.);
#7158=CARTESIAN_POINT('',(379.906999917,-47.852078864,153.342000898));
#7159=VERTEX_POINT('',#7158);
#7160=CARTESIAN_POINT('',(452.760571758,-47.852078867,153.342000894));
#7161=DIRECTION('',(-1.,-0.,0.));
#7162=VECTOR('',#7161,72.853571841);
#7163=LINE('',#7160,#7162);
#7164=EDGE_CURVE('',#7132,#7159,#7163,.T.);
#7165=ORIENTED_EDGE('',*,*,#7164,.T.);
#7166=CARTESIAN_POINT('',(371.333785829,-56.425292958,153.342000903));
#7167=DIRECTION('',(0.707106781,0.707106781,0.));
#7168=VECTOR('',#7167,12.12435564);
#7169=LINE('',#7166,#7168);
#7170=EDGE_CURVE('',#5463,#7159,#7169,.T.);
#7171=ORIENTED_EDGE('',*,*,#7170,.F.);
#7172=ORIENTED_EDGE('',*,*,#5468,.T.);
#7173=EDGE_LOOP('',(#7155,#7156,#7157,#7165,#7171,#7172));
#7174=FACE_BOUND('',#7173,.T.);
#7175=ADVANCED_FACE('',(#7174),#7154,.F.);
#7176=CARTESIAN_POINT('',(386.521537028,-63.039830065,164.243145042));
#7177=DIRECTION('',(-0.40824829,0.40824829,0.816496581));
#7178=DIRECTION('',(0.,-0.894427191,0.447213595));
#7179=AXIS2_PLACEMENT_3D('',#7176,#7177,#7178);
#7180=PLANE('',#7179);
#7181=ORIENTED_EDGE('',*,*,#5476,.T.);
#7182=ORIENTED_EDGE('',*,*,#7170,.T.);
#7183=CARTESIAN_POINT('',(373.33378583,-47.852078866,150.055393851));
#7184=VERTEX_POINT('',#7183);
#7185=CARTESIAN_POINT('',(379.906999917,-47.852078863,153.342000898));
#7186=DIRECTION('',(-0.894427191,0.,-0.447213595));
#7187=VECTOR('',#7186,7.349076766);
#7188=LINE('',#7185,#7187);
#7189=EDGE_CURVE('',#7159,#7184,#7188,.T.);
#7190=ORIENTED_EDGE('',*,*,#7189,.T.);
#7191=CARTESIAN_POINT('',(371.333785829,-49.852078868,150.055393844));
#7192=DIRECTION('',(0.707106781,0.707106781,0.));
#7193=VECTOR('',#7192,2.828427127);
#7194=LINE('',#7191,#7193);
#7195=EDGE_CURVE('',#5471,#7184,#7194,.T.);
#7196=ORIENTED_EDGE('',*,*,#7195,.F.);
#7197=EDGE_LOOP('',(#7181,#7182,#7190,#7196));
#7198=FACE_BOUND('',#7197,.T.);
#7199=ADVANCED_FACE('',(#7198),#7180,.T.);
#7200=CARTESIAN_POINT('',(372.33378583,-48.852078867,158.342000894));
#7201=DIRECTION('',(-0.707106781,0.707106781,0.));
#7202=DIRECTION('',(0.,0.,1.));
#7203=AXIS2_PLACEMENT_3D('',#7200,#7201,#7202);
#7204=PLANE('',#7203);
#7205=CARTESIAN_POINT('',(373.33378583,-47.852078867,103.342000894));
#7206=VERTEX_POINT('',#7205);
#7207=CARTESIAN_POINT('',(373.33378583,-47.852078867,150.055393851));
#7208=DIRECTION('',(-0.,-0.,-1.));
#7209=VECTOR('',#7208,46.713392957);
#7210=LINE('',#7207,#7209);
#7211=EDGE_CURVE('',#7184,#7206,#7210,.T.);
#7212=ORIENTED_EDGE('',*,*,#7211,.T.);
#7213=CARTESIAN_POINT('',(372.33378583,-48.852078867,102.342000894));
#7214=VERTEX_POINT('',#7213);
#7215=CARTESIAN_POINT('',(373.33378583,-47.852078867,103.342000894));
#7216=DIRECTION('',(-0.577350269,-0.577350269,-0.577350269));
#7217=VECTOR('',#7216,1.732050808);
#7218=LINE('',#7215,#7217);
#7219=EDGE_CURVE('',#7206,#7214,#7218,.T.);
#7220=ORIENTED_EDGE('',*,*,#7219,.T.);
#7221=CARTESIAN_POINT('',(372.33378583,-48.852078867,102.342000894));
#7222=DIRECTION('',(-0.707106781,-0.707106781,-0.));
#7223=VECTOR('',#7222,1.414213562);
#7224=LINE('',#7221,#7223);
#7225=EDGE_CURVE('',#7214,#5479,#7224,.T.);
#7226=ORIENTED_EDGE('',*,*,#7225,.T.);
#7227=ORIENTED_EDGE('',*,*,#5484,.T.);
#7228=ORIENTED_EDGE('',*,*,#7195,.T.);
#7229=EDGE_LOOP('',(#7212,#7220,#7226,#7227,#7228));
#7230=FACE_BOUND('',#7229,.T.);
#7231=ADVANCED_FACE('',(#7230),#7204,.T.);
#7232=CARTESIAN_POINT('',(347.83378583,-47.852078867,158.342000894));
#7233=DIRECTION('',(0.,1.,0.));
#7234=DIRECTION('',(0.,0.,1.));
#7235=AXIS2_PLACEMENT_3D('',#7232,#7233,#7234);
#7236=PLANE('',#7235);
#7237=ORIENTED_EDGE('',*,*,#7114,.F.);
#7238=CARTESIAN_POINT('',(431.78378583,-47.852078867,103.342000894));
#7239=VERTEX_POINT('',#7238);
#7240=CARTESIAN_POINT('',(459.33378583,-47.852078867,103.342000894));
#7241=DIRECTION('',(-1.,0.,0.));
#7242=VECTOR('',#7241,27.55);
#7243=LINE('',#7240,#7242);
#7244=EDGE_CURVE('',#7101,#7239,#7243,.T.);
#7245=ORIENTED_EDGE('',*,*,#7244,.T.);
#7246=CARTESIAN_POINT('',(431.78378583,-47.852078867,140.942000894));
#7247=VERTEX_POINT('',#7246);
#7248=CARTESIAN_POINT('',(431.78378583,-47.852078867,103.342000894));
#7249=DIRECTION('',(-0.,-0.,1.));
#7250=VECTOR('',#7249,37.6);
#7251=LINE('',#7248,#7250);
#7252=EDGE_CURVE('',#7239,#7247,#7251,.T.);
#7253=ORIENTED_EDGE('',*,*,#7252,.T.);
#7254=CARTESIAN_POINT('',(400.88378583,-47.852078867,140.942000894));
#7255=VERTEX_POINT('',#7254);
#7256=CARTESIAN_POINT('',(431.78378583,-47.852078867,140.942000894));
#7257=DIRECTION('',(-1.,-0.,0.));
#7258=VECTOR('',#7257,30.9);
#7259=LINE('',#7256,#7258);
#7260=EDGE_CURVE('',#7247,#7255,#7259,.T.);
#7261=ORIENTED_EDGE('',*,*,#7260,.T.);
#7262=CARTESIAN_POINT('',(400.88378583,-47.852078867,103.342000894));
#7263=VERTEX_POINT('',#7262);
#7264=CARTESIAN_POINT('',(400.88378583,-47.852078867,140.942000894));
#7265=DIRECTION('',(-0.,-0.,-1.));
#7266=VECTOR('',#7265,37.6);
#7267=LINE('',#7264,#7266);
#7268=EDGE_CURVE('',#7255,#7263,#7267,.T.);
#7269=ORIENTED_EDGE('',*,*,#7268,.T.);
#7270=CARTESIAN_POINT('',(400.88378583,-47.852078867,103.342000894));
#7271=DIRECTION('',(-1.,0.,0.));
#7272=VECTOR('',#7271,27.55);
#7273=LINE('',#7270,#7272);
#7274=EDGE_CURVE('',#7263,#7206,#7273,.T.);
#7275=ORIENTED_EDGE('',*,*,#7274,.T.);
#7276=ORIENTED_EDGE('',*,*,#7211,.F.);
#7277=ORIENTED_EDGE('',*,*,#7189,.F.);
#7278=ORIENTED_EDGE('',*,*,#7164,.F.);
#7279=ORIENTED_EDGE('',*,*,#7145,.F.);
#7280=EDGE_LOOP('',(#7237,#7245,#7253,#7261,#7269,#7275,#7276,#7277,#7278,#7279));
#7281=FACE_BOUND('',#7280,.T.);
#7282=ORIENTED_EDGE('',*,*,#7079,.T.);
#7283=ORIENTED_EDGE('',*,*,#7057,.T.);
#7284=ORIENTED_EDGE('',*,*,#7032,.T.);
#7285=ORIENTED_EDGE('',*,*,#7008,.T.);
#7286=ORIENTED_EDGE('',*,*,#6983,.T.);
#7287=ORIENTED_EDGE('',*,*,#6959,.T.);
#7288=ORIENTED_EDGE('',*,*,#6934,.T.);
#7289=ORIENTED_EDGE('',*,*,#6910,.T.);
#7290=ORIENTED_EDGE('',*,*,#6885,.T.);
#7291=ORIENTED_EDGE('',*,*,#6861,.T.);
#7292=ORIENTED_EDGE('',*,*,#6836,.T.);
#7293=ORIENTED_EDGE('',*,*,#6807,.T.);
#7294=EDGE_LOOP('',(#7282,#7283,#7284,#7285,#7286,#7287,#7288,#7289,#7290,#7291,#7292,#7293));
#7295=FACE_BOUND('',#7294,.T.);
#7296=ORIENTED_EDGE('',*,*,#6785,.T.);
#7297=ORIENTED_EDGE('',*,*,#6763,.T.);
#7298=ORIENTED_EDGE('',*,*,#6738,.T.);
#7299=ORIENTED_EDGE('',*,*,#6714,.T.);
#7300=ORIENTED_EDGE('',*,*,#6689,.T.);
#7301=ORIENTED_EDGE('',*,*,#6665,.T.);
#7302=ORIENTED_EDGE('',*,*,#6640,.T.);
#7303=ORIENTED_EDGE('',*,*,#6616,.T.);
#7304=ORIENTED_EDGE('',*,*,#6591,.T.);
#7305=ORIENTED_EDGE('',*,*,#6567,.T.);
#7306=ORIENTED_EDGE('',*,*,#6542,.T.);
#7307=ORIENTED_EDGE('',*,*,#6513,.T.);
#7308=EDGE_LOOP('',(#7296,#7297,#7298,#7299,#7300,#7301,#7302,#7303,#7304,#7305,#7306,#7307));
#7309=FACE_BOUND('',#7308,.T.);
#7310=ORIENTED_EDGE('',*,*,#6491,.T.);
#7311=ORIENTED_EDGE('',*,*,#6469,.T.);
#7312=ORIENTED_EDGE('',*,*,#6444,.T.);
#7313=ORIENTED_EDGE('',*,*,#6420,.T.);
#7314=ORIENTED_EDGE('',*,*,#6395,.T.);
#7315=ORIENTED_EDGE('',*,*,#6371,.T.);
#7316=ORIENTED_EDGE('',*,*,#6346,.T.);
#7317=ORIENTED_EDGE('',*,*,#6322,.T.);
#7318=ORIENTED_EDGE('',*,*,#6297,.T.);
#7319=ORIENTED_EDGE('',*,*,#6273,.T.);
#7320=ORIENTED_EDGE('',*,*,#6248,.T.);
#7321=ORIENTED_EDGE('',*,*,#6219,.T.);
#7322=EDGE_LOOP('',(#7310,#7311,#7312,#7313,#7314,#7315,#7316,#7317,#7318,#7319,#7320,#7321));
#7323=FACE_BOUND('',#7322,.T.);
#7324=ORIENTED_EDGE('',*,*,#6197,.T.);
#7325=ORIENTED_EDGE('',*,*,#6175,.T.);
#7326=ORIENTED_EDGE('',*,*,#6150,.T.);
#7327=ORIENTED_EDGE('',*,*,#6126,.T.);
#7328=ORIENTED_EDGE('',*,*,#6101,.T.);
#7329=ORIENTED_EDGE('',*,*,#6077,.T.);
#7330=ORIENTED_EDGE('',*,*,#6052,.T.);
#7331=ORIENTED_EDGE('',*,*,#6028,.T.);
#7332=ORIENTED_EDGE('',*,*,#6003,.T.);
#7333=ORIENTED_EDGE('',*,*,#5979,.T.);
#7334=ORIENTED_EDGE('',*,*,#5954,.T.);
#7335=ORIENTED_EDGE('',*,*,#5925,.T.);
#7336=EDGE_LOOP('',(#7324,#7325,#7326,#7327,#7328,#7329,#7330,#7331,#7332,#7333,#7334,#7335));
#7337=FACE_BOUND('',#7336,.T.);
#7338=ORIENTED_EDGE('',*,*,#5899,.F.);
#7339=ORIENTED_EDGE('',*,*,#5906,.F.);
#7340=EDGE_LOOP('',(#7338,#7339));
#7341=FACE_BOUND('',#7340,.T.);
#7342=ORIENTED_EDGE('',*,*,#5864,.F.);
#7343=ORIENTED_EDGE('',*,*,#5871,.F.);
#7344=EDGE_LOOP('',(#7342,#7343));
#7345=FACE_BOUND('',#7344,.T.);
#7346=ORIENTED_EDGE('',*,*,#5829,.F.);
#7347=ORIENTED_EDGE('',*,*,#5836,.F.);
#7348=EDGE_LOOP('',(#7346,#7347));
#7349=FACE_BOUND('',#7348,.T.);
#7350=ORIENTED_EDGE('',*,*,#5794,.F.);
#7351=ORIENTED_EDGE('',*,*,#5801,.F.);
#7352=EDGE_LOOP('',(#7350,#7351));
#7353=FACE_BOUND('',#7352,.T.);
#7354=ORIENTED_EDGE('',*,*,#5759,.F.);
#7355=ORIENTED_EDGE('',*,*,#5766,.F.);
#7356=EDGE_LOOP('',(#7354,#7355));
#7357=FACE_BOUND('',#7356,.T.);
#7358=ORIENTED_EDGE('',*,*,#5724,.F.);
#7359=ORIENTED_EDGE('',*,*,#5731,.F.);
#7360=EDGE_LOOP('',(#7358,#7359));
#7361=FACE_BOUND('',#7360,.T.);
#7362=ORIENTED_EDGE('',*,*,#5689,.F.);
#7363=ORIENTED_EDGE('',*,*,#5696,.F.);
#7364=EDGE_LOOP('',(#7362,#7363));
#7365=FACE_BOUND('',#7364,.T.);
#7366=ORIENTED_EDGE('',*,*,#5654,.F.);
#7367=ORIENTED_EDGE('',*,*,#5661,.F.);
#7368=EDGE_LOOP('',(#7366,#7367));
#7369=FACE_BOUND('',#7368,.T.);
#7370=ADVANCED_FACE('',(#7281,#7295,#7309,#7323,#7337,#7341,#7345,#7349,#7353,#7357,#7361,#7365,#7369),#7236,.T.);
#7371=CARTESIAN_POINT('',(416.33378583,-92.952078867,102.342000894));
#7372=DIRECTION('',(0.,0.,-1.));
#7373=DIRECTION('',(0.,1.,0.));
#7374=AXIS2_PLACEMENT_3D('',#7371,#7372,#7373);
#7375=PLANE('',#7374);
#7376=CARTESIAN_POINT('',(429.78378583,-46.852078867,102.342000894));
#7377=VERTEX_POINT('',#7376);
#7378=CARTESIAN_POINT('',(431.78378583,-48.852078867,102.342000894));
#7379=VERTEX_POINT('',#7378);
#7380=CARTESIAN_POINT('',(431.78378583,-46.852078867,102.342000894));
#7381=DIRECTION('',(-0.,-0.,1.));
#7382=DIRECTION('',(-1.,0.,0.));
#7383=AXIS2_PLACEMENT_3D('',#7380,#7381,#7382);
#7384=CIRCLE('',#7383,2.);
#7385=EDGE_CURVE('',#7377,#7379,#7384,.T.);
#7386=ORIENTED_EDGE('',*,*,#7385,.T.);
#7387=CARTESIAN_POINT('',(431.78378583,-48.852078867,102.342000894));
#7388=DIRECTION('',(1.,0.,-0.));
#7389=VECTOR('',#7388,28.55);
#7390=LINE('',#7387,#7389);
#7391=EDGE_CURVE('',#7379,#7093,#7390,.T.);
#7392=ORIENTED_EDGE('',*,*,#7391,.T.);
#7393=ORIENTED_EDGE('',*,*,#7098,.F.);
#7394=ORIENTED_EDGE('',*,*,#5602,.T.);
#7395=ORIENTED_EDGE('',*,*,#5571,.F.);
#7396=ORIENTED_EDGE('',*,*,#5490,.T.);
#7397=ORIENTED_EDGE('',*,*,#7225,.F.);
#7398=CARTESIAN_POINT('',(400.88378583,-48.852078867,102.342000894));
#7399=VERTEX_POINT('',#7398);
#7400=CARTESIAN_POINT('',(372.33378583,-48.852078867,102.342000894));
#7401=DIRECTION('',(1.,0.,-0.));
#7402=VECTOR('',#7401,28.55);
#7403=LINE('',#7400,#7402);
#7404=EDGE_CURVE('',#7214,#7399,#7403,.T.);
#7405=ORIENTED_EDGE('',*,*,#7404,.T.);
#7406=CARTESIAN_POINT('',(402.88378583,-46.852078867,102.342000894));
#7407=VERTEX_POINT('',#7406);
#7408=CARTESIAN_POINT('',(400.88378583,-46.852078867,102.342000894));
#7409=DIRECTION('',(-0.,-0.,1.));
#7410=DIRECTION('',(-1.,0.,0.));
#7411=AXIS2_PLACEMENT_3D('',#7408,#7409,#7410);
#7412=CIRCLE('',#7411,2.);
#7413=EDGE_CURVE('',#7399,#7407,#7412,.T.);
#7414=ORIENTED_EDGE('',*,*,#7413,.T.);
#7415=CARTESIAN_POINT('',(402.88378583,-26.243721962,102.342000894));
#7416=VERTEX_POINT('',#7415);
#7417=CARTESIAN_POINT('',(402.88378583,-46.852078867,102.342000894));
#7418=DIRECTION('',(0.,1.,0.));
#7419=VECTOR('',#7418,20.608356905);
#7420=LINE('',#7417,#7419);
#7421=EDGE_CURVE('',#7407,#7416,#7420,.T.);
#7422=ORIENTED_EDGE('',*,*,#7421,.T.);
#7423=CARTESIAN_POINT('',(409.88378583,-19.243721962,102.342000894));
#7424=VERTEX_POINT('',#7423);
#7425=CARTESIAN_POINT('',(409.88378583,-26.243721962,102.342000894));
#7426=DIRECTION('',(0.,0.,-1.));
#7427=DIRECTION('',(-1.,0.,0.));
#7428=AXIS2_PLACEMENT_3D('',#7425,#7426,#7427);
#7429=CIRCLE('',#7428,7.);
#7430=EDGE_CURVE('',#7416,#7424,#7429,.T.);
#7431=ORIENTED_EDGE('',*,*,#7430,.T.);
#7432=CARTESIAN_POINT('',(422.78378583,-19.243721962,102.342000894));
#7433=VERTEX_POINT('',#7432);
#7434=CARTESIAN_POINT('',(409.88378583,-19.243721962,102.342000894));
#7435=DIRECTION('',(1.,-0.,0.));
#7436=VECTOR('',#7435,12.9);
#7437=LINE('',#7434,#7436);
#7438=EDGE_CURVE('',#7424,#7433,#7437,.T.);
#7439=ORIENTED_EDGE('',*,*,#7438,.T.);
#7440=CARTESIAN_POINT('',(429.78378583,-26.243721962,102.342000894));
#7441=VERTEX_POINT('',#7440);
#7442=CARTESIAN_POINT('',(422.78378583,-26.243721962,102.342000894));
#7443=DIRECTION('',(0.,0.,-1.));
#7444=DIRECTION('',(-1.,0.,0.));
#7445=AXIS2_PLACEMENT_3D('',#7442,#7443,#7444);
#7446=CIRCLE('',#7445,7.);
#7447=EDGE_CURVE('',#7433,#7441,#7446,.T.);
#7448=ORIENTED_EDGE('',*,*,#7447,.T.);
#7449=CARTESIAN_POINT('',(429.78378583,-26.243721962,102.342000894));
#7450=DIRECTION('',(-0.,-1.,0.));
#7451=VECTOR('',#7450,20.608356905);
#7452=LINE('',#7449,#7451);
#7453=EDGE_CURVE('',#7441,#7377,#7452,.T.);
#7454=ORIENTED_EDGE('',*,*,#7453,.T.);
#7455=EDGE_LOOP('',(#7386,#7392,#7393,#7394,#7395,#7396,#7397,#7405,#7414,#7422,#7431,#7439,#7448,#7454));
#7456=FACE_BOUND('',#7455,.T.);
#7457=CARTESIAN_POINT('',(421.53378583,-29.843721962,102.342000894));
#7458=VERTEX_POINT('',#7457);
#7459=CARTESIAN_POINT('',(416.28378583,-24.593721962,102.342000894));
#7460=VERTEX_POINT('',#7459);
#7461=CARTESIAN_POINT('',(416.28378583,-29.843721962,102.342000894));
#7462=DIRECTION('',(0.,-0.,-1.));
#7463=DIRECTION('',(0.,1.,-0.));
#7464=AXIS2_PLACEMENT_3D('',#7461,#7462,#7463);
#7465=CIRCLE('',#7464,5.25);
#7466=EDGE_CURVE('',#7458,#7460,#7465,.T.);
#7467=ORIENTED_EDGE('',*,*,#7466,.F.);
#7468=CARTESIAN_POINT('',(416.28378583,-29.843721962,102.342000894));
#7469=DIRECTION('',(0.,-0.,-1.));
#7470=DIRECTION('',(0.,1.,-0.));
#7471=AXIS2_PLACEMENT_3D('',#7468,#7469,#7470);
#7472=CIRCLE('',#7471,5.25);
#7473=EDGE_CURVE('',#7460,#7458,#7472,.T.);
#7474=ORIENTED_EDGE('',*,*,#7473,.F.);
#7475=EDGE_LOOP('',(#7467,#7474));
#7476=FACE_BOUND('',#7475,.T.);
#7477=CARTESIAN_POINT('',(414.78378583,-37.843721962,102.342000894));
#7478=VERTEX_POINT('',#7477);
#7479=CARTESIAN_POINT('',(416.28378583,-36.343721962,102.342000894));
#7480=VERTEX_POINT('',#7479);
#7481=CARTESIAN_POINT('',(416.28378583,-37.843721962,102.342000894));
#7482=DIRECTION('',(0.,-0.,-1.));
#7483=DIRECTION('',(0.,1.,-0.));
#7484=AXIS2_PLACEMENT_3D('',#7481,#7482,#7483);
#7485=CIRCLE('',#7484,1.5);
#7486=EDGE_CURVE('',#7478,#7480,#7485,.T.);
#7487=ORIENTED_EDGE('',*,*,#7486,.F.);
#7488=CARTESIAN_POINT('',(416.28378583,-37.843721962,102.342000894));
#7489=DIRECTION('',(0.,-0.,-1.));
#7490=DIRECTION('',(0.,1.,-0.));
#7491=AXIS2_PLACEMENT_3D('',#7488,#7489,#7490);
#7492=CIRCLE('',#7491,1.5);
#7493=EDGE_CURVE('',#7480,#7478,#7492,.T.);
#7494=ORIENTED_EDGE('',*,*,#7493,.F.);
#7495=EDGE_LOOP('',(#7487,#7494));
#7496=FACE_BOUND('',#7495,.T.);
#7497=CARTESIAN_POINT('',(417.783766718,-21.843721962,102.342000894));
#7498=VERTEX_POINT('',#7497);
#7499=CARTESIAN_POINT('',(416.283766718,-20.343721962,102.342000894));
#7500=VERTEX_POINT('',#7499);
#7501=CARTESIAN_POINT('',(416.283766718,-21.843721962,102.342000894));
#7502=DIRECTION('',(0.,-0.,-1.));
#7503=DIRECTION('',(0.,1.,-0.));
#7504=AXIS2_PLACEMENT_3D('',#7501,#7502,#7503);
#7505=CIRCLE('',#7504,1.5);
#7506=EDGE_CURVE('',#7498,#7500,#7505,.T.);
#7507=ORIENTED_EDGE('',*,*,#7506,.F.);
#7508=CARTESIAN_POINT('',(416.283766718,-21.843721962,102.342000894));
#7509=DIRECTION('',(0.,-0.,-1.));
#7510=DIRECTION('',(0.,1.,-0.));
#7511=AXIS2_PLACEMENT_3D('',#7508,#7509,#7510);
#7512=CIRCLE('',#7511,1.5);
#7513=EDGE_CURVE('',#7500,#7498,#7512,.T.);
#7514=ORIENTED_EDGE('',*,*,#7513,.F.);
#7515=EDGE_LOOP('',(#7507,#7514));
#7516=FACE_BOUND('',#7515,.T.);
#7517=CARTESIAN_POINT('',(424.28378583,-27.493721962,102.342000894));
#7518=VERTEX_POINT('',#7517);
#7519=CARTESIAN_POINT('',(424.28378583,-29.843721962,102.342000894));
#7520=DIRECTION('',(0.,-0.,-1.));
#7521=DIRECTION('',(0.,1.,-0.));
#7522=AXIS2_PLACEMENT_3D('',#7519,#7520,#7521);
#7523=CIRCLE('',#7522,2.35);
#7524=EDGE_CURVE('',#7518,#7518,#7523,.T.);
#7525=ORIENTED_EDGE('',*,*,#7524,.F.);
#7526=EDGE_LOOP('',(#7525));
#7527=FACE_BOUND('',#7526,.T.);
#7528=CARTESIAN_POINT('',(408.28378583,-27.493721962,102.342000894));
#7529=VERTEX_POINT('',#7528);
#7530=CARTESIAN_POINT('',(408.28378583,-29.843721962,102.342000894));
#7531=DIRECTION('',(0.,-0.,-1.));
#7532=DIRECTION('',(0.,1.,-0.));
#7533=AXIS2_PLACEMENT_3D('',#7530,#7531,#7532);
#7534=CIRCLE('',#7533,2.35);
#7535=EDGE_CURVE('',#7529,#7529,#7534,.T.);
#7536=ORIENTED_EDGE('',*,*,#7535,.F.);
#7537=EDGE_LOOP('',(#7536));
#7538=FACE_BOUND('',#7537,.T.);
#7539=ADVANCED_FACE('',(#7456,#7476,#7496,#7516,#7527,#7538),#7375,.T.);
#7540=CARTESIAN_POINT('',(430.78378583,-40.343721962,-97.458733697));
#7541=DIRECTION('',(1.,-0.,0.));
#7542=DIRECTION('',(0.,1.,0.));
#7543=AXIS2_PLACEMENT_3D('',#7540,#7541,#7542);
#7544=PLANE('',#7543);
#7545=CARTESIAN_POINT('',(430.78378583,-26.243721962,103.342000894));
#7546=VERTEX_POINT('',#7545);
#7547=CARTESIAN_POINT('',(430.78378583,-26.243721962,133.342000894));
#7548=VERTEX_POINT('',#7547);
#7549=CARTESIAN_POINT('',(430.78378583,-26.243721962,103.342000894));
#7550=DIRECTION('',(-0.,-0.,1.));
#7551=VECTOR('',#7550,30.);
#7552=LINE('',#7549,#7551);
#7553=EDGE_CURVE('',#7546,#7548,#7552,.T.);
#7554=ORIENTED_EDGE('',*,*,#7553,.T.);
#7555=CARTESIAN_POINT('',(430.78378583,-41.252078867,133.342000894));
#7556=VERTEX_POINT('',#7555);
#7557=CARTESIAN_POINT('',(430.78378583,-26.243721962,133.342000894));
#7558=DIRECTION('',(-0.,-1.,0.));
#7559=VECTOR('',#7558,15.008356905);
#7560=LINE('',#7557,#7559);
#7561=EDGE_CURVE('',#7548,#7556,#7560,.T.);
#7562=ORIENTED_EDGE('',*,*,#7561,.T.);
#7563=CARTESIAN_POINT('',(430.78378583,-46.852078867,135.803907863));
#7564=VERTEX_POINT('',#7563);
#7565=CARTESIAN_POINT('',(430.78378583,-41.252078867,140.942000894));
#7566=DIRECTION('',(-1.,0.,-0.));
#7567=DIRECTION('',(0.,1.,0.));
#7568=AXIS2_PLACEMENT_3D('',#7565,#7566,#7567);
#7569=CIRCLE('',#7568,7.6);
#7570=EDGE_CURVE('',#7556,#7564,#7569,.T.);
#7571=ORIENTED_EDGE('',*,*,#7570,.T.);
#7572=CARTESIAN_POINT('',(430.78378583,-46.852078867,103.342000894));
#7573=VERTEX_POINT('',#7572);
#7574=CARTESIAN_POINT('',(430.78378583,-46.852078867,135.803907863));
#7575=DIRECTION('',(0.,0.,-1.));
#7576=VECTOR('',#7575,32.461906969);
#7577=LINE('',#7574,#7576);
#7578=EDGE_CURVE('',#7564,#7573,#7577,.T.);
#7579=ORIENTED_EDGE('',*,*,#7578,.T.);
#7580=CARTESIAN_POINT('',(430.78378583,-46.852078867,103.342000894));
#7581=DIRECTION('',(0.,1.,0.));
#7582=VECTOR('',#7581,20.608356905);
#7583=LINE('',#7580,#7582);
#7584=EDGE_CURVE('',#7573,#7546,#7583,.T.);
#7585=ORIENTED_EDGE('',*,*,#7584,.T.);
#7586=EDGE_LOOP('',(#7554,#7562,#7571,#7579,#7585));
#7587=FACE_BOUND('',#7586,.T.);
#7588=ADVANCED_FACE('',(#7587),#7544,.T.);
#7589=CARTESIAN_POINT('',(401.88378583,-15.343721962,-97.458733697));
#7590=DIRECTION('',(-1.,0.,0.));
#7591=DIRECTION('',(-0.,-1.,0.));
#7592=AXIS2_PLACEMENT_3D('',#7589,#7590,#7591);
#7593=PLANE('',#7592);
#7594=CARTESIAN_POINT('',(401.88378583,-46.852078867,103.342000894));
#7595=VERTEX_POINT('',#7594);
#7596=CARTESIAN_POINT('',(401.88378583,-46.852078867,135.803907863));
#7597=VERTEX_POINT('',#7596);
#7598=CARTESIAN_POINT('',(401.88378583,-46.852078867,103.342000894));
#7599=DIRECTION('',(0.,0.,1.));
#7600=VECTOR('',#7599,32.461906969);
#7601=LINE('',#7598,#7600);
#7602=EDGE_CURVE('',#7595,#7597,#7601,.T.);
#7603=ORIENTED_EDGE('',*,*,#7602,.T.);
#7604=CARTESIAN_POINT('',(401.88378583,-41.252078867,133.342000894));
#7605=VERTEX_POINT('',#7604);
#7606=CARTESIAN_POINT('',(401.88378583,-41.252078867,140.942000894));
#7607=DIRECTION('',(1.,-0.,-0.));
#7608=DIRECTION('',(-0.,-1.,0.));
#7609=AXIS2_PLACEMENT_3D('',#7606,#7607,#7608);
#7610=CIRCLE('',#7609,7.6);
#7611=EDGE_CURVE('',#7597,#7605,#7610,.T.);
#7612=ORIENTED_EDGE('',*,*,#7611,.T.);
#7613=CARTESIAN_POINT('',(401.88378583,-39.352078867,133.342000894));
#7614=VERTEX_POINT('',#7613);
#7615=CARTESIAN_POINT('',(401.88378583,-41.252078867,133.342000894));
#7616=DIRECTION('',(0.,1.,-0.));
#7617=VECTOR('',#7616,1.9);
#7618=LINE('',#7615,#7617);
#7619=EDGE_CURVE('',#7605,#7614,#7618,.T.);
#7620=ORIENTED_EDGE('',*,*,#7619,.T.);
#7621=CARTESIAN_POINT('',(401.88378583,-26.243721962,133.342000894));
#7622=VERTEX_POINT('',#7621);
#7623=CARTESIAN_POINT('',(401.88378583,-39.352078867,133.342000894));
#7624=DIRECTION('',(0.,1.,-0.));
#7625=VECTOR('',#7624,13.108356905);
#7626=LINE('',#7623,#7625);
#7627=EDGE_CURVE('',#7614,#7622,#7626,.T.);
#7628=ORIENTED_EDGE('',*,*,#7627,.T.);
#7629=CARTESIAN_POINT('',(401.88378583,-26.243721962,103.342000894));
#7630=VERTEX_POINT('',#7629);
#7631=CARTESIAN_POINT('',(401.88378583,-26.243721962,133.342000894));
#7632=DIRECTION('',(0.,0.,-1.));
#7633=VECTOR('',#7632,30.);
#7634=LINE('',#7631,#7633);
#7635=EDGE_CURVE('',#7622,#7630,#7634,.T.);
#7636=ORIENTED_EDGE('',*,*,#7635,.T.);
#7637=CARTESIAN_POINT('',(401.88378583,-26.243721962,103.342000894));
#7638=DIRECTION('',(-0.,-1.,0.));
#7639=VECTOR('',#7638,20.608356905);
#7640=LINE('',#7637,#7639);
#7641=EDGE_CURVE('',#7630,#7595,#7640,.T.);
#7642=ORIENTED_EDGE('',*,*,#7641,.T.);
#7643=EDGE_LOOP('',(#7603,#7612,#7620,#7628,#7636,#7642));
#7644=FACE_BOUND('',#7643,.T.);
#7645=ADVANCED_FACE('',(#7644),#7593,.T.);
#7646=CARTESIAN_POINT('',(430.38378583,-18.243721962,-97.458733697));
#7647=DIRECTION('',(0.,1.,0.));
#7648=DIRECTION('',(-1.,0.,0.));
#7649=AXIS2_PLACEMENT_3D('',#7646,#7647,#7648);
#7650=PLANE('',#7649);
#7651=CARTESIAN_POINT('',(409.88378583,-18.243721962,103.342000894));
#7652=VERTEX_POINT('',#7651);
#7653=CARTESIAN_POINT('',(409.88378583,-18.243721962,133.342000894));
#7654=VERTEX_POINT('',#7653);
#7655=CARTESIAN_POINT('',(409.88378583,-18.243721962,103.342000894));
#7656=DIRECTION('',(-0.,-0.,1.));
#7657=VECTOR('',#7656,30.);
#7658=LINE('',#7655,#7657);
#7659=EDGE_CURVE('',#7652,#7654,#7658,.T.);
#7660=ORIENTED_EDGE('',*,*,#7659,.T.);
#7661=CARTESIAN_POINT('',(422.78378583,-18.243721962,133.342000894));
#7662=VERTEX_POINT('',#7661);
#7663=CARTESIAN_POINT('',(409.88378583,-18.243721962,133.342000894));
#7664=DIRECTION('',(1.,-0.,-0.));
#7665=VECTOR('',#7664,12.9);
#7666=LINE('',#7663,#7665);
#7667=EDGE_CURVE('',#7654,#7662,#7666,.T.);
#7668=ORIENTED_EDGE('',*,*,#7667,.T.);
#7669=CARTESIAN_POINT('',(422.78378583,-18.243721962,103.342000894));
#7670=VERTEX_POINT('',#7669);
#7671=CARTESIAN_POINT('',(422.78378583,-18.243721962,133.342000894));
#7672=DIRECTION('',(0.,0.,-1.));
#7673=VECTOR('',#7672,30.);
#7674=LINE('',#7671,#7673);
#7675=EDGE_CURVE('',#7662,#7670,#7674,.T.);
#7676=ORIENTED_EDGE('',*,*,#7675,.T.);
#7677=CARTESIAN_POINT('',(422.78378583,-18.243721962,103.342000894));
#7678=DIRECTION('',(-1.,0.,0.));
#7679=VECTOR('',#7678,12.9);
#7680=LINE('',#7677,#7679);
#7681=EDGE_CURVE('',#7670,#7652,#7680,.T.);
#7682=ORIENTED_EDGE('',*,*,#7681,.T.);
#7683=EDGE_LOOP('',(#7660,#7668,#7676,#7682));
#7684=FACE_BOUND('',#7683,.T.);
#7685=ADVANCED_FACE('',(#7684),#7650,.T.);
#7686=CARTESIAN_POINT('',(422.78378583,-26.243721962,-97.458733697));
#7687=DIRECTION('',(0.,0.,-1.));
#7688=DIRECTION('',(-1.,0.,0.));
#7689=AXIS2_PLACEMENT_3D('',#7686,#7687,#7688);
#7690=CYLINDRICAL_SURFACE('',#7689,8.);
#7691=ORIENTED_EDGE('',*,*,#7675,.F.);
#7692=CARTESIAN_POINT('',(422.78378583,-26.243721962,133.342000894));
#7693=DIRECTION('',(-0.,-0.,-1.));
#7694=DIRECTION('',(1.,0.,-0.));
#7695=AXIS2_PLACEMENT_3D('',#7692,#7693,#7694);
#7696=CIRCLE('',#7695,8.);
#7697=EDGE_CURVE('',#7662,#7548,#7696,.T.);
#7698=ORIENTED_EDGE('',*,*,#7697,.T.);
#7699=ORIENTED_EDGE('',*,*,#7553,.F.);
#7700=CARTESIAN_POINT('',(422.78378583,-26.243721962,103.342000894));
#7701=DIRECTION('',(-0.,-0.,1.));
#7702=DIRECTION('',(-1.,0.,0.));
#7703=AXIS2_PLACEMENT_3D('',#7700,#7701,#7702);
#7704=CIRCLE('',#7703,8.);
#7705=EDGE_CURVE('',#7546,#7670,#7704,.T.);
#7706=ORIENTED_EDGE('',*,*,#7705,.T.);
#7707=EDGE_LOOP('',(#7691,#7698,#7699,#7706));
#7708=FACE_BOUND('',#7707,.T.);
#7709=ADVANCED_FACE('',(#7708),#7690,.T.);
#7710=CARTESIAN_POINT('',(409.88378583,-26.243721962,-97.458733697));
#7711=DIRECTION('',(0.,0.,-1.));
#7712=DIRECTION('',(-1.,0.,0.));
#7713=AXIS2_PLACEMENT_3D('',#7710,#7711,#7712);
#7714=CYLINDRICAL_SURFACE('',#7713,8.);
#7715=ORIENTED_EDGE('',*,*,#7635,.F.);
#7716=CARTESIAN_POINT('',(409.88378583,-26.243721962,133.342000894));
#7717=DIRECTION('',(-0.,-0.,-1.));
#7718=DIRECTION('',(1.,0.,-0.));
#7719=AXIS2_PLACEMENT_3D('',#7716,#7717,#7718);
#7720=CIRCLE('',#7719,8.);
#7721=EDGE_CURVE('',#7622,#7654,#7720,.T.);
#7722=ORIENTED_EDGE('',*,*,#7721,.T.);
#7723=ORIENTED_EDGE('',*,*,#7659,.F.);
#7724=CARTESIAN_POINT('',(409.88378583,-26.243721962,103.342000894));
#7725=DIRECTION('',(-0.,-0.,1.));
#7726=DIRECTION('',(-1.,0.,0.));
#7727=AXIS2_PLACEMENT_3D('',#7724,#7725,#7726);
#7728=CIRCLE('',#7727,8.);
#7729=EDGE_CURVE('',#7652,#7630,#7728,.T.);
#7730=ORIENTED_EDGE('',*,*,#7729,.T.);
#7731=EDGE_LOOP('',(#7715,#7722,#7723,#7730));
#7732=FACE_BOUND('',#7731,.T.);
#7733=ADVANCED_FACE('',(#7732),#7714,.T.);
#7734=CARTESIAN_POINT('',(408.28378583,-29.843721962,124.342000894));
#7735=DIRECTION('',(-0.,0.,1.));
#7736=DIRECTION('',(0.,1.,-0.));
#7737=AXIS2_PLACEMENT_3D('',#7734,#7735,#7736);
#7738=CYLINDRICAL_SURFACE('',#7737,2.35);
#7739=CARTESIAN_POINT('',(408.28378583,-27.493721962,134.342000894));
#7740=VERTEX_POINT('',#7739);
#7741=CARTESIAN_POINT('',(408.28378583,-27.493721962,134.342000894));
#7742=DIRECTION('',(0.,-0.,-1.));
#7743=VECTOR('',#7742,32.);
#7744=LINE('',#7741,#7743);
#7745=EDGE_CURVE('',#7740,#7529,#7744,.T.);
#7746=ORIENTED_EDGE('',*,*,#7745,.F.);
#7747=CARTESIAN_POINT('',(410.63378583,-29.843721962,134.342000894));
#7748=VERTEX_POINT('',#7747);
#7749=CARTESIAN_POINT('',(408.28378583,-29.843721962,134.342000894));
#7750=DIRECTION('',(0.,0.,1.));
#7751=DIRECTION('',(1.,0.,-0.));
#7752=AXIS2_PLACEMENT_3D('',#7749,#7750,#7751);
#7753=CIRCLE('',#7752,2.35);
#7754=EDGE_CURVE('',#7740,#7748,#7753,.T.);
#7755=ORIENTED_EDGE('',*,*,#7754,.T.);
#7756=CARTESIAN_POINT('',(408.28378583,-29.843721962,134.342000894));
#7757=DIRECTION('',(0.,0.,1.));
#7758=DIRECTION('',(1.,0.,-0.));
#7759=AXIS2_PLACEMENT_3D('',#7756,#7757,#7758);
#7760=CIRCLE('',#7759,2.35);
#7761=EDGE_CURVE('',#7748,#7740,#7760,.T.);
#7762=ORIENTED_EDGE('',*,*,#7761,.T.);
#7763=ORIENTED_EDGE('',*,*,#7745,.T.);
#7764=ORIENTED_EDGE('',*,*,#7535,.T.);
#7765=EDGE_LOOP('',(#7746,#7755,#7762,#7763,#7764));
#7766=FACE_BOUND('',#7765,.T.);
#7767=ADVANCED_FACE('',(#7766),#7738,.F.);
#7768=CARTESIAN_POINT('',(424.28378583,-29.843721962,124.342000894));
#7769=DIRECTION('',(-0.,0.,1.));
#7770=DIRECTION('',(0.,1.,-0.));
#7771=AXIS2_PLACEMENT_3D('',#7768,#7769,#7770);
#7772=CYLINDRICAL_SURFACE('',#7771,2.35);
#7773=CARTESIAN_POINT('',(424.28378583,-27.493721962,134.342000894));
#7774=VERTEX_POINT('',#7773);
#7775=CARTESIAN_POINT('',(424.28378583,-27.493721962,134.342000894));
#7776=DIRECTION('',(0.,-0.,-1.));
#7777=VECTOR('',#7776,32.);
#7778=LINE('',#7775,#7777);
#7779=EDGE_CURVE('',#7774,#7518,#7778,.T.);
#7780=ORIENTED_EDGE('',*,*,#7779,.F.);
#7781=CARTESIAN_POINT('',(426.63378583,-29.843721962,134.342000894));
#7782=VERTEX_POINT('',#7781);
#7783=CARTESIAN_POINT('',(424.28378583,-29.843721962,134.342000894));
#7784=DIRECTION('',(0.,0.,1.));
#7785=DIRECTION('',(1.,0.,-0.));
#7786=AXIS2_PLACEMENT_3D('',#7783,#7784,#7785);
#7787=CIRCLE('',#7786,2.35);
#7788=EDGE_CURVE('',#7774,#7782,#7787,.T.);
#7789=ORIENTED_EDGE('',*,*,#7788,.T.);
#7790=CARTESIAN_POINT('',(424.28378583,-29.843721962,134.342000894));
#7791=DIRECTION('',(0.,0.,1.));
#7792=DIRECTION('',(1.,0.,-0.));
#7793=AXIS2_PLACEMENT_3D('',#7790,#7791,#7792);
#7794=CIRCLE('',#7793,2.35);
#7795=EDGE_CURVE('',#7782,#7774,#7794,.T.);
#7796=ORIENTED_EDGE('',*,*,#7795,.T.);
#7797=ORIENTED_EDGE('',*,*,#7779,.T.);
#7798=ORIENTED_EDGE('',*,*,#7524,.T.);
#7799=EDGE_LOOP('',(#7780,#7789,#7796,#7797,#7798));
#7800=FACE_BOUND('',#7799,.T.);
#7801=ADVANCED_FACE('',(#7800),#7772,.F.);
#7802=CARTESIAN_POINT('',(416.283766718,-21.843721962,112.342000894));
#7803=DIRECTION('',(-0.,0.,1.));
#7804=DIRECTION('',(1.,0.,0.));
#7805=AXIS2_PLACEMENT_3D('',#7802,#7803,#7804);
#7806=CYLINDRICAL_SURFACE('',#7805,1.5);
#7807=CARTESIAN_POINT('',(417.783766718,-21.843721962,134.342000894));
#7808=VERTEX_POINT('',#7807);
#7809=CARTESIAN_POINT('',(417.783766718,-21.843721962,134.342000894));
#7810=DIRECTION('',(0.,-0.,-1.));
#7811=VECTOR('',#7810,32.);
#7812=LINE('',#7809,#7811);
#7813=EDGE_CURVE('',#7808,#7498,#7812,.T.);
#7814=ORIENTED_EDGE('',*,*,#7813,.F.);
#7815=CARTESIAN_POINT('',(416.283766718,-21.843721962,134.342000894));
#7816=DIRECTION('',(0.,0.,1.));
#7817=DIRECTION('',(1.,0.,-0.));
#7818=AXIS2_PLACEMENT_3D('',#7815,#7816,#7817);
#7819=CIRCLE('',#7818,1.5);
#7820=EDGE_CURVE('',#7808,#7808,#7819,.T.);
#7821=ORIENTED_EDGE('',*,*,#7820,.T.);
#7822=ORIENTED_EDGE('',*,*,#7813,.T.);
#7823=ORIENTED_EDGE('',*,*,#7506,.T.);
#7824=ORIENTED_EDGE('',*,*,#7513,.T.);
#7825=EDGE_LOOP('',(#7814,#7821,#7822,#7823,#7824));
#7826=FACE_BOUND('',#7825,.T.);
#7827=ADVANCED_FACE('',(#7826),#7806,.F.);
#7828=CARTESIAN_POINT('',(416.28378583,-37.843721962,105.342000894));
#7829=DIRECTION('',(-0.,0.,1.));
#7830=DIRECTION('',(-1.,-0.,-0.));
#7831=AXIS2_PLACEMENT_3D('',#7828,#7829,#7830);
#7832=CYLINDRICAL_SURFACE('',#7831,1.5);
#7833=CARTESIAN_POINT('',(414.78378583,-37.843721962,134.342000894));
#7834=VERTEX_POINT('',#7833);
#7835=CARTESIAN_POINT('',(414.78378583,-37.843721962,134.342000894));
#7836=DIRECTION('',(0.,-0.,-1.));
#7837=VECTOR('',#7836,32.);
#7838=LINE('',#7835,#7837);
#7839=EDGE_CURVE('',#7834,#7478,#7838,.T.);
#7840=ORIENTED_EDGE('',*,*,#7839,.F.);
#7841=CARTESIAN_POINT('',(417.78378583,-37.843721962,134.342000894));
#7842=VERTEX_POINT('',#7841);
#7843=CARTESIAN_POINT('',(416.28378583,-37.843721962,134.342000894));
#7844=DIRECTION('',(0.,0.,1.));
#7845=DIRECTION('',(1.,0.,-0.));
#7846=AXIS2_PLACEMENT_3D('',#7843,#7844,#7845);
#7847=CIRCLE('',#7846,1.5);
#7848=EDGE_CURVE('',#7834,#7842,#7847,.T.);
#7849=ORIENTED_EDGE('',*,*,#7848,.T.);
#7850=CARTESIAN_POINT('',(416.28378583,-37.843721962,134.342000894));
#7851=DIRECTION('',(0.,0.,1.));
#7852=DIRECTION('',(1.,0.,-0.));
#7853=AXIS2_PLACEMENT_3D('',#7850,#7851,#7852);
#7854=CIRCLE('',#7853,1.5);
#7855=EDGE_CURVE('',#7842,#7834,#7854,.T.);
#7856=ORIENTED_EDGE('',*,*,#7855,.T.);
#7857=ORIENTED_EDGE('',*,*,#7839,.T.);
#7858=ORIENTED_EDGE('',*,*,#7486,.T.);
#7859=ORIENTED_EDGE('',*,*,#7493,.T.);
#7860=EDGE_LOOP('',(#7840,#7849,#7856,#7857,#7858,#7859));
#7861=FACE_BOUND('',#7860,.T.);
#7862=ADVANCED_FACE('',(#7861),#7832,.F.);
#7863=CARTESIAN_POINT('',(416.28378583,-29.843721962,31.442000894));
#7864=DIRECTION('',(0.,0.,-1.));
#7865=DIRECTION('',(1.,-0.,0.));
#7866=AXIS2_PLACEMENT_3D('',#7863,#7864,#7865);
#7867=CYLINDRICAL_SURFACE('',#7866,5.25);
#7868=CARTESIAN_POINT('',(421.53378583,-29.843721962,134.342000894));
#7869=VERTEX_POINT('',#7868);
#7870=CARTESIAN_POINT('',(421.53378583,-29.843721962,102.342000894));
#7871=DIRECTION('',(-0.,-0.,1.));
#7872=VECTOR('',#7871,32.);
#7873=LINE('',#7870,#7872);
#7874=EDGE_CURVE('',#7458,#7869,#7873,.T.);
#7875=ORIENTED_EDGE('',*,*,#7874,.F.);
#7876=ORIENTED_EDGE('',*,*,#7466,.T.);
#7877=ORIENTED_EDGE('',*,*,#7473,.T.);
#7878=ORIENTED_EDGE('',*,*,#7874,.T.);
#7879=CARTESIAN_POINT('',(416.28378583,-29.843721962,134.342000894));
#7880=DIRECTION('',(-0.,-0.,-1.));
#7881=DIRECTION('',(1.,0.,-0.));
#7882=AXIS2_PLACEMENT_3D('',#7879,#7880,#7881);
#7883=CIRCLE('',#7882,5.25);
#7884=EDGE_CURVE('',#7869,#7869,#7883,.T.);
#7885=ORIENTED_EDGE('',*,*,#7884,.F.);
#7886=EDGE_LOOP('',(#7875,#7876,#7877,#7878,#7885));
#7887=FACE_BOUND('',#7886,.T.);
#7888=ADVANCED_FACE('',(#7887),#7867,.F.);
#7889=CARTESIAN_POINT('',(416.28378583,-27.843721962,134.342000894));
#7890=DIRECTION('',(0.,0.,1.));
#7891=DIRECTION('',(-0.,-1.,0.));
#7892=AXIS2_PLACEMENT_3D('',#7889,#7890,#7891);
#7893=PLANE('',#7892);
#7894=ORIENTED_EDGE('',*,*,#7884,.T.);
#7895=EDGE_LOOP('',(#7894));
#7896=FACE_BOUND('',#7895,.T.);
#7897=ORIENTED_EDGE('',*,*,#7848,.F.);
#7898=ORIENTED_EDGE('',*,*,#7855,.F.);
#7899=EDGE_LOOP('',(#7897,#7898));
#7900=FACE_BOUND('',#7899,.T.);
#7901=ORIENTED_EDGE('',*,*,#7820,.F.);
#7902=EDGE_LOOP('',(#7901));
#7903=FACE_BOUND('',#7902,.T.);
#7904=ORIENTED_EDGE('',*,*,#7788,.F.);
#7905=ORIENTED_EDGE('',*,*,#7795,.F.);
#7906=EDGE_LOOP('',(#7904,#7905));
#7907=FACE_BOUND('',#7906,.T.);
#7908=ORIENTED_EDGE('',*,*,#7754,.F.);
#7909=ORIENTED_EDGE('',*,*,#7761,.F.);
#7910=EDGE_LOOP('',(#7908,#7909));
#7911=FACE_BOUND('',#7910,.T.);
#7912=CARTESIAN_POINT('',(402.88378583,-26.243721962,134.342000894));
#7913=VERTEX_POINT('',#7912);
#7914=CARTESIAN_POINT('',(402.88378583,-39.352078867,134.342000894));
#7915=VERTEX_POINT('',#7914);
#7916=CARTESIAN_POINT('',(402.88378583,-26.243721962,134.342000894));
#7917=DIRECTION('',(-0.,-1.,0.));
#7918=VECTOR('',#7917,13.108356905);
#7919=LINE('',#7916,#7918);
#7920=EDGE_CURVE('',#7913,#7915,#7919,.T.);
#7921=ORIENTED_EDGE('',*,*,#7920,.T.);
#7922=CARTESIAN_POINT('',(402.88378583,-41.252078867,134.342000894));
#7923=VERTEX_POINT('',#7922);
#7924=CARTESIAN_POINT('',(402.88378583,-39.352078867,134.342000894));
#7925=DIRECTION('',(-0.,-1.,0.));
#7926=VECTOR('',#7925,1.9);
#7927=LINE('',#7924,#7926);
#7928=EDGE_CURVE('',#7915,#7923,#7927,.T.);
#7929=ORIENTED_EDGE('',*,*,#7928,.T.);
#7930=CARTESIAN_POINT('',(429.78378583,-41.252078867,134.342000894));
#7931=VERTEX_POINT('',#7930);
#7932=CARTESIAN_POINT('',(402.88378583,-41.252078867,134.342000894));
#7933=DIRECTION('',(1.,0.,-0.));
#7934=VECTOR('',#7933,26.9);
#7935=LINE('',#7932,#7934);
#7936=EDGE_CURVE('',#7923,#7931,#7935,.T.);
#7937=ORIENTED_EDGE('',*,*,#7936,.T.);
#7938=CARTESIAN_POINT('',(429.78378583,-26.243721962,134.342000894));
#7939=VERTEX_POINT('',#7938);
#7940=CARTESIAN_POINT('',(429.78378583,-41.252078867,134.342000894));
#7941=DIRECTION('',(0.,1.,-0.));
#7942=VECTOR('',#7941,15.008356905);
#7943=LINE('',#7940,#7942);
#7944=EDGE_CURVE('',#7931,#7939,#7943,.T.);
#7945=ORIENTED_EDGE('',*,*,#7944,.T.);
#7946=CARTESIAN_POINT('',(422.78378583,-19.243721962,134.342000894));
#7947=VERTEX_POINT('',#7946);
#7948=CARTESIAN_POINT('',(422.78378583,-26.243721962,134.342000894));
#7949=DIRECTION('',(0.,0.,1.));
#7950=DIRECTION('',(1.,0.,-0.));
#7951=AXIS2_PLACEMENT_3D('',#7948,#7949,#7950);
#7952=CIRCLE('',#7951,7.);
#7953=EDGE_CURVE('',#7939,#7947,#7952,.T.);
#7954=ORIENTED_EDGE('',*,*,#7953,.T.);
#7955=CARTESIAN_POINT('',(409.88378583,-19.243721962,134.342000894));
#7956=VERTEX_POINT('',#7955);
#7957=CARTESIAN_POINT('',(422.78378583,-19.243721962,134.342000894));
#7958=DIRECTION('',(-1.,0.,0.));
#7959=VECTOR('',#7958,12.9);
#7960=LINE('',#7957,#7959);
#7961=EDGE_CURVE('',#7947,#7956,#7960,.T.);
#7962=ORIENTED_EDGE('',*,*,#7961,.T.);
#7963=CARTESIAN_POINT('',(409.88378583,-26.243721962,134.342000894));
#7964=DIRECTION('',(0.,0.,1.));
#7965=DIRECTION('',(1.,0.,-0.));
#7966=AXIS2_PLACEMENT_3D('',#7963,#7964,#7965);
#7967=CIRCLE('',#7966,7.);
#7968=EDGE_CURVE('',#7956,#7913,#7967,.T.);
#7969=ORIENTED_EDGE('',*,*,#7968,.T.);
#7970=EDGE_LOOP('',(#7921,#7929,#7937,#7945,#7954,#7962,#7969));
#7971=FACE_BOUND('',#7970,.T.);
#7972=ADVANCED_FACE('',(#7896,#7900,#7903,#7907,#7911,#7971),#7893,.T.);
#7973=CARTESIAN_POINT('',(416.28378583,-41.252078867,140.942000894));
#7974=DIRECTION('',(-1.,0.,0.));
#7975=DIRECTION('',(0.,0.,1.));
#7976=AXIS2_PLACEMENT_3D('',#7973,#7974,#7975);
#7977=CYLINDRICAL_SURFACE('',#7976,6.6);
#7978=CARTESIAN_POINT('',(402.88378583,-46.115236762,136.479972735));
#7979=VERTEX_POINT('',#7978);
#7980=CARTESIAN_POINT('',(402.88378583,-41.252078867,140.942000894));
#7981=DIRECTION('',(-1.,0.,0.));
#7982=DIRECTION('',(-0.,-1.,0.));
#7983=AXIS2_PLACEMENT_3D('',#7980,#7981,#7982);
#7984=CIRCLE('',#7983,6.6);
#7985=EDGE_CURVE('',#7923,#7979,#7984,.T.);
#7986=ORIENTED_EDGE('',*,*,#7985,.T.);
#7987=CARTESIAN_POINT('',(402.88378583,-46.115236762,136.479972735));
#7988=CARTESIAN_POINT('',(402.88378583,-46.264807866,136.642990061));
#7989=CARTESIAN_POINT('',(402.86208195,-46.403705678,136.810745117));
#7990=CARTESIAN_POINT('',(402.825155117,-46.533090644,136.983350279));
#7991=CARTESIAN_POINT('',(402.788228284,-46.66247561,137.155955441));
#7992=CARTESIAN_POINT('',(402.73580931,-46.782468956,137.333644102));
#7993=CARTESIAN_POINT('',(402.671968637,-46.89314233,137.515865607));
#7994=CARTESIAN_POINT('',(402.54428729,-47.114489079,137.880308617));
#7995=CARTESIAN_POINT('',(402.37646069,-47.291506126,138.249844419));
#7996=CARTESIAN_POINT('',(402.186982194,-47.432838855,138.627220977));
#7997=CARTESIAN_POINT('',(401.997503698,-47.574171584,139.004597535));
#7998=CARTESIAN_POINT('',(401.78407848,-47.679453991,139.391946412));
#7999=CARTESIAN_POINT('',(401.563758297,-47.748623798,139.777997471));
#8000=CARTESIAN_POINT('',(401.343438114,-47.817793604,140.164048531));
#8001=CARTESIAN_POINT('',(401.114612433,-47.852078867,140.551241943));
#8002=CARTESIAN_POINT('',(400.88378583,-47.852078867,140.942000894));
#8003=B_SPLINE_CURVE_WITH_KNOTS('',3,(#7987,#7988,#7989,#7990,#7991,#7992,#7993,#7994,#7995,#7996,#7997,#7998,#7999,#8000,#8001,#8002),.UNSPECIFIED.,.F.,.F.,(4,3,3,3,3,4),(-0.,0.000753358,0.001506715,0.003013431,0.004520146,0.006026862),.UNSPECIFIED.);
#8004=EDGE_CURVE('',#7979,#7255,#8003,.T.);
#8005=ORIENTED_EDGE('',*,*,#8004,.T.);
#8006=ORIENTED_EDGE('',*,*,#7260,.F.);
#8007=CARTESIAN_POINT('',(429.78378583,-46.115236762,136.479972735));
#8008=VERTEX_POINT('',#8007);
#8009=CARTESIAN_POINT('',(431.78378583,-47.852078867,140.942000894));
#8010=CARTESIAN_POINT('',(431.552959227,-47.852078867,140.551241943));
#8011=CARTESIAN_POINT('',(431.324133546,-47.817793604,140.164048531));
#8012=CARTESIAN_POINT('',(431.103813363,-47.748623798,139.777997471));
#8013=CARTESIAN_POINT('',(430.88349318,-47.679453991,139.391946412));
#8014=CARTESIAN_POINT('',(430.670067962,-47.574171584,139.004597535));
#8015=CARTESIAN_POINT('',(430.480589466,-47.432838855,138.627220977));
#8016=CARTESIAN_POINT('',(430.29111097,-47.291506126,138.249844419));
#8017=CARTESIAN_POINT('',(430.12328437,-47.114489079,137.880308617));
#8018=CARTESIAN_POINT('',(429.995603023,-46.89314233,137.515865607));
#8019=CARTESIAN_POINT('',(429.93176235,-46.782468956,137.333644102));
#8020=CARTESIAN_POINT('',(429.879343376,-46.66247561,137.155955441));
#8021=CARTESIAN_POINT('',(429.842416543,-46.533090644,136.983350279));
#8022=CARTESIAN_POINT('',(429.80548971,-46.403705678,136.810745117));
#8023=CARTESIAN_POINT('',(429.78378583,-46.264807866,136.642990061));
#8024=CARTESIAN_POINT('',(429.78378583,-46.115236762,136.479972735));
#8025=B_SPLINE_CURVE_WITH_KNOTS('',3,(#8009,#8010,#8011,#8012,#8013,#8014,#8015,#8016,#8017,#8018,#8019,#8020,#8021,#8022,#8023,#8024),.UNSPECIFIED.,.F.,.F.,(4,3,3,3,3,4),(0.,0.001506715,0.003013431,0.004520146,0.005273504,0.006026862),.UNSPECIFIED.);
#8026=EDGE_CURVE('',#7247,#8008,#8025,.T.);
#8027=ORIENTED_EDGE('',*,*,#8026,.T.);
#8028=CARTESIAN_POINT('',(429.78378583,-41.252078867,140.942000894));
#8029=DIRECTION('',(1.,-0.,0.));
#8030=DIRECTION('',(0.,1.,0.));
#8031=AXIS2_PLACEMENT_3D('',#8028,#8029,#8030);
#8032=CIRCLE('',#8031,6.6);
#8033=EDGE_CURVE('',#8008,#7931,#8032,.T.);
#8034=ORIENTED_EDGE('',*,*,#8033,.T.);
#8035=ORIENTED_EDGE('',*,*,#7936,.F.);
#8036=EDGE_LOOP('',(#7986,#8005,#8006,#8027,#8034,#8035));
#8037=FACE_BOUND('',#8036,.T.);
#8038=ADVANCED_FACE('',(#8037),#7977,.F.);
#8039=CARTESIAN_POINT('',(400.88378583,-46.852078867,-97.458733697));
#8040=DIRECTION('',(0.,0.,-1.));
#8041=DIRECTION('',(-1.,0.,0.));
#8042=AXIS2_PLACEMENT_3D('',#8039,#8040,#8041);
#8043=CYLINDRICAL_SURFACE('',#8042,1.);
#8044=ORIENTED_EDGE('',*,*,#7268,.F.);
#8045=CARTESIAN_POINT('',(400.88378583,-47.852078867,140.942000894));
#8046=CARTESIAN_POINT('',(400.999199036,-47.852078867,140.492035787));
#8047=CARTESIAN_POINT('',(401.113613714,-47.832336414,140.046178029));
#8048=CARTESIAN_POINT('',(401.223770171,-47.792509964,139.601632836));
#8049=CARTESIAN_POINT('',(401.333926627,-47.752683514,139.157087643));
#8050=CARTESIAN_POINT('',(401.440623985,-47.692047179,138.711049739));
#8051=CARTESIAN_POINT('',(401.535353809,-47.610669122,138.276492553));
#8052=CARTESIAN_POINT('',(401.630083633,-47.529291065,137.841935367));
#8053=CARTESIAN_POINT('',(401.714036362,-47.427405894,137.416415808));
#8054=CARTESIAN_POINT('',(401.777877028,-47.299963818,136.996754163));
#8055=CARTESIAN_POINT('',(401.841717694,-47.172521743,136.577092518));
#8056=CARTESIAN_POINT('',(401.88378583,-47.02431226,136.179341703));
#8057=CARTESIAN_POINT('',(401.88378583,-46.852078867,135.803907863));
#8058=B_SPLINE_CURVE_WITH_KNOTS('',3,(#8045,#8046,#8047,#8048,#8049,#8050,#8051,#8052,#8053,#8054,#8055,#8056,#8057),.UNSPECIFIED.,.F.,.F.,(4,3,3,3,4),(-0.,0.001506715,0.003013431,0.004520146,0.006026862),.UNSPECIFIED.);
#8059=EDGE_CURVE('',#7255,#7597,#8058,.T.);
#8060=ORIENTED_EDGE('',*,*,#8059,.T.);
#8061=ORIENTED_EDGE('',*,*,#7602,.F.);
#8062=CARTESIAN_POINT('',(400.88378583,-46.852078867,103.342000894));
#8063=DIRECTION('',(0.,0.,-1.));
#8064=DIRECTION('',(-1.,0.,0.));
#8065=AXIS2_PLACEMENT_3D('',#8062,#8063,#8064);
#8066=CIRCLE('',#8065,1.);
#8067=EDGE_CURVE('',#7595,#7263,#8066,.T.);
#8068=ORIENTED_EDGE('',*,*,#8067,.T.);
#8069=EDGE_LOOP('',(#8044,#8060,#8061,#8068));
#8070=FACE_BOUND('',#8069,.T.);
#8071=ADVANCED_FACE('',(#8070),#8043,.F.);
#8072=CARTESIAN_POINT('',(431.78378583,-46.852078867,-97.458733697));
#8073=DIRECTION('',(0.,0.,1.));
#8074=DIRECTION('',(1.,0.,-0.));
#8075=AXIS2_PLACEMENT_3D('',#8072,#8073,#8074);
#8076=CYLINDRICAL_SURFACE('',#8075,1.);
#8077=ORIENTED_EDGE('',*,*,#7578,.F.);
#8078=CARTESIAN_POINT('',(430.78378583,-46.852078867,135.803907863));
#8079=CARTESIAN_POINT('',(430.78378583,-47.02431226,136.179341703));
#8080=CARTESIAN_POINT('',(430.825853966,-47.172521743,136.577092518));
#8081=CARTESIAN_POINT('',(430.889694632,-47.299963818,136.996754163));
#8082=CARTESIAN_POINT('',(430.953535298,-47.427405894,137.416415808));
#8083=CARTESIAN_POINT('',(431.037488027,-47.529291065,137.841935367));
#8084=CARTESIAN_POINT('',(431.132217851,-47.610669122,138.276492553));
#8085=CARTESIAN_POINT('',(431.226947675,-47.692047179,138.711049739));
#8086=CARTESIAN_POINT('',(431.333645033,-47.752683514,139.157087643));
#8087=CARTESIAN_POINT('',(431.443801489,-47.792509964,139.601632836));
#8088=CARTESIAN_POINT('',(431.553957946,-47.832336414,140.046178029));
#8089=CARTESIAN_POINT('',(431.668372224,-47.852078867,140.492036354));
#8090=CARTESIAN_POINT('',(431.78378583,-47.852078867,140.942000894));
#8091=B_SPLINE_CURVE_WITH_KNOTS('',3,(#8078,#8079,#8080,#8081,#8082,#8083,#8084,#8085,#8086,#8087,#8088,#8089,#8090),.UNSPECIFIED.,.F.,.F.,(4,3,3,3,4),(0.,0.001506715,0.003013431,0.004520146,0.006026862),.UNSPECIFIED.);
#8092=EDGE_CURVE('',#7564,#7247,#8091,.T.);
#8093=ORIENTED_EDGE('',*,*,#8092,.T.);
#8094=ORIENTED_EDGE('',*,*,#7252,.F.);
#8095=CARTESIAN_POINT('',(431.78378583,-46.852078867,103.342000894));
#8096=DIRECTION('',(0.,0.,-1.));
#8097=DIRECTION('',(-1.,0.,0.));
#8098=AXIS2_PLACEMENT_3D('',#8095,#8096,#8097);
#8099=CIRCLE('',#8098,1.);
#8100=EDGE_CURVE('',#7239,#7573,#8099,.T.);
#8101=ORIENTED_EDGE('',*,*,#8100,.T.);
#8102=EDGE_LOOP('',(#8077,#8093,#8094,#8101));
#8103=FACE_BOUND('',#8102,.T.);
#8104=ADVANCED_FACE('',(#8103),#8076,.F.);
#8105=CARTESIAN_POINT('',(416.33378583,-48.852078867,102.342000894));
#8106=DIRECTION('',(0.,-0.707106781,0.707106781));
#8107=DIRECTION('',(1.,0.,0.));
#8108=AXIS2_PLACEMENT_3D('',#8105,#8106,#8107);
#8109=PLANE('',#8108);
#8110=ORIENTED_EDGE('',*,*,#7219,.F.);
#8111=ORIENTED_EDGE('',*,*,#7274,.F.);
#8112=CARTESIAN_POINT('',(400.88378583,-48.852078867,102.342000894));
#8113=DIRECTION('',(0.,0.707106781,0.707106781));
#8114=VECTOR('',#8113,1.414213562);
#8115=LINE('',#8112,#8114);
#8116=EDGE_CURVE('',#7399,#7263,#8115,.T.);
#8117=ORIENTED_EDGE('',*,*,#8116,.F.);
#8118=ORIENTED_EDGE('',*,*,#7404,.F.);
#8119=EDGE_LOOP('',(#8110,#8111,#8117,#8118));
#8120=FACE_BOUND('',#8119,.T.);
#8121=ADVANCED_FACE('',(#8120),#8109,.F.);
#8122=CARTESIAN_POINT('',(400.88378583,-46.852078867,102.342000894));
#8123=DIRECTION('',(0.,0.,-1.));
#8124=DIRECTION('',(-1.,0.,0.));
#8125=AXIS2_PLACEMENT_3D('',#8122,#8123,#8124);
#8126=CONICAL_SURFACE('',#8125,2.,45.);
#8127=ORIENTED_EDGE('',*,*,#8116,.T.);
#8128=ORIENTED_EDGE('',*,*,#8067,.F.);
#8129=CARTESIAN_POINT('',(402.88378583,-46.852078867,102.342000894));
#8130=DIRECTION('',(-0.707106781,0.,0.707106781));
#8131=VECTOR('',#8130,1.414213562);
#8132=LINE('',#8129,#8131);
#8133=EDGE_CURVE('',#7407,#7595,#8132,.T.);
#8134=ORIENTED_EDGE('',*,*,#8133,.F.);
#8135=ORIENTED_EDGE('',*,*,#7413,.F.);
#8136=EDGE_LOOP('',(#8127,#8128,#8134,#8135));
#8137=FACE_BOUND('',#8136,.T.);
#8138=ADVANCED_FACE('',(#8137),#8126,.F.);
#8139=CARTESIAN_POINT('',(401.88378583,-15.343721962,103.342000894));
#8140=DIRECTION('',(0.707106781,-0.,0.707106781));
#8141=DIRECTION('',(-0.,-1.,0.));
#8142=AXIS2_PLACEMENT_3D('',#8139,#8140,#8141);
#8143=PLANE('',#8142);
#8144=ORIENTED_EDGE('',*,*,#8133,.T.);
#8145=ORIENTED_EDGE('',*,*,#7641,.F.);
#8146=CARTESIAN_POINT('',(402.88378583,-26.243721962,102.342000894));
#8147=DIRECTION('',(-0.707106781,0.,0.707106781));
#8148=VECTOR('',#8147,1.414213562);
#8149=LINE('',#8146,#8148);
#8150=EDGE_CURVE('',#7416,#7630,#8149,.T.);
#8151=ORIENTED_EDGE('',*,*,#8150,.F.);
#8152=ORIENTED_EDGE('',*,*,#7421,.F.);
#8153=EDGE_LOOP('',(#8144,#8145,#8151,#8152));
#8154=FACE_BOUND('',#8153,.T.);
#8155=ADVANCED_FACE('',(#8154),#8143,.F.);
#8156=CARTESIAN_POINT('',(409.88378583,-26.243721962,103.342000894));
#8157=DIRECTION('',(0.,0.,1.));
#8158=DIRECTION('',(1.,0.,-0.));
#8159=AXIS2_PLACEMENT_3D('',#8156,#8157,#8158);
#8160=CONICAL_SURFACE('',#8159,8.,45.);
#8161=ORIENTED_EDGE('',*,*,#8150,.T.);
#8162=ORIENTED_EDGE('',*,*,#7729,.F.);
#8163=CARTESIAN_POINT('',(409.88378583,-19.243721962,102.342000894));
#8164=DIRECTION('',(0.,0.707106781,0.707106781));
#8165=VECTOR('',#8164,1.414213562);
#8166=LINE('',#8163,#8165);
#8167=EDGE_CURVE('',#7424,#7652,#8166,.T.);
#8168=ORIENTED_EDGE('',*,*,#8167,.F.);
#8169=ORIENTED_EDGE('',*,*,#7430,.F.);
#8170=EDGE_LOOP('',(#8161,#8162,#8168,#8169));
#8171=FACE_BOUND('',#8170,.T.);
#8172=ADVANCED_FACE('',(#8171),#8160,.T.);
#8173=CARTESIAN_POINT('',(430.38378583,-18.243721962,103.342000894));
#8174=DIRECTION('',(-0.,-0.707106781,0.707106781));
#8175=DIRECTION('',(-1.,0.,0.));
#8176=AXIS2_PLACEMENT_3D('',#8173,#8174,#8175);
#8177=PLANE('',#8176);
#8178=ORIENTED_EDGE('',*,*,#8167,.T.);
#8179=ORIENTED_EDGE('',*,*,#7681,.F.);
#8180=CARTESIAN_POINT('',(422.78378583,-19.243721962,102.342000894));
#8181=DIRECTION('',(0.,0.707106781,0.707106781));
#8182=VECTOR('',#8181,1.414213562);
#8183=LINE('',#8180,#8182);
#8184=EDGE_CURVE('',#7433,#7670,#8183,.T.);
#8185=ORIENTED_EDGE('',*,*,#8184,.F.);
#8186=ORIENTED_EDGE('',*,*,#7438,.F.);
#8187=EDGE_LOOP('',(#8178,#8179,#8185,#8186));
#8188=FACE_BOUND('',#8187,.T.);
#8189=ADVANCED_FACE('',(#8188),#8177,.F.);
#8190=CARTESIAN_POINT('',(422.78378583,-26.243721962,103.342000894));
#8191=DIRECTION('',(0.,0.,1.));
#8192=DIRECTION('',(1.,0.,-0.));
#8193=AXIS2_PLACEMENT_3D('',#8190,#8191,#8192);
#8194=CONICAL_SURFACE('',#8193,8.,45.);
#8195=ORIENTED_EDGE('',*,*,#8184,.T.);
#8196=ORIENTED_EDGE('',*,*,#7705,.F.);
#8197=CARTESIAN_POINT('',(429.78378583,-26.243721962,102.342000894));
#8198=DIRECTION('',(0.707106781,0.,0.707106781));
#8199=VECTOR('',#8198,1.414213562);
#8200=LINE('',#8197,#8199);
#8201=EDGE_CURVE('',#7441,#7546,#8200,.T.);
#8202=ORIENTED_EDGE('',*,*,#8201,.F.);
#8203=ORIENTED_EDGE('',*,*,#7447,.F.);
#8204=EDGE_LOOP('',(#8195,#8196,#8202,#8203));
#8205=FACE_BOUND('',#8204,.T.);
#8206=ADVANCED_FACE('',(#8205),#8194,.T.);
#8207=CARTESIAN_POINT('',(429.78378583,-92.952078867,102.342000894));
#8208=DIRECTION('',(-0.707106781,0.,0.707106781));
#8209=DIRECTION('',(-0.,-1.,-0.));
#8210=AXIS2_PLACEMENT_3D('',#8207,#8208,#8209);
#8211=PLANE('',#8210);
#8212=ORIENTED_EDGE('',*,*,#8201,.T.);
#8213=ORIENTED_EDGE('',*,*,#7584,.F.);
#8214=CARTESIAN_POINT('',(429.78378583,-46.852078867,102.342000894));
#8215=DIRECTION('',(0.707106781,0.,0.707106781));
#8216=VECTOR('',#8215,1.414213562);
#8217=LINE('',#8214,#8216);
#8218=EDGE_CURVE('',#7377,#7573,#8217,.T.);
#8219=ORIENTED_EDGE('',*,*,#8218,.F.);
#8220=ORIENTED_EDGE('',*,*,#7453,.F.);
#8221=EDGE_LOOP('',(#8212,#8213,#8219,#8220));
#8222=FACE_BOUND('',#8221,.T.);
#8223=ADVANCED_FACE('',(#8222),#8211,.F.);
#8224=CARTESIAN_POINT('',(431.78378583,-46.852078867,102.342000894));
#8225=DIRECTION('',(0.,0.,-1.));
#8226=DIRECTION('',(-1.,0.,0.));
#8227=AXIS2_PLACEMENT_3D('',#8224,#8225,#8226);
#8228=CONICAL_SURFACE('',#8227,2.,45.);
#8229=ORIENTED_EDGE('',*,*,#8218,.T.);
#8230=ORIENTED_EDGE('',*,*,#8100,.F.);
#8231=CARTESIAN_POINT('',(431.78378583,-48.852078867,102.342000894));
#8232=DIRECTION('',(0.,0.707106781,0.707106781));
#8233=VECTOR('',#8232,1.414213562);
#8234=LINE('',#8231,#8233);
#8235=EDGE_CURVE('',#7379,#7239,#8234,.T.);
#8236=ORIENTED_EDGE('',*,*,#8235,.F.);
#8237=ORIENTED_EDGE('',*,*,#7385,.F.);
#8238=EDGE_LOOP('',(#8229,#8230,#8236,#8237));
#8239=FACE_BOUND('',#8238,.T.);
#8240=ADVANCED_FACE('',(#8239),#8228,.F.);
#8241=CARTESIAN_POINT('',(416.33378583,-48.852078867,102.342000894));
#8242=DIRECTION('',(0.,-0.707106781,0.707106781));
#8243=DIRECTION('',(1.,0.,0.));
#8244=AXIS2_PLACEMENT_3D('',#8241,#8242,#8243);
#8245=PLANE('',#8244);
#8246=ORIENTED_EDGE('',*,*,#8235,.T.);
#8247=ORIENTED_EDGE('',*,*,#7244,.F.);
#8248=ORIENTED_EDGE('',*,*,#7106,.F.);
#8249=ORIENTED_EDGE('',*,*,#7391,.F.);
#8250=EDGE_LOOP('',(#8246,#8247,#8248,#8249));
#8251=FACE_BOUND('',#8250,.T.);
#8252=ADVANCED_FACE('',(#8251),#8245,.F.);
#8253=CARTESIAN_POINT('',(429.78378583,-46.115236762,136.479972735));
#8254=CARTESIAN_POINT('',(429.914685524,-46.115236762,136.479972735));
#8255=CARTESIAN_POINT('',(430.045533714,-46.134414789,136.462376576));
#8256=CARTESIAN_POINT('',(430.28740481,-46.208236265,136.394644146));
#8257=CARTESIAN_POINT('',(430.39833255,-46.262850667,136.344534524));
#8258=CARTESIAN_POINT('',(430.583452672,-46.399254968,136.219381312));
#8259=CARTESIAN_POINT('',(430.657572218,-46.480991197,136.144386964));
#8260=CARTESIAN_POINT('',(430.757758507,-46.659212005,135.980866413));
#8261=CARTESIAN_POINT('',(430.78378583,-46.755626461,135.892404547));
#8262=CARTESIAN_POINT('',(430.78378583,-46.852078867,135.803907863));
#8263=CARTESIAN_POINT('',(429.78378583,-46.264807866,136.642990061));
#8264=CARTESIAN_POINT('',(429.909397657,-46.259655547,136.637374556));
#8265=CARTESIAN_POINT('',(430.034968352,-46.272704617,136.616247095));
#8266=CARTESIAN_POINT('',(430.268658058,-46.333466959,136.545943292));
#8267=CARTESIAN_POINT('',(430.376700444,-46.381160999,136.496790322));
#8268=CARTESIAN_POINT('',(430.560215736,-46.504636106,136.377294471));
#8269=CARTESIAN_POINT('',(430.635628164,-46.58037723,136.30699068));
#8270=CARTESIAN_POINT('',(430.743278135,-46.749423286,136.154975396));
#8271=CARTESIAN_POINT('',(430.775479667,-46.842672994,136.073313357));
#8272=CARTESIAN_POINT('',(430.78378583,-46.938195563,135.991624783));
#8273=CARTESIAN_POINT('',(429.805598118,-46.403697421,136.810734838));
#8274=CARTESIAN_POINT('',(429.925210718,-46.395475766,136.800686384));
#8275=CARTESIAN_POINT('',(430.044790453,-46.404359753,136.777005411));
#8276=CARTESIAN_POINT('',(430.268722627,-46.455240814,136.705413514));
#8277=CARTESIAN_POINT('',(430.373013486,-46.497224145,136.657522435));
#8278=CARTESIAN_POINT('',(430.553008687,-46.608983457,136.54363253));
#8279=CARTESIAN_POINT('',(430.628663375,-46.678728953,136.477665008));
#8280=CARTESIAN_POINT('',(430.741658753,-46.837132843,136.336041166));
#8281=CARTESIAN_POINT('',(430.778967993,-46.925747847,136.260423656));
#8282=CARTESIAN_POINT('',(430.794691974,-47.018162277,136.184785436));
#8283=CARTESIAN_POINT('',(429.879454239,-46.66246787,137.155944399));
#8284=CARTESIAN_POINT('',(429.98686137,-46.650446538,137.138987945));
#8285=CARTESIAN_POINT('',(430.094248512,-46.653245032,137.111742373));
#8286=CARTESIAN_POINT('',(430.297713393,-46.688219404,137.039568463));
#8287=CARTESIAN_POINT('',(430.393753209,-46.720389037,136.99465375));
#8288=CARTESIAN_POINT('',(430.564354528,-46.810750808,136.891893813));
#8289=CARTESIAN_POINT('',(430.638884061,-46.868926374,136.834067725));
#8290=CARTESIAN_POINT('',(430.758539635,-47.005188847,136.711583114));
#8291=CARTESIAN_POINT('',(430.803642959,-47.083250543,136.64694727));
#8292=CARTESIAN_POINT('',(430.831620035,-47.167151323,136.582299475));
#8293=CARTESIAN_POINT('',(429.93176235,-46.782468956,137.333644102));
#8294=CARTESIAN_POINT('',(430.032927292,-46.769730788,137.314208375));
#8295=CARTESIAN_POINT('',(430.134076917,-46.770620118,137.285949922));
#8296=CARTESIAN_POINT('',(430.326771673,-46.799581299,137.21448276));
#8297=CARTESIAN_POINT('',(430.418287589,-46.827648848,137.171284959));
#8298=CARTESIAN_POINT('',(430.582986117,-46.908318796,137.074056801));
#8299=CARTESIAN_POINT('',(430.656143684,-46.960909084,137.020041186));
#8300=CARTESIAN_POINT('',(430.77712739,-47.085642289,136.906316372));
#8301=CARTESIAN_POINT('',(430.824935003,-47.157766418,136.846624366));
#8302=CARTESIAN_POINT('',(430.857774299,-47.236242781,136.78692334));
#8303=CARTESIAN_POINT('',(430.059443697,-47.003815704,137.698087112));
#8304=CARTESIAN_POINT('',(430.14828619,-46.990904445,137.675291746));
#8305=CARTESIAN_POINT('',(430.237120295,-46.989253885,137.646210316));
#8306=CARTESIAN_POINT('',(430.408080922,-47.008611806,137.577689043));
#8307=CARTESIAN_POINT('',(430.490191263,-47.029618555,137.538255768));
#8308=CARTESIAN_POINT('',(430.641478098,-47.092725413,137.452022168));
#8309=CARTESIAN_POINT('',(430.710640189,-47.134819684,137.405230005));
#8310=CARTESIAN_POINT('',(430.830765656,-47.236941883,137.307815698));
#8311=CARTESIAN_POINT('',(430.881717455,-47.296960281,137.257202719));
#8312=CARTESIAN_POINT('',(430.921614965,-47.363684856,137.206584985));
#8313=CARTESIAN_POINT('',(430.133640706,-47.103225669,137.881547983));
#8314=CARTESIAN_POINT('',(430.216503766,-47.090858257,137.857895569));
#8315=CARTESIAN_POINT('',(430.299360661,-47.088598511,137.829006429));
#8316=CARTESIAN_POINT('',(430.459538023,-47.1044486,137.762691877));
#8317=CARTESIAN_POINT('',(430.536846564,-47.122557284,137.72527143));
#8318=CARTESIAN_POINT('',(430.680744621,-47.17794423,137.644403104));
#8319=CARTESIAN_POINT('',(430.747323396,-47.21521842,137.600961246));
#8320=CARTESIAN_POINT('',(430.865288474,-47.306457293,137.510957286));
#8321=CARTESIAN_POINT('',(430.916665925,-47.360415248,137.464401869));
#8322=CARTESIAN_POINT('',(430.958713268,-47.420920965,137.417842997));
#8323=CARTESIAN_POINT('',(430.296869245,-47.282409947,138.251759644));
#8324=CARTESIAN_POINT('',(430.368154321,-47.271632343,138.227592266));
#8325=CARTESIAN_POINT('',(430.439436396,-47.26878385,138.199935235));
#8326=CARTESIAN_POINT('',(430.57838093,-47.279093666,138.139056869));
#8327=CARTESIAN_POINT('',(430.646037529,-47.292251571,138.105838133));
#8328=CARTESIAN_POINT('',(430.774284273,-47.333917519,138.035530299));
#8329=CARTESIAN_POINT('',(430.834868976,-47.362423863,137.998444168));
#8330=CARTESIAN_POINT('',(430.945874466,-47.433354614,137.922286218));
#8331=CARTESIAN_POINT('',(430.99629049,-47.475776104,137.883217594));
#8332=CARTESIAN_POINT('',(431.040327538,-47.524087671,137.844147334));
#8333=CARTESIAN_POINT('',(430.385955017,-47.36215982,138.438501972));
#8334=CARTESIAN_POINT('',(430.451637787,-47.352435916,138.414679171));
#8335=CARTESIAN_POINT('',(430.517318482,-47.349615197,138.388064248));
#8336=CARTESIAN_POINT('',(430.645806294,-47.357903836,138.330418354));
#8337=CARTESIAN_POINT('',(430.708609349,-47.369012939,138.299389213));
#8338=CARTESIAN_POINT('',(430.828587817,-47.404680574,138.234276169));
#8339=CARTESIAN_POINT('',(430.88575943,-47.429237998,138.200194324));
#8340=CARTESIAN_POINT('',(430.991963204,-47.490736563,138.130468545));
#8341=CARTESIAN_POINT('',(431.040991987,-47.527675789,138.094826811));
#8342=CARTESIAN_POINT('',(431.084870424,-47.570004264,138.059183953));
#8343=CARTESIAN_POINT('',(430.670193074,-47.574159601,139.004559387));
#8344=CARTESIAN_POINT('',(430.719516477,-47.567728096,138.983105027));
#8345=CARTESIAN_POINT('',(430.768839667,-47.565383876,138.960535285));
#8346=CARTESIAN_POINT('',(430.866380759,-47.568925063,138.913699671));
#8347=CARTESIAN_POINT('',(430.914598226,-47.574810493,138.889434054));
#8348=CARTESIAN_POINT('',(431.008835033,-47.594706833,138.839761605));
#8349=CARTESIAN_POINT('',(431.054853907,-47.608717758,138.814355));
#8350=CARTESIAN_POINT('',(431.143627035,-47.644601114,138.762968039));
#8351=CARTESIAN_POINT('',(431.186380777,-47.666473539,138.736987892));
#8352=CARTESIAN_POINT('',(431.226989452,-47.692064744,138.711007644));
#8353=CARTESIAN_POINT('',(430.883507215,-47.679452389,139.391940435));
#8354=CARTESIAN_POINT('',(430.922468679,-47.675357806,139.373863789));
#8355=CARTESIAN_POINT('',(430.961430029,-47.673824356,139.355233598));
#8356=CARTESIAN_POINT('',(431.038804352,-47.675900115,139.317130342));
#8357=CARTESIAN_POINT('',(431.077217098,-47.679509319,139.297657389));
#8358=CARTESIAN_POINT('',(431.152952477,-47.691823046,139.258143598));
#8359=CARTESIAN_POINT('',(431.190274886,-47.700527535,139.238102875));
#8360=CARTESIAN_POINT('',(431.263301514,-47.72291728,139.197735639));
#8361=CARTESIAN_POINT('',(431.299005514,-47.736602475,139.177409245));
#8362=CARTESIAN_POINT('',(431.333646523,-47.752687864,139.15708279));
#8363=CARTESIAN_POINT('',(431.324159935,-47.817792101,140.16403718));
#8364=CARTESIAN_POINT('',(431.343307735,-47.816886886,140.154209132));
#8365=CARTESIAN_POINT('',(431.362455565,-47.816509085,140.144381283));
#8366=CARTESIAN_POINT('',(431.400753635,-47.816805863,140.124729065));
#8367=CARTESIAN_POINT('',(431.419903933,-47.817480446,140.114904668));
#8368=CARTESIAN_POINT('',(431.458207672,-47.819889092,140.09525971));
#8369=CARTESIAN_POINT('',(431.477361168,-47.821623167,140.085439121));
#8370=CARTESIAN_POINT('',(431.515668595,-47.826167264,140.065800333));
#8371=CARTESIAN_POINT('',(431.534822579,-47.828977305,140.055982104));
#8372=CARTESIAN_POINT('',(431.553972882,-47.832338002,140.04616389));
#8373=CARTESIAN_POINT('',(431.552959227,-47.852078867,140.551241943));
#8374=CARTESIAN_POINT('',(431.552959227,-47.852078867,140.551241943));
#8375=CARTESIAN_POINT('',(431.581812476,-47.852078867,140.536440546));
#8376=CARTESIAN_POINT('',(431.581812476,-47.852078867,140.536440546));
#8377=CARTESIAN_POINT('',(431.610665725,-47.852078867,140.521639148));
#8378=CARTESIAN_POINT('',(431.610665725,-47.852078867,140.521639148));
#8379=CARTESIAN_POINT('',(431.639518975,-47.852078867,140.506837751));
#8380=CARTESIAN_POINT('',(431.639518975,-47.852078867,140.506837751));
#8381=CARTESIAN_POINT('',(431.668372224,-47.852078867,140.492036354));
#8382=CARTESIAN_POINT('',(431.668372224,-47.852078867,140.492036354));
#8383=CARTESIAN_POINT('',(431.78378583,-47.852078867,140.942000894));
#8384=CARTESIAN_POINT('',(431.78378583,-47.852078867,140.942000894));
#8385=CARTESIAN_POINT('',(431.78378583,-47.852078867,140.942000894));
#8386=CARTESIAN_POINT('',(431.78378583,-47.852078867,140.942000894));
#8387=CARTESIAN_POINT('',(431.78378583,-47.852078867,140.942000894));
#8388=CARTESIAN_POINT('',(431.78378583,-47.852078867,140.942000894));
#8389=CARTESIAN_POINT('',(431.78378583,-47.852078867,140.942000894));
#8390=CARTESIAN_POINT('',(431.78378583,-47.852078867,140.942000894));
#8391=CARTESIAN_POINT('',(431.78378583,-47.852078867,140.942000894));
#8392=CARTESIAN_POINT('',(431.78378583,-47.852078867,140.942000894));
#8393=B_SPLINE_SURFACE_WITH_KNOTS('',3,3,((#8253,#8254,#8255,#8256,#8257,#8258,#8259,#8260,#8261,#8262),(#8263,#8264,#8265,#8266,#8267,#8268,#8269,#8270,#8271,#8272),(#8273,#8274,#8275,#8276,#8277,#8278,#8279,#8280,#8281,#8282),(#8283,#8284,#8285,#8286,#8287,#8288,#8289,#8290,#8291,#8292),(#8293,#8294,#8295,#8296,#8297,#8298,#8299,#8300,#8301,#8302),(#8303,#8304,#8305,#8306,#8307,#8308,#8309,#8310,#8311,#8312),(#8313,#8314,#8315,#8316,#8317,#8318,#8319,#8320,#8321,#8322),(#8323,#8324,#8325,#8326,#8327,#8328,#8329,#8330,#8331,#8332),(#8333,#8334,#8335,#8336,#8337,#8338,#8339,#8340,#8341,#8342),(#8343,#8344,#8345,#8346,#8347,#8348,#8349,#8350,#8351,#8352),(#8353,#8354,#8355,#8356,#8357,#8358,#8359,#8360,#8361,#8362),(#8363,#8364,#8365,#8366,#8367,#8368,#8369,#8370,#8371,#8372),(#8373,#8374,#8375,#8376,#8377,#8378,#8379,#8380,#8381,#8382),(#8383,#8384,#8385,#8386,#8387,#8388,#8389,#8390,#8391,#8392)),.UNSPECIFIED.,.F.,.F.,.U.,(4,2,2,2,2,2,4),(4,2,2,2,4),(0.,0.000753358,0.001506715,0.002260073,0.003013431,0.004520146,0.006026862),(0.,0.25,0.5,0.75,1.),.UNSPECIFIED.);
#8394=ORIENTED_EDGE('',*,*,#8026,.F.);
#8395=ORIENTED_EDGE('',*,*,#8092,.F.);
#8396=CARTESIAN_POINT('',(429.78378583,-46.852078867,135.803907863));
#8397=DIRECTION('',(0.,0.676064873,-0.736842105));
#8398=DIRECTION('',(0.,0.736842105,0.676064873));
#8399=AXIS2_PLACEMENT_3D('',#8396,#8397,#8398);
#8400=CIRCLE('',#8399,1.);
#8401=EDGE_CURVE('',#8008,#7564,#8400,.T.);
#8402=ORIENTED_EDGE('',*,*,#8401,.F.);
#8403=EDGE_LOOP('',(#8394,#8395,#8402));
#8404=FACE_BOUND('',#8403,.T.);
#8405=ADVANCED_FACE('',(#8404),#8393,.T.);
#8406=CARTESIAN_POINT('',(429.78378583,-41.252078867,140.942000894));
#8407=DIRECTION('',(1.,-0.,0.));
#8408=DIRECTION('',(0.,1.,0.));
#8409=AXIS2_PLACEMENT_3D('',#8406,#8407,#8408);
#8410=TOROIDAL_SURFACE('',#8409,7.6,1.);
#8411=ORIENTED_EDGE('',*,*,#8401,.T.);
#8412=ORIENTED_EDGE('',*,*,#7570,.F.);
#8413=CARTESIAN_POINT('',(429.78378583,-41.252078867,133.342000894));
#8414=DIRECTION('',(0.,1.,0.));
#8415=DIRECTION('',(0.,-0.,1.));
#8416=AXIS2_PLACEMENT_3D('',#8413,#8414,#8415);
#8417=CIRCLE('',#8416,1.);
#8418=EDGE_CURVE('',#7931,#7556,#8417,.T.);
#8419=ORIENTED_EDGE('',*,*,#8418,.F.);
#8420=ORIENTED_EDGE('',*,*,#8033,.F.);
#8421=EDGE_LOOP('',(#8411,#8412,#8419,#8420));
#8422=FACE_BOUND('',#8421,.T.);
#8423=ADVANCED_FACE('',(#8422),#8410,.T.);
#8424=CARTESIAN_POINT('',(429.78378583,-40.343721962,133.342000894));
#8425=DIRECTION('',(-0.,-1.,0.));
#8426=DIRECTION('',(1.,-0.,0.));
#8427=AXIS2_PLACEMENT_3D('',#8424,#8425,#8426);
#8428=CYLINDRICAL_SURFACE('',#8427,1.);
#8429=ORIENTED_EDGE('',*,*,#8418,.T.);
#8430=ORIENTED_EDGE('',*,*,#7561,.F.);
#8431=CARTESIAN_POINT('',(429.78378583,-26.243721962,133.342000894));
#8432=DIRECTION('',(0.,1.,0.));
#8433=DIRECTION('',(0.,-0.,1.));
#8434=AXIS2_PLACEMENT_3D('',#8431,#8432,#8433);
#8435=CIRCLE('',#8434,1.);
#8436=EDGE_CURVE('',#7939,#7548,#8435,.T.);
#8437=ORIENTED_EDGE('',*,*,#8436,.F.);
#8438=ORIENTED_EDGE('',*,*,#7944,.F.);
#8439=EDGE_LOOP('',(#8429,#8430,#8437,#8438));
#8440=FACE_BOUND('',#8439,.T.);
#8441=ADVANCED_FACE('',(#8440),#8428,.T.);
#8442=CARTESIAN_POINT('',(422.78378583,-26.243721962,133.342000894));
#8443=DIRECTION('',(0.,0.,1.));
#8444=DIRECTION('',(1.,0.,-0.));
#8445=AXIS2_PLACEMENT_3D('',#8442,#8443,#8444);
#8446=TOROIDAL_SURFACE('',#8445,7.,1.);
#8447=ORIENTED_EDGE('',*,*,#8436,.T.);
#8448=ORIENTED_EDGE('',*,*,#7697,.F.);
#8449=CARTESIAN_POINT('',(422.78378583,-19.243721962,133.342000894));
#8450=DIRECTION('',(-1.,0.,0.));
#8451=DIRECTION('',(0.,0.,1.));
#8452=AXIS2_PLACEMENT_3D('',#8449,#8450,#8451);
#8453=CIRCLE('',#8452,1.);
#8454=EDGE_CURVE('',#7947,#7662,#8453,.T.);
#8455=ORIENTED_EDGE('',*,*,#8454,.F.);
#8456=ORIENTED_EDGE('',*,*,#7953,.F.);
#8457=EDGE_LOOP('',(#8447,#8448,#8455,#8456));
#8458=FACE_BOUND('',#8457,.T.);
#8459=ADVANCED_FACE('',(#8458),#8446,.T.);
#8460=CARTESIAN_POINT('',(430.38378583,-19.243721962,133.342000894));
#8461=DIRECTION('',(1.,-0.,-0.));
#8462=DIRECTION('',(-0.,0.,-1.));
#8463=AXIS2_PLACEMENT_3D('',#8460,#8461,#8462);
#8464=CYLINDRICAL_SURFACE('',#8463,1.);
#8465=ORIENTED_EDGE('',*,*,#8454,.T.);
#8466=ORIENTED_EDGE('',*,*,#7667,.F.);
#8467=CARTESIAN_POINT('',(409.88378583,-19.243721962,133.342000894));
#8468=DIRECTION('',(-1.,0.,0.));
#8469=DIRECTION('',(0.,0.,1.));
#8470=AXIS2_PLACEMENT_3D('',#8467,#8468,#8469);
#8471=CIRCLE('',#8470,1.);
#8472=EDGE_CURVE('',#7956,#7654,#8471,.T.);
#8473=ORIENTED_EDGE('',*,*,#8472,.F.);
#8474=ORIENTED_EDGE('',*,*,#7961,.F.);
#8475=EDGE_LOOP('',(#8465,#8466,#8473,#8474));
#8476=FACE_BOUND('',#8475,.T.);
#8477=ADVANCED_FACE('',(#8476),#8464,.T.);
#8478=CARTESIAN_POINT('',(409.88378583,-26.243721962,133.342000894));
#8479=DIRECTION('',(0.,0.,1.));
#8480=DIRECTION('',(1.,0.,-0.));
#8481=AXIS2_PLACEMENT_3D('',#8478,#8479,#8480);
#8482=TOROIDAL_SURFACE('',#8481,7.,1.);
#8483=ORIENTED_EDGE('',*,*,#8472,.T.);
#8484=ORIENTED_EDGE('',*,*,#7721,.F.);
#8485=CARTESIAN_POINT('',(402.88378583,-26.243721962,133.342000894));
#8486=DIRECTION('',(0.,-1.,0.));
#8487=DIRECTION('',(0.,0.,-1.));
#8488=AXIS2_PLACEMENT_3D('',#8485,#8486,#8487);
#8489=CIRCLE('',#8488,1.);
#8490=EDGE_CURVE('',#7913,#7622,#8489,.T.);
#8491=ORIENTED_EDGE('',*,*,#8490,.F.);
#8492=ORIENTED_EDGE('',*,*,#7968,.F.);
#8493=EDGE_LOOP('',(#8483,#8484,#8491,#8492));
#8494=FACE_BOUND('',#8493,.T.);
#8495=ADVANCED_FACE('',(#8494),#8482,.T.);
#8496=CARTESIAN_POINT('',(402.88378583,-15.343721962,133.342000894));
#8497=DIRECTION('',(0.,1.,-0.));
#8498=DIRECTION('',(-1.,0.,0.));
#8499=AXIS2_PLACEMENT_3D('',#8496,#8497,#8498);
#8500=CYLINDRICAL_SURFACE('',#8499,1.);
#8501=ORIENTED_EDGE('',*,*,#8490,.T.);
#8502=ORIENTED_EDGE('',*,*,#7627,.F.);
#8503=CARTESIAN_POINT('',(402.88378583,-39.352078867,133.342000894));
#8504=DIRECTION('',(0.,-1.,0.));
#8505=DIRECTION('',(0.,0.,-1.));
#8506=AXIS2_PLACEMENT_3D('',#8503,#8504,#8505);
#8507=CIRCLE('',#8506,1.);
#8508=EDGE_CURVE('',#7915,#7614,#8507,.T.);
#8509=ORIENTED_EDGE('',*,*,#8508,.F.);
#8510=ORIENTED_EDGE('',*,*,#7920,.F.);
#8511=EDGE_LOOP('',(#8501,#8502,#8509,#8510));
#8512=FACE_BOUND('',#8511,.T.);
#8513=ADVANCED_FACE('',(#8512),#8500,.T.);
#8514=CARTESIAN_POINT('',(402.88378583,-15.343721962,133.342000894));
#8515=DIRECTION('',(0.,1.,-0.));
#8516=DIRECTION('',(-1.,0.,0.));
#8517=AXIS2_PLACEMENT_3D('',#8514,#8515,#8516);
#8518=CYLINDRICAL_SURFACE('',#8517,1.);
#8519=ORIENTED_EDGE('',*,*,#8508,.T.);
#8520=ORIENTED_EDGE('',*,*,#7619,.F.);
#8521=CARTESIAN_POINT('',(402.88378583,-41.252078867,133.342000894));
#8522=DIRECTION('',(0.,-1.,0.));
#8523=DIRECTION('',(0.,0.,-1.));
#8524=AXIS2_PLACEMENT_3D('',#8521,#8522,#8523);
#8525=CIRCLE('',#8524,1.);
#8526=EDGE_CURVE('',#7923,#7605,#8525,.T.);
#8527=ORIENTED_EDGE('',*,*,#8526,.F.);
#8528=ORIENTED_EDGE('',*,*,#7928,.F.);
#8529=EDGE_LOOP('',(#8519,#8520,#8527,#8528));
#8530=FACE_BOUND('',#8529,.T.);
#8531=ADVANCED_FACE('',(#8530),#8518,.T.);
#8532=CARTESIAN_POINT('',(402.88378583,-41.252078867,140.942000894));
#8533=DIRECTION('',(-1.,0.,0.));
#8534=DIRECTION('',(-0.,-1.,0.));
#8535=AXIS2_PLACEMENT_3D('',#8532,#8533,#8534);
#8536=TOROIDAL_SURFACE('',#8535,7.6,1.);
#8537=ORIENTED_EDGE('',*,*,#8526,.T.);
#8538=ORIENTED_EDGE('',*,*,#7611,.F.);
#8539=CARTESIAN_POINT('',(402.88378583,-46.852078867,135.803907863));
#8540=DIRECTION('',(0.,-0.676064873,0.736842105));
#8541=DIRECTION('',(0.,-0.736842105,-0.676064873));
#8542=AXIS2_PLACEMENT_3D('',#8539,#8540,#8541);
#8543=CIRCLE('',#8542,1.);
#8544=EDGE_CURVE('',#7979,#7597,#8543,.T.);
#8545=ORIENTED_EDGE('',*,*,#8544,.F.);
#8546=ORIENTED_EDGE('',*,*,#7985,.F.);
#8547=EDGE_LOOP('',(#8537,#8538,#8545,#8546));
#8548=FACE_BOUND('',#8547,.T.);
#8549=ADVANCED_FACE('',(#8548),#8536,.T.);
#8550=CARTESIAN_POINT('',(401.88378583,-46.852078867,135.803907863));
#8551=CARTESIAN_POINT('',(401.88378583,-46.755626461,135.892404547));
#8552=CARTESIAN_POINT('',(401.909813153,-46.659212005,135.980866413));
#8553=CARTESIAN_POINT('',(402.009999442,-46.480991197,136.144386964));
#8554=CARTESIAN_POINT('',(402.084118988,-46.399254968,136.219381312));
#8555=CARTESIAN_POINT('',(402.26923911,-46.262850667,136.344534524));
#8556=CARTESIAN_POINT('',(402.38016685,-46.208236265,136.394644146));
#8557=CARTESIAN_POINT('',(402.622037946,-46.134414789,136.462376576));
#8558=CARTESIAN_POINT('',(402.752886136,-46.115236762,136.479972735));
#8559=CARTESIAN_POINT('',(402.88378583,-46.115236762,136.479972735));
#8560=CARTESIAN_POINT('',(401.88378583,-46.938195563,135.991624783));
#8561=CARTESIAN_POINT('',(401.892091993,-46.842672994,136.073313357));
#8562=CARTESIAN_POINT('',(401.924293525,-46.749423286,136.154975396));
#8563=CARTESIAN_POINT('',(402.031943496,-46.58037723,136.30699068));
#8564=CARTESIAN_POINT('',(402.107355924,-46.504636106,136.377294471));
#8565=CARTESIAN_POINT('',(402.290871216,-46.381160999,136.496790322));
#8566=CARTESIAN_POINT('',(402.398913602,-46.333466959,136.545943292));
#8567=CARTESIAN_POINT('',(402.632603308,-46.272704617,136.616247095));
#8568=CARTESIAN_POINT('',(402.758174003,-46.259655547,136.637374556));
#8569=CARTESIAN_POINT('',(402.88378583,-46.264807866,136.642990061));
#8570=CARTESIAN_POINT('',(401.872879686,-47.018162277,136.184785436));
#8571=CARTESIAN_POINT('',(401.888603667,-46.925747847,136.260423656));
#8572=CARTESIAN_POINT('',(401.925912907,-46.837132843,136.336041166));
#8573=CARTESIAN_POINT('',(402.038908285,-46.678728953,136.477665008));
#8574=CARTESIAN_POINT('',(402.114562973,-46.608983457,136.54363253));
#8575=CARTESIAN_POINT('',(402.294558174,-46.497224145,136.657522435));
#8576=CARTESIAN_POINT('',(402.398849033,-46.455240814,136.705413514));
#8577=CARTESIAN_POINT('',(402.622781207,-46.404359753,136.777005411));
#8578=CARTESIAN_POINT('',(402.742360942,-46.395475766,136.800686384));
#8579=CARTESIAN_POINT('',(402.861973542,-46.403697421,136.810734838));
#8580=CARTESIAN_POINT('',(401.835951625,-47.167151323,136.582299475));
#8581=CARTESIAN_POINT('',(401.863928701,-47.083250543,136.64694727));
#8582=CARTESIAN_POINT('',(401.909032025,-47.005188847,136.711583114));
#8583=CARTESIAN_POINT('',(402.028687599,-46.868926374,136.834067725));
#8584=CARTESIAN_POINT('',(402.103217132,-46.810750808,136.891893813));
#8585=CARTESIAN_POINT('',(402.273818451,-46.720389037,136.99465375));
#8586=CARTESIAN_POINT('',(402.369858267,-46.688219404,137.039568463));
#8587=CARTESIAN_POINT('',(402.573323148,-46.653245032,137.111742373));
#8588=CARTESIAN_POINT('',(402.68071029,-46.650446538,137.138987945));
#8589=CARTESIAN_POINT('',(402.788117421,-46.66246787,137.155944399));
#8590=CARTESIAN_POINT('',(401.809797361,-47.236242781,136.78692334));
#8591=CARTESIAN_POINT('',(401.842636657,-47.157766418,136.846624366));
#8592=CARTESIAN_POINT('',(401.89044427,-47.085642289,136.906316372));
#8593=CARTESIAN_POINT('',(402.011427976,-46.960909084,137.020041186));
#8594=CARTESIAN_POINT('',(402.084585543,-46.908318796,137.074056801));
#8595=CARTESIAN_POINT('',(402.249284071,-46.827648848,137.171284959));
#8596=CARTESIAN_POINT('',(402.340799987,-46.799581299,137.21448276));
#8597=CARTESIAN_POINT('',(402.533494743,-46.770620118,137.285949922));
#8598=CARTESIAN_POINT('',(402.634644368,-46.769730788,137.314208375));
#8599=CARTESIAN_POINT('',(402.73580931,-46.782468956,137.333644102));
#8600=CARTESIAN_POINT('',(401.745956695,-47.363684856,137.206584985));
#8601=CARTESIAN_POINT('',(401.785854205,-47.296960281,137.257202719));
#8602=CARTESIAN_POINT('',(401.836806004,-47.236941883,137.307815698));
#8603=CARTESIAN_POINT('',(401.956931471,-47.134819684,137.405230005));
#8604=CARTESIAN_POINT('',(402.026093562,-47.092725413,137.452022168));
#8605=CARTESIAN_POINT('',(402.177380397,-47.029618555,137.538255768));
#8606=CARTESIAN_POINT('',(402.259490738,-47.008611806,137.577689043));
#8607=CARTESIAN_POINT('',(402.430451365,-46.989253885,137.646210316));
#8608=CARTESIAN_POINT('',(402.51928547,-46.990904445,137.675291746));
#8609=CARTESIAN_POINT('',(402.608127963,-47.003815704,137.698087112));
#8610=CARTESIAN_POINT('',(401.708858392,-47.420920965,137.417842997));
#8611=CARTESIAN_POINT('',(401.750905735,-47.360415248,137.464401869));
#8612=CARTESIAN_POINT('',(401.802283186,-47.306457293,137.510957286));
#8613=CARTESIAN_POINT('',(401.920248264,-47.21521842,137.600961246));
#8614=CARTESIAN_POINT('',(401.986827039,-47.17794423,137.644403104));
#8615=CARTESIAN_POINT('',(402.130725096,-47.122557284,137.72527143));
#8616=CARTESIAN_POINT('',(402.208033637,-47.1044486,137.762691877));
#8617=CARTESIAN_POINT('',(402.368210999,-47.088598511,137.829006429));
#8618=CARTESIAN_POINT('',(402.451067894,-47.090858257,137.857895569));
#8619=CARTESIAN_POINT('',(402.533930954,-47.103225669,137.881547983));
#8620=CARTESIAN_POINT('',(401.627244122,-47.524087671,137.844147334));
#8621=CARTESIAN_POINT('',(401.67128117,-47.475776104,137.883217594));
#8622=CARTESIAN_POINT('',(401.721697194,-47.433354614,137.922286218));
#8623=CARTESIAN_POINT('',(401.832702684,-47.362423863,137.998444168));
#8624=CARTESIAN_POINT('',(401.893287387,-47.333917519,138.035530299));
#8625=CARTESIAN_POINT('',(402.021534131,-47.292251571,138.105838133));
#8626=CARTESIAN_POINT('',(402.08919073,-47.279093666,138.139056869));
#8627=CARTESIAN_POINT('',(402.228135264,-47.26878385,138.199935235));
#8628=CARTESIAN_POINT('',(402.299417339,-47.271632343,138.227592266));
#8629=CARTESIAN_POINT('',(402.370702415,-47.282409947,138.251759644));
#8630=CARTESIAN_POINT('',(401.582701236,-47.570004264,138.059183953));
#8631=CARTESIAN_POINT('',(401.626579673,-47.527675789,138.094826811));
#8632=CARTESIAN_POINT('',(401.675608456,-47.490736563,138.130468545));
#8633=CARTESIAN_POINT('',(401.78181223,-47.429237998,138.200194324));
#8634=CARTESIAN_POINT('',(401.838983843,-47.404680574,138.234276169));
#8635=CARTESIAN_POINT('',(401.958962311,-47.369012939,138.299389213));
#8636=CARTESIAN_POINT('',(402.021765366,-47.357903836,138.330418354));
#8637=CARTESIAN_POINT('',(402.150253178,-47.349615197,138.388064248));
#8638=CARTESIAN_POINT('',(402.215933873,-47.352435916,138.414679171));
#8639=CARTESIAN_POINT('',(402.281616643,-47.36215982,138.438501972));
#8640=CARTESIAN_POINT('',(401.440582208,-47.692064744,138.711007644));
#8641=CARTESIAN_POINT('',(401.481190883,-47.666473539,138.736987892));
#8642=CARTESIAN_POINT('',(401.523944625,-47.644601114,138.762968039));
#8643=CARTESIAN_POINT('',(401.612717753,-47.608717758,138.814355));
#8644=CARTESIAN_POINT('',(401.658736627,-47.594706833,138.839761605));
#8645=CARTESIAN_POINT('',(401.752973434,-47.574810493,138.889434054));
#8646=CARTESIAN_POINT('',(401.801190901,-47.568925063,138.913699671));
#8647=CARTESIAN_POINT('',(401.898731993,-47.565383876,138.960535285));
#8648=CARTESIAN_POINT('',(401.948055183,-47.567728096,138.983105027));
#8649=CARTESIAN_POINT('',(401.997378586,-47.574159601,139.004559387));
#8650=CARTESIAN_POINT('',(401.333925137,-47.752687864,139.15708279));
#8651=CARTESIAN_POINT('',(401.368566146,-47.736602475,139.177409245));
#8652=CARTESIAN_POINT('',(401.404270146,-47.72291728,139.197735639));
#8653=CARTESIAN_POINT('',(401.477296774,-47.700527535,139.238102875));
#8654=CARTESIAN_POINT('',(401.514619183,-47.691823046,139.258143598));
#8655=CARTESIAN_POINT('',(401.590354562,-47.679509319,139.297657389));
#8656=CARTESIAN_POINT('',(401.628767308,-47.675900115,139.317130342));
#8657=CARTESIAN_POINT('',(401.706141631,-47.673824356,139.355233598));
#8658=CARTESIAN_POINT('',(401.745102981,-47.675357806,139.373863789));
#8659=CARTESIAN_POINT('',(401.784064445,-47.679452389,139.391940435));
#8660=CARTESIAN_POINT('',(401.113598778,-47.832338002,140.04616389));
#8661=CARTESIAN_POINT('',(401.132749081,-47.828977305,140.055982104));
#8662=CARTESIAN_POINT('',(401.151903065,-47.826167264,140.065800333));
#8663=CARTESIAN_POINT('',(401.190210492,-47.821623167,140.085439121));
#8664=CARTESIAN_POINT('',(401.209363988,-47.819889092,140.09525971));
#8665=CARTESIAN_POINT('',(401.247667727,-47.817480446,140.114904668));
#8666=CARTESIAN_POINT('',(401.266818025,-47.816805863,140.124729065));
#8667=CARTESIAN_POINT('',(401.305116095,-47.816509085,140.144381283));
#8668=CARTESIAN_POINT('',(401.324263925,-47.816886886,140.154209132));
#8669=CARTESIAN_POINT('',(401.343411725,-47.817792101,140.16403718));
#8670=CARTESIAN_POINT('',(400.999199436,-47.852078867,140.492036354));
#8671=CARTESIAN_POINT('',(400.999199436,-47.852078867,140.492036354));
#8672=CARTESIAN_POINT('',(401.028052685,-47.852078867,140.506837751));
#8673=CARTESIAN_POINT('',(401.028052685,-47.852078867,140.506837751));
#8674=CARTESIAN_POINT('',(401.056905935,-47.852078867,140.521639148));
#8675=CARTESIAN_POINT('',(401.056905935,-47.852078867,140.521639148));
#8676=CARTESIAN_POINT('',(401.085759184,-47.852078867,140.536440546));
#8677=CARTESIAN_POINT('',(401.085759184,-47.852078867,140.536440546));
#8678=CARTESIAN_POINT('',(401.114612433,-47.852078867,140.551241943));
#8679=CARTESIAN_POINT('',(401.114612433,-47.852078867,140.551241943));
#8680=CARTESIAN_POINT('',(400.88378583,-47.852078867,140.942000894));
#8681=CARTESIAN_POINT('',(400.88378583,-47.852078867,140.942000894));
#8682=CARTESIAN_POINT('',(400.88378583,-47.852078867,140.942000894));
#8683=CARTESIAN_POINT('',(400.88378583,-47.852078867,140.942000894));
#8684=CARTESIAN_POINT('',(400.88378583,-47.852078867,140.942000894));
#8685=CARTESIAN_POINT('',(400.88378583,-47.852078867,140.942000894));
#8686=CARTESIAN_POINT('',(400.88378583,-47.852078867,140.942000894));
#8687=CARTESIAN_POINT('',(400.88378583,-47.852078867,140.942000894));
#8688=CARTESIAN_POINT('',(400.88378583,-47.852078867,140.942000894));
#8689=CARTESIAN_POINT('',(400.88378583,-47.852078867,140.942000894));
#8690=B_SPLINE_SURFACE_WITH_KNOTS('',3,3,((#8550,#8551,#8552,#8553,#8554,#8555,#8556,#8557,#8558,#8559),(#8560,#8561,#8562,#8563,#8564,#8565,#8566,#8567,#8568,#8569),(#8570,#8571,#8572,#8573,#8574,#8575,#8576,#8577,#8578,#8579),(#8580,#8581,#8582,#8583,#8584,#8585,#8586,#8587,#8588,#8589),(#8590,#8591,#8592,#8593,#8594,#8595,#8596,#8597,#8598,#8599),(#8600,#8601,#8602,#8603,#8604,#8605,#8606,#8607,#8608,#8609),(#8610,#8611,#8612,#8613,#8614,#8615,#8616,#8617,#8618,#8619),(#8620,#8621,#8622,#8623,#8624,#8625,#8626,#8627,#8628,#8629),(#8630,#8631,#8632,#8633,#8634,#8635,#8636,#8637,#8638,#8639),(#8640,#8641,#8642,#8643,#8644,#8645,#8646,#8647,#8648,#8649),(#8650,#8651,#8652,#8653,#8654,#8655,#8656,#8657,#8658,#8659),(#8660,#8661,#8662,#8663,#8664,#8665,#8666,#8667,#8668,#8669),(#8670,#8671,#8672,#8673,#8674,#8675,#8676,#8677,#8678,#8679),(#8680,#8681,#8682,#8683,#8684,#8685,#8686,#8687,#8688,#8689)),.UNSPECIFIED.,.F.,.F.,.U.,(4,2,2,2,2,2,4),(4,2,2,2,4),(-0.,0.000753358,0.001506715,0.002260073,0.003013431,0.004520146,0.006026862),(0.,0.25,0.5,0.75,1.),.UNSPECIFIED.);
#8691=ORIENTED_EDGE('',*,*,#8544,.T.);
#8692=ORIENTED_EDGE('',*,*,#8059,.F.);
#8693=ORIENTED_EDGE('',*,*,#8004,.F.);
#8694=EDGE_LOOP('',(#8691,#8692,#8693));
#8695=FACE_BOUND('',#8694,.T.);
#8696=ADVANCED_FACE('',(#8695),#8690,.T.);
#8697=CARTESIAN_POINT('',(438.40806764,-57.852078867,112.342000894));
#8698=DIRECTION('',(0.,-1.,0.));
#8699=DIRECTION('',(-0.387602263,0.,0.921826711));
#8700=AXIS2_PLACEMENT_3D('',#8697,#8698,#8699);
#8701=CYLINDRICAL_SURFACE('',#8700,1.);
#8702=ORIENTED_EDGE('',*,*,#2404,.F.);
#8703=CARTESIAN_POINT('',(438.40806764,-64.952078867,112.342000894));
#8704=DIRECTION('',(-0.,1.,-0.));
#8705=DIRECTION('',(0.,0.,-1.));
#8706=AXIS2_PLACEMENT_3D('',#8703,#8704,#8705);
#8707=CIRCLE('',#8706,1.);
#8708=EDGE_CURVE('',#2397,#4020,#8707,.T.);
#8709=ORIENTED_EDGE('',*,*,#8708,.T.);
#8710=ORIENTED_EDGE('',*,*,#4025,.T.);
#8711=ORIENTED_EDGE('',*,*,#4063,.T.);
#8712=EDGE_LOOP('',(#8702,#8709,#8710,#8711));
#8713=FACE_BOUND('',#8712,.T.);
#8714=ADVANCED_FACE('',(#8713),#8701,.T.);
#8715=CARTESIAN_POINT('',(432.262471188,-57.852078867,112.342000894));
#8716=DIRECTION('',(0.,-1.,0.));
#8717=DIRECTION('',(0.387602263,0.,0.921826711));
#8718=AXIS2_PLACEMENT_3D('',#8715,#8716,#8717);
#8719=CYLINDRICAL_SURFACE('',#8718,1.);
#8720=ORIENTED_EDGE('',*,*,#2452,.F.);
#8721=CARTESIAN_POINT('',(432.262471188,-64.952078867,112.342000894));
#8722=DIRECTION('',(-0.,1.,-0.));
#8723=DIRECTION('',(0.,0.,-1.));
#8724=AXIS2_PLACEMENT_3D('',#8721,#8722,#8723);
#8725=CIRCLE('',#8724,1.);
#8726=EDGE_CURVE('',#2445,#3048,#8725,.T.);
#8727=ORIENTED_EDGE('',*,*,#8726,.T.);
#8728=ORIENTED_EDGE('',*,*,#3053,.T.);
#8729=CARTESIAN_POINT('',(432.977075427,-58.552078867,113.041529866));
#8730=CARTESIAN_POINT('',(432.93384444,-58.596695114,113.085692505));
#8731=CARTESIAN_POINT('',(432.88793986,-58.640004679,113.124681644));
#8732=CARTESIAN_POINT('',(432.837502056,-58.68228325,113.160132608));
#8733=CARTESIAN_POINT('',(432.787064252,-58.724561822,113.195583571));
#8734=CARTESIAN_POINT('',(432.732292118,-58.765604811,113.227194324));
#8735=CARTESIAN_POINT('',(432.672489351,-58.803241516,113.254078251));
#8736=CARTESIAN_POINT('',(432.612686585,-58.84087822,113.280962178));
#8737=CARTESIAN_POINT('',(432.54897633,-58.874458365,113.302622826));
#8738=CARTESIAN_POINT('',(432.480797849,-58.900721111,113.317876639));
#8739=CARTESIAN_POINT('',(432.412619368,-58.926983858,113.333130451));
#8740=CARTESIAN_POINT('',(432.338495481,-58.946330441,113.342000894));
#8741=CARTESIAN_POINT('',(432.262471188,-58.951004435,113.342000894));
#8742=B_SPLINE_CURVE_WITH_KNOTS('',3,(#8729,#8730,#8731,#8732,#8733,#8734,#8735,#8736,#8737,#8738,#8739,#8740,#8741),.UNSPECIFIED.,.F.,.F.,(4,3,3,3,4),(-0.000474981,-0.000251329,-0.000027678,0.000195974,0.000419625),.UNSPECIFIED.);
#8743=EDGE_CURVE('',#3039,#2447,#8742,.T.);
#8744=ORIENTED_EDGE('',*,*,#8743,.T.);
#8745=EDGE_LOOP('',(#8720,#8727,#8728,#8744));
#8746=FACE_BOUND('',#8745,.T.);
#8747=ADVANCED_FACE('',(#8746),#8719,.T.);
#8748=CARTESIAN_POINT('',(400.408067006,-57.852078867,112.342000894));
#8749=DIRECTION('',(0.,-1.,0.));
#8750=DIRECTION('',(-0.387602263,0.,0.921826711));
#8751=AXIS2_PLACEMENT_3D('',#8748,#8749,#8750);
#8752=CYLINDRICAL_SURFACE('',#8751,1.);
#8753=ORIENTED_EDGE('',*,*,#2503,.F.);
#8754=CARTESIAN_POINT('',(400.408067006,-64.952078867,112.342000894));
#8755=DIRECTION('',(-0.,1.,-0.));
#8756=DIRECTION('',(0.,0.,-1.));
#8757=AXIS2_PLACEMENT_3D('',#8754,#8755,#8756);
#8758=CIRCLE('',#8757,1.);
#8759=EDGE_CURVE('',#2496,#4109,#8758,.T.);
#8760=ORIENTED_EDGE('',*,*,#8759,.T.);
#8761=ORIENTED_EDGE('',*,*,#4114,.T.);
#8762=ORIENTED_EDGE('',*,*,#4152,.T.);
#8763=EDGE_LOOP('',(#8753,#8760,#8761,#8762));
#8764=FACE_BOUND('',#8763,.T.);
#8765=ADVANCED_FACE('',(#8764),#8752,.T.);
#8766=CARTESIAN_POINT('',(394.262470554,-57.852078867,112.342000894));
#8767=DIRECTION('',(0.,-1.,0.));
#8768=DIRECTION('',(0.387602263,0.,0.921826711));
#8769=AXIS2_PLACEMENT_3D('',#8766,#8767,#8768);
#8770=CYLINDRICAL_SURFACE('',#8769,1.);
#8771=ORIENTED_EDGE('',*,*,#2551,.F.);
#8772=CARTESIAN_POINT('',(394.262470554,-64.952078867,112.342000894));
#8773=DIRECTION('',(-0.,1.,-0.));
#8774=DIRECTION('',(0.,0.,-1.));
#8775=AXIS2_PLACEMENT_3D('',#8772,#8773,#8774);
#8776=CIRCLE('',#8775,1.);
#8777=EDGE_CURVE('',#2544,#3507,#8776,.T.);
#8778=ORIENTED_EDGE('',*,*,#8777,.T.);
#8779=ORIENTED_EDGE('',*,*,#3512,.T.);
#8780=CARTESIAN_POINT('',(394.977074793,-58.552078867,113.041529866));
#8781=CARTESIAN_POINT('',(394.933843806,-58.596695114,113.085692505));
#8782=CARTESIAN_POINT('',(394.887939226,-58.640004679,113.124681644));
#8783=CARTESIAN_POINT('',(394.837501422,-58.68228325,113.160132608));
#8784=CARTESIAN_POINT('',(394.787063618,-58.724561822,113.195583571));
#8785=CARTESIAN_POINT('',(394.732291484,-58.765604811,113.227194324));
#8786=CARTESIAN_POINT('',(394.672488717,-58.803241516,113.254078251));
#8787=CARTESIAN_POINT('',(394.612685951,-58.84087822,113.280962178));
#8788=CARTESIAN_POINT('',(394.548975696,-58.874458365,113.302622826));
#8789=CARTESIAN_POINT('',(394.480797215,-58.900721111,113.317876639));
#8790=CARTESIAN_POINT('',(394.412618734,-58.926983858,113.333130451));
#8791=CARTESIAN_POINT('',(394.338494847,-58.946330441,113.342000894));
#8792=CARTESIAN_POINT('',(394.262470554,-58.951004435,113.342000894));
#8793=B_SPLINE_CURVE_WITH_KNOTS('',3,(#8780,#8781,#8782,#8783,#8784,#8785,#8786,#8787,#8788,#8789,#8790,#8791,#8792),.UNSPECIFIED.,.F.,.F.,(4,3,3,3,4),(-0.000474981,-0.000251329,-0.000027678,0.000195974,0.000419625),.UNSPECIFIED.);
#8794=EDGE_CURVE('',#3498,#2546,#8793,.T.);
#8795=ORIENTED_EDGE('',*,*,#8794,.T.);
#8796=EDGE_LOOP('',(#8771,#8778,#8779,#8795));
#8797=FACE_BOUND('',#8796,.T.);
#8798=ADVANCED_FACE('',(#8797),#8770,.T.);
#8799=CARTESIAN_POINT('',(380.408067006,-91.952078866,112.342000894));
#8800=DIRECTION('',(0.,-1.,0.));
#8801=DIRECTION('',(-0.387602263,0.,0.921826711));
#8802=AXIS2_PLACEMENT_3D('',#8799,#8800,#8801);
#8803=CYLINDRICAL_SURFACE('',#8802,1.);
#8804=ORIENTED_EDGE('',*,*,#2602,.F.);
#8805=CARTESIAN_POINT('',(380.408067006,-64.952078867,112.342000894));
#8806=DIRECTION('',(-0.,1.,-0.));
#8807=DIRECTION('',(0.,0.,-1.));
#8808=AXIS2_PLACEMENT_3D('',#8805,#8806,#8807);
#8809=CIRCLE('',#8808,1.);
#8810=EDGE_CURVE('',#2595,#4198,#8809,.T.);
#8811=ORIENTED_EDGE('',*,*,#8810,.T.);
#8812=ORIENTED_EDGE('',*,*,#4203,.T.);
#8813=CARTESIAN_POINT('',(380.408067006,-58.951004435,113.342000894));
#8814=CARTESIAN_POINT('',(380.332118935,-58.946335127,113.342000894));
#8815=CARTESIAN_POINT('',(380.259523132,-58.927534452,113.333434288));
#8816=CARTESIAN_POINT('',(380.190469523,-58.90100164,113.318039487));
#8817=CARTESIAN_POINT('',(380.121415914,-58.874468828,113.302644687));
#8818=CARTESIAN_POINT('',(380.057371495,-58.840597162,113.280768777));
#8819=CARTESIAN_POINT('',(379.997763421,-58.803061836,113.253949888));
#8820=CARTESIAN_POINT('',(379.878547274,-58.727991184,113.200312111));
#8821=CARTESIAN_POINT('',(379.779053175,-58.640414366,113.128964797));
#8822=CARTESIAN_POINT('',(379.693462767,-58.552078867,113.041529866));
#8823=B_SPLINE_CURVE_WITH_KNOTS('',3,(#8813,#8814,#8815,#8816,#8817,#8818,#8819,#8820,#8821,#8822),.UNSPECIFIED.,.F.,.F.,(4,3,3,4),(-0.000419886,-0.000195887,0.000028113,0.000476113),.UNSPECIFIED.);
#8824=EDGE_CURVE('',#4189,#2597,#8823,.T.);
#8825=ORIENTED_EDGE('',*,*,#8824,.T.);
#8826=EDGE_LOOP('',(#8804,#8811,#8812,#8825));
#8827=FACE_BOUND('',#8826,.T.);
#8828=ADVANCED_FACE('',(#8827),#8803,.T.);
#8829=CARTESIAN_POINT('',(452.262471188,-91.952078866,112.342000894));
#8830=DIRECTION('',(0.,-1.,0.));
#8831=DIRECTION('',(0.387602263,0.,0.921826711));
#8832=AXIS2_PLACEMENT_3D('',#8829,#8830,#8831);
#8833=CYLINDRICAL_SURFACE('',#8832,1.);
#8834=ORIENTED_EDGE('',*,*,#2650,.F.);
#8835=CARTESIAN_POINT('',(452.262471188,-64.952078867,112.342000894));
#8836=DIRECTION('',(-0.,1.,-0.));
#8837=DIRECTION('',(0.,0.,-1.));
#8838=AXIS2_PLACEMENT_3D('',#8835,#8836,#8837);
#8839=CIRCLE('',#8838,1.);
#8840=EDGE_CURVE('',#2643,#3159,#8839,.T.);
#8841=ORIENTED_EDGE('',*,*,#8840,.T.);
#8842=ORIENTED_EDGE('',*,*,#3164,.T.);
#8843=ORIENTED_EDGE('',*,*,#4302,.T.);
#8844=EDGE_LOOP('',(#8834,#8841,#8842,#8843));
#8845=FACE_BOUND('',#8844,.T.);
#8846=ADVANCED_FACE('',(#8845),#8833,.T.);
#8847=CARTESIAN_POINT('',(374.262470554,-91.952078866,112.342000894));
#8848=DIRECTION('',(0.,-1.,0.));
#8849=DIRECTION('',(0.387602263,0.,0.921826711));
#8850=AXIS2_PLACEMENT_3D('',#8847,#8848,#8849);
#8851=CYLINDRICAL_SURFACE('',#8850,1.);
#8852=ORIENTED_EDGE('',*,*,#2701,.F.);
#8853=CARTESIAN_POINT('',(374.262470554,-64.952078867,112.342000894));
#8854=DIRECTION('',(-0.,1.,-0.));
#8855=DIRECTION('',(0.,0.,-1.));
#8856=AXIS2_PLACEMENT_3D('',#8853,#8854,#8855);
#8857=CIRCLE('',#8856,1.);
#8858=EDGE_CURVE('',#2694,#3397,#8857,.T.);
#8859=ORIENTED_EDGE('',*,*,#8858,.T.);
#8860=ORIENTED_EDGE('',*,*,#3402,.T.);
#8861=ORIENTED_EDGE('',*,*,#4259,.T.);
#8862=EDGE_LOOP('',(#8852,#8859,#8860,#8861));
#8863=FACE_BOUND('',#8862,.T.);
#8864=ADVANCED_FACE('',(#8863),#8851,.T.);
#8865=CARTESIAN_POINT('',(374.262470554,-64.952078867,112.342000894));
#8866=DIRECTION('',(-0.184801913,-0.879021389,-0.439510695));
#8867=DIRECTION('',(0.34071068,-0.476782338,0.810305396));
#8868=AXIS2_PLACEMENT_3D('',#8865,#8866,#8867);
#8869=SPHERICAL_SURFACE('',#8868,1.);
#8870=ORIENTED_EDGE('',*,*,#2751,.F.);
#8871=ORIENTED_EDGE('',*,*,#4385,.T.);
#8872=ORIENTED_EDGE('',*,*,#8858,.F.);
#8873=EDGE_LOOP('',(#8870,#8871,#8872));
#8874=FACE_BOUND('',#8873,.T.);
#8875=ADVANCED_FACE('',(#8874),#8869,.T.);
#8876=CARTESIAN_POINT('',(380.408067006,-64.952078867,112.342000894));
#8877=DIRECTION('',(0.184801913,-0.879021389,-0.439510695));
#8878=DIRECTION('',(-0.34071068,-0.476782338,0.810305396));
#8879=AXIS2_PLACEMENT_3D('',#8876,#8877,#8878);
#8880=SPHERICAL_SURFACE('',#8879,1.);
#8881=ORIENTED_EDGE('',*,*,#2785,.F.);
#8882=CARTESIAN_POINT('',(380.408067006,-64.952078867,112.342000894));
#8883=DIRECTION('',(-1.,0.,0.));
#8884=DIRECTION('',(0.,0.,1.));
#8885=AXIS2_PLACEMENT_3D('',#8882,#8883,#8884);
#8886=CIRCLE('',#8885,1.);
#8887=EDGE_CURVE('',#2779,#4403,#8886,.T.);
#8888=ORIENTED_EDGE('',*,*,#8887,.T.);
#8889=ORIENTED_EDGE('',*,*,#4417,.T.);
#8890=ORIENTED_EDGE('',*,*,#8810,.F.);
#8891=EDGE_LOOP('',(#8881,#8888,#8889,#8890));
#8892=FACE_BOUND('',#8891,.T.);
#8893=ADVANCED_FACE('',(#8892),#8880,.T.);
#8894=CARTESIAN_POINT('',(394.262470554,-64.952078867,112.342000894));
#8895=DIRECTION('',(-0.184801913,-0.879021389,-0.439510695));
#8896=DIRECTION('',(0.34071068,-0.476782338,0.810305396));
#8897=AXIS2_PLACEMENT_3D('',#8894,#8895,#8896);
#8898=SPHERICAL_SURFACE('',#8897,1.);
#8899=ORIENTED_EDGE('',*,*,#2810,.F.);
#8900=ORIENTED_EDGE('',*,*,#4442,.T.);
#8901=ORIENTED_EDGE('',*,*,#8777,.F.);
#8902=EDGE_LOOP('',(#8899,#8900,#8901));
#8903=FACE_BOUND('',#8902,.T.);
#8904=ADVANCED_FACE('',(#8903),#8898,.T.);
#8905=CARTESIAN_POINT('',(400.408067006,-64.952078867,112.342000894));
#8906=DIRECTION('',(0.184801913,-0.879021389,-0.439510695));
#8907=DIRECTION('',(-0.34071068,-0.476782338,0.810305396));
#8908=AXIS2_PLACEMENT_3D('',#8905,#8906,#8907);
#8909=SPHERICAL_SURFACE('',#8908,1.);
#8910=ORIENTED_EDGE('',*,*,#2844,.F.);
#8911=CARTESIAN_POINT('',(400.408067006,-64.952078867,112.342000894));
#8912=DIRECTION('',(-1.,0.,0.));
#8913=DIRECTION('',(0.,0.,1.));
#8914=AXIS2_PLACEMENT_3D('',#8911,#8912,#8913);
#8915=CIRCLE('',#8914,1.);
#8916=EDGE_CURVE('',#2838,#4460,#8915,.T.);
#8917=ORIENTED_EDGE('',*,*,#8916,.T.);
#8918=ORIENTED_EDGE('',*,*,#4474,.T.);
#8919=ORIENTED_EDGE('',*,*,#8759,.F.);
#8920=EDGE_LOOP('',(#8910,#8917,#8918,#8919));
#8921=FACE_BOUND('',#8920,.T.);
#8922=ADVANCED_FACE('',(#8921),#8909,.T.);
#8923=CARTESIAN_POINT('',(432.262471188,-64.952078867,112.342000894));
#8924=DIRECTION('',(-0.184801913,-0.879021389,-0.439510695));
#8925=DIRECTION('',(0.34071068,-0.476782338,0.810305396));
#8926=AXIS2_PLACEMENT_3D('',#8923,#8924,#8925);
#8927=SPHERICAL_SURFACE('',#8926,1.);
#8928=ORIENTED_EDGE('',*,*,#2869,.F.);
#8929=ORIENTED_EDGE('',*,*,#4499,.T.);
#8930=ORIENTED_EDGE('',*,*,#8726,.F.);
#8931=EDGE_LOOP('',(#8928,#8929,#8930));
#8932=FACE_BOUND('',#8931,.T.);
#8933=ADVANCED_FACE('',(#8932),#8927,.T.);
#8934=CARTESIAN_POINT('',(438.40806764,-64.952078867,112.342000894));
#8935=DIRECTION('',(0.184801913,-0.879021389,-0.439510695));
#8936=DIRECTION('',(-0.34071068,-0.476782338,0.810305396));
#8937=AXIS2_PLACEMENT_3D('',#8934,#8935,#8936);
#8938=SPHERICAL_SURFACE('',#8937,1.);
#8939=ORIENTED_EDGE('',*,*,#2903,.F.);
#8940=CARTESIAN_POINT('',(438.40806764,-64.952078867,112.342000894));
#8941=DIRECTION('',(-1.,0.,0.));
#8942=DIRECTION('',(0.,0.,1.));
#8943=AXIS2_PLACEMENT_3D('',#8940,#8941,#8942);
#8944=CIRCLE('',#8943,1.);
#8945=EDGE_CURVE('',#2897,#4517,#8944,.T.);
#8946=ORIENTED_EDGE('',*,*,#8945,.T.);
#8947=ORIENTED_EDGE('',*,*,#4531,.T.);
#8948=ORIENTED_EDGE('',*,*,#8708,.F.);
#8949=EDGE_LOOP('',(#8939,#8946,#8947,#8948));
#8950=FACE_BOUND('',#8949,.T.);
#8951=ADVANCED_FACE('',(#8950),#8938,.T.);
#8952=CARTESIAN_POINT('',(452.262471188,-64.952078867,112.342000894));
#8953=DIRECTION('',(-0.184801913,-0.879021389,-0.439510695));
#8954=DIRECTION('',(0.34071068,-0.476782338,0.810305396));
#8955=AXIS2_PLACEMENT_3D('',#8952,#8953,#8954);
#8956=SPHERICAL_SURFACE('',#8955,1.);
#8957=ORIENTED_EDGE('',*,*,#2928,.F.);
#8958=ORIENTED_EDGE('',*,*,#4556,.T.);
#8959=ORIENTED_EDGE('',*,*,#8840,.F.);
#8960=EDGE_LOOP('',(#8957,#8958,#8959));
#8961=FACE_BOUND('',#8960,.T.);
#8962=ADVANCED_FACE('',(#8961),#8956,.T.);
#8963=CARTESIAN_POINT('',(458.40806764,-91.952078866,112.342000894));
#8964=DIRECTION('',(0.,-1.,0.));
#8965=DIRECTION('',(-0.387602263,0.,0.921826711));
#8966=AXIS2_PLACEMENT_3D('',#8963,#8964,#8965);
#8967=CYLINDRICAL_SURFACE('',#8966,1.);
#8968=ORIENTED_EDGE('',*,*,#2963,.F.);
#8969=CARTESIAN_POINT('',(458.40806764,-64.952078867,112.342000894));
#8970=DIRECTION('',(-0.,1.,-0.));
#8971=DIRECTION('',(0.,0.,-1.));
#8972=AXIS2_PLACEMENT_3D('',#8969,#8970,#8971);
#8973=CIRCLE('',#8972,1.);
#8974=EDGE_CURVE('',#2956,#4574,#8973,.T.);
#8975=ORIENTED_EDGE('',*,*,#8974,.T.);
#8976=ORIENTED_EDGE('',*,*,#4581,.T.);
#8977=CARTESIAN_POINT('',(458.40806764,-58.951004435,113.342000894));
#8978=CARTESIAN_POINT('',(458.332119569,-58.946335127,113.342000894));
#8979=CARTESIAN_POINT('',(458.259523766,-58.927534452,113.333434288));
#8980=CARTESIAN_POINT('',(458.190470157,-58.90100164,113.318039487));
#8981=CARTESIAN_POINT('',(458.121416548,-58.874468828,113.302644687));
#8982=CARTESIAN_POINT('',(458.057372129,-58.840597162,113.280768777));
#8983=CARTESIAN_POINT('',(457.997764055,-58.803061836,113.253949888));
#8984=CARTESIAN_POINT('',(457.878547908,-58.727991184,113.200312111));
#8985=CARTESIAN_POINT('',(457.779053809,-58.640414366,113.128964797));
#8986=CARTESIAN_POINT('',(457.693463401,-58.552078867,113.041529866));
#8987=B_SPLINE_CURVE_WITH_KNOTS('',3,(#8977,#8978,#8979,#8980,#8981,#8982,#8983,#8984,#8985,#8986),.UNSPECIFIED.,.F.,.F.,(4,3,3,4),(-0.000419886,-0.000195887,0.000028113,0.000476113),.UNSPECIFIED.);
#8988=EDGE_CURVE('',#4576,#2958,#8987,.T.);
#8989=ORIENTED_EDGE('',*,*,#8988,.T.);
#8990=EDGE_LOOP('',(#8968,#8975,#8976,#8989));
#8991=FACE_BOUND('',#8990,.T.);
#8992=ADVANCED_FACE('',(#8991),#8967,.T.);
#8993=CARTESIAN_POINT('',(458.40806764,-64.952078867,112.342000894));
#8994=DIRECTION('',(0.184801913,-0.879021389,-0.439510695));
#8995=DIRECTION('',(-0.34071068,-0.476782338,0.810305396));
#8996=AXIS2_PLACEMENT_3D('',#8993,#8994,#8995);
#8997=SPHERICAL_SURFACE('',#8996,1.);
#8998=ORIENTED_EDGE('',*,*,#3010,.F.);
#8999=CARTESIAN_POINT('',(458.40806764,-64.952078867,112.342000894));
#9000=DIRECTION('',(-1.,0.,0.));
#9001=DIRECTION('',(0.,0.,1.));
#9002=AXIS2_PLACEMENT_3D('',#8999,#9000,#9001);
#9003=CIRCLE('',#9002,1.);
#9004=EDGE_CURVE('',#3004,#4623,#9003,.T.);
#9005=ORIENTED_EDGE('',*,*,#9004,.T.);
#9006=ORIENTED_EDGE('',*,*,#4645,.T.);
#9007=ORIENTED_EDGE('',*,*,#8974,.F.);
#9008=EDGE_LOOP('',(#8998,#9005,#9006,#9007));
#9009=FACE_BOUND('',#9008,.T.);
#9010=ADVANCED_FACE('',(#9009),#8997,.T.);
#9011=CARTESIAN_POINT('',(435.335269414,-58.552078867,115.349975472));
#9012=DIRECTION('',(0.,1.,0.));
#9013=DIRECTION('',(0.,-0.,1.));
#9014=AXIS2_PLACEMENT_3D('',#9011,#9012,#9013);
#9015=TOROIDAL_SURFACE('',#9014,3.7,0.4);
#9016=ORIENTED_EDGE('',*,*,#4048,.F.);
#9017=ORIENTED_EDGE('',*,*,#5406,.T.);
#9018=ORIENTED_EDGE('',*,*,#4089,.T.);
#9019=ORIENTED_EDGE('',*,*,#2470,.F.);
#9020=ORIENTED_EDGE('',*,*,#8743,.F.);
#9021=ORIENTED_EDGE('',*,*,#3045,.T.);
#9022=ORIENTED_EDGE('',*,*,#3086,.T.);
#9023=EDGE_LOOP('',(#9016,#9017,#9018,#9019,#9020,#9021,#9022));
#9024=FACE_BOUND('',#9023,.T.);
#9025=ADVANCED_FACE('',(#9024),#9015,.T.);
#9026=CARTESIAN_POINT('',(397.33526878,-58.552078867,115.349975472));
#9027=DIRECTION('',(0.,1.,0.));
#9028=DIRECTION('',(0.,-0.,1.));
#9029=AXIS2_PLACEMENT_3D('',#9026,#9027,#9028);
#9030=TOROIDAL_SURFACE('',#9029,3.7,0.4);
#9031=ORIENTED_EDGE('',*,*,#4137,.F.);
#9032=ORIENTED_EDGE('',*,*,#5397,.T.);
#9033=ORIENTED_EDGE('',*,*,#4178,.T.);
#9034=ORIENTED_EDGE('',*,*,#2569,.F.);
#9035=ORIENTED_EDGE('',*,*,#8794,.F.);
#9036=ORIENTED_EDGE('',*,*,#3504,.T.);
#9037=ORIENTED_EDGE('',*,*,#3545,.T.);
#9038=EDGE_LOOP('',(#9031,#9032,#9033,#9034,#9035,#9036,#9037));
#9039=FACE_BOUND('',#9038,.T.);
#9040=ADVANCED_FACE('',(#9039),#9030,.T.);
#9041=CARTESIAN_POINT('',(377.33526878,-58.552078867,115.349975472));
#9042=DIRECTION('',(0.,-1.,0.));
#9043=DIRECTION('',(0.,0.,1.));
#9044=AXIS2_PLACEMENT_3D('',#9041,#9042,#9043);
#9045=TOROIDAL_SURFACE('',#9044,3.7,0.4);
#9046=ORIENTED_EDGE('',*,*,#4226,.F.);
#9047=ORIENTED_EDGE('',*,*,#3385,.T.);
#9048=ORIENTED_EDGE('',*,*,#3426,.T.);
#9049=ORIENTED_EDGE('',*,*,#2617,.F.);
#9050=ORIENTED_EDGE('',*,*,#8824,.F.);
#9051=ORIENTED_EDGE('',*,*,#4195,.T.);
#9052=ORIENTED_EDGE('',*,*,#5389,.T.);
#9053=EDGE_LOOP('',(#9046,#9047,#9048,#9049,#9050,#9051,#9052));
#9054=FACE_BOUND('',#9053,.T.);
#9055=ADVANCED_FACE('',(#9054),#9045,.T.);
#9056=CARTESIAN_POINT('',(455.335269414,-58.552078867,115.349975472));
#9057=DIRECTION('',(0.,-1.,0.));
#9058=DIRECTION('',(0.,0.,1.));
#9059=AXIS2_PLACEMENT_3D('',#9056,#9057,#9058);
#9060=TOROIDAL_SURFACE('',#9059,3.7,0.4);
#9061=ORIENTED_EDGE('',*,*,#4277,.F.);
#9062=ORIENTED_EDGE('',*,*,#3147,.T.);
#9063=ORIENTED_EDGE('',*,*,#3188,.T.);
#9064=ORIENTED_EDGE('',*,*,#2978,.F.);
#9065=ORIENTED_EDGE('',*,*,#8988,.F.);
#9066=ORIENTED_EDGE('',*,*,#4612,.T.);
#9067=ORIENTED_EDGE('',*,*,#5357,.T.);
#9068=EDGE_LOOP('',(#9061,#9062,#9063,#9064,#9065,#9066,#9067));
#9069=FACE_BOUND('',#9068,.T.);
#9070=ADVANCED_FACE('',(#9069),#9060,.T.);
#9071=CARTESIAN_POINT('',(395.525134498,-64.952078867,112.342000894));
#9072=DIRECTION('',(-1.,0.,0.));
#9073=DIRECTION('',(0.,-0.707106781,0.707106781));
#9074=AXIS2_PLACEMENT_3D('',#9071,#9072,#9073);
#9075=CYLINDRICAL_SURFACE('',#9074,1.);
#9076=ORIENTED_EDGE('',*,*,#4351,.F.);
#9077=ORIENTED_EDGE('',*,*,#5457,.T.);
#9078=ORIENTED_EDGE('',*,*,#5562,.T.);
#9079=ORIENTED_EDGE('',*,*,#2768,.F.);
#9080=EDGE_LOOP('',(#9076,#9077,#9078,#9079));
#9081=FACE_BOUND('',#9080,.T.);
#9082=ADVANCED_FACE('',(#9081),#9075,.T.);
#9083=CARTESIAN_POINT('',(377.33526878,-64.952078867,115.349975472));
#9084=DIRECTION('',(0.,1.,0.));
#9085=DIRECTION('',(0.,0.,-1.));
#9086=AXIS2_PLACEMENT_3D('',#9083,#9084,#9085);
#9087=TOROIDAL_SURFACE('',#9086,4.3,1.);
#9088=ORIENTED_EDGE('',*,*,#4377,.F.);
#9089=ORIENTED_EDGE('',*,*,#5555,.T.);
#9090=ORIENTED_EDGE('',*,*,#2793,.F.);
#9091=ORIENTED_EDGE('',*,*,#3418,.T.);
#9092=EDGE_LOOP('',(#9088,#9089,#9090,#9091));
#9093=FACE_BOUND('',#9092,.T.);
#9094=ADVANCED_FACE('',(#9093),#9087,.T.);
#9095=CARTESIAN_POINT('',(405.525134498,-64.952078867,112.342000894));
#9096=DIRECTION('',(-1.,0.,0.));
#9097=DIRECTION('',(0.,-0.707106781,0.707106781));
#9098=AXIS2_PLACEMENT_3D('',#9095,#9096,#9097);
#9099=CYLINDRICAL_SURFACE('',#9098,1.);
#9100=ORIENTED_EDGE('',*,*,#4408,.F.);
#9101=ORIENTED_EDGE('',*,*,#8887,.F.);
#9102=ORIENTED_EDGE('',*,*,#5548,.T.);
#9103=ORIENTED_EDGE('',*,*,#2827,.F.);
#9104=EDGE_LOOP('',(#9100,#9101,#9102,#9103));
#9105=FACE_BOUND('',#9104,.T.);
#9106=ADVANCED_FACE('',(#9105),#9099,.T.);
#9107=CARTESIAN_POINT('',(397.33526878,-64.952078867,115.349975472));
#9108=DIRECTION('',(0.,1.,0.));
#9109=DIRECTION('',(0.,0.,-1.));
#9110=AXIS2_PLACEMENT_3D('',#9107,#9108,#9109);
#9111=TOROIDAL_SURFACE('',#9110,4.3,1.);
#9112=ORIENTED_EDGE('',*,*,#4434,.F.);
#9113=ORIENTED_EDGE('',*,*,#5541,.T.);
#9114=ORIENTED_EDGE('',*,*,#2852,.F.);
#9115=ORIENTED_EDGE('',*,*,#3528,.T.);
#9116=EDGE_LOOP('',(#9112,#9113,#9114,#9115));
#9117=FACE_BOUND('',#9116,.T.);
#9118=ADVANCED_FACE('',(#9117),#9111,.T.);
#9119=CARTESIAN_POINT('',(424.525134815,-64.952078867,112.342000894));
#9120=DIRECTION('',(-1.,0.,0.));
#9121=DIRECTION('',(0.,-0.707106781,0.707106781));
#9122=AXIS2_PLACEMENT_3D('',#9119,#9120,#9121);
#9123=CYLINDRICAL_SURFACE('',#9122,1.);
#9124=ORIENTED_EDGE('',*,*,#4465,.F.);
#9125=ORIENTED_EDGE('',*,*,#8916,.F.);
#9126=ORIENTED_EDGE('',*,*,#5534,.T.);
#9127=ORIENTED_EDGE('',*,*,#2886,.F.);
#9128=EDGE_LOOP('',(#9124,#9125,#9126,#9127));
#9129=FACE_BOUND('',#9128,.T.);
#9130=ADVANCED_FACE('',(#9129),#9123,.T.);
#9131=CARTESIAN_POINT('',(435.335269414,-64.952078867,115.349975472));
#9132=DIRECTION('',(0.,1.,0.));
#9133=DIRECTION('',(0.,0.,-1.));
#9134=AXIS2_PLACEMENT_3D('',#9131,#9132,#9133);
#9135=TOROIDAL_SURFACE('',#9134,4.3,1.);
#9136=ORIENTED_EDGE('',*,*,#4491,.F.);
#9137=ORIENTED_EDGE('',*,*,#5527,.T.);
#9138=ORIENTED_EDGE('',*,*,#2911,.F.);
#9139=ORIENTED_EDGE('',*,*,#3069,.T.);
#9140=EDGE_LOOP('',(#9136,#9137,#9138,#9139));
#9141=FACE_BOUND('',#9140,.T.);
#9142=ADVANCED_FACE('',(#9141),#9135,.T.);
#9143=CARTESIAN_POINT('',(434.525134815,-64.952078867,112.342000894));
#9144=DIRECTION('',(-1.,0.,0.));
#9145=DIRECTION('',(0.,-0.707106781,0.707106781));
#9146=AXIS2_PLACEMENT_3D('',#9143,#9144,#9145);
#9147=CYLINDRICAL_SURFACE('',#9146,1.);
#9148=ORIENTED_EDGE('',*,*,#4522,.F.);
#9149=ORIENTED_EDGE('',*,*,#8945,.F.);
#9150=ORIENTED_EDGE('',*,*,#5520,.T.);
#9151=ORIENTED_EDGE('',*,*,#2945,.F.);
#9152=EDGE_LOOP('',(#9148,#9149,#9150,#9151));
#9153=FACE_BOUND('',#9152,.T.);
#9154=ADVANCED_FACE('',(#9153),#9147,.T.);
#9155=CARTESIAN_POINT('',(455.335269414,-64.952078867,115.349975472));
#9156=DIRECTION('',(0.,1.,0.));
#9157=DIRECTION('',(0.,0.,-1.));
#9158=AXIS2_PLACEMENT_3D('',#9155,#9156,#9157);
#9159=TOROIDAL_SURFACE('',#9158,4.3,1.);
#9160=ORIENTED_EDGE('',*,*,#4548,.F.);
#9161=ORIENTED_EDGE('',*,*,#5513,.T.);
#9162=ORIENTED_EDGE('',*,*,#3018,.F.);
#9163=ORIENTED_EDGE('',*,*,#3180,.T.);
#9164=EDGE_LOOP('',(#9160,#9161,#9162,#9163));
#9165=FACE_BOUND('',#9164,.T.);
#9166=ADVANCED_FACE('',(#9165),#9159,.T.);
#9167=CARTESIAN_POINT('',(438.83378583,-64.952078867,112.342000894));
#9168=DIRECTION('',(-1.,0.,0.));
#9169=DIRECTION('',(0.,-0.707106781,0.707106781));
#9170=AXIS2_PLACEMENT_3D('',#9167,#9168,#9169);
#9171=CYLINDRICAL_SURFACE('',#9170,1.);
#9172=ORIENTED_EDGE('',*,*,#4630,.F.);
#9173=ORIENTED_EDGE('',*,*,#9004,.F.);
#9174=ORIENTED_EDGE('',*,*,#5506,.T.);
#9175=ORIENTED_EDGE('',*,*,#5593,.T.);
#9176=EDGE_LOOP('',(#9172,#9173,#9174,#9175));
#9177=FACE_BOUND('',#9176,.T.);
#9178=ADVANCED_FACE('',(#9177),#9171,.T.);
#9179=CLOSED_SHELL('',(#2438,#2489,#2537,#2588,#2636,#2687,#2738,#2772,#2797,#2831,#2856,#2890,#2915,#2949,#2997,#3022,#3107,#3192,#3243,#3294,#3345,#3430,#3481,#3566,#3617,#3668,
#3719,#3770,#3797,#3824,#3851,#3878,#3905,#3932,#3959,#3986,#4035,#4075,#4124,#4164,#4213,#4264,#4307,#4339,#4364,#4396,#4421,#4453,#4478,#4510,#4535,
#4567,#4616,#4649,#4679,#4709,#4739,#4769,#4799,#4829,#4859,#4889,#5003,#5117,#5231,#5345,#5436,#5494,#5581,#5630,#5665,#5700,#5735,#5770,#5805,#5840,
#5875,#5910,#5942,#5966,#5991,#6015,#6040,#6064,#6089,#6113,#6138,#6162,#6187,#6204,#6236,#6260,#6285,#6309,#6334,#6358,#6383,#6407,#6432,#6456,#6481,
#6498,#6530,#6554,#6579,#6603,#6628,#6652,#6677,#6701,#6726,#6750,#6775,#6792,#6824,#6848,#6873,#6897,#6922,#6946,#6971,#6995,#7020,#7044,#7069,#7086,
#7125,#7149,#7175,#7199,#7231,#7370,#7539,#7588,#7645,#7685,#7709,#7733,#7767,#7801,#7827,#7862,#7888,#7972,#8038,#8071,#8104,#8121,#8138,#8155,#8172,
#8189,#8206,#8223,#8240,#8252,#8405,#8423,#8441,#8459,#8477,#8495,#8513,#8531,#8549,#8696,#8714,#8747,#8765,#8798,#8828,#8846,#8864,#8875,#8893,#8904,
#8922,#8933,#8951,#8962,#8992,#9010,#9025,#9040,#9055,#9070,#9082,#9094,#9106,#9118,#9130,#9142,#9154,#9166,#9178));
#9180=MANIFOLD_SOLID_BREP('Spindle Clamp Mount Print',#9179);
#9181=COLOUR_RGB('',0.870588243,0.400000006,0.501960814);
#9182=FILL_AREA_STYLE_COLOUR('',#9181);
#9183=FILL_AREA_STYLE('',(#9182));
#9184=SURFACE_STYLE_FILL_AREA(#9183);
#9185=SURFACE_SIDE_STYLE('',(#9184));
#9186=SURFACE_STYLE_USAGE(.BOTH.,#9185);
#9187=PRESENTATION_STYLE_ASSIGNMENT((#9186));
#2390=STYLED_ITEM('',(#9187),#9180);
#119=SHAPE_REPRESENTATION('52MM SPINDLE CLAMP',(#15),#117);
#120=ADVANCED_BREP_SHAPE_REPRESENTATION('52MM SPINDLE CLAMP',(#349,#563,#769,#974,#2382,#9180),#117);
#9195=SHAPE_REPRESENTATION_RELATIONSHIP('','',#119,#120);
#9196=CARTESIAN_POINT('',(0.,0.,0.));
#9197=DIRECTION('',(0.,0.,1.));
#9198=DIRECTION('',(1.,0.,0.));
#9199=AXIS2_PLACEMENT_3D('',#9196,#9197,#9198);
#9201=MAPPED_ITEM('',#9200,#9199);
#9200=REPRESENTATION_MAP(#9199,#119);
#9202=APPLICATION_CONTEXT('Managed model based 3d engineering');
#9203=APPLICATION_PROTOCOL_DEFINITION('international standard','ap242_managed_model_based_3d_engineering',2014,#9202);
#9204=PRODUCT_CONTEXT('',#9202,'mechanical');
#9205=PRODUCT_DEFINITION_CONTEXT('part definition',#9202,'design');
#127=PRODUCT('52MM SPINDLE CLAMP','52MM SPINDLE CLAMP','',(#9204));
#9206=PRODUCT_RELATED_PRODUCT_CATEGORY('part','',(#127));
#9207=PRODUCT_DEFINITION_FORMATION_WITH_SPECIFIED_SOURCE('','',#127,.NOT_KNOWN.);
#128=PRODUCT_DEFINITION('design','',#9207,#9205);
#126=PRODUCT_DEFINITION_SHAPE('','',#128);
#9208=SHAPE_DEFINITION_REPRESENTATION(#126,#119);
#118=DRAUGHTING_MODEL('',(#9201),#117);
#91=SHAPE_REPRESENTATION('52MM_ROUTER_STANDARD_Z.step',(#15,#132),#89);
#9209=CARTESIAN_POINT('',(0.,0.,0.));
#9210=DIRECTION('',(0.,0.,1.));
#9211=DIRECTION('',(1.,0.,0.));
#9212=AXIS2_PLACEMENT_3D('',#9209,#9210,#9211);
#9214=MAPPED_ITEM('',#9213,#9212);
#9213=REPRESENTATION_MAP(#9212,#91);
#99=PRODUCT('52MM_ROUTER_STANDARD_Z.step','52MM_ROUTER_STANDARD_Z.step','',(#9204));
#9215=PRODUCT_RELATED_PRODUCT_CATEGORY('part','',(#99));
#9216=PRODUCT_DEFINITION_FORMATION_WITH_SPECIFIED_SOURCE('','',#99,.NOT_KNOWN.);
#100=PRODUCT_DEFINITION('design','',#9216,#9205);
#98=PRODUCT_DEFINITION_SHAPE('','',#100);
#9217=SHAPE_DEFINITION_REPRESENTATION(#98,#91);
#90=DRAUGHTING_MODEL('',(#9214),#89);
#63=SHAPE_REPRESENTATION('Edits',(#15,#104),#61);
#9218=CARTESIAN_POINT('',(0.,0.,0.));
#9219=DIRECTION('',(0.,0.,1.));
#9220=DIRECTION('',(1.,0.,0.));
#9221=AXIS2_PLACEMENT_3D('',#9218,#9219,#9220);
#9223=MAPPED_ITEM('',#9222,#9221);
#9222=REPRESENTATION_MAP(#9221,#63);
#71=PRODUCT('Edits','Edits','',(#9204));
#9224=PRODUCT_RELATED_PRODUCT_CATEGORY('part','',(#71));
#9225=PRODUCT_DEFINITION_FORMATION_WITH_SPECIFIED_SOURCE('','',#71,.NOT_KNOWN.);
#72=PRODUCT_DEFINITION('design','',#9225,#9205);
#70=PRODUCT_DEFINITION_SHAPE('','',#72);
#9226=SHAPE_DEFINITION_REPRESENTATION(#70,#63);
#62=DRAUGHTING_MODEL('',(#9223),#61);
#35=SHAPE_REPRESENTATION('E3CNC_MGN_ALT',(#15,#76),#33);
#9227=CARTESIAN_POINT('',(0.,0.,0.));
#9228=DIRECTION('',(0.,0.,1.));
#9229=DIRECTION('',(1.,0.,0.));
#9230=AXIS2_PLACEMENT_3D('',#9227,#9228,#9229);
#9232=MAPPED_ITEM('',#9231,#9230);
#9231=REPRESENTATION_MAP(#9230,#35);
#43=PRODUCT('E3CNC_MGN_ALT','E3CNC_MGN_ALT','',(#9204));
#9233=PRODUCT_RELATED_PRODUCT_CATEGORY('part','',(#43));
#9234=PRODUCT_DEFINITION_FORMATION_WITH_SPECIFIED_SOURCE('','',#43,.NOT_KNOWN.);
#44=PRODUCT_DEFINITION('design','',#9234,#9205);
#42=PRODUCT_DEFINITION_SHAPE('','',#44);
#9235=SHAPE_DEFINITION_REPRESENTATION(#42,#35);
#34=DRAUGHTING_MODEL('',(#9232),#33);
#16=SHAPE_REPRESENTATION('root',(#15,#48),#10);
#9236=CARTESIAN_POINT('',(0.,0.,0.));
#9237=DIRECTION('',(0.,0.,1.));
#9238=DIRECTION('',(1.,0.,0.));
#9239=AXIS2_PLACEMENT_3D('',#9236,#9237,#9238);
#9241=MAPPED_ITEM('',#9240,#9239);
#9240=REPRESENTATION_MAP(#9239,#16);
#24=PRODUCT('root','root','',(#9204));
#9242=PRODUCT_RELATED_PRODUCT_CATEGORY('part','',(#24));
#9243=PRODUCT_DEFINITION_FORMATION_WITH_SPECIFIED_SOURCE('','',#24,.NOT_KNOWN.);
#25=PRODUCT_DEFINITION('design','',#9243,#9205);
#23=PRODUCT_DEFINITION_SHAPE('','',#25);
#9244=SHAPE_DEFINITION_REPRESENTATION(#23,#16);
#11=DRAUGHTING_MODEL('',(#9241),#10);
#9245=DESCRIPTIVE_REPRESENTATION_ITEM('KEY','C:\\Users\\Lande\\AppData\\Local\\Packages\\Shapr3D.Shapr3D_j403pzjkqtqbj\\TempState\\a3aee461-9b78-4393-ad78-8d6e4773f58a.tmp');
#9246=PROPERTY_DEFINITION('KEY','',#25);
#9247=REPRESENTATION('',(#9245),#10);
#9248=PROPERTY_DEFINITION_REPRESENTATION(#9246,#9247);
#9249=GENERAL_PROPERTY('','KEY','');
#9250=GENERAL_PROPERTY_ASSOCIATION('','',#9249,#9246);
#1=MECHANICAL_DESIGN_GEOMETRIC_PRESENTATION_REPRESENTATION('',(#272,#138,#460,#485,#561,#357,#667,#722,#564,#927,#770,#975,#2390),#10);
ENDSEC;
END-ISO-10303-21;
